No,Paket,Pagu,Tipe Swakelola,Pemilihan,klpd,Satuan Kerja,Lokasi,ID
101,Belanja Perjalanan Dinas Biasa,900000,1,26-Jan,Provinsi Sumatera Utara,Dinas Ketenagakerjaan,"Sumatera Utara, Medan (Kota)",42749974
102,Belanja Perjalanan Dinas Biasa - laporan keuangan,27600000,1,26-Feb,Provinsi Sumatera Utara,Inspektorat Daerah Provinsi,"Sumatera Utara, Medan (Kota)",42824125
103,Belanja Perjalanan Dinas Biasa - EVALUASI SAKIP PERANGKAT DAERAH DAN KAB/KOTA,126030000,1,26-Feb,Provinsi Sumatera Utara,Inspektorat Daerah Provinsi,"Sumatera Utara, Medan (Kota)",42829915
104,Belanja Perjalanan Dinas Biasa - TLHP Inspektorat Provinsi Sumatera Utara terhadap Pemerintah Kabupaten/Kota,702860000,1,26-Feb,Provinsi Sumatera Utara,Inspektorat Daerah Provinsi,"Sumatera Utara, Medan (Kota)",42830735
105,Belanja Perjalanan Dinas Biasa - TLHP Inspektorat Provinsi Sumatera Utara terhadap Perangkat Daerah dan BUMD,75000000,1,26-Feb,Provinsi Sumatera Utara,Inspektorat Daerah Provinsi,"Sumatera Utara, Medan (Kota)",42830824
106,Belanja Perjalanan Dinas Dalam Negeri Kegiatan Pengawasan Kode Etik DPRD,1080727000,1,26-Jan,Provinsi Sumatera Utara,Sekretariat DPRD,"Sumatera Utara, Medan (Kota)",42901406
107,Belanja Perjalanan Dinas Biasa,6750000,1,26-Jan,Provinsi Sumatera Utara,Dinas Ketenagakerjaan,"Sumatera Utara, Medan (Kota)",43043988
108,Belanja Perjalanan Dinas Biasa,301092000,1,26-Jan,Provinsi Sumatera Utara,Biro Perekonomian,"Sumatera Utara, Medan (Kota)",43054317
109,Belanja Perjalanan Dinas Biasa sub kegiatan Pembinaan Perpustakaan pada Satuan Pendidikan Menengah dan Pendidikan Khusus di Seluruh Wilayah Provinsi sesuai dengan Standar Nasional Perpustakaan,73200000,1,26-Mar,Provinsi Sumatera Utara,Dinas Perpustakaan dan Arsip,"Sumatera Utara, Medan (Kota)",43064289
110,Belanja Perjalanan Dinas Biasa,292066000,1,26-Jan,Provinsi Sumatera Utara,"Badan Perencanaan Pembangunan, Riset dan Inovasi  Daerah","Sumatera Utara, Medan (Kota)",43181373
111,Belanja Perjalanan Dinas Biasa,208816000,1,26-Jan,Provinsi Sumatera Utara,"Badan Perencanaan Pembangunan, Riset dan Inovasi  Daerah","Sumatera Utara, Medan (Kota)",43181389
112,Belanja perjalanan dinas paket meeting luar kota,21117000,1,26-Mar,Provinsi Sumatera Utara,Badan Penghubung,"DI Yogyakarta, Yogyakarta (Kota)",43192742
113,Belanja Perjalanan Dinas Biasa Pendapingan BLUD,75348000,1,26-Jan,Provinsi Sumatera Utara,UPTD Khusus Rumah Sakit Umum Haji Medan,"Sumatera Utara, Deli Serdang (Kab.)",43210040
114,Belanja Perjalanan Dinas Biasa sub kegiatan Penyelenggaraan Rapat Koordinasi dan Konsultasi SKPD,339199000,1,26-Jan,Provinsi Sumatera Utara,Dinas Perpustakaan dan Arsip,"Sumatera Utara, Medan (Kota)",43243624
115,Belanja Perjalanan Dinas Biasa,15550000,1,26-Apr,Provinsi Sumatera Utara,"Dinas Pemberdayaan Perempuan, Perlindungan Anak dan Keluarga Berencana","Sumatera Utara, Medan (Kota)",43255047
116,Belanja Perjalanan Dinas Biasa,234111000,1,26-Mar,Provinsi Sumatera Utara,Badan Kesatuan Bangsa dan Politik,"Sumatera Utara, Medan (Kota)",43255855
117,Belanja Perjalanan Dinas Biasa,152311000,1,26-Jan,Provinsi Sumatera Utara,Dinas Kesehatan,"Sumatera Utara, Medan (Kota)",43173052
118,Belanja Perjalanan Dinas Biasa,147567000,1,26-Jan,Provinsi Sumatera Utara,Biro Perekonomian,"Sumatera Utara, Medan (Kota)",43177230
119,Belanja Perjalanan Dinas Biasa,135078000,1,26-Jan,Provinsi Sumatera Utara,"Badan Perencanaan Pembangunan, Riset dan Inovasi  Daerah","Sumatera Utara, Medan (Kota)",43181402
120,Belanja Perjalanan Dinas Biasa - Pengembangan Bisnis Berbasis Potensi Desa Koperasi Desa/Kelurahan Merah Putih,100440000,1,26-Feb,Provinsi Sumatera Utara,Dinas Koperasi dan Usaha Kecil Menengah,"Sumatera Utara, Medan (Kota)",43260395
121,Belanja Perjalanan Dinas Biasa,100308000,1,26-Jan,Provinsi Sumatera Utara,Biro Organisasi,"Sumatera Utara, Medan (Kota)",43269599
122,Belanja Perjalanan Dinas Biasa,362008000,1,26-Jan,Provinsi Sumatera Utara,Biro Organisasi,"Sumatera Utara, Medan (Kota)",43269602
123,Belanja Perjalanan Dinas Biasa Kebijakan Kesejahteraan Rakyat Bidang Sosial,152364000,1,26-Jan,Provinsi Sumatera Utara,Biro Kesejahteraan Rakyat,"Sumatera Utara, Medan (Kota)",43270622
124,Belanja Perjalanan Dinas Paket Meeting Luar Kota,54625000,1,26-Apr,Provinsi Sumatera Utara,Dinas Pertanian dan Ketahanan Pangan,"Sumatera Utara, Medan (Kota)",43270756
125,Belanja Perjalanan Dinas Biasa,162252000,1,26-Feb,Provinsi Sumatera Utara,Dinas Pertanian dan Ketahanan Pangan,"Sumatera Utara, Lainnya",43272236
126,Belanja Perjalanan Dinas Biasa,74600000,1,26-Jan,Provinsi Sumatera Utara,"Dinas Perindustrian, Perdagangan, Energi dan Sumber Daya Mineral","Sumatera Utara, Medan (Kota)",43273351
127,Belanja Perjalanan Dinas Biasa,173821000,1,26-Jan,Provinsi Sumatera Utara,Badan Kesatuan Bangsa dan Politik,"Sumatera Utara, Medan (Kota)",43247466
128,Belanja Perjalanan Dinas Dalam Kota,5400000,1,26-Mar,Provinsi Sumatera Utara,Satuan Polisi Pamong Praja,"Sumatera Utara, Medan (Kota)",43240305
129,Belanja Perjalanan Dinas Biasa,40978000,1,26-Jan,Provinsi Sumatera Utara,"Badan Perencanaan Pembangunan, Riset dan Inovasi  Daerah","Sumatera Utara, Medan (Kota)",42374586
130,Belanja Perjalanan Dinas Biasa,76250000,1,26-Jan,Provinsi Sumatera Utara,"Badan Perencanaan Pembangunan, Riset dan Inovasi  Daerah","Sumatera Utara, Medan (Kota)",42481214
131,Belanja Perjalanan Dinas Biasa,166939000,1,26-Jan,Provinsi Sumatera Utara,"Badan Perencanaan Pembangunan, Riset dan Inovasi  Daerah","Sumatera Utara, Medan (Kota)",42481892
132,Belanja Perjalanan Dinas Biasa,188493000,1,26-Jan,Provinsi Sumatera Utara,Biro Hukum,"Sumatera Utara, Medan (Kota)",42491954
133,Belanja Perjalanan Dinas Biasa,198784000,1,26-Jan,Provinsi Sumatera Utara,"Badan Perencanaan Pembangunan, Penelitian dan Pengembangan","Sumatera Utara, Medan (Kota)",42536687
134,Belanja Perjalanan Dinas Biasa,30000000,1,26-Jan,Provinsi Sumatera Utara,Dinas Komunikasi dan Informatika,"Sumatera Utara, Medan (Kota)",42570467
135,Belanja Perjalanan Dinas Paket Meeting Dalam Kota (Penyusunan Dokumen Perencanaan),2280000,1,26-Jan,Provinsi Sumatera Utara,UPTD Khusus Rumah Sakit Jiwa Prof. Dr. M. Ildrem,"Sumatera Utara, Medan (Kota)",42585033
136,Belanja Perjalanan Dinas Biasa,41610000,1,26-Jan,Provinsi Sumatera Utara,Dinas Komunikasi dan Informatika,"Sumatera Utara, Medan (Kota)",42668957
137,Belanja Perjalanan Dinas Biasa,465602000,1,26-Jan,Provinsi Sumatera Utara,Dinas Kesehatan,"Sumatera Utara, Medan (Kota)",42738387
138,Belanja Perjalanan Dinas Biasa,330162000,1,26-Jan,Provinsi Sumatera Utara,Dinas Ketenagakerjaan,"Sumatera Utara, Medan (Kota) | Sumatera Utara, Deli Serdang (Kab.) | Sumatera Utara, Pematang Siantar (Kota) | Sumatera Utara, Labuhan Batu (Kab.) | Sumatera Utara, Padang Sidempuan (Kota) | Sumatera Utara, Sibolga (Kota) | Sumatera Utara, Simalungun (Kab.)",42748878
139,Belanja Perjalanan Dinas Biasa - Koordinasi Penyusunan Dokumen Perencanaan,20250000,1,26-Feb,Provinsi Sumatera Utara,Inspektorat Daerah Provinsi,"Sumatera Utara, Medan (Kota)",42818309
140,Belanja Perjalanan Dinas Biasa - perjalanan dinas,7200000,1,26-Feb,Provinsi Sumatera Utara,Inspektorat Daerah Provinsi,"Sumatera Utara, Medan (Kota)",42824578
141,Belanja Perjalanan Dinas Biasa - Perjalanan Dinas Narasumber,29144000,1,26-Feb,Provinsi Sumatera Utara,Inspektorat Daerah Provinsi,"Sumatera Utara, Medan (Kota)",42828028
142,Belanja Perjalanan Dinas Biasa - MONITORING DAN EVALUASI KINERJA PENYELENGGARAAN PEMDA KAB/KOTA,777216000,1,26-Feb,Provinsi Sumatera Utara,Inspektorat Daerah Provinsi,"Sumatera Utara, Medan (Kota)",42830257
143,Belanja Perjalanan Dinas Biasa - PEMBINAAN PENGELOLAAN KEUANGAN INSPEKTORAT KAB/KOTA BERBASIS FUNGSIONAL,158726000,1,26-Feb,Provinsi Sumatera Utara,Inspektorat Daerah Provinsi,"Sumatera Utara, Medan (Kota)",42830345
144,Belanja Perjalanan Dinas Biasa - TLHP BPK-RI,45000000,1,26-Feb,Provinsi Sumatera Utara,Inspektorat Daerah Provinsi,"Sumatera Utara, Medan (Kota)",42830539
145,Belanja Perjalanan Dinas Biasa - TLHP Inspektorat Provinsi Sumatera Utara terhadap Pengelolaan Keuangan Desa,232300000,1,26-Feb,Provinsi Sumatera Utara,Inspektorat Daerah Provinsi,"Sumatera Utara, Medan (Kota)",42830793
146,Belanja Perjalanan Dinas Biasa - Monitoring dan Evaluasi Program Pencegahan Korupsi,322182000,1,26-Feb,Provinsi Sumatera Utara,Inspektorat Daerah Provinsi,"Sumatera Utara, Medan (Kota)",42831860
147,Belanja Perjalanan Dinas Biasa,22500000,1,26-Jan,Provinsi Sumatera Utara,UPTD Rumah Sakit Khusus Mata,"Sumatera Utara, Medan (Kota)",42846175
148,Belanja Perjalanan Dinas Dalam Negeri Kegiatan Pembahasan Pertanggungjawaban APBD,1477474000,1,26-Jun,Provinsi Sumatera Utara,Sekretariat DPRD,"Sumatera Utara, Medan (Kota)",42899940
149,Belanja Perjalanan Dinas Biasa,5901000,1,26-Jan,Provinsi Sumatera Utara,Dinas Ketenagakerjaan,"Sumatera Utara, Medan (Kota)",43018441
150,Belanja Perjalanan Dinas Biasa,11120000,1,26-Apr,Provinsi Sumatera Utara,Dinas Pertanian dan Ketahanan Pangan,"Sumatera Utara, Medan (Kota)",43274944
151,Belanja Perjalanan Dinas Biasa- PENGEMBANGAN BUDIDAYA CABAI MERAH,594896000,1,26-Feb,Provinsi Sumatera Utara,Dinas Pertanian dan Ketahanan Pangan,"Sumatera Utara, Medan (Kota)",43274951
152,Belanja Perjalanan Dinas Biasa (Kegiatan Kelembagaan Keamanan dan Mutu PSAT) UPTD PTPH dan PMKP,17392000,1,26-Mar,Provinsi Sumatera Utara,Dinas Pertanian dan Ketahanan Pangan,"Sumatera Utara, Medan (Kota)",43275156
153,Belanja Perjalanan Dinas Paket Meeting Dalam Kota (Uang Harian Kegiatan) UPTD PTPH dan PMKP,5200000,1,26-May,Provinsi Sumatera Utara,Dinas Pertanian dan Ketahanan Pangan,"Sumatera Utara, Medan (Kota)",43275185
154,Belanja perjalanan dinas biasa,166092000,1,26-Jan,Provinsi Sumatera Utara,Dinas Pertanian dan Ketahanan Pangan,"Sumatera Utara, Karo (Kab.)",43275445
155,Uang Harian Perjalanan Dinas Dalam Negeri - Luar Kota -  Sumatera Utara,1850000,1,26-Mar,Provinsi Sumatera Utara,Dinas Pertanian dan Ketahanan Pangan,"Sumatera Utara, Lainnya",43276013
156,Belanja Perjalanan Dinas Biasa,142270000,1,26-Feb,Provinsi Sumatera Utara,Dinas Pertanian dan Ketahanan Pangan,"Sumatera Utara, Lainnya",43276137
157,Belanja Perjalanan Dinas Biasa,17709000,1,26-Apr,Provinsi Sumatera Utara,Dinas Pertanian dan Ketahanan Pangan,"Sumatera Utara, Medan (Kota)",43276212
158,Belanja Perjalanan Dinas Biasa,84238000,1,26-Jan,Provinsi Sumatera Utara,Dinas Pertanian dan Ketahanan Pangan,"Sumatera Utara, Lainnya",43276336
159,Belanja Perjalanan Dinas Biasa,43118000,1,26-Apr,Provinsi Sumatera Utara,Dinas Pertanian dan Ketahanan Pangan,"Sumatera Utara, Medan (Kota)",43276967
160,Perjalanan Dinas Biasa,76122000,1,26-Jan,Provinsi Sumatera Utara,Dinas Pertanian dan Ketahanan Pangan,"Sumatera Utara, Medan (Kota)",43277698
161,Belanja Perjalanan Dinas Biasa,220000,1,26-Apr,Provinsi Sumatera Utara,"Dinas Pemberdayaan Perempuan, Perlindungan Anak dan Keluarga Berencana","Sumatera Utara, Medan (Kota)",43278068
162,Belanja Perjalanan Dinas Biasa,145465000,1,26-Jan,Provinsi Sumatera Utara,"Dinas Perindustrian, Perdagangan, Energi dan Sumber Daya Mineral","Sumatera Utara, Medan (Kota)",43279095
163,Belanja Perjalanan Dinas Biasa Penelitian dan Pengembangan Pendidikan dan Kebudayaan,38084000,1,26-Jan,Provinsi Sumatera Utara,"Badan Perencanaan Pembangunan, Riset dan Inovasi  Daerah","Sumatera Utara, Medan (Kota)",43282077
164,Belanja Perjalanan Dinas Biasa Penelitian dan Pengembangan Pariwisata,37176000,1,26-Jan,Provinsi Sumatera Utara,"Badan Perencanaan Pembangunan, Riset dan Inovasi  Daerah","Sumatera Utara, Medan (Kota)",43282477
165,Belanja Perjalanan Dinas Biasa  - Fasilitasi dan pembinaan untuk peningkatan perlindungan dan  pemanfaatan kekayaan intelektual,19839000,1,26-Jan,Provinsi Sumatera Utara,"Badan Perencanaan Pembangunan, Riset dan Inovasi  Daerah","Sumatera Utara, Medan (Kota)",43286444
166,Belanja Perjalanan Dinas Biasa (BID.II),57836000,1,26-Jan,Provinsi Sumatera Utara,"Dinas Pemberdayaan Masyarakat dan Desa, Kependudukan dan Catatan Sipil","Sumatera Utara, Medan (Kota)",43286628
167,Belanja Perjalanan Dinas Biasa,55770000,1,26-Mar,Provinsi Sumatera Utara,Dinas Pertanian dan Ketahanan Pangan,"Sumatera Utara, Lainnya",43288213
168,Belanja Perjalanan Dinas Biasa (Cabang Dinas IV),5506000,1,26-Jan,Provinsi Sumatera Utara,"Dinas Perindustrian, Perdagangan, Energi dan Sumber Daya Mineral","Sumatera Utara, Labuhan Batu (Kab.)",43290744
169,Belanja Perjalanan Dinas Biasa (Cabang Dinas V),32885000,1,26-Jan,Provinsi Sumatera Utara,"Dinas Perindustrian, Perdagangan, Energi dan Sumber Daya Mineral","Sumatera Utara, Padang Sidempuan (Kota)",43297022
170,Belanja Perjalanan Dinas Paket Meeting Dalam Kota,161760000,1,26-Jan,Provinsi Sumatera Utara,Badan Keuangan dan Aset Daerah,"Sumatera Utara, Medan (Kota)",43302345
171,"Belanja Perjalanan Dinas Partisipasi Dalam Pendukungan Event Kab/Kota, Komunitas, Stakeholder Pariwisata Kementerian Dan Lembaga",59468000,1,26-Jul,Provinsi Sumatera Utara,"Dinas Kebudayaan, Pariwisata dan Ekonomi Kreatif","Sumatera Utara, Medan (Kota)",43320532
172,Belanja Perjalanan Dinas Dalam Kota,3750000,1,26-May,Provinsi Sumatera Utara,Dinas Kepemudaan dan Keolahragaan,"Sumatera Utara, Medan (Kota)",43329315
173,Belanja Perjalanan Dinas Biasa,39900000,1,26-Jan,Provinsi Sumatera Utara,Satuan Polisi Pamong Praja,"Sumatera Utara, Medan (Kota)",43246493
174,Belanja Perjalanan Dinas Biasa,128176000,1,26-Jan,Provinsi Sumatera Utara,Badan Kesatuan Bangsa dan Politik,"Sumatera Utara, Medan (Kota)",43255226
175,Belanja Perjalanan Dinas Paket Meeting Dalam Kota,4750000,1,26-Apr,Provinsi Sumatera Utara,"Dinas Pemberdayaan Perempuan, Perlindungan Anak dan Keluarga Berencana","Sumatera Utara, Medan (Kota)",43256000
176,Belanja Perjalanan Dinas Paket Meeting Dalam Kota,26243000,1,26-Apr,Provinsi Sumatera Utara,"Dinas Pemberdayaan Perempuan, Perlindungan Anak dan Keluarga Berencana","Sumatera Utara, Medan (Kota)",43266942
177,Belanja Perjalanan Dinas,27320000,1,26-Mar,Provinsi Sumatera Utara,Dinas Pertanian dan Ketahanan Pangan,"Sumatera Utara, Medan (Kota)",43271998
178,Belanja Perjalanan Dinas Dalam Kota,10000000,1,26-Jan,Provinsi Sumatera Utara,"Dinas Perindustrian, Perdagangan, Energi dan Sumber Daya Mineral","Sumatera Utara, Medan (Kota)",43273358
179,Belanja Perjalanan Dinas Biasa,35700000,1,26-Jan,Provinsi Sumatera Utara,"Dinas Pemberdayaan Perempuan, Perlindungan Anak dan Keluarga Berencana","Sumatera Utara, Medan (Kota)",43274811
180,Belanja Perjalanan Dinas Biasa- PENGEMBANGAN BUDIDAYA BAWANG MERAH,599550000,1,26-Feb,Provinsi Sumatera Utara,Dinas Pertanian dan Ketahanan Pangan,"Sumatera Utara, Medan (Kota)",43274946
181,"Belanja Perjalanan Dinas Biasa (Perjalanan dalam Rangka Survailen, Pengambilan Sampel, Registrasi dan Pengawasan PSAT) UPTD PTPH dan PMKP",39726000,1,26-Mar,Provinsi Sumatera Utara,Dinas Pertanian dan Ketahanan Pangan,"Sumatera Utara, Medan (Kota)",43275758
182,Uang Harian Perjalanan Dinas Dalam Negeri - Dalam Kota -  Sumatera Utara,1350000,1,26-Apr,Provinsi Sumatera Utara,Dinas Pertanian dan Ketahanan Pangan,"Sumatera Utara, Medan (Kota)",43275905
183,Belanja Perjalanan Dinas Biasa,431502000,1,26-Apr,Provinsi Sumatera Utara,Dinas Pertanian dan Ketahanan Pangan,"Sumatera Utara, Medan (Kota)",43275947
184,Uang Harian Perjalanan Dinas Dalam Negeri - Luar Kota -  Sumatera Utara,3330000,1,26-Mar,Provinsi Sumatera Utara,Dinas Pertanian dan Ketahanan Pangan,"Sumatera Utara, Lainnya",43276038
185,"Biaya Penginapan Perjalanan Dinas Dalam Negeri - Pejabat Eselon IV/ Golongan III, II Dan I -  Sumatera Utara",4194000,1,26-Mar,Provinsi Sumatera Utara,Dinas Pertanian dan Ketahanan Pangan,"Sumatera Utara, Lainnya",43276041
186,Belanja Perjalanan Dinas Paket Meeting Dalam Kota ( Petugas Pendamping Pelaksanaan Kegiatan Gerdal) UPTD PTPH dan PMKP,19500000,1,26-Mar,Provinsi Sumatera Utara,Dinas Pertanian dan Ketahanan Pangan,"Sumatera Utara, Medan (Kota)",43276310
187,Perjalanan Dinas Biasa,72637400,1,26-Jan,Provinsi Sumatera Utara,Dinas Pertanian dan Ketahanan Pangan,"Sumatera Utara, Medan (Kota)",43277679
188,Perjalanan Dinas Biasa,47916000,1,26-Apr,Provinsi Sumatera Utara,Dinas Pertanian dan Ketahanan Pangan,"Sumatera Utara, Medan (Kota)",43277690
189,Belanja Perjalanan Dinas Biasa,303691000,1,26-Jan,Provinsi Sumatera Utara,Dinas Kesehatan,"Sumatera Utara, Medan (Kota)",43278868
190,Belanja Perjalanan Dinas Biasa (Cabang Dinas I),3890000,1,26-Jan,Provinsi Sumatera Utara,"Dinas Perindustrian, Perdagangan, Energi dan Sumber Daya Mineral","Sumatera Utara, Deli Serdang (Kab.)",43281711
191,Belanja Perjalanan Dinas Biasa  (PSD 6 ) LIGA BOLA VOLI PELAJAR PIALA GUBERNUR PROVINSI SUMATERA UTARA,45000000,1,26-Apr,Provinsi Sumatera Utara,Dinas Kepemudaan dan Keolahragaan,"Sumatera Utara, Medan (Kota)",43336572
192,Belanja Perjalanan Dinas Biasa,443058000,1,26-Jan,Provinsi Sumatera Utara,Satuan Polisi Pamong Praja,"Sumatera Utara, Medan (Kota)",43240464
193,Belanja Perjalanan Dinas Biasa (Bumdes),201884000,1,26-Feb,Provinsi Sumatera Utara,"Dinas Pemberdayaan Masyarakat dan Desa, Kependudukan dan Catatan Sipil","Sumatera Utara, Medan (Kota)",43241934
194,Belanja Perjalanan Dinas Biasa (Pemdes),396202000,1,26-Feb,Provinsi Sumatera Utara,"Dinas Pemberdayaan Masyarakat dan Desa, Kependudukan dan Catatan Sipil","Sumatera Utara, Medan (Kota)",43242064
195,Belanja Perjalanan Dinas Biasa (Penyediaan Data Kependudukan ),36021000,1,26-Feb,Provinsi Sumatera Utara,"Dinas Pemberdayaan Masyarakat dan Desa, Kependudukan dan Catatan Sipil","Sumatera Utara, Medan (Kota)",43243941
196,Belanja Perjalanan Dinas Biasa,561045000,1,26-Jan,Provinsi Sumatera Utara,Badan Kepegawaian,"Sumatera Utara, Medan (Kota)",43318746
197,Belanja Perjalanan Dinas Paket Meeting Dalam Kota,181980000,1,26-Jan,Provinsi Sumatera Utara,Badan Keuangan dan Aset Daerah,"Sumatera Utara, Medan (Kota)",43303322
198,Belanja Perjalanan Dinas Kegiatan Pembinaan dan Pengawasan Izin Lingkungan dan Izin PPLH yang diterbitkan oleh Pemerintah Daerah Provinsi pada Dinas Lingkungan Hidup dan Kehutanan Provsu,18003705,1,26-Jan,Provinsi Sumatera Utara,Dinas Lingkungan Hidup dan Kehutanan,"Sumatera Utara, Medan (Kota)",43303940
199,Belanja Perjalanan Dinas Biasa (Cabang Dinas III),9475800,1,26-Jan,Provinsi Sumatera Utara,"Dinas Perindustrian, Perdagangan, Energi dan Sumber Daya Mineral","Sumatera Utara, Pematang Siantar (Kota)",43288694
200,Belanja Perjalanan Dinas Biasa (Cabang Dinas IV),51802000,1,26-Jan,Provinsi Sumatera Utara,"Dinas Perindustrian, Perdagangan, Energi dan Sumber Daya Mineral","Sumatera Utara, Labuhan Batu (Kab.)",43291943
1001,Belanja Perjalanan Dinas Biasa,12600000,1,26-Feb,Provinsi Sulawesi Tengah,UPT Wil. IX Tojo Una-Una,"Sulawesi Tengah, Tojo Una-Una (Kab.)",42986309
1002,Belanja Perjalanan Dinas Biasa,1050000,1,26-Mar,Provinsi Sulawesi Tengah,Dinas Tenaga Kerja dan Transmigrasi Provinsi Sulawesi Tengah,"Sulawesi Tengah, Palu (Kota)",43003229
1003,Belanja Perjalanan Dinas Biasa,88324000,1,26-Mar,Provinsi Sulawesi Tengah,UPTD Pengawasan Mutu dan Sertikfikasi Benih Perkebunan,"Sulawesi Tengah, Palu (Kota)",43005558
1004,Belanja Perjalanan Dinas Biasa,152492000,1,26-Mar,Provinsi Sulawesi Tengah,Badan Penanggulangan Bencana Daerah Provinsi Tengah,"Sulawesi Tengah, Buol (Kab.) | Sulawesi Tengah, Toli-Toli (Kab.) | Sulawesi Tengah, Tojo Una-Una (Kab.) | Sulawesi Tengah, Parigi Moutong (Kab.)",43006494
1005,Belanja Perjalanan Dinas Biasa,53584000,4,26-Mar,Provinsi Sulawesi Tengah,Dinas Pendidikan Daerah Provinsi Sulawesi Tengah,"Sulawesi Tengah, Palu (Kota)",43068464
1006,Belanja Perjalanan Dinas Biasa,2676000,1,26-Mar,Provinsi Sulawesi Tengah,Cabang Dinas Energi dan Sumber Daya Mineral Wilayah IV,"Sulawesi Tengah, Banggai (Kab.)",43071108
1007,"Belanja Perjalanan Dinas Biasa Pada Sub Kegiatan Rekonsiliasi dan Verifikasi Aset, Kewajiban, Ekuitas, Pendapatan, Belanja, Pembiayaan, Pendapatan-LO, dan Beban",301902000,1,26-May,Provinsi Sulawesi Tengah,Badan Pengelolaan Keuangan dan Aset Daerah Provinsi Sulawesi Tengah,"Sulawesi Tengah, Palu (Kota)",43052688
1008,Belanja Perjalanan Dinas Biasa Pada Sub Kegiatan Pengamanan Barang Milik Daerah,194778000,1,26-May,Provinsi Sulawesi Tengah,Badan Pengelolaan Keuangan dan Aset Daerah Provinsi Sulawesi Tengah,"Sulawesi Tengah, Palu (Kota)",43054586
1009,Belanja Perjalanan Dinas Biasa,14804000,1,26-May,Provinsi Sulawesi Tengah,Dinas Pemberdayaan Perempuan dan Perlindungan Anak Provinsi Sulawesi Tengah,"Sulawesi Tengah, Palu (Kota)",43058433
1010,Belanja Perjalanan Dinas Biasa,28381000,1,26-Feb,Provinsi Sulawesi Tengah,Badan Perencanaan Pembangunan Daerah Provinsi Sulawesi Tengah,"Sulawesi Tengah, Palu (Kota)",43093370
1011,Belanja Perjalanan Dinas Biasa,14500000,1,26-Apr,Provinsi Sulawesi Tengah,Satuan Polisi Pamong Praja Provinsi Sulawesi Tengah,"Sulawesi Tengah, Banggai (Kab.)",43098380
1012,Belanja Perjalanan Dinas Biasa,200000000,1,26-Apr,Provinsi Sulawesi Tengah,Dinas Perkebunan dan Peternakan Provinsi Sulawesi Tengah,"Sulawesi Tengah, Palu (Kota)",43015578
1013,Belanja Perjalanan Dinas Biasa,55474000,1,26-Apr,Provinsi Sulawesi Tengah,Dinas Perkebunan dan Peternakan Provinsi Sulawesi Tengah,"Sulawesi Tengah, Palu (Kota)",43015824
1014,Belanja Perjalanan Dinas Biasa,2250000,1,26-Mar,Provinsi Sulawesi Tengah,Dinas Pemberdayaan Perempuan dan Perlindungan Anak Provinsi Sulawesi Tengah,"Sulawesi Tengah, Palu (Kota)",43018330
1015,Belanja Perjalanan Dinas Biasa,1960000,1,26-Mar,Provinsi Sulawesi Tengah,Cabang Dinas Energi dan Sumber Daya Mineral Wilayah II,"Sulawesi Tengah, Poso (Kab.)",43025863
1016,Belanja Perjalanan Dinas Biasa,14400000,1,26-Apr,Provinsi Sulawesi Tengah,UPT Panti Sosial Anak,"Sulawesi Tengah, Palu (Kota)",43030063
1017,Belanja Perjalanan Dinas Biasa,523200000,1,26-Jan,Provinsi Sulawesi Tengah,UPT Wil. I Palu,"Sulawesi Tengah, Palu (Kota)",43124046
1018,Belanja Perjalanan Dinas Biasa,9810000,1,26-Jan,Provinsi Sulawesi Tengah,Biro Organisasi Pada Sekretariat Daerah Provinsi Sulawesi Tengah,"Sulawesi Tengah, Palu (Kota)",42745909
1019,Belanja Perjalanan Dinas Biasa,18000000,1,26-Jan,Provinsi Sulawesi Tengah,Biro Organisasi Pada Sekretariat Daerah Provinsi Sulawesi Tengah,"Sulawesi Tengah, Palu (Kota)",42746369
1020,Belanja Perjalanan Dinas Biasa,996560000,1,26-Mar,Provinsi Sulawesi Tengah,"Dinas Koperasi, Usaha Kecil dan Menengah Provinsi Sulawesi Tengah","Sulawesi Tengah, Palu (Kota)",42756942
1021,Belanja Perjalanan Dinas Biasa,15150000,1,26-Mar,Provinsi Sulawesi Tengah,Dinas Perhubungan Provinsi Sulawesi Tengah,"Sulawesi Tengah, Palu (Kota)",42758057
1022,Belanja Perjalanan Dinas Biasa,44396000,1,26-Jul,Provinsi Sulawesi Tengah,Dinas Perindustrian dan Perdagangan Provinsi Sulawesi Tengah,"Sulawesi Tengah, Banggai Laut (Kab.) | DKI Jakarta, Jakarta Pusat (Kota)",42803237
1023,Belanja Perjalanan Dinas Biasa,249192000,1,26-Feb,Provinsi Sulawesi Tengah,"Dinas Koperasi, Usaha Kecil dan Menengah Provinsi Sulawesi Tengah","Sulawesi Tengah, Palu (Kota)",42803942
1024,Belanja Perjalanan Dinas Biasa,132000000,1,26-Jan,Provinsi Sulawesi Tengah,Inspektorat Daerah Provinsi Sulawesi Tengah,"Sulawesi Tengah, Palu (Kota)",42808231
1025,Belanja Perjalanan Dinas Biasa,18450000,1,26-Jan,Provinsi Sulawesi Tengah,Inspektorat Daerah Provinsi Sulawesi Tengah,"Sulawesi Tengah, Palu (Kota)",42808236
1026,Belanja Perjalanan Dinas Biasa : Pendamping Pameran HUT Dekranas/ Koordinasi Dekranas/Studi Teknis di Jakarta atau Kota Lainya di Indonesia,22684000,1,26-Jul,Provinsi Sulawesi Tengah,UPTD Pengembangan Produk Industri Pangan dan Kerajinan (P2IPK),"Sulawesi Selatan, Makassar (Kota)",42808578
1027,Belanja Perjalanan Dinas Biasa : Pengurus Dekranasda dalam Rangka Pameran HUT Dekranas/ Koordinasi Dekranas/Studi Teknis di Jakarta atau Kota Lainya di Indonesia,17260000,1,26-Jun,Provinsi Sulawesi Tengah,UPTD Pengembangan Produk Industri Pangan dan Kerajinan (P2IPK),"Sulawesi Selatan, Makassar (Kota)",42808579
1028,Belanja Perjalanan Dinas Biasa : Monitoring IKM Pengguna Kemasan Kab. Parimo,13300000,1,26-Mar,Provinsi Sulawesi Tengah,UPTD Pengembangan Produk Industri Pangan dan Kerajinan (P2IPK),"Sulawesi Tengah, Parigi Moutong (Kab.)",42808604
1029,Belanja Perjalanan Dinas Biasa,89340000,1,26-Mar,Provinsi Sulawesi Tengah,Dinas Kehutanan Provinsi Sulawesi Tengah,"Sulawesi Tengah, Palu (Kota)",42819151
1030,Belanja Perjalanan Dinas Biasa,105426000,1,26-Mar,Provinsi Sulawesi Tengah,Dinas Kehutanan Provinsi Sulawesi Tengah,"Sulawesi Tengah, Palu (Kota)",42819216
1031,Belanja Perjalanan Dinas Biasa,21925000,1,26-Nov,Provinsi Sulawesi Tengah,Dinas Kehutanan Provinsi Sulawesi Tengah,"Sulawesi Tengah, Palu (Kota)",42820166
1032,Belanja Perjalanan Dinas Biasa,184538000,1,26-Jan,Provinsi Sulawesi Tengah,Dinas Pemberdayaan Masyarakat dan Desa Provinsi Sulawesi Tengah,"Sulawesi Tengah, Palu (Kota)",42823060
1033,Belanja Perjalanan Dinas Biasa,11000000,1,26-Jul,Provinsi Sulawesi Tengah,Dinas Perpustakaan dan Kearsipan Provinsi Sulawesi Tengah,"DKI Jakarta, Jakarta Selatan (Kota)",42824292
1034,Belanja Perjalanan Dinas Biasa,25473000,1,26-Jul,Provinsi Sulawesi Tengah,Dinas Perindustrian dan Perdagangan Provinsi Sulawesi Tengah,"Sulawesi Tengah, Tojo Una-Una (Kab.)",42826079
1035,Belanja Perjalanan Dinas Biasa,12582000,1,26-Jun,Provinsi Sulawesi Tengah,Dinas Cipta Karya dan Sumberdaya Air,"Sulawesi Tengah, Buol (Kab.)",42830283
1036,Belanja Perjalanan Dinas Biasa,6660000,1,26-Jun,Provinsi Sulawesi Tengah,UPT KPH Dolago Tanggunung,"Sulawesi Tengah, Parigi Moutong (Kab.)",42832372
1037,Belanja Perjalanan Dinas Biasa,10140000,1,26-Jan,Provinsi Sulawesi Tengah,Badan Perencanaan Pembangunan Daerah Provinsi Sulawesi Tengah,"Sulawesi Tengah, Palu (Kota)",42833555
1038,Belanja Perjalanan Dinas Biasa - Dalam Rangka Diseminasi Laboratorium UPTD PSMB di Kabupaten Morowali/Kabupaten Lainnya,1600000,1,26-Jun,Provinsi Sulawesi Tengah,UPT Pengujian sertifikasi Mutu Barang (PSMB),"Sulawesi Tengah, Palu (Kota)",42835224
1039,Belanja Perjalanan Dinas Biasa,16360000,1,26-Jan,Provinsi Sulawesi Tengah,UPT Panti Sosial Rehabilitasi Tuna Sosial,"Sulawesi Tengah, Palu (Kota) | Sulawesi Tengah, Sigi (Kab.) | Sulawesi Tengah, Dongala (Kab.) | Sulawesi Tengah, Parigi Moutong (Kab.) | Sulawesi Tengah, Poso (Kab.)",42838911
1040,Belanja perjalanan dinas biasa,2100000,1,26-Jul,Provinsi Sulawesi Tengah,Dinas Perpustakaan dan Kearsipan Provinsi Sulawesi Tengah,"Sulawesi Tengah, Poso (Kab.)",42839648
1041,Belanja Perjalanan Dinas Biasa,5820000,1,26-Mar,Provinsi Sulawesi Tengah,UPTD. Pelabuhan Perikanan dan Kawasan Konservasi Pesisir dan Pulau-Pulau Kecil Wilayah VI,"Sulawesi Tengah, Palu (Kota)",42855678
1042,Belanja Perjalanan Dinas Biasa,15170000,1,26-Feb,Provinsi Sulawesi Tengah,UPTD. Pelabuhan Perikanan dan Kawasan Konservasi Pesisir dan Pulau-Pulau Kecil Wilayah IV,"Sulawesi Tengah, Palu (Kota)",42856348
1043,Belanja Perjalanan Dinas Biasa (Sub. Bidang Hubungan Antar Lembaga Pemerintah dan Pembinaan kemasyarakatan - SENBUD),13512000,1,26-Feb,Provinsi Sulawesi Tengah,Badan Penghubung Provinsi Sulawesi Tengah,"Jawa Timur, Surabaya (Kota)",42889576
1044,Belanja Perjalanan Dinas Biasa,28080000,1,26-Jan,Provinsi Sulawesi Tengah,Badan Perencanaan Pembangunan Daerah Provinsi Sulawesi Tengah,"Sulawesi Tengah, Palu (Kota)",42892393
1045,Belanja Perjalanan Dinas Biasa,25380000,1,26-Feb,Provinsi Sulawesi Tengah,Dinas Kelautan dan Perikanan Provinsi Sulawesi Tengah,"Sulawesi Tengah, Palu (Kota) | Sulawesi Tengah, Morowali (Kab.) | Sulawesi Tengah, Dongala (Kab.) | Sulawesi Tengah, Parigi Moutong (Kab.)",42897967
1046,Belanja Perjalanan Dinas Biasa,9074000,1,26-Apr,Provinsi Sulawesi Tengah,"Dinas Komunikasi, Informatika, Persandian dan Statistik Provinsi Sulawesi Tengah","Sulawesi Tengah, Palu (Kota)",42925235
1047,Belanja Perjalanan Dinas Biasa,689500000,1,26-Feb,Provinsi Sulawesi Tengah,Dinas Pemberdayaan Masyarakat dan Desa Provinsi Sulawesi Tengah,"Sulawesi Tengah, Palu (Kota)",42932457
1048,Belanja Perjalanan Dinas Biasa,13090000,1,26-Feb,Provinsi Sulawesi Tengah,Dinas Pemberdayaan Masyarakat dan Desa Provinsi Sulawesi Tengah,"Sulawesi Tengah, Parigi Moutong (Kab.)",42932538
1049,Belanja Perjalanan Dinas Biasa,94142000,1,26-Feb,Provinsi Sulawesi Tengah,UPT Pendidikan dan Pelatihan,"Sulawesi Tengah, Sigi (Kab.)",42985068
1050,Belanja Perjalanan Dinas Biasa,191366000,1,26-Jan,Provinsi Sulawesi Tengah,"Dinas Komunikasi, Informatika, Persandian dan Statistik Provinsi Sulawesi Tengah","Sulawesi Tengah, Palu (Kota)",43034586
1051,"Belanja Perjalanan Dinas Biasa - Dalam Rangka Koordinasi dan Sinkronisasi Usulan Unit Sekolah Baru (USB) Sekolah Luar Biasa (SLB) di Jakarta, - Dalam Rangka Survei lokasi pembangunan USB SLB di Tinombo Kab. Parigi moutong, - Dalam Rangka Pengurusan Administrasi dan Sertifikasi Tanah Hibah Kabupaten Parigi untuk pembangunan USB SLB",44654000,1,26-Feb,Provinsi Sulawesi Tengah,Dinas Pendidikan Daerah Provinsi Sulawesi Tengah,"Sulawesi Tengah, Palu (Kota)",43034745
1052,Belanja Perjalanan Dinas Biasa,600000,1,26-May,Provinsi Sulawesi Tengah,Cabang Dinas Energi dan Sumber Daya Mineral Wilayah V,"Sulawesi Tengah, Sigi (Kab.)",43035954
1053,Belanja Perjalanan Dinas Biasa,1450000,1,26-May,Provinsi Sulawesi Tengah,Cabang Dinas Energi dan Sumber Daya Mineral Wilayah V,"Sulawesi Tengah, Sigi (Kab.) | Sulawesi Tengah, Dongala (Kab.)",43035993
1054,"Belanja Perjalanan Dinas Biasa Pada Sub Kegiatan Koordinasi Pelaksanaan Piutang dan Utang Daerah yang Timbul Akibat Pengelolaan Kas, Pelaksanaan Analisis Pembiayaan dan Penempatan Uang Daerah sebagai Optimalisasi Kas",127820000,1,26-May,Provinsi Sulawesi Tengah,Badan Pengelolaan Keuangan dan Aset Daerah Provinsi Sulawesi Tengah,"Sulawesi Tengah, Palu (Kota)",43039525
1055,Belanja Perjalanan Dinas Biasa,154300000,1,26-Jan,Provinsi Sulawesi Tengah,UPT Wil. VII Toli-Toli,"Sulawesi Tengah, Toli-Toli (Kab.)",43133216
1056,Belanja Perjalanan Dinas Biasa,17760000,1,26-Jan,Provinsi Sulawesi Tengah,UPT Wil. VI Banggai Kepulauan,"Sulawesi Tengah, Banggai Kepulauan (Kab.)",43148528
1057,Belanja Perjalanan Dinas Biasa,1160480000,1,26-Feb,Provinsi Sulawesi Tengah,WKDH,"Sulawesi Tengah, Palu (Kota)",43247828
1058,Belanja Perjalanan Dinas Biasa,6600000,1,26-Apr,Provinsi Sulawesi Tengah,Dinas Pengendalian Penduduk dan Keluarga Berencana Provinsi Sulawesi Tengah,"Sulawesi Tengah, Palu (Kota) | Sulawesi Tengah, Dongala (Kab.) | Sulawesi Tengah, Sigi (Kab.)",42753746
1059,Belanja Perjalanan Dinas Biasa,4750000,1,26-Mar,Provinsi Sulawesi Tengah,"Dinas Koperasi, Usaha Kecil dan Menengah Provinsi Sulawesi Tengah","Sulawesi Tengah, Palu (Kota)",42756753
1060,Belanja Perjalanan Dinas Biasa,112440000,1,26-Mar,Provinsi Sulawesi Tengah,UPT Pengelolaan Sumber Daya Air Wilayah I,"Sulawesi Tengah, Palu (Kota)",42767427
1061,Belanja Perjalanan Dinas Biasa (5.05.01.1.01.0002),9800000,1,26-Mar,Provinsi Sulawesi Tengah,Badan Riset dan Inovasi Daerah Provinsi Sulawesi Tengah,"Sulawesi Tengah, Dongala (Kab.) | Sulawesi Tengah, Parigi Moutong (Kab.)",42781557
1062,Belanja Perjalanan Dinas Biasa,10800000,1,26-Aug,Provinsi Sulawesi Tengah,Dinas Perpustakaan dan Kearsipan Provinsi Sulawesi Tengah,"Sulawesi Tengah, Palu (Kota)",42801077
1063,Belanja Perjalanan Dinas Biasa : Monitoring Kerajinan Unggulan Kab. Donggala,4440000,1,26-Jul,Provinsi Sulawesi Tengah,UPTD Pengembangan Produk Industri Pangan dan Kerajinan (P2IPK),"Sulawesi Tengah, Dongala (Kab.)",42808571
1064,Belanja Perjalanan Dinas Biasa,88440000,1,26-Feb,Provinsi Sulawesi Tengah,Inspektorat Daerah Provinsi Sulawesi Tengah,"Sulawesi Tengah, Palu (Kota)",42815227
1065,Belanja Perjalanan Dinas Biasa,9920000,1,26-Mar,Provinsi Sulawesi Tengah,Dinas Penanaman Modal dan Pelayanan Terpadu Satu Pintu Provinsi Sulawesi Tengah,"Sulawesi Tengah, Parigi Moutong (Kab.)",42823982
1066,Belanja Perjalanan Dinas Biasa,7500000,1,26-Feb,Provinsi Sulawesi Tengah,Biro Umum pada Sekretariat  Daerah Provinsi Sulawesi Tengah,"Sulawesi Tengah, Palu (Kota)",42827927
1067,Belanja Perjalanan Dinas Biasa,14074000,1,26-Jan,Provinsi Sulawesi Tengah,Badan Perencanaan Pembangunan Daerah Provinsi Sulawesi Tengah,"Sulawesi Tengah, Palu (Kota)",42833437
1068,Belanja Perjalanan Dinas Biasa,16124000,1,26-Jan,Provinsi Sulawesi Tengah,Badan Perencanaan Pembangunan Daerah Provinsi Sulawesi Tengah,"Sulawesi Tengah, Palu (Kota)",42833746
1069,Belanja Perjalanan Dinas Biasa - Dalam Rangka Kegiatan Surveilance Laboratorium Pengujian UPTD PSMB di Palu,2853000,1,26-Apr,Provinsi Sulawesi Tengah,UPT Pengujian sertifikasi Mutu Barang (PSMB),"Sulawesi Tengah, Palu (Kota)",42835227
1070,Belanja Perjalanan Dinas Biasa - Dalam Rangka Kegiatan Surveilance Laboratorium Pengujian UPTD PSMB di Palu,5500000,1,26-Apr,Provinsi Sulawesi Tengah,UPT Pengujian sertifikasi Mutu Barang (PSMB),"Sulawesi Tengah, Palu (Kota)",42835232
1071,Belanja Perjalanan Dinas Biasa,17640000,1,26-Feb,Provinsi Sulawesi Tengah,Dinas Pangan Provinsi Sulawesi Tengah,"Sulawesi Tengah, Poso (Kab.)",42838552
1072,Belanja Perjalanan Dinas Biasa,900000,1,26-Mar,Provinsi Sulawesi Tengah,Dinas Pangan Provinsi Sulawesi Tengah,"Sulawesi Tengah, Palu (Kota)",42838774
1073,Belanja perjalanan dinas biasa,4400000,1,26-Oct,Provinsi Sulawesi Tengah,Dinas Perpustakaan dan Kearsipan Provinsi Sulawesi Tengah,"Sulawesi Tengah, Palu (Kota)",42839651
1074,Belanja perjalanan dinas biasa,4440000,1,26-Jul,Provinsi Sulawesi Tengah,Dinas Perpustakaan dan Kearsipan Provinsi Sulawesi Tengah,"Sulawesi Tengah, Poso (Kab.)",42839657
1075,Belanja Perjalanan Dinas Biasa,33980000,1,26-Feb,Provinsi Sulawesi Tengah,Dinas Perkebunan dan Peternakan Provinsi Sulawesi Tengah,"Sulawesi Tengah, Tojo Una-Una (Kab.)",42855435
1076,Belanja Perjalanan Dinas Biasa,5820000,1,26-Mar,Provinsi Sulawesi Tengah,UPTD. Pelabuhan Perikanan dan Kawasan Konservasi Pesisir dan Pulau-Pulau Kecil Wilayah VI,"Sulawesi Tengah, Palu (Kota)",42855522
1077,Belanja Perjalanan Dinas Biasa,7050000,1,26-Apr,Provinsi Sulawesi Tengah,UPTD. Pelabuhan Perikanan dan Kawasan Konservasi Pesisir dan Pulau-Pulau Kecil Wilayah V,"Sulawesi Tengah, Palu (Kota) | Sulawesi Tengah, Toli-Toli (Kab.) | Sulawesi Tengah, Buol (Kab.)",42857515
1078,Belanja Perjalanan Dinas Biasa,8353000,1,26-Aug,Provinsi Sulawesi Tengah,UPTD. Penerapan Mutu Hasil Perikanan,"Sulawesi Tengah, Palu (Kota)",42865161
1079,[PKTP3 - Sub02] Belanja Perjalanan Dinas Biasa,5530000,1,26-Oct,Provinsi Sulawesi Tengah,Dinas Tenaga Kerja dan Transmigrasi Provinsi Sulawesi Tengah,"Sulawesi Tengah, Poso (Kab.)",42883923
1080,Belanja Perjalanan Dinas Biasa (biaya Uang Harian),9250000,1,26-Jul,Provinsi Sulawesi Tengah,UPT. Taman Budaya dan Permuseuman,"Sulawesi Tengah, Banggai Kepulauan (Kab.)",42887536
1081,Belanja Perjalanan Dinas Biasa,236350000,1,26-Feb,Provinsi Sulawesi Tengah,Badan Penghubung Provinsi Sulawesi Tengah,"DKI Jakarta, Jakarta Pusat (Kota) | Sulawesi Tengah, Palu (Kota)",42889889
1082,[PKTP3 - Sub18] Belanja Perjalanan Dinas Biasa,11060000,1,26-Aug,Provinsi Sulawesi Tengah,Dinas Tenaga Kerja dan Transmigrasi Provinsi Sulawesi Tengah,"Sulawesi Tengah, Poso (Kab.)",42909938
1083,Belanja Perjalanan Dinas Biasa,1800000,1,26-Oct,Provinsi Sulawesi Tengah,UPT KPH Pogogul,"Sulawesi Tengah, Buol (Kab.)",42921711
1084,Belanja Perjalanan Dinas Biasa,19818000,1,26-Apr,Provinsi Sulawesi Tengah,"Dinas Komunikasi, Informatika, Persandian dan Statistik Provinsi Sulawesi Tengah","Sulawesi Tengah, Palu (Kota)",42923764
1085,Belanja Perjalanan Dinas Biasa,13090000,1,26-Feb,Provinsi Sulawesi Tengah,Dinas Pemberdayaan Masyarakat dan Desa Provinsi Sulawesi Tengah,"Sulawesi Tengah, Parigi Moutong (Kab.)",42932500
1086,Belanja Perjalanan Dinas Biasa (Serealia),92590000,1,26-Feb,Provinsi Sulawesi Tengah,Dinas Tanaman Pangan dan Hortikultura Provinsi Sulawesi Tengah,"Sulawesi Tengah, Palu (Kota)",42935905
1087,Belanja Perjalanan Dinas Biasa/ Dalam Rangka Penyaluran Bantuan PANADA,3630000,1,26-Mar,Provinsi Sulawesi Tengah,Dinas Sosial Provinsi Sulawesi Tengah,"Sulawesi Tengah, Palu (Kota) | Sulawesi Tengah, Morowali (Kab.)",42942757
1088,Belanja Perjalanan Dinas Biasa MONEV KEPEGAWAIAN,9000000,1,26-Feb,Provinsi Sulawesi Tengah,Dinas Tanaman Pangan dan Hortikultura Provinsi Sulawesi Tengah,"Sulawesi Tengah, Palu (Kota)",42945181
1089,Belanja Perjalanan Dinas Biasa,86450000,1,26-Jan,Provinsi Sulawesi Tengah,UPT Wil. VIII Buol,"Sulawesi Tengah, Buol (Kab.)",42948868
1090,Belanja Perjalanan Dinas Biasa,15000000,1,26-Jan,Provinsi Sulawesi Tengah,UPT Wil. VIII Buol,"Sulawesi Tengah, Buol (Kab.)",42949177
1091,Belanja Perjalanan Dinas Biasa (Sub Bidang Promosi dan Informasi Daerah),8781000,1,26-Mar,Provinsi Sulawesi Tengah,Badan Penghubung Provinsi Sulawesi Tengah,"Jawa Barat, Bandung (Kota)",42954296
1092,Belanja Perjalanan Dinas Biasa (P5TK),33535000,1,26-Feb,Provinsi Sulawesi Tengah,Dinas Tenaga Kerja dan Transmigrasi Provinsi Sulawesi Tengah,"Sulawesi Tengah, Palu (Kota)",42966327
1093,Belanja Perjalanan Dinas Biasa (Biro PBJ),143251000,1,26-Jan,Provinsi Sulawesi Tengah,Biro Pengadaan Barang/ Jasa Pada Sekretariat Daerah Provinsi Sulawesi Tengah,"Sulawesi Tengah, Palu (Kota)",42975392
1094,Belanja Perjalanan Dinas Biasa (Biro PBJ),52076000,1,26-Jan,Provinsi Sulawesi Tengah,Biro Pengadaan Barang/ Jasa Pada Sekretariat Daerah Provinsi Sulawesi Tengah,"Sulawesi Tengah, Palu (Kota)",42975546
1095,Belanja Perjalanan Dinas Biasa (Biro PBJ),17095000,1,26-Jan,Provinsi Sulawesi Tengah,Biro Pengadaan Barang/ Jasa Pada Sekretariat Daerah Provinsi Sulawesi Tengah,"Sulawesi Tengah, Palu (Kota)",42975561
1096,Belanja Perjalanan Dinas Biasa Bimkon Peningkatan Produktivitas,2090000,1,26-Oct,Provinsi Sulawesi Tengah,Dinas Tenaga Kerja dan Transmigrasi Provinsi Sulawesi Tengah,"Sulawesi Tengah, Palu (Kota)",42978863
1097,Belanja Perjalanan Dinas Biasa,309200000,1,26-Feb,Provinsi Sulawesi Tengah,Sekretariat DPRD Provinsi Sulawesi Tengah,"Sulawesi Tengah, Palu (Kota)",42985013
1098,Belanja Perjalanan Dinas Biasa Kegiatan Identifikasi Potensi Kawasan Transmigrasi,4470000,1,26-Jan,Provinsi Sulawesi Tengah,Dinas Tenaga Kerja dan Transmigrasi Provinsi Sulawesi Tengah,"Sulawesi Tengah, Parigi Moutong (Kab.)",42986101
1099,Belanja Perjalanan Dinas Biasa Dalam Rangka Transport Peserta Pertemuan Koordinasi Pemanfaatan Alsintan dan Pembiayaan Pertanian,4400000,1,26-Mar,Provinsi Sulawesi Tengah,Dinas Tanaman Pangan dan Hortikultura Provinsi Sulawesi Tengah,"Sulawesi Tengah, Palu (Kota)",42991565
1100,Belanja Perjalanan Dinas Biasa Dalam Rangka Transport Peserta Pertemuan Evaluasi Pemanfaatan Alsintan dan Pembiayaan Pertanian,4400000,1,26-Sep,Provinsi Sulawesi Tengah,Dinas Tanaman Pangan dan Hortikultura Provinsi Sulawesi Tengah,"Sulawesi Tengah, Palu (Kota)",42991568
1101,Belanja Perjalanan Dinas Biasa,49010000,1,26-May,Provinsi Sulawesi Tengah,Dinas Energi dan Sumber Daya Mineral Provinsi Sulawesi Tengah,"Sulawesi Tengah, Toli-Toli (Kab.) | Sulawesi Tengah, Parigi Moutong (Kab.) | Sulawesi Tengah, Kabupaten Morowali Utara | Sulawesi Tengah, Tojo Una-Una (Kab.) | Sulawesi Tengah, Sigi (Kab.)",43017477
1102,Belanja Perjalanan Dinas Biasa,12780000,1,26-Mar,Provinsi Sulawesi Tengah,UPT KPH Dampelas Tinombo,"Sulawesi Tengah, Dongala (Kab.)",43025210
1103,"Belanja Perjalanan Dinas Biasa Pada Sub Kegiatan Koordinasi dan Penyusunan Laporan Realisasi Penerimaan dan Pengeluaran Kas Daerah, Laporan Aliran Kas, dan Pelaksanaan Pemungutan/Pemotongan dan Penyetoran Perhitungan Fihak Ketiga (PFK)",86424000,1,26-May,Provinsi Sulawesi Tengah,Badan Pengelolaan Keuangan dan Aset Daerah Provinsi Sulawesi Tengah,"Sulawesi Tengah, Palu (Kota)",43026661
1104,Belanja Perjalanan Dinas Biasa,40600000,1,26-Apr,Provinsi Sulawesi Tengah,Dinas Tenaga Kerja dan Transmigrasi Provinsi Sulawesi Tengah,"Sulawesi Tengah, Banggai Kepulauan (Kab.)",43027041
1105,Belanja Perjalanan Dinas Biasa,30828000,1,26-Mar,Provinsi Sulawesi Tengah,Dinas Tenaga Kerja dan Transmigrasi Provinsi Sulawesi Tengah,"Sulawesi Tengah, Palu (Kota)",43105805
1106,Belanja Perjalanan Dinas Biasa,51922000,1,26-Mar,Provinsi Sulawesi Tengah,UPT. Pengawasan Ketenagakerjaan Wilayah I,"Sulawesi Tengah, Palu (Kota) | Sulawesi Tengah, Buol (Kab.) | Sulawesi Tengah, Toli-Toli (Kab.) | Sulawesi Tengah, Dongala (Kab.) | Sulawesi Tengah, Parigi Moutong (Kab.)",43085082
1107,Belanja Perjalanan Dinas Biasa,70594000,1,26-Jan,Provinsi Sulawesi Tengah,Biro Kesejahteraan Rakyat Pada Sekretariat Daerah Provinsi Sulawesi Tengah,"Sulawesi Tengah, Palu (Kota)",43092643
1108,Belanja Perjalanan Dinas Biasa Bimkon Peningkatan Produktivitas,2090000,1,26-Oct,Provinsi Sulawesi Tengah,Dinas Tenaga Kerja dan Transmigrasi Provinsi Sulawesi Tengah,"Sulawesi Tengah, Palu (Kota)",42978863
1109,Belanja Perjalanan Dinas Biasa,309200000,1,26-Feb,Provinsi Sulawesi Tengah,Sekretariat DPRD Provinsi Sulawesi Tengah,"Sulawesi Tengah, Palu (Kota)",42985013
1110,Belanja Perjalanan Dinas Biasa Kegiatan Identifikasi Potensi Kawasan Transmigrasi,4470000,1,26-Jan,Provinsi Sulawesi Tengah,Dinas Tenaga Kerja dan Transmigrasi Provinsi Sulawesi Tengah,"Sulawesi Tengah, Parigi Moutong (Kab.)",42986101
1111,Belanja Perjalanan Dinas Biasa Dalam Rangka Transport Peserta Pertemuan Koordinasi Pemanfaatan Alsintan dan Pembiayaan Pertanian,4400000,1,26-Mar,Provinsi Sulawesi Tengah,Dinas Tanaman Pangan dan Hortikultura Provinsi Sulawesi Tengah,"Sulawesi Tengah, Palu (Kota)",42991565
1112,Belanja Perjalanan Dinas Biasa Dalam Rangka Transport Peserta Pertemuan Evaluasi Pemanfaatan Alsintan dan Pembiayaan Pertanian,4400000,1,26-Sep,Provinsi Sulawesi Tengah,Dinas Tanaman Pangan dan Hortikultura Provinsi Sulawesi Tengah,"Sulawesi Tengah, Palu (Kota)",42991568
1113,Belanja Perjalanan Dinas Biasa,329960000,1,26-Feb,Provinsi Sulawesi Tengah,Dinas Pangan Provinsi Sulawesi Tengah,"Sulawesi Tengah, Palu (Kota)",43032804
1114,Belanja Perjalanan Dinas Biasa,285266000,1,26-Mar,Provinsi Sulawesi Tengah,Dinas Cipta Karya dan Sumberdaya Air,"Sulawesi Tengah, Palu (Kota) | Sulawesi Tengah, Sigi (Kab.) | Sulawesi Tengah, Dongala (Kab.) | Sulawesi Tengah, Parigi Moutong (Kab.) | Sulawesi Tengah, Poso (Kab.) | Sulawesi Tengah, Toli-Toli (Kab.) | Sulawesi Tengah, Kabupaten Morowali Utara | Sulawesi Tengah, Tojo Una-Una (Kab.)",43039495
1115,Belanja Perjalanan Dinas Biasa,64110000,1,26-Mar,Provinsi Sulawesi Tengah,Dinas Tenaga Kerja dan Transmigrasi Provinsi Sulawesi Tengah,"Sulawesi Tengah, Poso (Kab.) | Sulawesi Tengah, Sigi (Kab.) | Sulawesi Tengah, Toli-Toli (Kab.)",43042345
1116,Belanja Perjalanan Dinas Biasa,1350146000,1,26-Jan,Provinsi Sulawesi Tengah,Badan Pendapatan Daerah Provinsi Sulawesi Tengah,"Sulawesi Tengah, Palu (Kota)",43044960
1117,Belanja Perjalanan Dinas Biasa,86040000,1,26-Apr,Provinsi Sulawesi Tengah,Dinas Pendidikan Daerah Provinsi Sulawesi Tengah,"Sulawesi Tengah, Palu (Kota)",43071248
1118,Belanja Perjalanan Dinas Biasa (P3BMD) Keu Aset,26600000,1,26-Feb,Provinsi Sulawesi Tengah,Dinas Tanaman Pangan dan Hortikultura Provinsi Sulawesi Tengah,"Sulawesi Tengah, Palu (Kota)",43071764
1119,Belanja Perjalanan Dinas Biasa,27847000,1,26-Jan,Provinsi Sulawesi Tengah,UPT Wil. VII Toli-Toli,"Sulawesi Tengah, Toli-Toli (Kab.)",43133397
1120,Belanja Perjalanan Dinas Biasa,89932000,1,26-Apr,Provinsi Sulawesi Tengah,UPT Perlindungan Perempuan dan Anak,"Sulawesi Tengah, Palu (Kota)",43134036
1121,Belanja Perjalanan Dinas Biasa,67502000,1,26-Mar,Provinsi Sulawesi Tengah,Badan Pengembangan Sumber Daya Manusia Daerah Provinsi Sulawesi Tengah,"Sulawesi Tengah, Palu (Kota)",43139618
1122,Belanja Perjalanan Dinas Biasa,1732477000,1,26-Jan,Provinsi Sulawesi Tengah,Dinas Kesehatan Provinsi Sulawesi Tengah,"Sulawesi Tengah, Sigi (Kab.) | Sulawesi Tengah, Dongala (Kab.) | Sulawesi Tengah, Parigi Moutong (Kab.) | Sulawesi Tengah, Poso (Kab.) | Sulawesi Tengah, Toli-Toli (Kab.) | Sulawesi Tengah, Buol (Kab.) | Sulawesi Tengah, Kabupaten Morowali Utara | Sulawesi Tengah, Morowali (Kab.) | Sulawesi Tengah, Tojo Una-Una (Kab.) | Sulawesi Tengah, Banggai (Kab.) | Sulawesi Tengah, Banggai Kepulauan (Kab.) | Sulawesi Tengah, Banggai Laut (Kab.) | Sulawesi Tengah, Palu (Kota) | DKI Jakarta, Jakarta Pusat (Kota)",43142255
1123,Belanja Perjalanan Dinas Biasa,17500000,1,26-Jan,Provinsi Sulawesi Tengah,UPT Wil. III Poso,"Sulawesi Tengah, Poso (Kab.)",43175026
1124,Belanja Perjalanan Dinas Biasa,27250000,1,26-Jan,Provinsi Sulawesi Tengah,UPT Wil. III Poso,"Sulawesi Tengah, Poso (Kab.)",43178754
1125,Belanja Perjalanan Dinas Biasa,33360000,1,26-Mar,Provinsi Sulawesi Tengah,Dinas Pendidikan Daerah Provinsi Sulawesi Tengah,"Sulawesi Tengah, Palu (Kota)",43076303
1126,Belanja Perjalanan Dinas Biasa,227424000,1,26-Mar,Provinsi Sulawesi Tengah,Dinas Pendidikan Daerah Provinsi Sulawesi Tengah,"Sulawesi Tengah, Palu (Kota)",43080222
1127,Belanja Perjalanan Dinas Biasa,45112000,1,26-Mar,Provinsi Sulawesi Tengah,Cabang Dinas Pendidikan Wilayah IV,"Sulawesi Tengah, Morowali (Kab.)",43091354
1128,Belanja Perjalanan Dinas Biasa,6320000,1,26-Feb,Provinsi Sulawesi Tengah,Badan Perencanaan Pembangunan Daerah Provinsi Sulawesi Tengah,"Sulawesi Tengah, Palu (Kota)",43093394
1129,Belanja Perjalanan Dinas Biasa,10670000,1,26-Feb,Provinsi Sulawesi Tengah,Badan Perencanaan Pembangunan Daerah Provinsi Sulawesi Tengah,"Sulawesi Tengah, Palu (Kota)",43093516
1130,Belanja Perjalanan Dinas Biasa,50446000,1,26-Feb,Provinsi Sulawesi Tengah,Badan Perencanaan Pembangunan Daerah Provinsi Sulawesi Tengah,"Sulawesi Tengah, Palu (Kota)",43093645
1131,Belanja Perjalanan Dinas Biasa,25026000,1,26-Jan,Provinsi Sulawesi Tengah,Satuan Polisi Pamong Praja Provinsi Sulawesi Tengah,"Sulawesi Tengah, Palu (Kota)",43098801
1132,Belanja Perjalanan Dinas Biasa,27360000,1,26-Feb,Provinsi Sulawesi Tengah,UPT. Pengawasan Ketenagakerjaan Wilayah II,"Sulawesi Tengah, Palu (Kota) | Sulawesi Tengah, Palu (Kota)",43101077
1133,Belanja Perjalanan Dinas Biasa,285346000,1,26-Jan,Provinsi Sulawesi Tengah,Dinas Kelautan dan Perikanan Provinsi Sulawesi Tengah,"Sulawesi Tengah, Palu (Kota)",43101361
1134,Belanja Perjalanan Dinas Biasa,1090000,1,26-Mar,Provinsi Sulawesi Tengah,UPT Panti Sosial Anak,"Sulawesi Tengah, Palu (Kota)",43030061
1135,Belanja Perjalanan Dinas Biasa,129760000,1,26-Mar,Provinsi Sulawesi Tengah,Dinas Pemuda dan Olah Raga Provinsi Sulawesi Tengah,"Sulawesi Tengah, Banggai (Kab.) | Sulawesi Tengah, Morowali (Kab.) | Sulawesi Tengah, Buol (Kab.) | DKI Jakarta, Jakarta Pusat (Kota)",43030111
1136,Belanja Perjalanan Dinas Biasa,106182000,1,26-Mar,Provinsi Sulawesi Tengah,Dinas Pemuda dan Olah Raga Provinsi Sulawesi Tengah,"Sulawesi Tengah, Morowali (Kab.) | Sulawesi Tengah, Buol (Kab.) | Sulawesi Tengah, Sigi (Kab.) | Sulawesi Tengah, Dongala (Kab.) | DKI Jakarta, Jakarta Pusat (Kota)",43030161
1137,Belanja Perjalanan Dinas Biasa,425990000,1,26-Jan,Provinsi Sulawesi Tengah,Sekretariat DPRD Provinsi Sulawesi Tengah,"Sulawesi Tengah, Palu (Kota)",42966452
1138,Belanja Perjalanan Dinas Biasa,1136514000,1,26-Feb,Provinsi Sulawesi Tengah,Sekretariat DPRD Provinsi Sulawesi Tengah,"Sulawesi Tengah, Palu (Kota)",42966481
1139,Belanja Perjalanan Dinas Biasa,61256000,1,26-Feb,Provinsi Sulawesi Tengah,Dinas Perkebunan dan Peternakan Provinsi Sulawesi Tengah,"Sulawesi Tengah, Palu (Kota)",42966911
1140,Belanja Perjalanan Dinas Biasa (Buah),37810000,1,26-Feb,Provinsi Sulawesi Tengah,Dinas Tanaman Pangan dan Hortikultura Provinsi Sulawesi Tengah,"Sulawesi Tengah, Parigi Moutong (Kab.) | Sulawesi Tengah, Poso (Kab.) | Sulawesi Tengah, Tojo Una-Una (Kab.)",42968218
1141,Belanja Perjalanan Dinas Biasa,49912000,1,26-Mar,Provinsi Sulawesi Tengah,Dinas Bina Marga dan Penataan Ruang Provinsi Sulawesi Tengah,"Sulawesi Tengah, Parigi Moutong (Kab.) | Sulawesi Tengah, Buol (Kab.) | Sulawesi Tengah, Banggai (Kab.) | Sulawesi Tengah, Kabupaten Morowali Utara",43135991
1142,Belanja Perjalanan Dinas Biasa,21890000,1,26-Mar,Provinsi Sulawesi Tengah,UPT Wil. IX Tojo Una-Una,"Sulawesi Tengah, Tojo Una-Una (Kab.)",43032917
1143,"Belanja Perjalanan Dinas Biasa - Dalam Rangka Tryout/Kejurnas 9 Cabang Olahraga Binaan SMANOR Tadulako Palu - Jakarta dan Wilayah Sekitar Lainnya, - Dalam Rangka Rekrutmen Calon Siswa SMANOR Tadulako yang berbakat olahraga di 9 Cabang Olahraga Binaan, -  Dalam Rangka Konsultasi dan Koordinasi Program PKPLK dan bantuan revitalisasi sekolah di wilayah Jakarta dan sekitarnya",405794000,1,26-Apr,Provinsi Sulawesi Tengah,Dinas Pendidikan Daerah Provinsi Sulawesi Tengah,"Sulawesi Tengah, Palu (Kota)",43034612
1144,Belanja Perjalanan Dinas Biasa,13994000,1,26-Jan,Provinsi Sulawesi Tengah,Dinas Pangan Provinsi Sulawesi Tengah,"Sulawesi Tengah, Palu (Kota)",43038887
1145,Belanja Perjalanan Dinas Biasa,137100000,1,26-Jan,Provinsi Sulawesi Tengah,UPT Wil. XI Sigi,"Sulawesi Tengah, Sigi (Kab.)",43051311
1146,Belanja Perjalanan Dinas Biasa Pada Sub Kegiatan Penilaian Barang Milik Daerah,113932000,1,26-May,Provinsi Sulawesi Tengah,Badan Pengelolaan Keuangan dan Aset Daerah Provinsi Sulawesi Tengah,"Sulawesi Tengah, Palu (Kota)",43056266
1147,Belanja Perjalanan Dinas Biasa,346862000,1,26-Jan,Provinsi Sulawesi Tengah,Sekretariat DPRD Provinsi Sulawesi Tengah,"Sulawesi Tengah, Palu (Kota)",43170454
1148,Belanja Perjalanan Dinas Biasa,71688000,1,26-Feb,Provinsi Sulawesi Tengah,Dinas Cipta Karya dan Sumberdaya Air,"Sulawesi Tengah, Palu (Kota)",43176833
1149,Belanja Perjalanan Dinas Biasa,8880000,1,26-Jan,Provinsi Sulawesi Tengah,Badan Pendapatan Daerah Provinsi Sulawesi Tengah,"Sulawesi Tengah, Palu (Kota)",42997863
1150,Belanja Perjalanan Dinas Biasa,70290000,1,26-Jan,Provinsi Sulawesi Tengah,Badan Pendapatan Daerah Provinsi Sulawesi Tengah,"Sulawesi Tengah, Palu (Kota)",42997881
1151,Belanja Perjalanan Dinas Biasa,67110000,1,26-Jan,Provinsi Sulawesi Tengah,Badan Pendapatan Daerah Provinsi Sulawesi Tengah,"Sulawesi Tengah, Palu (Kota)",42997930
1152,Belanja Perjalanan Dinas Biasa,107092000,1,26-Feb,Provinsi Sulawesi Tengah,UPT Veteriner,"Sulawesi Tengah, Palu (Kota)",43001863
1153,Belanja Perjalanan Dinas Biasa,450000,1,26-Mar,Provinsi Sulawesi Tengah,Dinas Tenaga Kerja dan Transmigrasi Provinsi Sulawesi Tengah,"Sulawesi Tengah, Palu (Kota)",43003177
1154,Belanja Perjalanan Dinas Biasa,49794000,1,26-Mar,Provinsi Sulawesi Tengah,Dinas Perhubungan Provinsi Sulawesi Tengah,"Sulawesi Tengah, Palu (Kota)",42757504
1155,Belanja Perjalanan Dinas Biasa,4240000,1,26-Mar,Provinsi Sulawesi Tengah,Dinas Perhubungan Provinsi Sulawesi Tengah,"Sulawesi Tengah, Palu (Kota)",42758056
1156,Belanja Perjalanan Dinas Biasa,17036000,1,26-Aug,Provinsi Sulawesi Tengah,Dinas Cipta Karya dan Sumberdaya Air,"Sulawesi Tengah, Palu (Kota) | Sulawesi Tengah, Sigi (Kab.) | Sulawesi Tengah, Poso (Kab.) | Sulawesi Tengah, Toli-Toli (Kab.)",42776563
1157,Belanja Perjalanan Dinas Biasa,450020000,1,26-Feb,Provinsi Sulawesi Tengah,Dinas Kependudukan dan Pencatatan Sipil Provinsi Sulawesi Tengah,"Sulawesi Tengah, Palu (Kota)",42793711
1158,Belanja Perjalanan Dinas Biasa (5.05.01.1.06.0009),120838000,1,26-Feb,Provinsi Sulawesi Tengah,Badan Riset dan Inovasi Daerah Provinsi Sulawesi Tengah,"Sulawesi Tengah, Palu (Kota)",42799331
1159,Belanja Perjalanan Dinas Biasa (5.05.03.1.02.0004),19240000,1,26-Apr,Provinsi Sulawesi Tengah,Badan Riset dan Inovasi Daerah Provinsi Sulawesi Tengah,"Sulawesi Tengah, Dongala (Kab.)",42802543
1160,Belanja Perjalanan Dinas Biasa,4750000,1,26-Feb,Provinsi Sulawesi Tengah,"Dinas Koperasi, Usaha Kecil dan Menengah Provinsi Sulawesi Tengah","Sulawesi Tengah, Palu (Kota)",42804196
1161,Belanja Perjalanan Dinas Biasa,26670000,1,26-Mar,Provinsi Sulawesi Tengah,"Dinas Koperasi, Usaha Kecil dan Menengah Provinsi Sulawesi Tengah","Sulawesi Tengah, Palu (Kota)",42804205
1162,Belanja Perjalanan Dinas Biasa,188440000,1,26-Mar,Provinsi Sulawesi Tengah,Inspektorat Daerah Provinsi Sulawesi Tengah,"Sulawesi Tengah, Palu (Kota)",42808026
1163,Belanja Perjalanan Dinas Biasa,141990000,1,26-Jan,Provinsi Sulawesi Tengah,Inspektorat Daerah Provinsi Sulawesi Tengah,"Sulawesi Tengah, Palu (Kota)",42808170
1164,Belanja Perjalanan Dinas Biasa : Pameran Kriya Nusa/ Koordinasi Dekranas/Studi Teknis Jakarta Kota Lainnya di Indonesia,33210000,1,26-Oct,Provinsi Sulawesi Tengah,UPTD Pengembangan Produk Industri Pangan dan Kerajinan (P2IPK),"DKI Jakarta, Jakarta Pusat (Kota)",42808584
1165,Belanja Perjalanan Dinas Biasa : Transport Peserta Pelatihan Peningkatan Kualitas Kerajinan Unggulan Daerah,6600000,1,26-Jun,Provinsi Sulawesi Tengah,UPTD Pengembangan Produk Industri Pangan dan Kerajinan (P2IPK),"Sulawesi Tengah, Palu (Kota)",42808589
1166,Belanja Perjalanan Dinas Biasa,18334000,1,26-Apr,Provinsi Sulawesi Tengah,Dinas Perpustakaan dan Kearsipan Provinsi Sulawesi Tengah,"Sulawesi Tengah, Sigi (Kab.) | Sulawesi Tengah, Parigi Moutong (Kab.) | Sulawesi Tengah, Poso (Kab.)",42817693
1167,Belanja Perjalanan Dinas Biasa,15510000,1,26-Mar,Provinsi Sulawesi Tengah,Dinas Kehutanan Provinsi Sulawesi Tengah,"Sulawesi Tengah, Palu (Kota)",42820148
1168,Belanja Perjalanan Dinas Biasa,10500000,1,26-Feb,Provinsi Sulawesi Tengah,UPT Pengelolaan Prasarana Perhubungan Kelas A,"Sulawesi Tengah, Palu (Kota)",42821062
1169,Belanja Perjalanan Dinas Biasa,32360000,1,26-Feb,Provinsi Sulawesi Tengah,UPT Pengelolaan Prasarana Perhubungan Kelas A,"Sulawesi Tengah, Palu (Kota)",42821088
1170,Belanja Perjalanan Dinas Biasa,29430000,1,26-Mar,Provinsi Sulawesi Tengah,UPT Laboratorium Kesehatan,"Sulawesi Tengah, Palu (Kota)",42822990
1171,Belanja Perjalanan Dinas Biasa,80104000,1,26-May,Provinsi Sulawesi Tengah,Dinas Penanaman Modal dan Pelayanan Terpadu Satu Pintu Provinsi Sulawesi Tengah,"DKI Jakarta, Jakarta Pusat (Kota) | Sulawesi Tengah, Morowali (Kab.) | Sulawesi Tengah, Toli-Toli (Kab.) | Sulawesi Tengah, Tojo Una-Una (Kab.) | Sulawesi Tengah, Dongala (Kab.)",42823767
1172,Belanja Perjalanan Dinas Biasa ( Biaya Uang Harian ),2120000,1,26-Jul,Provinsi Sulawesi Tengah,UPT. Taman Budaya dan Permuseuman,"DKI Jakarta, Jakarta Pusat (Kota)",42824198
1173,Belanja Perjalanan Dinas Biasa,9840000,1,26-Mar,Provinsi Sulawesi Tengah,Dinas Perindustrian dan Perdagangan Provinsi Sulawesi Tengah,"Sulawesi Tengah, Toli-Toli (Kab.)",42825854
1174,Belanja Perjalanan Dinas Biasa,5920000,1,26-Jul,Provinsi Sulawesi Tengah,Dinas Kebudayaan Daerah Provinsi Sulawesi Tengah,"Sulawesi Tengah, Sigi (Kab.) | Sulawesi Tengah, Poso (Kab.)",42826617
1175,Belanja Perjalanan Dinas Biasa,12824000,1,26-Jan,Provinsi Sulawesi Tengah,Badan Perencanaan Pembangunan Daerah Provinsi Sulawesi Tengah,"Sulawesi Tengah, Palu (Kota)",42833510
1176,Belanja Perjalanan Dinas Biasa - Dalam Rangka Diseminasi Laboratorium UPTD PSMB di Kabupaten Morowali/Kabupaten Lainnya,2400000,1,26-Jun,Provinsi Sulawesi Tengah,UPT Pengujian sertifikasi Mutu Barang (PSMB),"Sulawesi Tengah, Palu (Kota)",42835223
1177,Belanja Perjalanan Dinas Biasa - Dalam Rangka Surveilans Reakreditasi Laboratorium Kalibrasi UPTD PSMB di Palu,1850000,1,26-Sep,Provinsi Sulawesi Tengah,UPT Pengujian sertifikasi Mutu Barang (PSMB),"Sulawesi Tengah, Palu (Kota)",42835225
1178,Belanja Perjalanan Dinas Biasa - Dalam Rangka Diseminasi Laboratorium UPTD PSMB di Kabupaten Morowali/Kabupaten Lainnya,3700000,1,26-Jun,Provinsi Sulawesi Tengah,UPT Pengujian sertifikasi Mutu Barang (PSMB),"Sulawesi Tengah, Palu (Kota)",42835228
1179,Belanja Perjalanan Dinas Biasa,16650000,1,26-Jan,Provinsi Sulawesi Tengah,UPT. Taman Budaya dan Permuseuman,"Sulawesi Tengah, Poso (Kab.) | Sulawesi Tengah, Sigi (Kab.)",42841718
1180,Belanja Perjalanan Dinas Biasa,5722000,1,26-Feb,Provinsi Sulawesi Tengah,UPTD. Pelabuhan Perikanan dan Kawasan Konservasi Pesisir dan Pulau-Pulau Kecil Wilayah III,"Sulawesi Tengah, Banggai (Kab.)",42859170
1181,Belanja Perjalanan Dinas Biasa,6464000,1,26-Feb,Provinsi Sulawesi Tengah,Dinas Pemberdayaan Masyarakat dan Desa Provinsi Sulawesi Tengah,"Sulawesi Tengah, Sigi (Kab.) | Sulawesi Tengah, Dongala (Kab.)",42860139
1182,Belanja Perjalanan Dinas Biasa,762224000,1,26-Feb,Provinsi Sulawesi Tengah,Dinas Perkebunan dan Peternakan Provinsi Sulawesi Tengah,"Sulawesi Tengah, Lainnya",42880020
1183,[PKTP3 - Sub17] Belanja Perjalanan Dinas Biasa,7440000,1,26-May,Provinsi Sulawesi Tengah,Dinas Tenaga Kerja dan Transmigrasi Provinsi Sulawesi Tengah,"Sulawesi Tengah, Morowali (Kab.)",42906602
1184,Belanja Perjalanan Dinas Biasa,1120000,1,26-Oct,Provinsi Sulawesi Tengah,Dinas Perindustrian dan Perdagangan Provinsi Sulawesi Tengah,"Sulawesi Tengah, Poso (Kab.)",42927178
1185,Belanja Perjalanan Dinas Biasa,10596000,1,26-Dec,Provinsi Sulawesi Tengah,Dinas Sosial Provinsi Sulawesi Tengah,"DKI Jakarta, Jakarta Pusat (Kota)",42933010
1186,Belanja Perjalanan Dinas Biasa,17020000,1,26-Oct,Provinsi Sulawesi Tengah,UPT Perbenihan Tanaman Pangan dan Hortikultura,"Sulawesi Tengah, Sigi (Kab.)",42940207
1187,Belanja Perjalanan Dinas Biasa,70110000,1,26-Jan,Provinsi Sulawesi Tengah,Dinas Sosial Provinsi Sulawesi Tengah,"Sulawesi Tengah, Palu (Kota) | Sulawesi Tengah, Parigi Moutong (Kab.)",42942779
1188,Belanja Perjalanan Dinas Biasa,10800000,1,26-Mar,Provinsi Sulawesi Tengah,Dinas Tanaman Pangan dan Hortikultura Provinsi Sulawesi Tengah,"Sulawesi Tengah, Palu (Kota)",42944269
1189,Belanja Perjalanan Dinas Biasa,89240000,1,26-Apr,Provinsi Sulawesi Tengah,Dinas Bina Marga dan Penataan Ruang Provinsi Sulawesi Tengah,"Sulawesi Tengah, Poso (Kab.)",42955751
1190,Belanja Perjalanan Dinas Biasa,99608000,1,26-Apr,Provinsi Sulawesi Tengah,Dinas Bina Marga dan Penataan Ruang Provinsi Sulawesi Tengah,"Sulawesi Tengah, Poso (Kab.) | Sulawesi Tengah, Kabupaten Morowali Utara | Sulawesi Tengah, Buol (Kab.) | Sulawesi Tengah, Banggai (Kab.) | Sulawesi Tengah, Sigi (Kab.) | Sulawesi Tengah, Dongala (Kab.)",42754355
1191,Belanja Perjalanan Dinas Biasa,4107782000,1,26-Feb,Provinsi Sulawesi Tengah,TU Pimpinan,"Sulawesi Tengah, Palu (Kota)",43251462
1192,Belanja Perjalanan Dinas Biasa,110000000,1,26-Apr,Provinsi Sulawesi Tengah,Dinas Bina Marga dan Penataan Ruang Provinsi Sulawesi Tengah,"Sulawesi Tengah, Dongala (Kab.) | Sulawesi Tengah, Banggai Laut (Kab.) | Sulawesi Tengah, Poso (Kab.) | Sulawesi Tengah, Parigi Moutong (Kab.)",43258547
1193,Belanja Perjalanan Dinas Biasa,20406000,1,26-Mar,Provinsi Sulawesi Tengah,Dinas Perhubungan Provinsi Sulawesi Tengah,"Sulawesi Tengah, Palu (Kota)",42758019
1194,Belanja Perjalanan Dinas Biasa,9810000,1,26-Apr,Provinsi Sulawesi Tengah,Dinas Kependudukan dan Pencatatan Sipil Provinsi Sulawesi Tengah,"Sulawesi Tengah, Palu (Kota)",42791660
1195,Belanja Perjalanan Dinas Biasa : Pendamping Pameran Kriya Nusa/ Koordinasi Dekranas/Studi Teknis Jakarta Kota Lainnya di Indonesia,24236000,1,26-Sep,Provinsi Sulawesi Tengah,UPTD Pengembangan Produk Industri Pangan dan Kerajinan (P2IPK),"DKI Jakarta, Jakarta Pusat (Kota)",42808260
1196,Belanja Perjalanan Dinas Biasa,121650000,1,26-Jan,Provinsi Sulawesi Tengah,Inspektorat Daerah Provinsi Sulawesi Tengah,"Sulawesi Tengah, Palu (Kota)",42815275
1197,Belanja Perjalanan Dinas Biasa,19522000,1,26-Jul,Provinsi Sulawesi Tengah,Dinas Perpustakaan dan Kearsipan Provinsi Sulawesi Tengah,"DKI Jakarta, Jakarta Pusat (Kota)",42819205
1198,Belanja Perjalanan Dinas Biasa,5576000,1,26-Jun,Provinsi Sulawesi Tengah,Dinas Kehutanan Provinsi Sulawesi Tengah,"Sulawesi Tengah, Palu (Kota)",42819323
1199,Belanja Perjalanan Dinas Biasa,99974000,1,26-Jan,Provinsi Sulawesi Tengah,Dinas Pemberdayaan Masyarakat dan Desa Provinsi Sulawesi Tengah,"Sulawesi Tengah, Palu (Kota)",42823135
1200,"Belanja Perjalanan Dinas Biasa (Bimtek/Monev, Raker, Mobile Lab.)",199383000,1,26-Feb,Provinsi Sulawesi Tengah,UPT Laboratorium Kesehatan,"Sulawesi Tengah, Palu (Kota)",42823901
1201,Belanja Perjalanan Dinas Biasa,4380000,1,26-Jul,Provinsi Sulawesi Tengah,Dinas Perpustakaan dan Kearsipan Provinsi Sulawesi Tengah,"DKI Jakarta, Jakarta Selatan (Kota)",42824294
1202,Belanja Perjalanan Dinas Biasa,17900000,1,26-May,Provinsi Sulawesi Tengah,Dinas Perindustrian dan Perdagangan Provinsi Sulawesi Tengah,"Sulawesi Tengah, Banggai (Kab.)",42826068
1203,Belanja Perjalanan Dinas Biasa,61669992,1,26-Feb,Provinsi Sulawesi Tengah,Dinas Perkebunan dan Peternakan Provinsi Sulawesi Tengah,"Sulawesi Tengah, Palu (Kota)",42827594
1204,Belanja Perjalanan Dinas Biasa (Biaya Uang Harian),15910000,1,26-Apr,Provinsi Sulawesi Tengah,Dinas Kebudayaan Daerah Provinsi Sulawesi Tengah,"Sulawesi Tengah, Toli-Toli (Kab.) | Sulawesi Tengah, Parigi Moutong (Kab.)",42829485
1205,Belanja Perjalanan Dinas Biasa,3330000,1,26-Jun,Provinsi Sulawesi Tengah,UPT KPH Dolago Tanggunung,"Sulawesi Tengah, Palu (Kota)",42832382
1206,Belanja Perjalanan Dinas Biasa,12044000,1,26-Jan,Provinsi Sulawesi Tengah,Badan Perencanaan Pembangunan Daerah Provinsi Sulawesi Tengah,"Sulawesi Tengah, Palu (Kota)",42833497
1207,Belanja Perjalanan Dinas Biasa,18148000,1,26-Jan,Provinsi Sulawesi Tengah,Badan Perencanaan Pembangunan Daerah Provinsi Sulawesi Tengah,"Sulawesi Tengah, Palu (Kota)",42833618
1208,Belanja Perjalanan Dinas Biasa,10596000,1,26-Jan,Provinsi Sulawesi Tengah,Badan Perencanaan Pembangunan Daerah Provinsi Sulawesi Tengah,"Sulawesi Tengah, Palu (Kota)",42833883
1209,Belanja Perjalanan Dinas Biasa,10070000,1,26-Jan,Provinsi Sulawesi Tengah,Badan Perencanaan Pembangunan Daerah Provinsi Sulawesi Tengah,"Sulawesi Tengah, Lainnya",42834028
1210,Belanja Perjalanan Dinas Biasa - Dalam Rangka Surveilans Reakreditasi Laboratorium Kalibrasi UPTD PSMB di Palu,5500000,1,26-Sep,Provinsi Sulawesi Tengah,UPT Pengujian sertifikasi Mutu Barang (PSMB),"Sulawesi Tengah, Palu (Kota)",42835229
1211,Belanja perjalanan dinas biasa,13500000,1,26-Apr,Provinsi Sulawesi Tengah,Dinas Perpustakaan dan Kearsipan Provinsi Sulawesi Tengah,"Sulawesi Tengah, Palu (Kota)",42839662
1212,Belanja Perjalanan Dinas Biasa,30420000,1,26-Apr,Provinsi Sulawesi Tengah,Dinas Pangan Provinsi Sulawesi Tengah,"Sulawesi Tengah, Banggai Kepulauan (Kab.)",42841254
1213,Belanja Perjalanan Dinas Biasa Pada Sub Kegiatan Pembinaan Pengelolaan Keuangan BLUD Provinsi,75616000,1,26-Jan,Provinsi Sulawesi Tengah,Badan Pengelolaan Keuangan dan Aset Daerah Provinsi Sulawesi Tengah,"Sulawesi Tengah, Palu (Kota)",42843703
1214,Belanja Perjalanan Dinas Biasa,8480000,1,26-Jan,Provinsi Sulawesi Tengah,Dinas Kebudayaan Daerah Provinsi Sulawesi Tengah,"Sulawesi Tengah, Palu (Kota)",42845984
1215,Belanja Perjalanan Dinas Biasa,5820000,1,26-Feb,Provinsi Sulawesi Tengah,UPTD. Pelabuhan Perikanan dan Kawasan Konservasi Pesisir dan Pulau-Pulau Kecil Wilayah VI,"Sulawesi Tengah, Palu (Kota)",42856865
1216,Belanja Perjalanan Dinas Biasa,17070000,1,26-Apr,Provinsi Sulawesi Tengah,Dinas Pemberdayaan Masyarakat dan Desa Provinsi Sulawesi Tengah,"Sulawesi Tengah, Dongala (Kab.) | Sulawesi Tengah, Toli-Toli (Kab.)",42861077
1217,Belanja Perjalanan Dinas Biasa,2300000,1,26-Apr,Provinsi Sulawesi Tengah,Dinas Kelautan dan Perikanan Provinsi Sulawesi Tengah,"Sulawesi Tengah, Palu (Kota)",42866699
1218,Belanja Perjalanan Dinas Biasa,2850000,1,26-Aug,Provinsi Sulawesi Tengah,Dinas Perindustrian dan Perdagangan Provinsi Sulawesi Tengah,"Sulawesi Tengah, Palu (Kota)",42884046
1219,Belanja Perjalanan Dinas Biasa,109974802,1,26-Mar,Provinsi Sulawesi Tengah,Dinas Cipta Karya dan Sumberdaya Air,"Sulawesi Tengah, Palu (Kota)",42922497
1220,Belanja Perjalanan Dinas Biasa,142644000,1,26-May,Provinsi Sulawesi Tengah,Dinas Pemberdayaan Masyarakat dan Desa Provinsi Sulawesi Tengah,"Sulawesi Tengah, Palu (Kota)",42925428
1221,Belanja Perjalanan Dinas Biasa,157500000,1,26-Jan,Provinsi Sulawesi Tengah,UPT Wil. II Parigi Moutong,"Sulawesi Tengah, Parigi Moutong (Kab.)",42932783
1222,Belanja Perjalanan Dinas Biasa,60500000,1,26-Jan,Provinsi Sulawesi Tengah,Dinas Pariwisata Provinsi Sulawesi Tengah,"DKI Jakarta, Jakarta Pusat (Kota)",42938694
1223,Belanja Perjalanan Dinas Biasa,8800000,1,26-Jun,Provinsi Sulawesi Tengah,UPT KPH Kulawi,"Sulawesi Tengah, Palu (Kota)",42940626
1224,Belanja Perjalanan Dinas Biasa,12240000,1,26-Jun,Provinsi Sulawesi Tengah,Dinas Sosial Provinsi Sulawesi Tengah,"Sulawesi Tengah, Palu (Kota) | Sulawesi Tengah, Sigi (Kab.) | Sulawesi Tengah, Toli-Toli (Kab.) | Sulawesi Tengah, Poso (Kab.)",42942794
1225,Belanja Perjalanan Dinas Biasa (Sub Bidang Koordinasi Urusan Pemerintahan dan Pembangunan - HAL),12966000,1,26-Jan,Provinsi Sulawesi Tengah,Badan Penghubung Provinsi Sulawesi Tengah,"DI Yogyakarta, Yogyakarta (Kota)",42953998
1226,Belanja Perjalanan Dinas Biasa,68280000,1,26-Feb,Provinsi Sulawesi Tengah,UPT Proteksi Tanaman Pangan dan Hortikultura,"Sulawesi Tengah, Sigi (Kab.)",42957068
1227,Belanja Perjalanan Dinas Biasa (P5TK),283456000,1,26-Feb,Provinsi Sulawesi Tengah,Dinas Tenaga Kerja dan Transmigrasi Provinsi Sulawesi Tengah,"Sulawesi Tengah, Palu (Kota)",42966305
1228,Belanja Perjalanan Dinas Biasa,663382000,1,26-Feb,Provinsi Sulawesi Tengah,Sekretariat DPRD Provinsi Sulawesi Tengah,"Sulawesi Tengah, Palu (Kota)",42980114
1229,Belanja Perjalanan Dinas Biasa,147112000,1,26-Feb,Provinsi Sulawesi Tengah,Sekretariat DPRD Provinsi Sulawesi Tengah,"Sulawesi Tengah, Palu (Kota)",42984946
1230,Belanja Perjalanan Dinas Biasa Dalam Rangka Pendampingan Serah Terima Bantuan Hibah Alsintan,76408000,1,26-Mar,Provinsi Sulawesi Tengah,Dinas Tanaman Pangan dan Hortikultura Provinsi Sulawesi Tengah,"Sulawesi Tengah, Palu (Kota)",42991525
1231,Belanja Perjalanan Dinas Biasa Dalam Rangka  Pendampingan Penyaluran Bantuan Pupuk Mendukung Produktivitas Tanaman Pangan / Hortikultura,22276000,1,26-Apr,Provinsi Sulawesi Tengah,Dinas Tanaman Pangan dan Hortikultura Provinsi Sulawesi Tengah,"Sulawesi Tengah, Palu (Kota)",42991552
1232,Belanja Perjalanan Dinas Biasa Pada Sub Kegiatan Penatausahaan Barang Milik Daerah,81162000,1,26-May,Provinsi Sulawesi Tengah,Badan Pengelolaan Keuangan dan Aset Daerah Provinsi Sulawesi Tengah,"Sulawesi Tengah, Palu (Kota)",43053109
1233,Belanja Perjalanan Dinas Biasa,108348000,1,26-Feb,Provinsi Sulawesi Tengah,Biro Pemerintahan dan Otonomi Daerah Pada Sekretariat Daerah Provinsi Sulawei Tengah,"DKI Jakarta, Jakarta Pusat (Kota)",43054780
1234,Belanja Perjalanan Dinas Biasa,52774000,1,26-Feb,Provinsi Sulawesi Tengah,Biro Pemerintahan dan Otonomi Daerah Pada Sekretariat Daerah Provinsi Sulawei Tengah,"Sulawesi Tengah, Palu (Kota)",43055002
1235,Belanja Perjalanan Dinas Biasa,33320000,1,26-Apr,Provinsi Sulawesi Tengah,UPT Perlindungan Perempuan dan Anak,"Sulawesi Tengah, Palu (Kota)",43136520
1236,Belanja Perjalanan Dinas Biasa,3760000,1,26-Apr,Provinsi Sulawesi Tengah,UPT Perlindungan Perempuan dan Anak,"Sulawesi Tengah, Palu (Kota)",43136744
1237,Belanja Perjalanan Dinas Biasa,500076000,1,26-Feb,Provinsi Sulawesi Tengah,Dinas Bina Marga dan Penataan Ruang Provinsi Sulawesi Tengah,"Sulawesi Tengah, Palu (Kota)",43117397
1238,Belanja Perjalanan Dinas Biasa,101702000,1,26-Jan,Provinsi Sulawesi Tengah,Badan Kepegawaian Daerah Provinsi Sulawesi Tengah,"Sulawesi Tengah, Palu (Kota)",43172076
1239,Belanja Perjalanan Dinas Biasa,53164000,1,26-Jan,Provinsi Sulawesi Tengah,Badan Kepegawaian Daerah Provinsi Sulawesi Tengah,"Sulawesi Tengah, Palu (Kota)",43172571
1240,Belanja Perjalanan Dinas Biasa,4980000,1,26-Mar,Provinsi Sulawesi Tengah,Cabang Dinas Energi dan Sumber Daya Mineral Wilayah IV,"Sulawesi Tengah, Banggai (Kab.)",43071093
1241,Belanja Perjalanan Dinas Biasa,195560000,1,26-Feb,Provinsi Sulawesi Tengah,Dinas Pangan Provinsi Sulawesi Tengah,"Sulawesi Tengah, Palu (Kota)",43030994
1242,Belanja Perjalanan Dinas Biasa,87966000,1,26-Mar,Provinsi Sulawesi Tengah,Badan Penanggulangan Bencana Daerah Provinsi Tengah,"Sulawesi Tengah, Buol (Kab.) | Sulawesi Tengah, Morowali (Kab.) | Sulawesi Tengah, Dongala (Kab.) | Sulawesi Tengah, Banggai (Kab.) | Sulawesi Tengah, Poso (Kab.)",43031028
1243,Belanja Perjalanan Dinas Biasa,4440000,1,26-Mar,Provinsi Sulawesi Tengah,Cabang Dinas Energi dan Sumber Daya Mineral Wilayah V,"Sulawesi Tengah, Dongala (Kab.) | Sulawesi Tengah, Palu (Kota)",43035919
1244,Belanja Perjalanan Dinas Biasa,377202000,1,26-Feb,Provinsi Sulawesi Tengah,UPT. Pengawasan Ketenagakerjaan Wilayah II,"Sulawesi Tengah, Palu (Kota) | Sulawesi Tengah, Morowali (Kab.) | Sulawesi Tengah, Kabupaten Morowali Utara | Sulawesi Tengah, Poso (Kab.) | Sulawesi Tengah, Tojo Una-Una (Kab.) | Sulawesi Tengah, Banggai (Kab.) | Sulawesi Tengah, Banggai Kepulauan (Kab.) | Sulawesi Tengah, Banggai Laut (Kab.)",43100847
1245,Belanja Perjalanan Dinas Biasa,4500000,1,26-Jan,Provinsi Sulawesi Tengah,Satuan Polisi Pamong Praja Provinsi Sulawesi Tengah,"Sulawesi Tengah, Palu (Kota)",43102849
1246,Belanja Perjalanan Dinas Biasa,3572000,1,26-Mar,Provinsi Sulawesi Tengah,Cabang Dinas Energi dan Sumber Daya Mineral Wilayah II,"Sulawesi Tengah, Poso (Kab.)",43114905
1247,Belanja Perjalanan Dinas Biasa,53850000,1,26-Jan,Provinsi Sulawesi Tengah,Badan Pendapatan Daerah Provinsi Sulawesi Tengah,"Sulawesi Tengah, Palu (Kota)",42997652
1248,Belanja Perjalanan Dinas Biasa,2220000,1,26-Mar,Provinsi Sulawesi Tengah,Dinas Energi dan Sumber Daya Mineral Provinsi Sulawesi Tengah,"Sulawesi Tengah, Sigi (Kab.)",42998695
1249,Belanja Perjalanan Dinas Biasa,186336000,1,26-Mar,Provinsi Sulawesi Tengah,UPT Balai Pelatihan,"Sulawesi Tengah, Palu (Kota)",43006662
1250,Belanja Perjalanan Dinas Biasa,161894000,1,26-Mar,Provinsi Sulawesi Tengah,Dinas Pemberdayaan Perempuan dan Perlindungan Anak Provinsi Sulawesi Tengah,"Sulawesi Tengah, Palu (Kota) | DKI Jakarta, Jakarta Pusat (Kota) | Sulawesi Tengah, Banggai (Kab.)",43017148
1251,Belanja Perjalanan Dinas Biasa,1960000,1,26-Mar,Provinsi Sulawesi Tengah,Cabang Dinas Energi dan Sumber Daya Mineral Wilayah II,"Sulawesi Tengah, Poso (Kab.)",43025912
1252,Belanja Perjalanan Dinas Biasa,1090000,1,26-Mar,Provinsi Sulawesi Tengah,UPT Panti Sosial Anak,"Sulawesi Tengah, Palu (Kota)",43030075
1253,Belanja Perjalanan Dinas Biasa,28133000,1,26-Feb,Provinsi Sulawesi Tengah,UPT Wil. IV Morowali,"Sulawesi Tengah, Morowali (Kab.)",43215448
1254,Belanja Perjalanan Dinas Biasa,1400100000,1,26-Feb,Provinsi Sulawesi Tengah,KDH,"Sulawesi Tengah, Palu (Kota)",43252876
1255,Belanja Perjalanan Dinas Biasa,104236000,1,26-Jan,Provinsi Sulawesi Tengah,Dinas Kependudukan dan Pencatatan Sipil Provinsi Sulawesi Tengah,"Sulawesi Tengah, Palu (Kota)",42791870
1256,Belanja Perjalanan Dinas Biasa (5.05.03.1.01.0001),106470000,1,26-Feb,Provinsi Sulawesi Tengah,Badan Riset dan Inovasi Daerah Provinsi Sulawesi Tengah,"Sulawesi Tengah, Dongala (Kab.) | Sulawesi Tengah, Sigi (Kab.) | Sulawesi Tengah, Parigi Moutong (Kab.) | Sulawesi Tengah, Poso (Kab.) | Sulawesi Tengah, Banggai Kepulauan (Kab.)",42802233
1257,Belanja Perjalanan Dinas Biasa : Pengenalan Galeri Produk IKM Pangan dan Kerajinan Rumah Cokelat Sulteng di Kota Palu,5610000,1,26-Jan,Provinsi Sulawesi Tengah,UPTD Pengembangan Produk Industri Pangan dan Kerajinan (P2IPK),"Sulawesi Tengah, Palu (Kota)",42808573
1258,Belanja Perjalanan Dinas Biasa : Monitoring IKM Pengguna Kemasan Kota Palu,1650000,1,26-Feb,Provinsi Sulawesi Tengah,UPTD Pengembangan Produk Industri Pangan dan Kerajinan (P2IPK),"Sulawesi Tengah, Palu (Kota)",42808591
1259,Belanja Perjalanan Dinas Biasa,3740000,1,26-Jun,Provinsi Sulawesi Tengah,Dinas Kehutanan Provinsi Sulawesi Tengah,"Sulawesi Tengah, Palu (Kota)",42819342
1260,Belanja Perjalanan Dinas Biasa Pada Sub Kegiatan Penyelenggaraan Rapat Koordinasi dan Konsultasi SKPD,227700000,1,26-Mar,Provinsi Sulawesi Tengah,Badan Pengelolaan Keuangan dan Aset Daerah Provinsi Sulawesi Tengah,"Sulawesi Tengah, Palu (Kota)",42821012
1261,Belanja Perjalanan Dinas Biasa,6300000,1,26-Apr,Provinsi Sulawesi Tengah,Dinas Perpustakaan dan Kearsipan Provinsi Sulawesi Tengah,"Sulawesi Tengah, Palu (Kota)",42825877
1262,Belanja Perjalanan Dinas Biasa,163068000,1,26-Apr,Provinsi Sulawesi Tengah,"Dinas Koperasi, Usaha Kecil dan Menengah Provinsi Sulawesi Tengah","Sulawesi Tengah, Palu (Kota)",42830531
1263,Belanja Perjalanan Dinas Biasa,9074000,1,26-Jan,Provinsi Sulawesi Tengah,Badan Perencanaan Pembangunan Daerah Provinsi Sulawesi Tengah,"Sulawesi Tengah, Palu (Kota)",42830938
1264,Belanja Perjalanan Dinas Biasa,15854000,1,26-Jan,Provinsi Sulawesi Tengah,Badan Perencanaan Pembangunan Daerah Provinsi Sulawesi Tengah,"Sulawesi Tengah, Palu (Kota)",42831606
1265,Belanja Perjalanan Dinas Biasa,230734000,1,26-Jan,Provinsi Sulawesi Tengah,Badan Perencanaan Pembangunan Daerah Provinsi Sulawesi Tengah,"Sulawesi Tengah, Palu (Kota)",42834134
1266,Belanja Perjalanan Dinas Biasa,61218000,1,26-Feb,Provinsi Sulawesi Tengah,Dinas Perkebunan dan Peternakan Provinsi Sulawesi Tengah,"Sulawesi Tengah, Palu (Kota)",42834823
1267,Belanja Perjalanan Dinas Biasa - Dalam Rangka Surveilans Reakreditasi Laboratorium Kalibrasi UPTD PSMB di Palu,4755000,1,26-Sep,Provinsi Sulawesi Tengah,UPT Pengujian sertifikasi Mutu Barang (PSMB),"Sulawesi Tengah, Palu (Kota)",42835226
1268,Belanja Perjalanan Dinas Biasa,10550000,1,26-Apr,Provinsi Sulawesi Tengah,Dinas Pangan Provinsi Sulawesi Tengah,"Sulawesi Tengah, Parigi Moutong (Kab.)",42838317
1269,Belanja perjalanan dinas biasa,1500000,1,26-Jan,Provinsi Sulawesi Tengah,Dinas Perpustakaan dan Kearsipan Provinsi Sulawesi Tengah,"Sulawesi Tengah, Palu (Kota)",42839587
1270,Belanja perjalanan dinas biasa,3000000,1,26-Jan,Provinsi Sulawesi Tengah,Dinas Perpustakaan dan Kearsipan Provinsi Sulawesi Tengah,"Sulawesi Tengah, Palu (Kota)",42839589
1271,Belanja Perjalanan Dinas Biasa Pada Sub Kegiatan Rekonsiliasi Data Penerimaan dan Pengeluaran Kas serta Pemungutan dan Pemotongan atas SP2D dengan Instansi Terkait,87072000,1,26-Jan,Provinsi Sulawesi Tengah,Badan Pengelolaan Keuangan dan Aset Daerah Provinsi Sulawesi Tengah,"Sulawesi Tengah, Palu (Kota)",42843015
1272,Belanja Perjalanan Dinas Biasa,3400000,1,26-Apr,Provinsi Sulawesi Tengah,UPTD. Pelabuhan Perikanan dan Kawasan Konservasi Pesisir dan Pulau-Pulau Kecil Wilayah III,"Sulawesi Tengah, Banggai (Kab.)",42859529
1273,Belanja Perjalanan Dinas Biasa,6210000,1,26-Mar,Provinsi Sulawesi Tengah,UPTD. Pelabuhan Perikanan dan Kawasan Konservasi Pesisir dan Pulau-Pulau Kecil Wilayah I,"Sulawesi Tengah, Dongala (Kab.)",42862138
1274,Belanja Perjalanan Dinas Biasa,14300000,1,26-Mar,Provinsi Sulawesi Tengah,UPTD. Balai Perbenihan Perikanan,"Sulawesi Tengah, Parigi Moutong (Kab.) | Sulawesi Tengah, Poso (Kab.)",42869157
1275,Belanja Perjalanan Dinas Biasa,268016000,3,26-Feb,Provinsi Sulawesi Tengah,Dinas Perkebunan dan Peternakan Provinsi Sulawesi Tengah,"Sulawesi Tengah, Palu (Kota)",42882295
1276,[PKTP3 - Sub01] Belanja Perjalanan Dinas Biasa,20016000,1,26-Feb,Provinsi Sulawesi Tengah,Dinas Tenaga Kerja dan Transmigrasi Provinsi Sulawesi Tengah,"Sulawesi Tengah, Poso (Kab.) | DKI Jakarta, Jakarta Pusat (Kota)",42909839
1277,Belanja Perjalanan Dinas Biasa,3330000,1,26-Sep,Provinsi Sulawesi Tengah,"Dinas Komunikasi, Informatika, Persandian dan Statistik Provinsi Sulawesi Tengah","Sulawesi Tengah, Palu (Kota)",42925149
1278,Belanja Perjalanan Dinas Biasa/ Transport Peserta,5624000,1,26-May,Provinsi Sulawesi Tengah,Dinas Sosial Provinsi Sulawesi Tengah,"Sulawesi Tengah, Palu (Kota)",42933114
1279,Belanja Perjalanan Dinas Biasa (Sub Kegiatan Mediasi Penyelesaian Kasus Pertanahan),427614000,1,26-Feb,Provinsi Sulawesi Tengah,"Dinas Perumahan, Kawasan Permukiman dan Pertanahan Provinsi Sulawesi Tengah","Sulawesi Tengah, Banggai (Kab.) | Sulawesi Tengah, Dongala (Kab.) | Sulawesi Tengah, Morowali (Kab.) | Sulawesi Tengah, Kabupaten Morowali Utara | Sulawesi Tengah, Poso (Kab.) | Sulawesi Tengah, Sigi (Kab.) | Sulawesi Tengah, Toli-Toli (Kab.)",42945420
1280,Belanja Perjalanan Dinas Biasa (Akabi),19880000,1,26-Feb,Provinsi Sulawesi Tengah,Dinas Tanaman Pangan dan Hortikultura Provinsi Sulawesi Tengah,"Sulawesi Tengah, Palu (Kota)",42946700
1281,Belanja Perjalanan Dinas Biasa,1616178000,1,26-Feb,Provinsi Sulawesi Tengah,Sekretariat DPRD Provinsi Sulawesi Tengah,"Sulawesi Tengah, Palu (Kota)",42966398
1282,Belanja Perjalanan Dinas Biasa (Biro PBJ),36940000,1,26-Jan,Provinsi Sulawesi Tengah,Biro Pengadaan Barang/ Jasa Pada Sekretariat Daerah Provinsi Sulawesi Tengah,"Sulawesi Tengah, Palu (Kota)",42975005
1283,Belanja Perjalanan Dinas Biasa,49728000,1,26-Feb,Provinsi Sulawesi Tengah,Biro Perekonomian Sekretariat Daerah Sulawesi Tengah,"Sulawesi Tengah, Banggai (Kab.) | Sulawesi Tengah, Buol (Kab.) | Sulawesi Tengah, Morowali (Kab.) | Sulawesi Tengah, Kabupaten Morowali Utara",42744971
1284,Belanja Perjalanan Dinas Biasa,30546000,1,26-Jan,Provinsi Sulawesi Tengah,Biro Organisasi Pada Sekretariat Daerah Provinsi Sulawesi Tengah,"Sulawesi Tengah, Palu (Kota)",42746770
1285,Belanja Perjalanan Dinas Biasa,11068000,1,26-Feb,Provinsi Sulawesi Tengah,Dinas Pengendalian Penduduk dan Keluarga Berencana Provinsi Sulawesi Tengah,"Sulawesi Tengah, Parigi Moutong (Kab.) | Sulawesi Tengah, Dongala (Kab.) | Sulawesi Tengah, Buol (Kab.)",42753768
1286,Belanja Perjalanan Dinas Biasa,67522000,1,26-Jan,Provinsi Sulawesi Tengah,Badan Pendapatan Daerah Provinsi Sulawesi Tengah,"Sulawesi Tengah, Palu (Kota)",42997318
1287,Belanja Perjalanan Dinas Biasa,16020000,1,26-Jan,Provinsi Sulawesi Tengah,Badan Pendapatan Daerah Provinsi Sulawesi Tengah,"Sulawesi Tengah, Palu (Kota)",42997851
1288,Belanja Perjalanan Dinas Biasa,18444000,1,26-Feb,Provinsi Sulawesi Tengah,Dinas Energi dan Sumber Daya Mineral Provinsi Sulawesi Tengah,"Sulawesi Tengah, Banggai (Kab.) | Sulawesi Tengah, Parigi Moutong (Kab.) | DKI Jakarta, Jakarta Pusat (Kota)",42998520
1289,Belanja Perjalanan Dinas Biasa,2280492000,1,26-Feb,Provinsi Sulawesi Tengah,Sekretariat DPRD Provinsi Sulawesi Tengah,"Sulawesi Tengah, Palu (Kota)",42984935
1290,Belanja Perjalanan Dinas Biasa,27500000,1,26-Feb,Provinsi Sulawesi Tengah,Sekretariat DPRD Provinsi Sulawesi Tengah,"Sulawesi Tengah, Palu (Kota)",42985045
1291,Belanja Perjalanan Dinas Biasa,90928000,1,26-Feb,Provinsi Sulawesi Tengah,Sekretariat DPRD Provinsi Sulawesi Tengah,"Sulawesi Tengah, Palu (Kota)",42985055
1292,Belanja Perjalanan Dinas Biasa,51144000,1,26-Jan,Provinsi Sulawesi Tengah,Biro Pemerintahan dan Otonomi Daerah Pada Sekretariat Daerah Provinsi Sulawei Tengah,"Sulawesi Tengah, Palu (Kota)",43056300
1293,Belanja Perjalanan Dinas Biasa,37668000,1,26-Apr,Provinsi Sulawesi Tengah,"Dinas Komunikasi, Informatika, Persandian dan Statistik Provinsi Sulawesi Tengah","Sulawesi Tengah, Palu (Kota)",43060633
1294,Belanja Perjalanan Dinas Biasa,39980000,1,26-Mar,Provinsi Sulawesi Tengah,Cabang Dinas Pendidikan Wilayah III,"Sulawesi Tengah, Poso (Kab.)",43063693
1295,Belanja Perjalanan Dinas Biasa,55900000,1,26-Feb,Provinsi Sulawesi Tengah,UPT. Pengawasan Ketenagakerjaan Wilayah II,"Sulawesi Tengah, Palu (Kota) | Sulawesi Tengah, Kabupaten Morowali Utara | Sulawesi Tengah, Poso (Kab.) | Sulawesi Tengah, Tojo Una-Una (Kab.) | Sulawesi Tengah, Banggai (Kab.) | Sulawesi Tengah, Banggai Kepulauan (Kab.) | Sulawesi Tengah, Banggai Laut (Kab.)",43101012
1296,Belanja Perjalanan Dinas Biasa,24940000,1,26-Jan,Provinsi Sulawesi Tengah,Dinas Pendidikan Daerah Provinsi Sulawesi Tengah,"Sulawesi Tengah, Palu (Kota)",43101227
1297,Belanja Perjalanan Dinas Biasa,50180000,1,26-Apr,Provinsi Sulawesi Tengah,Cabang Dinas Pendidikan Wilayah V,"Sulawesi Tengah, Banggai (Kab.)",43090725
1298,Belanja Perjalanan Dinas Biasa,150300000,1,26-Jan,Provinsi Sulawesi Tengah,Badan Pendapatan Daerah Provinsi Sulawesi Tengah,"Sulawesi Tengah, Palu (Kota)",43092548
1299,Belanja Perjalanan Dinas Biasa,81568000,1,26-Jan,Provinsi Sulawesi Tengah,Badan Kepegawaian Daerah Provinsi Sulawesi Tengah,"Sulawesi Tengah, Palu (Kota)",43172268
1300,Belanja Perjalanan Dinas Biasa,3000000,1,26-Mar,Provinsi Sulawesi Tengah,Dinas Pemberdayaan Perempuan dan Perlindungan Anak Provinsi Sulawesi Tengah,"Sulawesi Tengah, Palu (Kota)",43018454
1301,Belanja Perjalanan Dinas Biasa,51850000,1,26-Feb,Provinsi Sulawesi Tengah,Dinas Pemberdayaan Perempuan dan Perlindungan Anak Provinsi Sulawesi Tengah,"Sulawesi Tengah, Palu (Kota)",43025498
1302,Belanja Perjalanan Dinas Biasa,29934000,1,26-Feb,Provinsi Sulawesi Tengah,UPT Panti Sosial Rehabilitasi Sosial Penyandang Disabilitas,"Sulawesi Tengah, Palu (Kota)",43030366
1303,Belanja Perjalanan Dinas Biasa,4701000,1,26-Apr,Provinsi Sulawesi Tengah,Dinas Perkebunan dan Peternakan Provinsi Sulawesi Tengah,"Sulawesi Tengah, Palu (Kota)",43033443
1304,Belanja Perjalanan Dinas Biasa,12990000,1,26-Jan,Provinsi Sulawesi Tengah,Dinas Tenaga Kerja dan Transmigrasi Provinsi Sulawesi Tengah,"Sulawesi Tengah, Morowali (Kab.) | Sulawesi Tengah, Poso (Kab.)",43034368
1305,Belanja Perjalanan Dinas Biasa,890000,1,26-Jun,Provinsi Sulawesi Tengah,Cabang Dinas Energi dan Sumber Daya Mineral Wilayah V,"Sulawesi Tengah, Palu (Kota) | Sulawesi Tengah, Sigi (Kab.) | Sulawesi Tengah, Dongala (Kab.)",43035907
1306,Belanja Perjalanan Dinas Biasa,51144000,1,26-Jan,Provinsi Sulawesi Tengah,Biro Pemerintahan dan Otonomi Daerah Pada Sekretariat Daerah Provinsi Sulawei Tengah,"Sulawesi Tengah, Palu (Kota)",43056300
1307,Belanja Perjalanan Dinas Biasa,37668000,1,26-Apr,Provinsi Sulawesi Tengah,"Dinas Komunikasi, Informatika, Persandian dan Statistik Provinsi Sulawesi Tengah","Sulawesi Tengah, Palu (Kota)",43060633
1308,Belanja Perjalanan Dinas Biasa,39980000,1,26-Mar,Provinsi Sulawesi Tengah,Cabang Dinas Pendidikan Wilayah III,"Sulawesi Tengah, Poso (Kab.)",43063693
1309,Belanja Perjalanan Dinas Biasa,145494000,1,26-May,Provinsi Sulawesi Tengah,Dinas Tanaman Pangan dan Hortikultura Provinsi Sulawesi Tengah,"Gorontalo, Gorontalo (Kota)",43072788
1310,Belanja Perjalanan Dinas Biasa,33276000,1,26-Mar,Provinsi Sulawesi Tengah,Dinas Pendidikan Daerah Provinsi Sulawesi Tengah,"Sulawesi Tengah, Palu (Kota)",43075761
1311,Belanja Perjalanan Dinas Biasa,50180000,1,26-Apr,Provinsi Sulawesi Tengah,Cabang Dinas Pendidikan Wilayah V,"Sulawesi Tengah, Banggai (Kab.)",43090725
1312,Belanja Perjalanan Dinas Biasa,150300000,1,26-Jan,Provinsi Sulawesi Tengah,Badan Pendapatan Daerah Provinsi Sulawesi Tengah,"Sulawesi Tengah, Palu (Kota)",43092548
1313,Belanja Perjalanan Dinas Biasa,55900000,1,26-Feb,Provinsi Sulawesi Tengah,UPT. Pengawasan Ketenagakerjaan Wilayah II,"Sulawesi Tengah, Palu (Kota) | Sulawesi Tengah, Kabupaten Morowali Utara | Sulawesi Tengah, Poso (Kab.) | Sulawesi Tengah, Tojo Una-Una (Kab.) | Sulawesi Tengah, Banggai (Kab.) | Sulawesi Tengah, Banggai Kepulauan (Kab.) | Sulawesi Tengah, Banggai Laut (Kab.)",43101012
1314,Belanja Perjalanan Dinas Biasa,24940000,1,26-Jan,Provinsi Sulawesi Tengah,Dinas Pendidikan Daerah Provinsi Sulawesi Tengah,"Sulawesi Tengah, Palu (Kota)",43101227
1315,Belanja Perjalanan Dinas Biasa,81568000,1,26-Jan,Provinsi Sulawesi Tengah,Badan Kepegawaian Daerah Provinsi Sulawesi Tengah,"Sulawesi Tengah, Palu (Kota)",43172268
1316,Belanja Perjalanan Dinas Biasa,18540000,1,26-Jan,Provinsi Sulawesi Tengah,UPT Pusat Pelayanan Keselamatan Terpadu,"Sulawesi Tengah, Palu (Kota)",43214611
1317,Belanja Perjalanan Dinas Biasa,80450000,1,26-Mar,Provinsi Sulawesi Tengah,Dinas Pemberdayaan Perempuan dan Perlindungan Anak Provinsi Sulawesi Tengah,"Sulawesi Tengah, Toli-Toli (Kab.)",43214763
1318,Belanja Perjalanan Dinas Biasa,78988000,1,26-Jan,Provinsi Sulawesi Tengah,UPT Pusat Pelayanan Keselamatan Terpadu,"Sulawesi Tengah, Palu (Kota)",43231555
1319,Belanja Perjalanan Dinas Biasa,120000000,1,26-Apr,Provinsi Sulawesi Tengah,Dinas Bina Marga dan Penataan Ruang Provinsi Sulawesi Tengah,"Sulawesi Tengah, Buol (Kab.) | Sulawesi Tengah, Poso (Kab.) | Sulawesi Tengah, Parigi Moutong (Kab.) | Sulawesi Tengah, Kabupaten Morowali Utara | Sulawesi Tengah, Morowali (Kab.) | Sulawesi Tengah, Dongala (Kab.) | Sulawesi Tengah, Sigi (Kab.)",43258838
1320,Belanja Perjalanan Dinas Biasa Biaya Uang Harian,9250000,1,26-Apr,Provinsi Sulawesi Tengah,Dinas Kebudayaan Daerah Provinsi Sulawesi Tengah,"Sulawesi Tengah, Poso (Kab.) | Sulawesi Tengah, Parigi Moutong (Kab.)",43425097
1321,Belanja Perjalanan Dinas Biasa,15060000,1,26-Jan,Provinsi Sulawesi Tengah,Biro Organisasi Pada Sekretariat Daerah Provinsi Sulawesi Tengah,"Sulawesi Tengah, Palu (Kota)",42746684
1322,Belanja Perjalanan Dinas Biasa,242744000,2,26-Jun,Provinsi Sulawesi Tengah,"Dinas Koperasi, Usaha Kecil dan Menengah Provinsi Sulawesi Tengah","Sulawesi Tengah, Palu (Kota)",42757020
1323,Belanja Perjalanan Dinas Biasa,102176000,1,26-Feb,Provinsi Sulawesi Tengah,"Dinas Koperasi, Usaha Kecil dan Menengah Provinsi Sulawesi Tengah","Sulawesi Tengah, Palu (Kota)",42757056
1324,Belanja Perjalanan Dinas Biasa,24180000,1,26-Apr,Provinsi Sulawesi Tengah,Dinas Kependudukan dan Pencatatan Sipil Provinsi Sulawesi Tengah,"Sulawesi Tengah, Palu (Kota)",42792085
1325,Belanja Perjalanan Dinas Biasa,67950000,1,26-Jan,Provinsi Sulawesi Tengah,Inspektorat Daerah Provinsi Sulawesi Tengah,"Sulawesi Tengah, Palu (Kota)",42808178
1326,Belanja Perjalanan Dinas Biasa,18900000,1,26-Jan,Provinsi Sulawesi Tengah,Inspektorat Daerah Provinsi Sulawesi Tengah,"Sulawesi Tengah, Palu (Kota)",42808243
1327,Belanja Perjalanan Dinas Biasa,310246000,1,26-Feb,Provinsi Sulawesi Tengah,"Dinas Koperasi, Usaha Kecil dan Menengah Provinsi Sulawesi Tengah","Sulawesi Tengah, Palu (Kota)",42819582
1328,Belanja Perjalanan Dinas Biasa,10048000,1,26-Apr,Provinsi Sulawesi Tengah,Dinas Penanaman Modal dan Pelayanan Terpadu Satu Pintu Provinsi Sulawesi Tengah,"Sulawesi Tengah, Parigi Moutong (Kab.)",42823788
1329,Belanja Perjalanan Dinas Biasa,48880000,1,26-Apr,Provinsi Sulawesi Tengah,Dinas Penanaman Modal dan Pelayanan Terpadu Satu Pintu Provinsi Sulawesi Tengah,"Sulawesi Tengah, Morowali (Kab.) | Sulawesi Tengah, Toli-Toli (Kab.) | Sulawesi Tengah, Parigi Moutong (Kab.) | DKI Jakarta, Jakarta Pusat (Kota)",42823837
1330,Belanja perjalanan dinas biasa,11000000,1,26-Oct,Provinsi Sulawesi Tengah,Dinas Perpustakaan dan Kearsipan Provinsi Sulawesi Tengah,"Sulawesi Tengah, Palu (Kota)",42839649
1331,Belanja perjalanan dinas biasa,2220000,1,26-Jul,Provinsi Sulawesi Tengah,Dinas Perpustakaan dan Kearsipan Provinsi Sulawesi Tengah,"Sulawesi Tengah, Sigi (Kab.)",42839656
1332,Belanja Perjalanan Dinas Biasa,30400000,1,26-Apr,Provinsi Sulawesi Tengah,Dinas Pangan Provinsi Sulawesi Tengah,"Sulawesi Tengah, Banggai Laut (Kab.)",42841506
1333,Belanja Perjalanan Dinas Biasa (sub keg. penyusunan dokumen perencanaan perangkat daerah),4250000,1,26-Jan,Provinsi Sulawesi Tengah,Dinas Perindustrian dan Perdagangan Provinsi Sulawesi Tengah,"Sulawesi Tengah, Morowali (Kab.)",42842637
1334,Belanja Perjalanan Dinas Biasa,17520000,1,26-Jan,Provinsi Sulawesi Tengah,Dinas Kelautan dan Perikanan Provinsi Sulawesi Tengah,"Sulawesi Tengah, Palu (Kota) | Sulawesi Tengah, Buol (Kab.) | Sulawesi Tengah, Morowali (Kab.) | Sulawesi Tengah, Parigi Moutong (Kab.) | Sulawesi Tengah, Poso (Kab.)",42868887
1335,Belanja Perjalanan Dinas Biasa,37092000,1,26-Mar,Provinsi Sulawesi Tengah,Dinas Kelautan dan Perikanan Provinsi Sulawesi Tengah,"Sulawesi Tengah, Buol (Kab.) | Sulawesi Tengah, Poso (Kab.) | Sulawesi Tengah, Parigi Moutong (Kab.) | Sulawesi Tengah, Morowali (Kab.) | Sulawesi Tengah, Kabupaten Morowali Utara | Sulawesi Tengah, Banggai (Kab.) | Sulawesi Tengah, Dongala (Kab.)",42868932
1336,[PKTP3 - Sub16] Belanja Perjalanan Dinas Biasa,3720000,1,26-Oct,Provinsi Sulawesi Tengah,Dinas Tenaga Kerja dan Transmigrasi Provinsi Sulawesi Tengah,"Sulawesi Tengah, Poso (Kab.)",42884168
1337,[PKTP3 - Sub07] Belanja Perjalanan Dinas Biasa,3720000,1,26-Oct,Provinsi Sulawesi Tengah,Dinas Tenaga Kerja dan Transmigrasi Provinsi Sulawesi Tengah,"Sulawesi Tengah, Poso (Kab.)",42898165
1338,Belanja Perjalanan Dinas Biasa Kegiatan Penatausahaan Pencadangan Tanah Untuk Kawasan Transmigrasi,20406000,1,26-Jan,Provinsi Sulawesi Tengah,Dinas Tenaga Kerja dan Transmigrasi Provinsi Sulawesi Tengah,"DKI Jakarta, Jakarta Pusat (Kota)",42898525
1339,Belanja Perjalanan Dinas Biasa Pada Sub Kegiatan Analisis Perencanaan dan Penyaluran Bantuan Keuangan,99532000,1,26-Mar,Provinsi Sulawesi Tengah,Badan Pengelolaan Keuangan dan Aset Daerah Provinsi Sulawesi Tengah,"Sulawesi Tengah, Palu (Kota)",42916315
1340,Belanja Perjalanan Dinas Biasa,2220000,1,26-Oct,Provinsi Sulawesi Tengah,Dinas Perindustrian dan Perdagangan Provinsi Sulawesi Tengah,"Sulawesi Tengah, Poso (Kab.)",42927180
1341,Belanja Perjalanan Dinas Biasa,6120000,1,26-Mar,Provinsi Sulawesi Tengah,Dinas Sosial Provinsi Sulawesi Tengah,"Sulawesi Tengah, Morowali (Kab.) | Sulawesi Tengah, Dongala (Kab.)",42933088
1342,Belanja Perjalanan Dinas Biasa,74000000,1,26-Jan,Provinsi Sulawesi Tengah,UPT Wil. II Parigi Moutong,"Sulawesi Tengah, Parigi Moutong (Kab.)",42940657
1343,Belanja Perjalanan Dinas Biasa,14250000,1,26-Feb,Provinsi Sulawesi Tengah,Dinas Sosial Provinsi Sulawesi Tengah,"Sulawesi Tengah, Banggai (Kab.)",42942867
1344,Belanja Perjalanan Dinas Biasa,7210000,1,26-Mar,Provinsi Sulawesi Tengah,Dinas Perindustrian dan Perdagangan Provinsi Sulawesi Tengah,"Sulawesi Tengah, Palu (Kota)",42944696
1345,Belanja Perjalanan Dinas Biasa,47000000,1,26-Mar,Provinsi Sulawesi Tengah,Dinas Tanaman Pangan dan Hortikultura Provinsi Sulawesi Tengah,"Sulawesi Tengah, Palu (Kota)",42944803
1346,Belanja Perjalanan Dinas Biasa,63900000,1,26-Jan,Provinsi Sulawesi Tengah,UPT Wil. VIII Buol,"Sulawesi Tengah, Buol (Kab.)",42949080
1347,Belanja Perjalanan Dinas Biasa,144250000,1,26-Jan,Provinsi Sulawesi Tengah,UPT Wil. VIII Buol,"Sulawesi Tengah, Buol (Kab.)",42949119
1348,Belanja Perjalanan Dinas Biasa,100430000,1,26-Feb,Provinsi Sulawesi Tengah,"Dinas Perumahan, Kawasan Permukiman dan Pertanahan Provinsi Sulawesi Tengah","Sulawesi Tengah, Sigi (Kab.) | Sulawesi Tengah, Dongala (Kab.)",42959268
1349,Belanja Perjalanan Dinas Biasa,1070650000,1,26-Feb,Provinsi Sulawesi Tengah,Sekretariat DPRD Provinsi Sulawesi Tengah,"Sulawesi Tengah, Palu (Kota)",42966466
1350,Belanja Perjalanan Dinas Biasa,1135742000,1,26-Feb,Provinsi Sulawesi Tengah,Sekretariat DPRD Provinsi Sulawesi Tengah,"Sulawesi Tengah, Palu (Kota)",42966487
1351,Belanja Perjalanan Dinas Biasa,1138372000,1,26-Feb,Provinsi Sulawesi Tengah,Sekretariat DPRD Provinsi Sulawesi Tengah,"Sulawesi Tengah, Palu (Kota)",42966501
1352,Belanja Perjalanan Dinas Biasa,49358000,1,26-Mar,Provinsi Sulawesi Tengah,UPT Pengawasan Mutu dan Sertifikasi Benih Tanaman Pangan dan Hortikultura,"Sulawesi Tengah, Sigi (Kab.)",42979157
1353,Belanja Perjalanan Dinas Biasa,2091240000,1,26-Feb,Provinsi Sulawesi Tengah,Sekretariat DPRD Provinsi Sulawesi Tengah,"Sulawesi Tengah, Palu (Kota)",42985066
1354,Belanja Perjalanan Dinas Biasa Dalam Rangka Verifikasi CPCL Penerima Bantuan Alat dan Mesin Pertanian,76408000,1,26-Mar,Provinsi Sulawesi Tengah,Dinas Tanaman Pangan dan Hortikultura Provinsi Sulawesi Tengah,"Sulawesi Tengah, Palu (Kota)",42991538
1355,Belanja Perjalanan Dinas Biasa Dalam Rangka Verifikasi dan Validasi CPCL Penerima Bantuan Pupuk Mendukung Peningkatan Produktivitas Tanaman Pangan / Hortikultura,22276000,1,26-Feb,Provinsi Sulawesi Tengah,Dinas Tanaman Pangan dan Hortikultura Provinsi Sulawesi Tengah,"Sulawesi Tengah, Palu (Kota)",42991555
1356,Belanja Perjalanan Dinas Biasa Dalam Rangka Pengawalan Pemanfaatan Brigade Alat dan Mesin Pertanian,61500000,1,26-Mar,Provinsi Sulawesi Tengah,Dinas Tanaman Pangan dan Hortikultura Provinsi Sulawesi Tengah,"Sulawesi Tengah, Palu (Kota)",42991563
1357,Belanja Perjalanan Dinas Biasa,6080000,1,26-Apr,Provinsi Sulawesi Tengah,Dinas Bina Marga dan Penataan Ruang Provinsi Sulawesi Tengah,"Sulawesi Tengah, Palu (Kota)",43003283
1358,Belanja Perjalanan Dinas Biasa,24310000,1,26-Apr,Provinsi Sulawesi Tengah,Dinas Perkebunan dan Peternakan Provinsi Sulawesi Tengah,"Sulawesi Tengah, Palu (Kota)",43015857
1359,Belanja Perjalanan Dinas Biasa,17583000,1,26-Jan,Provinsi Sulawesi Tengah,UPT XII. Morowali Utara,"Sulawesi Tengah, Kabupaten Morowali Utara",43020909
1360,Belanja Perjalanan Dinas Biasa,4440000,1,26-Apr,Provinsi Sulawesi Tengah,Dinas Energi dan Sumber Daya Mineral Provinsi Sulawesi Tengah,"Sulawesi Tengah, Dongala (Kab.)",43025392
1361,Belanja Perjalanan Dinas Biasa,471948000,1,26-Feb,Provinsi Sulawesi Tengah,Dinas Energi dan Sumber Daya Mineral Provinsi Sulawesi Tengah,"Sulawesi Tengah, Dongala (Kab.) | Sulawesi Tengah, Poso (Kab.) | Sulawesi Tengah, Morowali (Kab.) | Sulawesi Tengah, Kabupaten Morowali Utara | Sulawesi Tengah, Banggai (Kab.) | DKI Jakarta, Jakarta Pusat (Kota)",43025468
1362,Belanja Perjalanan Dinas Biasa,178736000,1,26-Jan,Provinsi Sulawesi Tengah,"Dinas Komunikasi, Informatika, Persandian dan Statistik Provinsi Sulawesi Tengah","Sulawesi Tengah, Palu (Kota)",43025746
1363,Belanja Perjalanan Dinas Biasa,2560000,1,26-Mar,Provinsi Sulawesi Tengah,Cabang Dinas Energi dan Sumber Daya Mineral Wilayah II,"Sulawesi Tengah, Poso (Kab.)",43026073
1364,Belanja Perjalanan Dinas Biasa,43514000,1,26-Mar,Provinsi Sulawesi Tengah,Dinas Pemuda dan Olah Raga Provinsi Sulawesi Tengah,"Sulawesi Tengah, Parigi Moutong (Kab.) | Sulawesi Tengah, Poso (Kab.) | Sulawesi Tengah, Toli-Toli (Kab.) | Sulawesi Tengah, Morowali (Kab.)",43030135
1365,Belanja Perjalanan Dinas Biasa,35248000,1,26-Apr,Provinsi Sulawesi Tengah,"Dinas Komunikasi, Informatika, Persandian dan Statistik Provinsi Sulawesi Tengah","Sulawesi Tengah, Palu (Kota)",43034189
1366,Belanja Perjalanan Dinas Biasa,223572000,1,26-Jan,Provinsi Sulawesi Tengah,Badan Pendapatan Daerah Provinsi Sulawesi Tengah,"Sulawesi Tengah, Palu (Kota)",43046518
1367,"Belanja Perjalanan Dinas Biasa Pada Sub Kegiatan Konsolidasi Laporan Keuangan SKPD, BLUD dan Laporan Keuangan Pemerintah Daerah",123196000,1,26-May,Provinsi Sulawesi Tengah,Badan Pengelolaan Keuangan dan Aset Daerah Provinsi Sulawesi Tengah,"Sulawesi Tengah, Palu (Kota)",43048266
1368,"Belanja Perjalanan Dinas Biasa Dalam Rangka MMC 0, PHO Monitoring (Sub Kegiatan Perencanaan Penyediaan PSU Permukiman)",497278000,1,26-Apr,Provinsi Sulawesi Tengah,"Dinas Perumahan, Kawasan Permukiman dan Pertanahan Provinsi Sulawesi Tengah","Sulawesi Tengah, Lainnya",43050452
1369,Belanja Perjalanan Dinas Biasa,58904000,2,26-Mar,Provinsi Sulawesi Tengah,UPTD Pengawasan dan Sertifikasi Mutu dan Keamanan Pangan,"Sulawesi Tengah, Palu (Kota) | Sulawesi Tengah, Palu (Kota) | DKI Jakarta, Jakarta Pusat (Kota) | Sulawesi Tengah, Dongala (Kab.) | Sulawesi Tengah, Parigi Moutong (Kab.) | Sulawesi Tengah, Tojo Una-Una (Kab.)",43055027
1370,Belanja Perjalanan Dinas Biasa,78650000,1,26-Feb,Provinsi Sulawesi Tengah,Dinas Pemberdayaan Perempuan dan Perlindungan Anak Provinsi Sulawesi Tengah,"Sulawesi Tengah, Palu (Kota)",43057537
1371,"Belanja Perjalanan Dinas Biasa Pada Sub Optimalisasi Penggunaan, Pemanfaatan, Pemindahtanganan, Pemusnahan, dan Penghapusan Barang Milik Daerah",178358000,1,26-May,Provinsi Sulawesi Tengah,Badan Pengelolaan Keuangan dan Aset Daerah Provinsi Sulawesi Tengah,"Sulawesi Tengah, Palu (Kota)",43057684
1372,Belanja Perjalanan Dinas Biasa,51410000,1,26-Mar,Provinsi Sulawesi Tengah,Dinas Pengendalian Penduduk dan Keluarga Berencana Provinsi Sulawesi Tengah,"Sulawesi Tengah, Parigi Moutong (Kab.) | Sulawesi Tengah, Dongala (Kab.) | Sulawesi Tengah, Sigi (Kab.)",43068731
1373,Belanja Perjalanan Dinas Biasa,67210000,1,26-Mar,Provinsi Sulawesi Tengah,Dinas Pendidikan Daerah Provinsi Sulawesi Tengah,"Sulawesi Tengah, Palu (Kota)",43090689
1374,Belanja Perjalanan Dinas Biasa,10500000,1,26-Jan,Provinsi Sulawesi Tengah,Satuan Polisi Pamong Praja Provinsi Sulawesi Tengah,"Sulawesi Tengah, Palu (Kota)",43097492
1375,Belanja Perjalanan Dinas Biasa,96000000,1,26-Jan,Provinsi Sulawesi Tengah,UPT Wil. VI Banggai Kepulauan,"Sulawesi Tengah, Banggai Kepulauan (Kab.)",43143497
1376,Belanja Perjalanan Dinas Biasa,49950000,1,26-Feb,Provinsi Sulawesi Tengah,UPT Wil. IX Tojo Una-Una,"Sulawesi Tengah, Tojo Una-Una (Kab.)",43143728
1377,Belanja Perjalanan Dinas Biasa,39524000,1,26-Jan,Provinsi Sulawesi Tengah,Badan Kepegawaian Daerah Provinsi Sulawesi Tengah,"Sulawesi Tengah, Palu (Kota)",43172219
1378,Belanja Perjalanan Dinas Biasa,51124000,1,26-Jan,Provinsi Sulawesi Tengah,Badan Kepegawaian Daerah Provinsi Sulawesi Tengah,"Sulawesi Tengah, Palu (Kota)",43172232
1379,Belanja Perjalanan Dinas Biasa,139196000,1,26-Mar,Provinsi Sulawesi Tengah,Dinas Cipta Karya dan Sumberdaya Air,"Sulawesi Tengah, Palu (Kota)",43173389
1380,Belanja Perjalanan Dinas Biasa,113148000,1,26-Jan,Provinsi Sulawesi Tengah,Biro Organisasi Pada Sekretariat Daerah Provinsi Sulawesi Tengah,"Sulawesi Tengah, Palu (Kota)",43138647
1381,Belanja Perjalanan Dinas Biasa,64252000,1,26-Mar,Provinsi Sulawesi Tengah,UPT Perlindungan Perempuan dan Anak,"Sulawesi Tengah, Palu (Kota)",43141627
1382,Belanja Perjalanan Dinas Biasa,197248000,1,26-Apr,Provinsi Sulawesi Tengah,Dinas Kehutanan Provinsi Sulawesi Tengah,"Sulawesi Tengah, Palu (Kota)",43142332
1383,Belanja Perjalanan Dinas Biasa,94193555,1,26-Jan,Provinsi Sulawesi Tengah,UPT Wil. VI Banggai Kepulauan,"Sulawesi Tengah, Banggai Kepulauan (Kab.)",43143471
1384,Belanja Perjalanan Dinas Biasa,71170000,1,22-Feb,Provinsi Sulawesi Tengah,Dinas Perindustrian dan Perdagangan Provinsi Sulawesi Tengah,"Sulawesi Tengah, Parigi Moutong (Kab.) | Sulawesi Tengah, Toli-Toli (Kab.) | Sulawesi Tengah, Banggai (Kab.) | Sulawesi Tengah, Morowali (Kab.) | Sulawesi Tengah, Sigi (Kab.) | Sulawesi Tengah, Dongala (Kab.)",43118378
1385,Belanja Perjalanan Dinas Biasa,88255000,1,26-Mar,Provinsi Sulawesi Tengah,Dinas Pemberdayaan Perempuan dan Perlindungan Anak Provinsi Sulawesi Tengah,"Sulawesi Tengah, Palu (Kota) | Sulawesi Tengah, Banggai (Kab.) | Sulawesi Tengah, Toli-Toli (Kab.)",43119691
1386,Belanja Perjalanan Dinas Biasa Pada Sub Kegiatan Pengawasan dan Pengendalian Pengelolaan Barang Milik Daerah,31382000,1,26-May,Provinsi Sulawesi Tengah,Badan Pengelolaan Keuangan dan Aset Daerah Provinsi Sulawesi Tengah,"Sulawesi Tengah, Palu (Kota)",43056049
1387,Belanja Perjalanan Dinas Biasa,2220000,1,26-Mar,Provinsi Sulawesi Tengah,Dinas Tenaga Kerja dan Transmigrasi Provinsi Sulawesi Tengah,"Sulawesi Tengah, Palu (Kota)",43106151
1388,Belanja Perjalanan Dinas Biasa,10596000,1,26-Jan,Provinsi Sulawesi Tengah,Biro Organisasi Pada Sekretariat Daerah Provinsi Sulawesi Tengah,"Sulawesi Tengah, Palu (Kota)",42747013
1389,Belanja Perjalanan Dinas Biasa,16440000,1,26-Apr,Provinsi Sulawesi Tengah,"Dinas Koperasi, Usaha Kecil dan Menengah Provinsi Sulawesi Tengah","Sulawesi Tengah, Palu (Kota)",42757030
1390,Belanja Perjalanan Dinas Biasa,45000000,1,26-Mar,Provinsi Sulawesi Tengah,Dinas Perhubungan Provinsi Sulawesi Tengah,"Sulawesi Tengah, Palu (Kota)",42758004
1391,Belanja Perjalanan Dinas Biasa (5.05.01.1.02.0005),9800000,1,26-Jul,Provinsi Sulawesi Tengah,Badan Riset dan Inovasi Daerah Provinsi Sulawesi Tengah,"Sulawesi Tengah, Palu (Kota)",42782508
1392,Belanja Perjalanan Dinas Biasa,16640000,1,26-Mar,Provinsi Sulawesi Tengah,Dinas Perpustakaan dan Kearsipan Provinsi Sulawesi Tengah,"Sulawesi Tengah, Palu (Kota)",42802231
1393,Belanja Perjalanan Dinas Biasa,9600000,1,26-Jan,Provinsi Sulawesi Tengah,Inspektorat Daerah Provinsi Sulawesi Tengah,"Sulawesi Tengah, Palu (Kota)",42808181
1394,Belanja Perjalanan Dinas Biasa : Pengurus Dekranasda dalam Rangka Kriya Nusa/ Koordinasi Dekranas/Studi Teknis Jakarta Kota Lainnya di Indonesia,24180000,1,26-Sep,Provinsi Sulawesi Tengah,UPTD Pengembangan Produk Industri Pangan dan Kerajinan (P2IPK),"DKI Jakarta, Jakarta Pusat (Kota)",42808599
1395,Belanja Perjalanan Dinas Biasa Pada Sub Kegiatan Pembinaan Perencanaan Penganggaran Daerah Pemerintah Provinsi,252626000,1,26-Jan,Provinsi Sulawesi Tengah,Badan Pengelolaan Keuangan dan Aset Daerah Provinsi Sulawesi Tengah,"Sulawesi Tengah, Palu (Kota)",42818671
1396,Belanja Perjalanan Dinas Biasa Pada Sub Kegiatan Evaluasi Kinerja Perangkat Daerah,114522000,1,26-Mar,Provinsi Sulawesi Tengah,Badan Pengelolaan Keuangan dan Aset Daerah Provinsi Sulawesi Tengah,"Sulawesi Tengah, Palu (Kota)",42820342
1397,Belanja Perjalanan Dinas Biasa,67500000,1,26-Apr,Provinsi Sulawesi Tengah,Dinas Penanaman Modal dan Pelayanan Terpadu Satu Pintu Provinsi Sulawesi Tengah,"DKI Jakarta, Jakarta Pusat (Kota) | Sulawesi Tengah, Morowali (Kab.) | Sulawesi Tengah, Kabupaten Morowali Utara",42823857
1398,Belanja Perjalanan Dinas Biasa,6210000,1,26-Jun,Provinsi Sulawesi Tengah,Dinas Cipta Karya dan Sumberdaya Air,"Sulawesi Tengah, Dongala (Kab.)",42830484
1399,Belanja Perjalanan Dinas Biasa,12090000,1,26-Jan,Provinsi Sulawesi Tengah,Badan Perencanaan Pembangunan Daerah Provinsi Sulawesi Tengah,"Sulawesi Tengah, Palu (Kota)",42830786
1400,Belanja Perjalanan Dinas Biasa,46932000,1,26-Jan,Provinsi Sulawesi Tengah,Badan Perencanaan Pembangunan Daerah Provinsi Sulawesi Tengah,"Sulawesi Tengah, Palu (Kota)",42830799
1401,Belanja Perjalanan Dinas Biasa,8140000,1,26-Sep,Provinsi Sulawesi Tengah,UPT KPH Dolago Tanggunung,"Sulawesi Tengah, Parigi Moutong (Kab.)",42832375
1402,Belanja Perjalanan Dinas Biasa,90454000,1,26-Jan,Provinsi Sulawesi Tengah,UPTD Proteksi Tanaman Perkebunan,"Sulawesi Tengah, Palu (Kota)",42834102
1403,Belanja perjalanan dinas biasa,1200000,1,26-Jul,Provinsi Sulawesi Tengah,Dinas Perpustakaan dan Kearsipan Provinsi Sulawesi Tengah,"Sulawesi Tengah, Poso (Kab.)",42839655
1404,Belanja perjalanan dinas biasa,2400000,1,26-Jul,Provinsi Sulawesi Tengah,Dinas Perpustakaan dan Kearsipan Provinsi Sulawesi Tengah,"Sulawesi Tengah, Morowali (Kab.)",42839658
1405,Belanja perjalanan dinas biasa,1200000,1,26-Jul,Provinsi Sulawesi Tengah,Dinas Perpustakaan dan Kearsipan Provinsi Sulawesi Tengah,"Sulawesi Tengah, Morowali (Kab.)",42839660
1406,Belanja perjalanan dinas biasa,5550000,1,26-Jul,Provinsi Sulawesi Tengah,Dinas Perpustakaan dan Kearsipan Provinsi Sulawesi Tengah,"Sulawesi Tengah, Morowali (Kab.)",42839661
1407,Belanja Perjalanan Dinas Biasa,15910000,1,26-Feb,Provinsi Sulawesi Tengah,Dinas Perkebunan dan Peternakan Provinsi Sulawesi Tengah,"Sulawesi Tengah, Dongala (Kab.)",42855553
1408,Belanja Perjalanan Dinas Biasa,16010000,1,26-Jan,Provinsi Sulawesi Tengah,UPTD. Pelabuhan Perikanan dan Kawasan Konservasi Pesisir dan Pulau-Pulau Kecil Wilayah VII,"Sulawesi Tengah, Morowali (Kab.)",42858014
1409,Belanja Perjalanan Dinas Biasa,14016000,1,26-May,Provinsi Sulawesi Tengah,Dinas Perindustrian dan Perdagangan Provinsi Sulawesi Tengah,"Sulawesi Tengah, Palu (Kota)",42861766
1410,Belanja Perjalanan Dinas Biasa,74234000,1,26-Feb,Provinsi Sulawesi Tengah,Dinas Kelautan dan Perikanan Provinsi Sulawesi Tengah,"Sulawesi Tengah, Palu (Kota)",42865387
1411,Belanja Perjalanan Dinas Biasa,2400000,1,26-Nov,Provinsi Sulawesi Tengah,UPTD. Penerapan Mutu Hasil Perikanan,"Sulawesi Tengah, Palu (Kota)",42865624
1412,Belanja Perjalanan Dinas Biasa,13980000,1,26-Apr,Provinsi Sulawesi Tengah,Dinas Perindustrian dan Perdagangan Provinsi Sulawesi Tengah,"Sulawesi Tengah, Banggai (Kab.)",42884085
1413,Belanja Perjalanan Dinas Biasa (Sub Bidang Hubungan Antar Lembaga Pemerintah dan Pembinaan kemasyarakatan - BIMAS),16984000,1,26-Mar,Provinsi Sulawesi Tengah,Badan Penghubung Provinsi Sulawesi Tengah,"Jawa Barat, Bandung (Kota) | DI Yogyakarta, Yogyakarta (Kota)",42889853
1414,Belanja Perjalanan Dinas Biasa,2200000,1,26-Jul,Provinsi Sulawesi Tengah,Dinas Perindustrian dan Perdagangan Provinsi Sulawesi Tengah,"Sulawesi Tengah, Palu (Kota)",42905756
1415,Belanja Perjalanan Dinas Biasa,1400000,1,26-Oct,Provinsi Sulawesi Tengah,Dinas Perindustrian dan Perdagangan Provinsi Sulawesi Tengah,"Sulawesi Tengah, Poso (Kab.)",42927179
1416,Belanja Perjalanan Dinas Biasa,298028000,1,26-Feb,Provinsi Sulawesi Tengah,Dinas Pemberdayaan Masyarakat dan Desa Provinsi Sulawesi Tengah,"Sulawesi Selatan, Makassar (Kota) | Sulawesi Tengah, Banggai Kepulauan (Kab.) | Sulawesi Tengah, Banggai Laut (Kab.) | Sulawesi Tengah, Banggai (Kab.) | Sulawesi Tengah, Buol (Kab.) | Sulawesi Tengah, Dongala (Kab.) | Sulawesi Tengah, Morowali (Kab.) | Sulawesi Tengah, Kabupaten Morowali Utara | Sulawesi Tengah, Parigi Moutong (Kab.) | Sulawesi Tengah, Poso (Kab.) | Sulawesi Tengah, Tojo Una-Una (Kab.) | Sulawesi Tengah, Sigi (Kab.) | Sulawesi Tengah, Toli-Toli (Kab.)",42932467
1417,Belanja Perjalanan Dinas Biasa,45000000,1,26-Jan,Provinsi Sulawesi Tengah,UPT Wil. II Parigi Moutong,"Sulawesi Tengah, Parigi Moutong (Kab.)",42932794
1418,Belanja Perjalanan Dinas Biasa,10930000,1,26-Dec,Provinsi Sulawesi Tengah,Dinas Sosial Provinsi Sulawesi Tengah,"Sulawesi Tengah, Parigi Moutong (Kab.) | Sulawesi Tengah, Toli-Toli (Kab.)",42933044
1419,Belanja Perjalanan Dinas Biasa (Perjalanan Dinas Dalam Kota) (Sub Bidang Koordinasi Urusan Pemerintahan dan Pembangunan - HAL),14280000,1,26-Jan,Provinsi Sulawesi Tengah,Badan Penghubung Provinsi Sulawesi Tengah,"DKI Jakarta, Jakarta Pusat (Kota)",42953935
1420,Belanja Perjalanan Dinas Biasa,1086314000,1,26-Feb,Provinsi Sulawesi Tengah,Sekretariat DPRD Provinsi Sulawesi Tengah,"Sulawesi Tengah, Palu (Kota)",42966497
1421,Belanja Perjalanan Dinas Biasa (Biro PBJ),49641000,1,26-Jan,Provinsi Sulawesi Tengah,Biro Pengadaan Barang/ Jasa Pada Sekretariat Daerah Provinsi Sulawesi Tengah,"Sulawesi Tengah, Palu (Kota)",42975365
1422,Belanja Perjalanan Dinas Biasa (Biro PBJ),17095000,1,26-Jan,Provinsi Sulawesi Tengah,Biro Pengadaan Barang/ Jasa Pada Sekretariat Daerah Provinsi Sulawesi Tengah,"Sulawesi Tengah, Palu (Kota)",42975421
1423,Belanja Perjalanan Dinas Biasa,331954000,1,26-Feb,Provinsi Sulawesi Tengah,Sekretariat DPRD Provinsi Sulawesi Tengah,"Sulawesi Tengah, Palu (Kota)",42984933
1424,Belanja Perjalanan Dinas Biasa,331184000,1,26-Mar,Provinsi Sulawesi Tengah,Dinas Energi dan Sumber Daya Mineral Provinsi Sulawesi Tengah,"Sulawesi Tengah, Buol (Kab.) | Sulawesi Tengah, Toli-Toli (Kab.) | Sulawesi Tengah, Banggai Laut (Kab.) | Sulawesi Tengah, Banggai Kepulauan (Kab.) | Sulawesi Tengah, Tojo Una-Una (Kab.) | Sulawesi Tengah, Banggai (Kab.) | Sulawesi Tengah, Dongala (Kab.) | Sulawesi Tengah, Sigi (Kab.) | Sulawesi Tengah, Parigi Moutong (Kab.) | DKI Jakarta, Jakarta Pusat (Kota)",42995799
1425,Belanja Perjalanan Dinas Biasa,40950000,1,26-Feb,Provinsi Sulawesi Tengah,Dinas Pemberdayaan Masyarakat dan Desa Provinsi Sulawesi Tengah,"Sulawesi Tengah, Palu (Kota)",42996955
1426,Belanja Perjalanan Dinas Biasa,20406000,1,26-Jan,Provinsi Sulawesi Tengah,Badan Pendapatan Daerah Provinsi Sulawesi Tengah,"Sulawesi Tengah, Palu (Kota)",42997722
1427,Belanja Perjalanan Dinas Biasa,8800000,1,26-Jan,Provinsi Sulawesi Tengah,Dinas Tenaga Kerja dan Transmigrasi Provinsi Sulawesi Tengah,"Sulawesi Tengah, Palu (Kota)",43012548
1428,Belanja Perjalanan Dinas Biasa,179092000,1,26-Feb,Provinsi Sulawesi Tengah,Dinas Sosial Provinsi Sulawesi Tengah,"DKI Jakarta, Jakarta Pusat (Kota) | Sulawesi Tengah, Palu (Kota) | Sulawesi Tengah, Sigi (Kab.) | Sulawesi Tengah, Dongala (Kab.) | Sulawesi Tengah, Parigi Moutong (Kab.) | Sulawesi Tengah, Toli-Toli (Kab.) | Sulawesi Tengah, Buol (Kab.) | Sulawesi Tengah, Poso (Kab.) | Sulawesi Tengah, Morowali (Kab.) | Sulawesi Tengah, Kabupaten Morowali Utara | Sulawesi Tengah, Tojo Una-Una (Kab.) | Sulawesi Tengah, Banggai (Kab.) | Sulawesi Tengah, Banggai Kepulauan (Kab.) | Sulawesi Tengah, Banggai Laut (Kab.)",43016430
1429,Belanja Perjalanan Dinas Biasa Sub Kegiatan Penyelenggaraan Rapat Koordinasi,279606000,1,26-Feb,Provinsi Sulawesi Tengah,"Dinas Perumahan, Kawasan Permukiman dan Pertanahan Provinsi Sulawesi Tengah","Sulawesi Tengah, Palu (Kota)",43024110
1430,Belanja Perjalanan Dinas Biasa,105098000,1,26-Feb,Provinsi Sulawesi Tengah,Dinas Energi dan Sumber Daya Mineral Provinsi Sulawesi Tengah,"Sulawesi Tengah, Palu (Kota)",43024693
1431,Belanja Perjalanan Dinas Biasa,4950000,1,26-Jul,Provinsi Sulawesi Tengah,Cabang Dinas Energi dan Sumber Daya Mineral Wilayah I,"Sulawesi Tengah, Buol (Kab.) | Sulawesi Tengah, Buol (Kab.) | Sulawesi Tengah, Buol (Kab.) | Sulawesi Tengah, Buol (Kab.) | Sulawesi Tengah, Buol (Kab.)",43025649
1432,Belanja Perjalanan Dinas Biasa,4950000,1,26-Oct,Provinsi Sulawesi Tengah,Cabang Dinas Energi dan Sumber Daya Mineral Wilayah I,"Sulawesi Tengah, Buol (Kab.) | Sulawesi Tengah, Buol (Kab.) | Sulawesi Tengah, Buol (Kab.)",43025656
1433,Belanja Perjalanan Dinas Biasa,6210000,1,26-Jun,Provinsi Sulawesi Tengah,UPTD. Pelabuhan Perikanan dan Kawasan Konservasi Pesisir dan Pulau-Pulau Kecil Wilayah I,"Sulawesi Tengah, Dongala (Kab.)",43025952
1434,Belanja Perjalanan Dinas Biasa,21800000,1,26-Apr,Provinsi Sulawesi Tengah,Dinas Kelautan dan Perikanan Provinsi Sulawesi Tengah,"Sulawesi Tengah, Parigi Moutong (Kab.) | Sulawesi Tengah, Banggai Kepulauan (Kab.) | Sulawesi Tengah, Banggai Laut (Kab.) | Sulawesi Tengah, Morowali (Kab.)",43026801
1435,Belanja Perjalanan Dinas Biasa,142000000,1,26-Jan,Provinsi Sulawesi Tengah,UPT Wil. XI Sigi,"Sulawesi Tengah, Sigi (Kab.)",43027549
1436,Belanja Perjalanan Dinas Biasa,66720000,1,26-Apr,Provinsi Sulawesi Tengah,Dinas Tenaga Kerja dan Transmigrasi Provinsi Sulawesi Tengah,"Sulawesi Tengah, Banggai (Kab.)",43034663
1437,Belanja Perjalanan Dinas Biasa,6210000,1,26-Jun,Provinsi Sulawesi Tengah,UPTD. Pelabuhan Perikanan dan Kawasan Konservasi Pesisir dan Pulau-Pulau Kecil Wilayah I,"Sulawesi Tengah, Dongala (Kab.)",43034746
1438,Belanja Perjalanan Dinas Biasa Pada Sub Kegiatan Evaluasi Rancangan Peraturan Daerah tentang APBD Kabupaten/Kota dan Rancangan Peraturan Kepala Daerah tentang Penjabaran APBD Kabupaten/Kota,414624000,1,26-May,Provinsi Sulawesi Tengah,Badan Pengelolaan Keuangan dan Aset Daerah Provinsi Sulawesi Tengah,"Sulawesi Tengah, Palu (Kota)",43041746
1439,Belanja Perjalanan Dinas Biasa,39720000,1,26-Apr,Provinsi Sulawesi Tengah,Dinas Tenaga Kerja dan Transmigrasi Provinsi Sulawesi Tengah,"Sulawesi Tengah, Sigi (Kab.) | Sulawesi Tengah, Poso (Kab.)",43042382
1440,Belanja Perjalanan Dinas Biasa (Pergeseran),154708000,1,26-Mar,Provinsi Sulawesi Tengah,Dinas Tanaman Pangan dan Hortikultura Provinsi Sulawesi Tengah,"Sulawesi Tengah, Palu (Kota)",43070222
1441,Belanja Perjalanan Dinas Biasa,1660000,1,26-Mar,Provinsi Sulawesi Tengah,Cabang Dinas Energi dan Sumber Daya Mineral Wilayah IV,"Sulawesi Tengah, Banggai (Kab.)",43071102
1442,Belanja Perjalanan Dinas Biasa,124456000,1,26-Apr,Provinsi Sulawesi Tengah,UPT Laboratorium Lingkungan Hidup,"Sulawesi Tengah, Palu (Kota)",43083636
1443,Belanja Perjalanan Dinas Biasa,125025099,1,26-Feb,Provinsi Sulawesi Tengah,Dinas Cipta Karya dan Sumberdaya Air,"Sulawesi Tengah, Palu (Kota)",43207038
1444,Belanja Perjalanan Dinas Biasa,48174000,1,26-Feb,Provinsi Sulawesi Tengah,UPT Wil. IV Morowali,"Sulawesi Tengah, Morowali (Kab.)",43215437
1445,Belanja Perjalanan Dinas Biasa,46633000,1,26-Feb,Provinsi Sulawesi Tengah,UPT Wil. IV Morowali,"Sulawesi Tengah, Morowali (Kab.)",43215451
1446,Belanja Perjalanan Dinas Biasa,160000000,1,26-Apr,Provinsi Sulawesi Tengah,Dinas Bina Marga dan Penataan Ruang Provinsi Sulawesi Tengah,"Sulawesi Tengah, Dongala (Kab.) | Sulawesi Tengah, Banggai (Kab.) | Sulawesi Tengah, Poso (Kab.) | Sulawesi Tengah, Banggai Kepulauan (Kab.) | Sulawesi Tengah, Sigi (Kab.) | Sulawesi Tengah, Kabupaten Morowali Utara | Sulawesi Tengah, Banggai Laut (Kab.) | Sulawesi Tengah, Toli-Toli (Kab.) | Sulawesi Tengah, Parigi Moutong (Kab.) | Sulawesi Tengah, Tojo Una-Una (Kab.) | Sulawesi Tengah, Buol (Kab.)",43258287
1447,Belanja Perjalanan Dinas Biasa,150000000,1,26-Apr,Provinsi Sulawesi Tengah,Dinas Bina Marga dan Penataan Ruang Provinsi Sulawesi Tengah,"Sulawesi Tengah, Tojo Una-Una (Kab.) | Sulawesi Tengah, Sigi (Kab.) | Sulawesi Tengah, Poso (Kab.) | Sulawesi Tengah, Parigi Moutong (Kab.) | Sulawesi Tengah, Dongala (Kab.) | Sulawesi Tengah, Banggai Laut (Kab.) | Sulawesi Tengah, Morowali (Kab.)",43258779
1448,Belanja Perjalanan Dinas Biasa,44900000,1,26-Feb,Provinsi Sulawesi Tengah,Dinas Pengendalian Penduduk dan Keluarga Berencana Provinsi Sulawesi Tengah,"Sulawesi Tengah, Poso (Kab.) | Sulawesi Tengah, Toli-Toli (Kab.) | Sulawesi Tengah, Morowali (Kab.) | Sulawesi Tengah, Tojo Una-Una (Kab.)",42753472
1449,Belanja Perjalanan Dinas Biasa,23166000,1,26-Jan,Provinsi Sulawesi Tengah,Dinas Pemberdayaan Masyarakat dan Desa Provinsi Sulawesi Tengah,"DKI Jakarta, Jakarta Pusat (Kota)",42771405
1450,Belanja Perjalanan Dinas Biasa,20140000,1,26-Apr,Provinsi Sulawesi Tengah,Dinas Penanaman Modal dan Pelayanan Terpadu Satu Pintu Provinsi Sulawesi Tengah,"DKI Jakarta, Jakarta Pusat (Kota)",42780626
1451,Belanja Perjalanan Dinas Biasa,112800000,1,26-Jan,Provinsi Sulawesi Tengah,Inspektorat Daerah Provinsi Sulawesi Tengah,"Sulawesi Tengah, Palu (Kota)",42808179
1452,Belanja Perjalanan Dinas Biasa : Monitoring IKM Kerajinan Unggulan Kab. Sigi,2960000,1,26-Jul,Provinsi Sulawesi Tengah,UPTD Pengembangan Produk Industri Pangan dan Kerajinan (P2IPK),"Sulawesi Tengah, Sigi (Kab.)",42808565
1453,Belanja Perjalanan Dinas Biasa : Monitoring Pengembangan Produk Pangan di Kab. Sigi,2220000,1,26-Jul,Provinsi Sulawesi Tengah,UPTD Pengembangan Produk Industri Pangan dan Kerajinan (P2IPK),"Sulawesi Tengah, Sigi (Kab.)",42808574
1454,Belanja Perjalanan Dinas Biasa : Monitoring Pengembangan Produk Pangan di Kab. Poso,8710000,1,26-Oct,Provinsi Sulawesi Tengah,UPTD Pengembangan Produk Industri Pangan dan Kerajinan (P2IPK),"Sulawesi Tengah, Poso (Kab.)",42808580
1455,Belanja Perjalanan Dinas Biasa : Pameran HUT Dekranas/ Koordinasi Dekranas/Studi Teknis Jakarta atau kota lainnya,29523000,1,26-Jul,Provinsi Sulawesi Tengah,UPTD Pengembangan Produk Industri Pangan dan Kerajinan (P2IPK),"Sulawesi Selatan, Makassar (Kota)",42808581
1456,Belanja Perjalanan Dinas Biasa Pada Sub Kegiatan Koordinasi dan Penyusunan KUA dan PPAS,86548000,1,26-Jan,Provinsi Sulawesi Tengah,Badan Pengelolaan Keuangan dan Aset Daerah Provinsi Sulawesi Tengah,"Sulawesi Tengah, Palu (Kota)",42818472
1457,Belanja Perjalanan Dinas Biasa,36020000,1,26-Apr,Provinsi Sulawesi Tengah,Dinas Cipta Karya dan Sumberdaya Air,"Sulawesi Tengah, Toli-Toli (Kab.) | Sulawesi Tengah, Parigi Moutong (Kab.)",42830025
1458,Belanja Perjalanan Dinas Biasa,114444000,1,26-Jan,Provinsi Sulawesi Tengah,Badan Perencanaan Pembangunan Daerah Provinsi Sulawesi Tengah,"Sulawesi Tengah, Palu (Kota)",42833812
1459,Belanja Perjalanan Dinas Biasa,10970000,1,26-Jan,Provinsi Sulawesi Tengah,Badan Perencanaan Pembangunan Daerah Provinsi Sulawesi Tengah,"Sulawesi Tengah, Palu (Kota)",42833996
1460,Belanja Perjalanan Dinas Biasa,16288300,1,26-Mar,Provinsi Sulawesi Tengah,UPT KPH Gunung Dako,"Sulawesi Tengah, Toli-Toli (Kab.)",42838176
1461,Belanja perjalanan dinas biasa,1480000,1,26-Jan,Provinsi Sulawesi Tengah,Dinas Perpustakaan dan Kearsipan Provinsi Sulawesi Tengah,"Sulawesi Tengah, Sigi (Kab.)",42839588
1462,Belanja perjalanan dinas biasa,5400000,1,26-Oct,Provinsi Sulawesi Tengah,Dinas Perpustakaan dan Kearsipan Provinsi Sulawesi Tengah,"Sulawesi Tengah, Palu (Kota)",42839645
1463,Belanja perjalanan dinas biasa,1680000,1,26-Jul,Provinsi Sulawesi Tengah,Dinas Perpustakaan dan Kearsipan Provinsi Sulawesi Tengah,"Sulawesi Tengah, Poso (Kab.)",42839654
1464,Belanja Perjalanan Dinas Biasa,6271800,1,26-Feb,Provinsi Sulawesi Tengah,UPT KPH  Balantak,"Sulawesi Tengah, Banggai (Kab.)",42841100
1465,Belanja Perjalanan Dinas Biasa,129747000,1,26-Feb,Provinsi Sulawesi Tengah,UPT Pembibitan Ternak,"Sulawesi Tengah, Palu (Kota)",42846931
1466,Belanja Perjalanan Dinas Biasa,9240000,1,26-Mar,Provinsi Sulawesi Tengah,Dinas Perkebunan dan Peternakan Provinsi Sulawesi Tengah,"Sulawesi Tengah, Palu (Kota)",42855595
1467,Belanja Perjalanan Dinas Biasa,5722000,1,26-Mar,Provinsi Sulawesi Tengah,UPTD. Pelabuhan Perikanan dan Kawasan Konservasi Pesisir dan Pulau-Pulau Kecil Wilayah III,"Sulawesi Tengah, Banggai (Kab.)",42858515
1468,Belanja Perjalanan Dinas Biasa,65970000,1,26-Feb,Provinsi Sulawesi Tengah,Badan Pengembangan Sumber Daya Manusia Daerah Provinsi Sulawesi Tengah,"Sulawesi Tengah, Palu (Kota)",42863778
1469,Belanja Perjalanan Dinas Biasa,59872000,1,26-Feb,Provinsi Sulawesi Tengah,Dinas Sosial Provinsi Sulawesi Tengah,"DKI Jakarta, Jakarta Pusat (Kota) | Sulawesi Tengah, Banggai (Kab.)",42898736
1470,Belanja Perjalanan Dinas Biasa,41112000,1,26-Apr,Provinsi Sulawesi Tengah,Dinas Pemberdayaan Masyarakat dan Desa Provinsi Sulawesi Tengah,"Sulawesi Tengah, Parigi Moutong (Kab.) | Sulawesi Tengah, Poso (Kab.) | Sulawesi Tengah, Sigi (Kab.) | Sulawesi Tengah, Toli-Toli (Kab.)",42925260
1471,Belanja Perjalanan Dinas Biasa,13090000,1,26-Jan,Provinsi Sulawesi Tengah,Dinas Pemberdayaan Masyarakat dan Desa Provinsi Sulawesi Tengah,"Sulawesi Tengah, Parigi Moutong (Kab.)",42932521
1472,Belanja Perjalanan Dinas Biasa,191814000,1,26-Jan,Provinsi Sulawesi Tengah,Sekretariat DPRD Provinsi Sulawesi Tengah,"Sulawesi Tengah, Palu (Kota)",42941434
1473,Belanja Perjalanan Dinas Biasa,9990000,1,26-Feb,Provinsi Sulawesi Tengah,Dinas Sosial Provinsi Sulawesi Tengah,"Sulawesi Tengah, Palu (Kota)",42942890
1474,Belanja Perjalanan Dinas Biasa,149110000,1,26-Mar,Provinsi Sulawesi Tengah,Dinas Tanaman Pangan dan Hortikultura Provinsi Sulawesi Tengah,"Sulawesi Tengah, Parigi Moutong (Kab.)",42944039
1475,Belanja Perjalanan Dinas Biasa (Sub Kegiatan Koordinasi dan Sinkronisasi Penataan Akses),99250000,1,26-Apr,Provinsi Sulawesi Tengah,"Dinas Perumahan, Kawasan Permukiman dan Pertanahan Provinsi Sulawesi Tengah","Sulawesi Tengah, Banggai Kepulauan (Kab.) | Sulawesi Tengah, Banggai Laut (Kab.) | Sulawesi Tengah, Buol (Kab.) | Sulawesi Tengah, Dongala (Kab.) | Sulawesi Tengah, Poso (Kab.) | Sulawesi Tengah, Sigi (Kab.) | Sulawesi Tengah, Tojo Una-Una (Kab.) | Sulawesi Tengah, Banggai (Kab.) | Sulawesi Tengah, Kabupaten Morowali Utara | Sulawesi Tengah, Parigi Moutong (Kab.)",42944683
1476,Belanja Perjalanan Dinas Biasa,48900000,1,26-Sep,Provinsi Sulawesi Tengah,Dinas Kehutanan Provinsi Sulawesi Tengah,"Sulawesi Tengah, Palu (Kota)",42945042
1477,Belanja Perjalanan Dinas Biasa,4370456000,1,26-Jan,Provinsi Sulawesi Tengah,Sekretariat DPRD Provinsi Sulawesi Tengah,"Sulawesi Tengah, Palu (Kota)",42956888
1478,Belanja Perjalanan Dinas Biasa (P5TK),24300000,1,26-Feb,Provinsi Sulawesi Tengah,Dinas Tenaga Kerja dan Transmigrasi Provinsi Sulawesi Tengah,"Sulawesi Tengah, Palu (Kota)",42966321
1479,Belanja Perjalanan Dinas Biasa Pelatihan Lattas,144022000,1,26-Jun,Provinsi Sulawesi Tengah,Dinas Tenaga Kerja dan Transmigrasi Provinsi Sulawesi Tengah,"Sulawesi Tengah, Palu (Kota) | Sulawesi Tengah, Dongala (Kab.) | Sulawesi Tengah, Sigi (Kab.) | Sulawesi Tengah, Parigi Moutong (Kab.) | Sulawesi Tengah, Poso (Kab.) | Sulawesi Tengah, Tojo Una-Una (Kab.) | Sulawesi Tengah, Banggai (Kab.) | Sulawesi Tengah, Banggai Kepulauan (Kab.) | Sulawesi Tengah, Banggai Laut (Kab.) | Sulawesi Tengah, Kabupaten Morowali Utara | Sulawesi Tengah, Morowali (Kab.) | Sulawesi Tengah, Toli-Toli (Kab.) | Sulawesi Tengah, Buol (Kab.) | DKI Jakarta, Jakarta Pusat (Kota)",42978787
1480,Belanja Perjalanan Dinas Biasa Kegiatan Penyediaan Tanah Untuk Pembangunan Kawasan Transmigrasi,6330000,1,26-Feb,Provinsi Sulawesi Tengah,Dinas Tenaga Kerja dan Transmigrasi Provinsi Sulawesi Tengah,"Sulawesi Tengah, Dongala (Kab.) | Sulawesi Tengah, Parigi Moutong (Kab.)",42986026
1481,Belanja Perjalanan Dinas Biasa,105676000,1,26-Jan,Provinsi Sulawesi Tengah,Badan Pendapatan Daerah Provinsi Sulawesi Tengah,"Sulawesi Tengah, Palu (Kota)",42997698
1482,Belanja Perjalanan Dinas Biasa,56760000,1,26-Jan,Provinsi Sulawesi Tengah,Badan Pendapatan Daerah Provinsi Sulawesi Tengah,"Sulawesi Tengah, Palu (Kota)",42997731
1483,Belanja Perjalanan Dinas Biasa,23176000,1,26-Jan,Provinsi Sulawesi Tengah,Dinas Tenaga Kerja dan Transmigrasi Provinsi Sulawesi Tengah,"Sulawesi Tengah, Palu (Kota)",43002947
1484,Belanja Perjalanan Dinas Biasa,41086000,1,26-Jan,Provinsi Sulawesi Tengah,Satuan Polisi Pamong Praja Provinsi Sulawesi Tengah,"DKI Jakarta, Jakarta Pusat (Kota) | Sulawesi Tengah, Toli-Toli (Kab.) | Sulawesi Tengah, Morowali (Kab.)",43007727
1485,Belanja Perjalanan Dinas Biasa Kegiatan Advokasi dan Musyawarah Penetapan Kawasan,167000000,1,26-Mar,Provinsi Sulawesi Tengah,Dinas Tenaga Kerja dan Transmigrasi Provinsi Sulawesi Tengah,"Sulawesi Tengah, Banggai Laut (Kab.) | Sulawesi Tengah, Dongala (Kab.) | Sulawesi Tengah, Morowali (Kab.) | Sulawesi Tengah, Kabupaten Morowali Utara | Sulawesi Tengah, Poso (Kab.) | Sulawesi Tengah, Sigi (Kab.) | Sulawesi Tengah, Tojo Una-Una (Kab.) | Sulawesi Tengah, Buol (Kab.) | Sulawesi Tengah, Toli-Toli (Kab.) | Sulawesi Tengah, Parigi Moutong (Kab.) | Sulawesi Tengah, Banggai Kepulauan (Kab.)",43012747
1486,Belanja Perjalanan Dinas Biasa,55583000,1,26-Jan,Provinsi Sulawesi Tengah,UPT XII. Morowali Utara,"Sulawesi Tengah, Kabupaten Morowali Utara | Sulawesi Tengah, Kabupaten Morowali Utara",43020754
1487,Belanja Perjalanan Dinas Biasa,148000000,1,26-Feb,Provinsi Sulawesi Tengah,Badan Penanggulangan Bencana Daerah Provinsi Tengah,"Sulawesi Tengah, Palu (Kota)",43023863
1488,Belanja Perjalanan Dinas Biasa (PTASN) dalam rangka mendukung peningkatan PAD sub Keu Aset,8980000,1,26-Jun,Provinsi Sulawesi Tengah,Dinas Tanaman Pangan dan Hortikultura Provinsi Sulawesi Tengah,"Sulawesi Tengah, Palu (Kota)",43025259
1489,Belanja Perjalanan Dinas Biasa,1090000,1,26-Mar,Provinsi Sulawesi Tengah,UPT Panti Sosial Anak,"Sulawesi Tengah, Palu (Kota)",43030060
1490,Belanja Perjalanan Dinas Biasa Pada Sub kegiatan Koordinasi dan Penyusunan Rancangan Peraturan Daerah tentang Pertanggungjawaban Pelaksanaan APBD Provinsi dan Rancangan Peraturan Kepala Daerah tentang Penjabaran Pertanggungjawaban Pelaksanaan APBD Provinsi,243614000,1,26-May,Provinsi Sulawesi Tengah,Badan Pengelolaan Keuangan dan Aset Daerah Provinsi Sulawesi Tengah,"Sulawesi Tengah, Palu (Kota)",43049944
1491,Belanja Perjalanan Dinas Biasa,60976000,1,26-Feb,Provinsi Sulawesi Tengah,Dinas Pangan Provinsi Sulawesi Tengah,"Sulawesi Tengah, Palu (Kota)",43052697
1492,Belanja Perjalanan Dinas Biasa,4870000,1,26-Mar,Provinsi Sulawesi Tengah,Cabang Dinas Energi dan Sumber Daya Mineral Wilayah III,"Sulawesi Tengah, Morowali (Kab.)",43070859
1493,Belanja Perjalanan Dinas Biasa,49942000,1,26-May,Provinsi Sulawesi Tengah,UPTD Balai Layanan Platform Teknologi Dinas Pendidikan Provinsi Sulawesi Tengah,"Sulawesi Tengah, Palu (Kota)",43078365
1494,Belanja Perjalanan Dinas Biasa,10070000,1,26-Jan,Provinsi Sulawesi Tengah,Dinas Pariwisata Provinsi Sulawesi Tengah,"DKI Jakarta, Jakarta Pusat (Kota)",43092021
1495,Belanja Perjalanan Dinas Biasa,13660000,1,26-Jan,Provinsi Sulawesi Tengah,Satuan Polisi Pamong Praja Provinsi Sulawesi Tengah,"Sulawesi Tengah, Palu (Kota) | Sulawesi Tengah, Toli-Toli (Kab.)",43101492
1496,Belanja Perjalanan Dinas Biasa,19980000,1,26-Jan,Provinsi Sulawesi Tengah,Satuan Polisi Pamong Praja Provinsi Sulawesi Tengah,"DKI Jakarta, Jakarta Pusat (Kota)",43103196
1497,Belanja Perjalanan Dinas Biasa,10350000,1,26-Jan,Provinsi Sulawesi Tengah,UPT Wil. VII Toli-Toli,"Sulawesi Tengah, Toli-Toli (Kab.)",43133247
1498,Belanja Perjalanan Dinas Biasa,11944000,1,26-Apr,Provinsi Sulawesi Tengah,UPT Perlindungan Perempuan dan Anak,"Sulawesi Tengah, Palu (Kota)",43134134
1499,Belanja Perjalanan Dinas Biasa,60284000,1,26-Jan,Provinsi Sulawesi Tengah,Biro Organisasi Pada Sekretariat Daerah Provinsi Sulawesi Tengah,"Sulawesi Tengah, Palu (Kota)",43140429
1500,Belanja Perjalanan Dinas Biasa,84196000,1,26-May,Provinsi Sulawesi Tengah,Dinas Kehutanan Provinsi Sulawesi Tengah,"Sulawesi Tengah, Palu (Kota)",43141960
1501,Belanja Perjalanan Dinas Biasa,303728000,1,26-Feb,Provinsi Sulawesi Tengah,Dinas Kesehatan Provinsi Sulawesi Tengah,"Sulawesi Tengah, Banggai (Kab.) | Sulawesi Tengah, Banggai Kepulauan (Kab.) | Sulawesi Tengah, Banggai Laut (Kab.) | Sulawesi Tengah, Buol (Kab.) | Sulawesi Tengah, Dongala (Kab.) | Sulawesi Tengah, Kabupaten Morowali Utara | Sulawesi Tengah, Morowali (Kab.) | Sulawesi Tengah, Palu (Kota) | Sulawesi Tengah, Parigi Moutong (Kab.) | Sulawesi Tengah, Poso (Kab.) | Sulawesi Tengah, Sigi (Kab.) | Sulawesi Tengah, Tojo Una-Una (Kab.) | Sulawesi Tengah, Toli-Toli (Kab.)",43149939
1502,Belanja Perjalanan Dinas Biasa,19944000,1,26-Mar,Provinsi Sulawesi Tengah,Dinas Cipta Karya dan Sumberdaya Air,"Sulawesi Tengah, Palu (Kota)",43176814
1503,Belanja Perjalanan Dinas Biasa,35888000,1,26-Jan,Provinsi Sulawesi Tengah,UPT Pusat Pelayanan Keselamatan Terpadu,"Sulawesi Tengah, Palu (Kota)",43214629
1504,Belanja Perjalanan Dinas Biasa,34980000,1,26-Mar,Provinsi Sulawesi Tengah,Cabang Dinas Pendidikan Wilayah I,"Sulawesi Tengah, Palu (Kota)",43215492
1505,Belanja Perjalanan Dinas Biasa,290216000,1,26-Feb,Provinsi Sulawesi Tengah,Biro Umum pada Sekretariat  Daerah Provinsi Sulawesi Tengah,"Sulawesi Tengah, Palu (Kota)",43217870
1506,Belanja Perjalanan Dinas Biasa,253830000,1,26-Feb,Provinsi Sulawesi Tengah,Biro Hukum Pada Sekretariat Daerah Provinsi Sulawesi Tengah,"Sulawesi Tengah, Dongala (Kab.) | Sulawesi Tengah, Sigi (Kab.) | Sulawesi Tengah, Parigi Moutong (Kab.) | Sulawesi Tengah, Kabupaten Morowali Utara | Sulawesi Tengah, Buol (Kab.) | Sulawesi Tengah, Banggai (Kab.) | Sulawesi Tengah, Poso (Kab.) | DKI Jakarta, Jakarta Pusat (Kota)",43230927
1507,Belanja Perjalanan Dinas Biasa,414970000,1,26-Apr,Provinsi Sulawesi Tengah,Dinas Bina Marga dan Penataan Ruang Provinsi Sulawesi Tengah,"Sulawesi Tengah, Banggai Kepulauan (Kab.) | Sulawesi Tengah, Banggai (Kab.) | Sulawesi Tengah, Poso (Kab.) | Sulawesi Tengah, Kabupaten Morowali Utara | Sulawesi Tengah, Parigi Moutong (Kab.) | Sulawesi Tengah, Morowali (Kab.) | Sulawesi Tengah, Toli-Toli (Kab.) | Sulawesi Tengah, Buol (Kab.) | Sulawesi Tengah, Sigi (Kab.) | Sulawesi Tengah, Dongala (Kab.) | Sulawesi Tengah, Kabupaten Morowali Utara | Sulawesi Tengah, Banggai Laut (Kab.)",43258816
1508,Belanja Perjalanan Dinas Biasa,24980000,1,26-Apr,Provinsi Sulawesi Tengah,Dinas Penanaman Modal dan Pelayanan Terpadu Satu Pintu Provinsi Sulawesi Tengah,"DKI Jakarta, Jakarta Pusat (Kota) | Sulawesi Tengah, Parigi Moutong (Kab.)",42779203
1509,Belanja Perjalanan Dinas Biasa (5.05.03.1.02.0026),31540000,1,26-Feb,Provinsi Sulawesi Tengah,Badan Riset dan Inovasi Daerah Provinsi Sulawesi Tengah,"Sulawesi Tengah, Dongala (Kab.) | Sulawesi Tengah, Palu (Kota) | Sulawesi Tengah, Sigi (Kab.)",42803241
1510,Belanja Perjalanan Dinas Biasa,2200000,1,26-Mar,Provinsi Sulawesi Tengah,Dinas Perindustrian dan Perdagangan Provinsi Sulawesi Tengah,"Sulawesi Tengah, Palu (Kota)",42803254
1511,Belanja Perjalanan Dinas Biasa,210150000,1,26-Jan,Provinsi Sulawesi Tengah,Inspektorat Daerah Provinsi Sulawesi Tengah,"Sulawesi Tengah, Palu (Kota)",42808180
1512,Belanja Perjalanan Dinas Biasa,28350000,1,26-Jan,Provinsi Sulawesi Tengah,Inspektorat Daerah Provinsi Sulawesi Tengah,"Sulawesi Tengah, Palu (Kota)",42808239
1513,Belanja Perjalanan Dinas Biasa : Monitoring IKM Binaan Kab. Banggai,8650000,1,26-Oct,Provinsi Sulawesi Tengah,UPTD Pengembangan Produk Industri Pangan dan Kerajinan (P2IPK),"Sulawesi Tengah, Banggai (Kab.)",42808605
1514,Belanja Perjalanan Dinas Biasa,100885000,1,26-Mar,Provinsi Sulawesi Tengah,Dinas Kehutanan Provinsi Sulawesi Tengah,"Sulawesi Tengah, Palu (Kota)",42818659
1515,Belanja Perjalanan Dinas Biasa,8820000,1,26-Oct,Provinsi Sulawesi Tengah,Dinas Perpustakaan dan Kearsipan Provinsi Sulawesi Tengah,"Sulawesi Tengah, Palu (Kota)",42825958
1516,Belanja Perjalanan Dinas Biasa,13950000,1,26-Jun,Provinsi Sulawesi Tengah,Dinas Cipta Karya dan Sumberdaya Air,"Sulawesi Tengah, Banggai (Kab.)",42830562
1517,Belanja Perjalanan Dinas Biasa,3700000,1,26-Sep,Provinsi Sulawesi Tengah,UPT KPH Dolago Tanggunung,"Sulawesi Tengah, Parigi Moutong (Kab.)",42832370
1518,Belanja Perjalanan Dinas Biasa,1110000,1,26-Jan,Provinsi Sulawesi Tengah,Badan Perencanaan Pembangunan Daerah Provinsi Sulawesi Tengah,"Sulawesi Tengah, Palu (Kota)",42833569
1519,Belanja Perjalanan Dinas Biasa - Dalam Rangka Kegiatan Surveilance Laboratorium Pengujian UPTD PSMB di Palu,1480000,1,26-Apr,Provinsi Sulawesi Tengah,UPT Pengujian sertifikasi Mutu Barang (PSMB),"Sulawesi Tengah, Palu (Kota)",42835230
1520,Belanja Perjalanan Dinas Biasa - Dalam Rangka Diseminasi Laboratorium UPTD PSMB di Kabupaten Morowali/Kabupaten Lainnya,1600000,1,26-Jun,Provinsi Sulawesi Tengah,UPT Pengujian sertifikasi Mutu Barang (PSMB),"Sulawesi Tengah, Palu (Kota)",42835231
1521,Belanja perjalanan dinas biasa,6268000,1,26-Oct,Provinsi Sulawesi Tengah,Dinas Perpustakaan dan Kearsipan Provinsi Sulawesi Tengah,"Sulawesi Tengah, Palu (Kota)",42839650
1522,Belanja perjalanan dinas biasa,2100000,1,26-Jul,Provinsi Sulawesi Tengah,Dinas Perpustakaan dan Kearsipan Provinsi Sulawesi Tengah,"Sulawesi Tengah, Morowali (Kab.)",42839659
1523,Belanja Perjalanan Dinas Biasa,3840000,1,26-Jul,Provinsi Sulawesi Tengah,Dinas Pangan Provinsi Sulawesi Tengah,"Sulawesi Tengah, Banggai Kepulauan (Kab.)",42840343
1524,Belanja Perjalanan Dinas Biasa,9407700,1,26-Apr,Provinsi Sulawesi Tengah,UPT KPH  Balantak,"Sulawesi Tengah, Banggai (Kab.)",42840984
1525,Belanja Perjalanan Dinas Biasa,143550000,1,26-Feb,Provinsi Sulawesi Tengah,Dinas Perkebunan dan Peternakan Provinsi Sulawesi Tengah,"Sulawesi Tengah, Parigi Moutong (Kab.)",42841572
1526,Belanja Perjalanan Dinas Biasa,7950000,1,26-Apr,Provinsi Sulawesi Tengah,UPTD. Pelabuhan Perikanan dan Kawasan Konservasi Pesisir dan Pulau-Pulau Kecil Wilayah V,"Sulawesi Tengah, Palu (Kota) | Sulawesi Tengah, Buol (Kab.) | Sulawesi Tengah, Toli-Toli (Kab.)",42857616
1527,Belanja Perjalanan Dinas Biasa,3600000,1,26-Mar,Provinsi Sulawesi Tengah,UPT KPH Pulau Peling,"Sulawesi Tengah, Banggai Kepulauan (Kab.)",42859597
1528,Belanja Perjalanan Dinas Biasa,61704000,1,26-Feb,Provinsi Sulawesi Tengah,Badan Pengembangan Sumber Daya Manusia Daerah Provinsi Sulawesi Tengah,"Sulawesi Tengah, Palu (Kota)",42865845
1529,Belanja Perjalanan Dinas Biasa,23320000,1,26-Feb,Provinsi Sulawesi Tengah,Dinas Kelautan dan Perikanan Provinsi Sulawesi Tengah,"Sulawesi Tengah, Buol (Kab.) | Sulawesi Tengah, Banggai Kepulauan (Kab.) | Sulawesi Tengah, Banggai Laut (Kab.) | Sulawesi Tengah, Parigi Moutong (Kab.) | Sulawesi Tengah, Poso (Kab.) | Sulawesi Tengah, Tojo Una-Una (Kab.)",42868987
1530,Belanja Perjalanan Dinas Biasa,13960000,1,26-Feb,Provinsi Sulawesi Tengah,Dinas Kelautan dan Perikanan Provinsi Sulawesi Tengah,"Sulawesi Tengah, Banggai (Kab.) | Sulawesi Tengah, Banggai Kepulauan (Kab.) | Sulawesi Tengah, Banggai Laut (Kab.) | Sulawesi Tengah, Parigi Moutong (Kab.) | Sulawesi Tengah, Poso (Kab.) | Sulawesi Tengah, Tojo Una-Una (Kab.)",42869018
1531,[PKTP3 - Sub06] Belanja Perjalanan Dinas Biasa,11040000,1,26-May,Provinsi Sulawesi Tengah,Dinas Tenaga Kerja dan Transmigrasi Provinsi Sulawesi Tengah,"Sulawesi Tengah, Morowali (Kab.)",42910060
1532,Belanja Perjalanan Dinas Biasa,17350000,1,26-Jul,Provinsi Sulawesi Tengah,"Dinas Komunikasi, Informatika, Persandian dan Statistik Provinsi Sulawesi Tengah","Sulawesi Tengah, Palu (Kota)",42925269
1533,Belanja Perjalanan Dinas Biasa,81922000,1,26-Feb,Provinsi Sulawesi Tengah,Dinas Sosial Provinsi Sulawesi Tengah,"Sulawesi Tengah, Palu (Kota) | Sulawesi Tengah, Sigi (Kab.) | Sulawesi Tengah, Dongala (Kab.) | Sulawesi Tengah, Parigi Moutong (Kab.) | Sulawesi Tengah, Morowali (Kab.)",42932370
1534,Belanja Perjalanan Dinas Biasa,4488000,1,26-Apr,Provinsi Sulawesi Tengah,Dinas Sosial Provinsi Sulawesi Tengah,"Sulawesi Tengah, Palu (Kota) | Sulawesi Tengah, Sigi (Kab.) | Sulawesi Tengah, Tojo Una-Una (Kab.)",42942812
1535,Belanja Perjalanan Dinas Biasa/ MONEV TMPN/MPN,17860000,1,26-Feb,Provinsi Sulawesi Tengah,Dinas Sosial Provinsi Sulawesi Tengah,"Sulawesi Tengah, Poso (Kab.) | Sulawesi Tengah, Tojo Una-Una (Kab.) | Sulawesi Tengah, Banggai (Kab.) | Sulawesi Tengah, Parigi Moutong (Kab.)",42942989
1536,Belanja Perjalanan Dinas Biasa (Rapat-Rapat SKPD),480330000,1,26-Jan,Provinsi Sulawesi Tengah,Dinas Tanaman Pangan dan Hortikultura Provinsi Sulawesi Tengah,"Sulawesi Tengah, Palu (Kota)",42944111
1537,Belanja Perjalanan Dinas Biasa (P5TK),10610000,1,26-Feb,Provinsi Sulawesi Tengah,Dinas Tenaga Kerja dan Transmigrasi Provinsi Sulawesi Tengah,"Sulawesi Tengah, Palu (Kota)",42966329
1538,Belanja Perjalanan Dinas Biasa,254868000,1,26-Feb,Provinsi Sulawesi Tengah,Biro Umum pada Sekretariat  Daerah Provinsi Sulawesi Tengah,"Sulawesi Tengah, Palu (Kota)",42737679
1539,Belanja Perjalanan Dinas Biasa,155139000,1,26-Mar,Provinsi Sulawesi Tengah,UPTD Pengawasan Mutu dan Sertikfikasi Benih Perkebunan,"Sulawesi Tengah, Palu (Kota)",43126586
1540,"Belanja Perjalanan Dinas Biasa (Perjalanan Dinas Dalam rangka  Pemantauan Uji Kompetensi Kenaikan Jenjang (UKKJ), Dalam Rangka Monev DAPODIK, Dalam Rangka Liksus Pelanggaran Kode Etik Guru, Pendampingan Keg. UPSKILLING DAN RESKILLING Berani Cerdas GURU, Narasumber dari Pusat Keg. Substansi BCKS & BCPS, serta Dalam Rangka Konsultasi dan Koordinasi di Kementerian)",286562000,4,26-Mar,Provinsi Sulawesi Tengah,Dinas Pendidikan Daerah Provinsi Sulawesi Tengah,"Sulawesi Tengah, Palu (Kota)",43057150
1541,Belanja Perjalanan Dinas Biasa,76400000,1,26-Apr,Provinsi Sulawesi Tengah,UPTD Pengawasan dan Sertifikasi Mutu dan Keamanan Pangan,"Sulawesi Tengah, Palu (Kota)",43058197
1542,Belanja Perjalanan Dinas Biasa Pada Sub Kegiatan Penyusunan Laporan Barang Milik Daerah,104696000,1,26-May,Provinsi Sulawesi Tengah,Badan Pengelolaan Keuangan dan Aset Daerah Provinsi Sulawesi Tengah,"Sulawesi Tengah, Palu (Kota)",43058408
1543,Belanja Perjalanan Dinas Biasa,65326000,1,26-Jan,Provinsi Sulawesi Tengah,Badan Kepegawaian Daerah Provinsi Sulawesi Tengah,"Sulawesi Tengah, Palu (Kota)",43172258
1544,Belanja Perjalanan Dinas Biasa,246078000,1,26-Mar,Provinsi Sulawesi Tengah,Dinas Kehutanan Provinsi Sulawesi Tengah,"Sulawesi Tengah, Palu (Kota)",43174398
1545,Belanja Perjalanan Dinas Biasa,2250000,1,26-Mar,Provinsi Sulawesi Tengah,Dinas Pemberdayaan Perempuan dan Perlindungan Anak Provinsi Sulawesi Tengah,"Sulawesi Tengah, Palu (Kota)",43018321
1546,Belanja Perjalanan Dinas Biasa,59130000,1,26-Jan,Provinsi Sulawesi Tengah,Badan Pendapatan Daerah Provinsi Sulawesi Tengah,"Sulawesi Tengah, Palu (Kota)",43018560
1547,Belanja Perjalanan Dinas Biasa Sub Kegiatan Penyusunan Dokumen Perencanaan Perangkat Daerah,256284000,1,26-Feb,Provinsi Sulawesi Tengah,"Dinas Perumahan, Kawasan Permukiman dan Pertanahan Provinsi Sulawesi Tengah","Sulawesi Tengah, Palu (Kota)",43024710
1548,Belanja Perjalanan Dinas Biasa,3330000,1,26-Feb,Provinsi Sulawesi Tengah,Dinas Energi dan Sumber Daya Mineral Provinsi Sulawesi Tengah,"Sulawesi Tengah, Dongala (Kab.)",43025416
1549,Belanja Perjalanan Dinas Biasa,22394000,1,26-Mar,Provinsi Sulawesi Tengah,Dinas Pemuda dan Olah Raga Provinsi Sulawesi Tengah,"Sulawesi Tengah, Morowali (Kab.)",43030175
1550,Belanja Perjalanan Dinas Biasa,28724000,1,26-May,Provinsi Sulawesi Tengah,Dinas Pemuda dan Olah Raga Provinsi Sulawesi Tengah,"DKI Jakarta, Jakarta Pusat (Kota) | Sulawesi Tengah, Morowali (Kab.)",43030206
1551,Belanja Perjalanan Dinas Biasa,55350000,1,26-Jan,Provinsi Sulawesi Tengah,Dinas Perpustakaan dan Kearsipan Provinsi Sulawesi Tengah,"Sulawesi Tengah, Palu (Kota)",42723525
1552,Belanja Perjalanan Dinas Biasa,100800000,1,26-Jan,Provinsi Sulawesi Tengah,UPT Wil. X Donggala,"Sulawesi Tengah, Dongala (Kab.)",43134713
1553,Belanja Perjalanan Dinas Biasa,118700000,1,26-Feb,Provinsi Sulawesi Tengah,UPT Wil. IX Tojo Una-Una,"Sulawesi Tengah, Tojo Una-Una (Kab.)",42979610
1554,Belanja Perjalanan Dinas Biasa,218500000,1,26-Feb,Provinsi Sulawesi Tengah,Sekretariat DPRD Provinsi Sulawesi Tengah,"Sulawesi Tengah, Palu (Kota)",42985052
1555,Belanja Perjalanan Dinas Biasa,59170000,1,26-Jan,Provinsi Sulawesi Tengah,Badan Pendapatan Daerah Provinsi Sulawesi Tengah,"Sulawesi Tengah, Palu (Kota)",42997121
1556,Belanja Perjalanan Dinas Biasa,41650000,1,26-Jan,Provinsi Sulawesi Tengah,Badan Pendapatan Daerah Provinsi Sulawesi Tengah,"Sulawesi Tengah, Palu (Kota)",42997518
1557,Belanja Perjalanan Dinas Biasa,310362000,1,26-Jan,Provinsi Sulawesi Tengah,Badan Pendapatan Daerah Provinsi Sulawesi Tengah,"Sulawesi Tengah, Palu (Kota)",42997758
1558,Belanja Perjalanan Dinas Biasa,8030000,1,26-Jul,Provinsi Sulawesi Tengah,Dinas Perindustrian dan Perdagangan Provinsi Sulawesi Tengah,"Sulawesi Tengah, Palu (Kota)",43004169
1559,Belanja Perjalanan Dinas Biasa,163376000,1,26-Feb,Provinsi Sulawesi Tengah,Badan Penanggulangan Bencana Daerah Provinsi Tengah,"Sulawesi Tengah, Sigi (Kab.) | Sulawesi Tengah, Dongala (Kab.) | Sulawesi Tengah, Parigi Moutong (Kab.) | Sulawesi Tengah, Poso (Kab.) | Sulawesi Tengah, Tojo Una-Una (Kab.) | Sulawesi Tengah, Kabupaten Morowali Utara | Sulawesi Tengah, Morowali (Kab.) | Sulawesi Tengah, Banggai Laut (Kab.) | Sulawesi Tengah, Banggai (Kab.) | Sulawesi Tengah, Banggai Kepulauan (Kab.) | Sulawesi Tengah, Toli-Toli (Kab.) | Sulawesi Tengah, Buol (Kab.) | DKI Jakarta, Jakarta Pusat (Kota)",43012029
1560,Belanja Perjalanan Dinas Biasa,370000,1,26-Aug,Provinsi Sulawesi Tengah,Cabang Dinas Energi dan Sumber Daya Mineral Wilayah V,"Sulawesi Tengah, Palu (Kota)",43035760
1561,Belanja Perjalanan Dinas Biasa,26000000,1,26-Feb,Provinsi Sulawesi Tengah,Dinas Kelautan dan Perikanan Provinsi Sulawesi Tengah,"Sulawesi Tengah, Palu (Kota) | Sulawesi Tengah, Morowali (Kab.) | Sulawesi Tengah, Parigi Moutong (Kab.) | Sulawesi Tengah, Toli-Toli (Kab.)",43035863
1562,"Belanja Perjalanan Dinas Biasa Pada Sub Kegiatan Koordinasi, Fasilitasi, Asistensi, Sinkronisasi, Supervisi, Monitoring, dan Evaluasi Pengelolaan Dana Perimbangan dan Dana Transfer Lainnya",261478000,1,26-May,Provinsi Sulawesi Tengah,Badan Pengelolaan Keuangan dan Aset Daerah Provinsi Sulawesi Tengah,"Sulawesi Tengah, Palu (Kota)",43036230
1563,Belanja Perjalanan Dinas Biasa,51752000,1,26-Apr,Provinsi Sulawesi Tengah,Dinas Pendidikan Daerah Provinsi Sulawesi Tengah,"Sulawesi Tengah, Palu (Kota)",43071367
1564,Belanja Perjalanan Dinas Biasa,45468000,1,26-Mar,Provinsi Sulawesi Tengah,UPT. Pengawasan Ketenagakerjaan Wilayah I,"Sulawesi Tengah, Palu (Kota) | Sulawesi Tengah, Parigi Moutong (Kab.) | Sulawesi Tengah, Dongala (Kab.) | Sulawesi Tengah, Sigi (Kab.)",43085299
1565,Belanja Perjalanan Dinas Biasa,11550000,1,26-Feb,Provinsi Sulawesi Tengah,Badan Perencanaan Pembangunan Daerah Provinsi Sulawesi Tengah,"Sulawesi Tengah, Palu (Kota)",43093004
1566,Belanja Perjalanan Dinas Biasa,28703680,1,26-Jan,Provinsi Sulawesi Tengah,UPT XIII. Banggai Laut,"Sulawesi Tengah, Banggai Laut (Kab.)",43148606
1567,Belanja Perjalanan Dinas Biasa,19980000,1,26-Jan,Provinsi Sulawesi Tengah,UPT XIII. Banggai Laut,"Sulawesi Tengah, Banggai Laut (Kab.)",43148699
1568,Belanja Perjalanan Dinas Biasa,10000000,1,26-Apr,Provinsi Sulawesi Tengah,Dinas Bina Marga dan Penataan Ruang Provinsi Sulawesi Tengah,"Sulawesi Tengah, Banggai (Kab.)",43258687
1569,Belanja Perjalanan Dinas Biasa -  Monitoring dan Evaluasi SPM Bidang Pendidikan; Biaya Transportasi Darat dari Ibukota Provinsi ke Kabupaten/Kota dalam Provinsi,600000,1,26-Jan,Provinsi Sulawesi Selatan,DINAS PENDIDIKAN,"Sulawesi Selatan, Makassar (Kota)",42012983
1570,Belanja Perjalanan Dinas Biasa -  Monitoring dan Evaluasi SPM Bidang Pendidikan; Biaya Transportasi Darat dari Ibukota Provinsi ke Kabupaten/Kota dalam Provinsi,630000,1,26-Jan,Provinsi Sulawesi Selatan,DINAS PENDIDIKAN,"Sulawesi Selatan, Makassar (Kota)",42012984
1571,Belanja Perjalanan Dinas Biasa -  Monitoring dan Evaluasi SPM Bidang Pendidikan; Biaya Transportasi Darat dari Ibukota Provinsi ke Kabupaten/Kota dalam Provinsi,570000,1,26-Jan,Provinsi Sulawesi Selatan,DINAS PENDIDIKAN,"Sulawesi Selatan, Makassar (Kota)",42013000
1572,Belanja Perjalanan Dinas Biasa -  Monitoring dan Evaluasi SPM Bidang Pendidikan; Biaya Transportasi Darat dari Ibukota Provinsi ke Kabupaten/Kota dalam Provinsi,1050000,1,26-Jan,Provinsi Sulawesi Selatan,DINAS PENDIDIKAN,"Sulawesi Selatan, Makassar (Kota)",42013002
1573,Belanja Perjalanan Dinas Biasa,29096000,1,26-Jan,Provinsi Sulawesi Selatan,BADAN PENGHUBUNG,"DKI Jakarta, Jakarta Pusat (Kota)",42026708
1574,Belanja Perjalanan Dinas Biasa,7495000,1,26-Jan,Provinsi Sulawesi Selatan,BADAN PENGHUBUNG,"DKI Jakarta, Jakarta Pusat (Kota)",42027832
1575,Belanja Perjalanan Dinas Biasa,7495000,1,26-Jan,Provinsi Sulawesi Selatan,BADAN PENGHUBUNG,"DKI Jakarta, Jakarta Pusat (Kota)",42029688
1576,Belanja Perjalanan Dinas Biasa (UPT Jeneberang),118122200,1,26-Feb,Provinsi Sulawesi Selatan,"DINAS SUMBER DAYA AIR, CIPTA KARYA DAN TATA RUANG","Sulawesi Selatan, Gowa (Kab.)",42340697
1577,Belanja Perjalanan Dinas Biasa (UPT Saddang),127224000,1,26-Feb,Provinsi Sulawesi Selatan,"DINAS SUMBER DAYA AIR, CIPTA KARYA DAN TATA RUANG","Sulawesi Selatan, Pinrang (Kab.)",42341924
1578,Belanja Perjalanan Dinas Biasa (UPT Saddang),8325200,1,26-Feb,Provinsi Sulawesi Selatan,"DINAS SUMBER DAYA AIR, CIPTA KARYA DAN TATA RUANG","Sulawesi Selatan, Pinrang (Kab.)",42341984
1579,Belanja Perjalanan Dinas Biasa Panti Anak,10821800,1,26-Jan,Provinsi Sulawesi Selatan,DINAS SOSIAL,"Sulawesi Selatan, Makassar (Kota)",42199750
1580,Belanja Perjalanan Dinas Biasa,423099200,1,26-Jan,Provinsi Sulawesi Selatan,DINAS BINA MARGA DAN BINA KONSTRUKSI,"Sulawesi Selatan, Makassar (Kota)",42218655
1581,Belanja Perjalanan Dinas Biasa - UPTD II,346600000,1,26-Jan,Provinsi Sulawesi Selatan,DINAS BINA MARGA DAN BINA KONSTRUKSI,"Sulawesi Selatan, Enrekang (Kab.)",42219652
1582,Belanja Perjalanan Dinas Biasa - UPTD V,155941400,1,26-Jan,Provinsi Sulawesi Selatan,DINAS BINA MARGA DAN BINA KONSTRUKSI,"Sulawesi Selatan, Bone (Kab.)",42220649
1583,Belanja Perjalanan Dinas Biasa,70995000,1,26-Jan,Provinsi Sulawesi Selatan,BADAN PENGHUBUNG,"DKI Jakarta, Jakarta Pusat (Kota)",42054013
1584,Belanja Perjalanan Dinas Biasa (Perjalanan Dinas Dalam Daerah-Dekat),5900000,1,26-Jan,Provinsi Sulawesi Selatan,DINAS PENANAMAN MODAL DAN PTSP,"Sulawesi Selatan, Makassar (Kota)",42056722
1585,Belanja Perjalanan Dinas Biasa,161562000,1,26-Jan,Provinsi Sulawesi Selatan,"BADAN PERENCANAAN PEMBANGUNAN, PENELITIAN DAN PENGEMBANGAN DAERAH","Sulawesi Selatan, Makassar (Kota)",42057352
1586,Belanja Perjalanan Dinas Biasa,72225000,1,26-Jan,Provinsi Sulawesi Selatan,"BADAN PERENCANAAN PEMBANGUNAN, PENELITIAN DAN PENGEMBANGAN DAERAH","Sulawesi Selatan, Makassar (Kota)",42059014
1587,Belanja Perjalanan Dinas Biasa,99620000,1,26-Jan,Provinsi Sulawesi Selatan,DINAS KESEHATAN,"Sulawesi Selatan, Makassar (Kota)",42059689
1588,Belanja Perjalanan Dinas Biasa,29415000,1,26-Feb,Provinsi Sulawesi Selatan,DINAS PERHUBUNGAN,"DKI Jakarta, Jakarta Pusat (Kota)",42303531
1589,Belanja Perjalanan Dinas Biasa,21029000,1,26-Jan,Provinsi Sulawesi Selatan,BADAN KEPEGAWAIAN DAERAH,"Sulawesi Selatan, Makassar (Kota)",42065300
1590,Belanja Perjalanan Dinas Biasa #Monitoring dan Evaluasi Lokasi Transmigrasi,7570000,1,26-Jan,Provinsi Sulawesi Selatan,DINAS TENAGA KERJA DAN TRANSMIGRASI,"Sulawesi Selatan, Makassar (Kota)",42073131
1591,Belanja Perjalanan Dinas Biasa,26136600,1,26-Jan,Provinsi Sulawesi Selatan,BADAN PENDAPATAN DAERAH,"Sulawesi Selatan, Makassar (Kota)",41829116
1592,Belanja Perjalanan Dinas Biasa,150485600,1,26-Jan,Provinsi Sulawesi Selatan,BADAN PENDAPATAN DAERAH,"Sulawesi Selatan, Makassar (Kota)",41829126
1593,Belanja Perjalanan Dinas Biasa,207290400,1,26-Jan,Provinsi Sulawesi Selatan,BADAN PENDAPATAN DAERAH,"Sulawesi Selatan, Makassar (Kota)",41829190
1594,Belanja Perjalanan Dinas Biasa,309109400,1,26-Jan,Provinsi Sulawesi Selatan,DINAS ENERGI DAN SUMBER DAYA MINERAL,"Sulawesi Selatan, Makassar (Kota) | Sulawesi Selatan, Maros (Kab.) | Sulawesi Selatan, Gowa (Kab.) | Sulawesi Selatan, Palopo (Kota) | Sulawesi Selatan, Bulukumba (Kab.) | Sulawesi Selatan, Bone (Kab.) | Sulawesi Selatan, Pare-Pare (Kota)",41831180
1595,5.02.01.1.01.0001 Belanja Perjalanan Dinas Biasa,39190000,1,26-Jan,Provinsi Sulawesi Selatan,BADAN KEUANGAN DAN ASET DAERAH,"Sulawesi Selatan, Makassar (Kota)",41834440
1596,5.02.01.1.01.0006 Belanja Perjalanan Dinas Biasa,54900000,1,26-Jan,Provinsi Sulawesi Selatan,BADAN KEUANGAN DAN ASET DAERAH,"Sulawesi Selatan, Makassar (Kota)",41834765
1597,Belanja Perjalanan Dinas Biasa,47601000,1,26-Jan,Provinsi Sulawesi Selatan,DINAS PERDAGANGAN DAN PERINDUSTRIAN,"LAINNYA, Lainnya",41839056
1598,Belanja Perjalanan Dinas Biasa,301308800,1,26-Jan,Provinsi Sulawesi Selatan,DINAS BINA MARGA DAN BINA KONSTRUKSI,"Sulawesi Selatan, Makassar (Kota)",41845621
1599,5.02.02.1.01.0007 Belanja Perjalanan Dinas Biasa,156872000,1,26-Jan,Provinsi Sulawesi Selatan,BADAN KEUANGAN DAN ASET DAERAH,"Sulawesi Selatan, Makassar (Kota)",41846544
1600,Belanja Perjalanan Dinas Biasa,203619600,1,26-Jan,Provinsi Sulawesi Selatan,INSPEKTORAT,"Sulawesi Selatan, Makassar (Kota)",41849623
1601,Belanja Perjalanan Dinas Biasa,81290000,1,26-Jan,Provinsi Sulawesi Selatan,SEKRETARIAT DPRD,"Sulawesi Selatan, Makassar (Kota)",41857834
1602,Belanja Perjalanan Dinas Biasa,108815000,1,26-Jan,Provinsi Sulawesi Selatan,SEKRETARIAT DPRD,"Sulawesi Selatan, Makassar (Kota)",41857895
1603,Belanja Perjalanan Dinas Biasa,268470000,1,26-Jan,Provinsi Sulawesi Selatan,INSPEKTORAT,"Sulawesi Selatan, Makassar (Kota)",41860571
1604,Belanja Perjalanan Dinas Biasa,468934400,1,26-Feb,Provinsi Sulawesi Selatan,"DINAS SUMBER DAYA AIR, CIPTA KARYA DAN TATA RUANG","Sulawesi Selatan, Makassar (Kota)",41876686
1605,Belanja Perjalanan Dinas Biasa,467655000,3,26-Feb,Provinsi Sulawesi Selatan,SEKRETARIAT DPRD,"Sulawesi Selatan, Makassar (Kota)",41882427
1606,Belanja Perjalanan Dinas Biasa,360009000,1,26-Feb,Provinsi Sulawesi Selatan,SEKRETARIAT DPRD,"Sulawesi Selatan, Makassar (Kota)",41882482
1607,Belanja Perjalanan Dinas Biasa,11487000,1,26-Jan,Provinsi Sulawesi Selatan,DINAS LINGKUNGAN HIDUP DAN KEHUTANAN,"Sulawesi Selatan, Makassar (Kota)",41916049
1608,Belanja Perjalanan Dinas Biasa,3040000,1,26-Jan,Provinsi Sulawesi Selatan,DINAS KELAUTAN DAN PERIKANAN,"Sulawesi Selatan, Lainnya",41922999
1609,Belanja Perjalanan Dinas Biasa,148165000,1,26-Jan,Provinsi Sulawesi Selatan,DINAS KESEHATAN,"Sulawesi Selatan, Makassar (Kota)",41926105
1610,Belanja Perjalanan Dinas Biasa Monev Pemanfaatan Bantuan Pemerintah/Kedinasan Lainnya dan Pembangunan Gudang Garam Rakyat Kapasitas,3270000,1,26-Feb,Provinsi Sulawesi Selatan,DINAS KELAUTAN DAN PERIKANAN,"Sulawesi Selatan, Makassar (Kota)",41926224
1611,Belanja Perjalanan Dinas Biasa,3270000,1,26-Jan,Provinsi Sulawesi Selatan,DINAS KELAUTAN DAN PERIKANAN,"Sulawesi Selatan, Makassar (Kota)",41927273
1612,Belanja Perjalanan Dinas Biasa,314073200,1,26-Jan,Provinsi Sulawesi Selatan,"DINAS PERUMAHAN, KAWASAN PERMUKIMAN DAN PERTANAHAN","Sulawesi Selatan, Makassar (Kota)",41973653
1613,Belanja Perjalanan Dinas Biasa - UPTD II,56980000,1,26-Jan,Provinsi Sulawesi Selatan,DINAS BINA MARGA DAN BINA KONSTRUKSI,"Sulawesi Selatan, Enrekang (Kab.)",41993341
1614,Belanja Perjalanan Dinas Biasa,100331000,1,26-Jan,Provinsi Sulawesi Selatan,BADAN PENGEMBANGAN DAN SUMBER DAYA MANUSIA,"Sulawesi Selatan, Makassar (Kota)",41993794
1615,Belanja Perjalanan Dinas Biasa (UPT Walcen),24235000,1,26-Feb,Provinsi Sulawesi Selatan,"DINAS SUMBER DAYA AIR, CIPTA KARYA DAN TATA RUANG","Sulawesi Selatan, Wajo (Kab.)",42374017
1616,Belanja Perjalanan Dinas Biasa (UPT Walcen),160638400,1,26-Feb,Provinsi Sulawesi Selatan,"DINAS SUMBER DAYA AIR, CIPTA KARYA DAN TATA RUANG","Sulawesi Selatan, Wajo (Kab.)",42374506
1617,Belanja Perjalanan Dinas Biasa (UPT Walcen),21655000,1,26-Feb,Provinsi Sulawesi Selatan,"DINAS SUMBER DAYA AIR, CIPTA KARYA DAN TATA RUANG","Sulawesi Selatan, Wajo (Kab.)",42378136
1618,Belanja Perjalanan Dinas Biasa (UPT larona),35054400,1,26-Feb,Provinsi Sulawesi Selatan,"DINAS SUMBER DAYA AIR, CIPTA KARYA DAN TATA RUANG","Sulawesi Selatan, Palopo (Kota)",42380813
1619,Belanja Perjalanan Dinas Biasa,55187200,1,26-Jan,Provinsi Sulawesi Selatan,DINAS ENERGI DAN SUMBER DAYA MINERAL,"Sulawesi Selatan, Makassar (Kota)",43203185
1620,Belanja Perjalanan Dinas Biasa,11050000,1,26-Jan,Provinsi Sulawesi Selatan,BADAN PENDAPATAN DAERAH,"Sulawesi Selatan, Makassar (Kota)",41830296
1621,Belanja Perjalanan Dinas Biasa,46820000,1,26-Jan,Provinsi Sulawesi Selatan,DINAS ENERGI DAN SUMBER DAYA MINERAL,"Sulawesi Selatan, Makassar (Kota)",41830623
1622,Belanja Perjalanan Dinas Biasa,3500360400,1,26-Jan,Provinsi Sulawesi Selatan,BIRO UMUM,"Sulawesi Selatan, Makassar (Kota)",41830925
1623,Belanja Perjalanan Dinas Biasa,1118556000,1,26-Jan,Provinsi Sulawesi Selatan,BIRO UMUM,"Sulawesi Selatan, Makassar (Kota)",41831011
1624,Belanja Perjalanan Dinas Biasa,16054000,1,26-Jan,Provinsi Sulawesi Selatan,DINAS ENERGI DAN SUMBER DAYA MINERAL,"Sulawesi Selatan, Makassar (Kota)",41832052
1625,Belanja Perjalanan Dinas Biasa,89975400,1,26-Jan,Provinsi Sulawesi Selatan,DINAS ENERGI DAN SUMBER DAYA MINERAL,"Sulawesi Selatan, Maros (Kab.) | Sulawesi Selatan, Gowa (Kab.) | Sulawesi Selatan, Palopo (Kota) | Sulawesi Selatan, Bulukumba (Kab.) | Sulawesi Selatan, Bone (Kab.) | Sulawesi Selatan, Pare-Pare (Kota)",41832058
1626,Belanja Perjalanan Dinas Biasa,9980000,1,26-Jan,Provinsi Sulawesi Selatan,DINAS ENERGI DAN SUMBER DAYA MINERAL,"Sulawesi Selatan, Makassar (Kota)",41832360
1627,Belanja Perjalanan Dinas Biasa,9950000,1,26-Jan,Provinsi Sulawesi Selatan,DINAS ENERGI DAN SUMBER DAYA MINERAL,"Sulawesi Selatan, Makassar (Kota)",41832419
1628,Belanja Perjalanan Dinas Biasa,17655000,1,26-Jan,Provinsi Sulawesi Selatan,DINAS PERDAGANGAN DAN PERINDUSTRIAN,"Sulawesi Selatan, Makassar (Kota)",41835950
1629,Belanja Perjalanan Dinas Biasa,211497200,1,26-Jan,Provinsi Sulawesi Selatan,BADAN PENDAPATAN DAERAH,"Sulawesi Selatan, Makassar (Kota)",41836758
1630,Belanja Perjalanan Dinas Biasa,174765000,1,26-Jan,Provinsi Sulawesi Selatan,BADAN PENDAPATAN DAERAH,"Sulawesi Selatan, Makassar (Kota)",41837121
1631,Belanja Perjalanan Dinas Biasa,33847000,1,26-Jan,Provinsi Sulawesi Selatan,BADAN PENDAPATAN DAERAH,"Sulawesi Selatan, Makassar (Kota)",41840089
1632,Belanja Perjalanan Dinas Biasa,54954400,1,26-Jan,Provinsi Sulawesi Selatan,DINAS BINA MARGA DAN BINA KONSTRUKSI,"Sulawesi Selatan, Makassar (Kota)",41845390
1633,Belanja Perjalanan Dinas Biasa,115837200,1,26-Jan,Provinsi Sulawesi Selatan,DINAS BINA MARGA DAN BINA KONSTRUKSI,"Sulawesi Selatan, Makassar (Kota)",41845579
1634,Belanja Perjalanan Dinas Biasa,13025600,1,26-Jan,Provinsi Sulawesi Selatan,DINAS BINA MARGA DAN BINA KONSTRUKSI,"Sulawesi Selatan, Makassar (Kota)",41846331
1635,5.02.02.1.03.0001 Belanja Perjalanan Dinas Biasa,61635000,1,26-Jan,Provinsi Sulawesi Selatan,BADAN KEUANGAN DAN ASET DAERAH,"Sulawesi Selatan, Makassar (Kota)",41846933
1636,5.02.02.1.03.0011 Belanja Perjalanan Dinas Biasa,65945200,1,26-Jan,Provinsi Sulawesi Selatan,BADAN KEUANGAN DAN ASET DAERAH,"Sulawesi Selatan, Makassar (Kota)",41847299
1637,Belanja Perjalanan Dinas Biasa,371285000,1,26-Jan,Provinsi Sulawesi Selatan,INSPEKTORAT,"Sulawesi Selatan, Makassar (Kota)",41855057
1638,Belanja Perjalanan Dinas Biasa,261390000,1,26-Jan,Provinsi Sulawesi Selatan,INSPEKTORAT,"Sulawesi Selatan, Makassar (Kota)",41856144
1639,Belanja Perjalanan Dinas Biasa,84146200,1,26-Feb,Provinsi Sulawesi Selatan,SATUAN POLISI PAMONG PRAJA,"Sulawesi Selatan, Makassar (Kota)",41866369
1640,Belanja Perjalanan Dinas Biasa,346850000,1,26-Feb,Provinsi Sulawesi Selatan,SEKRETARIAT DPRD,"Sulawesi Selatan, Makassar (Kota)",41882524
1641,Belanja Perjalanan Dinas Biasa,721265000,1,26-Feb,Provinsi Sulawesi Selatan,SEKRETARIAT DPRD,"Sulawesi Selatan, Makassar (Kota)",41882614
1642,Belanja Perjalanan Dinas Biasa,60682000,1,26-Feb,Provinsi Sulawesi Selatan,SEKRETARIAT DPRD,"Sulawesi Selatan, Makassar (Kota)",41891229
1643,Belanja Perjalanan Dinas Biasa,26820000,1,26-Jan,Provinsi Sulawesi Selatan,"DINAS KOPERASI, USAHA KECIL DAN MENENGAH","Sulawesi Selatan, Makassar (Kota)",41901002
1644,Belanja Perjalanan Dinas Biasa Dalam Rangka Koordinasi data dan Informasi KP,6180000,1,26-Jan,Provinsi Sulawesi Selatan,DINAS KELAUTAN DAN PERIKANAN,"Sulawesi Selatan, Makassar (Kota)",41909045
1645,Belanja Perjalanan Dinas Biasa,99878800,1,26-Jan,Provinsi Sulawesi Selatan,BIRO PENGADAAN BARANG DAN JASA,"Sulawesi Selatan, Makassar (Kota)",41920465
1646,Belanja Perjalanan Dinas Biasa,47880400,1,26-Jan,Provinsi Sulawesi Selatan,DINAS LINGKUNGAN HIDUP DAN KEHUTANAN,"Sulawesi Selatan, Makassar (Kota)",41921859
1647,Belanja Perjalanan Dinas Biasa,5175000,1,26-Jan,Provinsi Sulawesi Selatan,DINAS KELAUTAN DAN PERIKANAN,"Sulawesi Selatan, Makassar (Kota)",41924269
1648,Belanja Perjalanan Dinas Biasa,5260000,1,26-Feb,Provinsi Sulawesi Selatan,DINAS KELAUTAN DAN PERIKANAN,"Sulawesi Selatan, Makassar (Kota)",41925284
1649,Belanja Perjalanan Dinas Biasa,4460000,1,26-Jan,Provinsi Sulawesi Selatan,DINAS KELAUTAN DAN PERIKANAN,"Sulawesi Selatan, Makassar (Kota)",41927937
1650,Belanja Perjalanan Dinas Biasa,4920000,1,26-Jan,Provinsi Sulawesi Selatan,DINAS KELAUTAN DAN PERIKANAN,"Sulawesi Selatan, Makassar (Kota)",41928035
1651,Belanja Perjalanan Dinas Biasa - UPTD IV,34990000,1,26-Jan,Provinsi Sulawesi Selatan,DINAS BINA MARGA DAN BINA KONSTRUKSI,"Sulawesi Selatan, Makassar (Kota)",41994033
1652,Belanja Perjalanan Dinas Biasa,14990000,1,26-Jan,Provinsi Sulawesi Selatan,BADAN PENGHUBUNG,"DKI Jakarta, Jakarta Pusat (Kota)",42028547
1653,Belanja Perjalanan Dinas Biasa (Eselon IV Luar Daerah - Sedang),22173000,1,26-Jan,Provinsi Sulawesi Selatan,DINAS PENANAMAN MODAL DAN PTSP,"DKI Jakarta, Jakarta Pusat (Kota)",42037797
1654,Belanja Perjalanan Dinas Biasa (UPT Jeneberang),4300000,1,26-Feb,Provinsi Sulawesi Selatan,"DINAS SUMBER DAYA AIR, CIPTA KARYA DAN TATA RUANG","Sulawesi Selatan, Gowa (Kab.)",42337929
1655,Belanja Perjalanan Dinas Biasa (UPT Jeneberang),25785200,1,26-Feb,Provinsi Sulawesi Selatan,"DINAS SUMBER DAYA AIR, CIPTA KARYA DAN TATA RUANG","Sulawesi Selatan, Gowa (Kab.)",42340809
1656,Belanja Perjalanan Dinas Biasa,222122800,1,26-Jan,Provinsi Sulawesi Selatan,"DINAS PEMBERDAYAAN PEREMPUAN, PERLINDUNGAN ANAK, PENGENDALIAN PENDUDUK, DAN KELUARGA BERENCANA","Sulawesi Selatan, Makassar (Kota)",42105235
1657,Belanja Perjalanan Dinas Biasa,161006000,1,26-Jan,Provinsi Sulawesi Selatan,DINAS PEMBERDAYAAN MASYARAKAT DAN DESA,"Sulawesi Selatan, Makassar (Kota)",42095254
1658,Belanja Perjalanan Dinas Biasa,100644000,1,26-Jan,Provinsi Sulawesi Selatan,"DINAS PEMBERDAYAAN PEREMPUAN, PERLINDUNGAN ANAK, PENGENDALIAN PENDUDUK, DAN KELUARGA BERENCANA","Sulawesi Selatan, Makassar (Kota)",42120178
1659,Belanja Perjalanan Dinas Biasa,200280000,1,26-Jan,Provinsi Sulawesi Selatan,"BADAN PERENCANAAN PEMBANGUNAN, PENELITIAN DAN PENGEMBANGAN DAERAH","Sulawesi Selatan, Makassar (Kota)",42120260
1660,Belanja Perjalanan Dinas Biasa,151393200,1,26-Jan,Provinsi Sulawesi Selatan,"DINAS PEMBERDAYAAN PEREMPUAN, PERLINDUNGAN ANAK, PENGENDALIAN PENDUDUK, DAN KELUARGA BERENCANA","Sulawesi Selatan, Makassar (Kota)",42120517
1661,"Belanja Perjalanan Dinas Biasa/Perjalanan Dinas Dalam Rangka Pembinaan, Monev, Sosialisasi Kegiatan dan Kedinasan Lainnya keKab/Kota",47290000,1,26-Jan,Provinsi Sulawesi Selatan,"DINAS TANAMAN PANGAN, HORTIKULTURA DAN PERKEBUNAN","Sulawesi Selatan, Makassar (Kota)",42153348
1662,Belanja Perjalanan Dinas Biasa,132034600,1,26-Jan,Provinsi Sulawesi Selatan,BIRO PEREKONOMIAN DAN ADMINISTRASI PEMBANGUNAN,"Sulawesi Selatan, Makassar (Kota)",42155282
1663,"Belanja Perjalanan Dinas Biasa Dalam Rangka Koordinasi, Identifikasi, Verifikasi, Monitoring dan Kedinasan Lainnya (Bidang PSP)",49775400,1,26-Jan,Provinsi Sulawesi Selatan,"DINAS TANAMAN PANGAN, HORTIKULTURA DAN PERKEBUNAN","Sulawesi Selatan, Makassar (Kota)",42212510
1664,Belanja Perjalanan Dinas Biasa,2530000,1,26-Jan,Provinsi Sulawesi Selatan,DINAS PERDAGANGAN DAN PERINDUSTRIAN,"Sulawesi Selatan, Makassar (Kota)",42218957
1665,Belanja Perjalanan Dinas Biasa - UPTD V,93116600,1,26-Jan,Provinsi Sulawesi Selatan,DINAS BINA MARGA DAN BINA KONSTRUKSI,"Sulawesi Selatan, Bone (Kab.)",42218986
1666,Belanja Perjalanan Dinas Biasa,86953800,1,26-Jan,Provinsi Sulawesi Selatan,BADAN KEPEGAWAIAN DAERAH,"Sulawesi Selatan, Makassar (Kota)",42065317
1667,Belanja Perjalanan Dinas Biasa,16578000,1,26-Jan,Provinsi Sulawesi Selatan,BADAN KEPEGAWAIAN DAERAH,"Sulawesi Selatan, Makassar (Kota)",42065706
1668,Belanja Perjalanan Dinas Biasa #Penegakan Hukum Ketenagakerjaan,14700000,1,26-Jan,Provinsi Sulawesi Selatan,DINAS TENAGA KERJA DAN TRANSMIGRASI,"Sulawesi Selatan, Makassar (Kota)",42071453
1669,Belanja Perjalanan Dinas Biasa #Pelayanan K3,8920000,1,26-Jan,Provinsi Sulawesi Selatan,DINAS TENAGA KERJA DAN TRANSMIGRASI,"Sulawesi Selatan, Makassar (Kota)",42071774
1670,Belanja Perjalanan Dinas Biasa,276631200,1,26-Jan,Provinsi Sulawesi Selatan,BADAN PENANGGULANGAN BENCANA DAERAH,"Sulawesi Selatan, Makassar (Kota)",42051046
1671,Belanja Perjalanan Dinas Biasa (Perjalanan Dinas Dalam Daerah Golongan III - Sedang),8760000,1,26-Jan,Provinsi Sulawesi Selatan,DINAS PENANAMAN MODAL DAN PTSP,"Sulawesi Selatan, Makassar (Kota)",42056801
1672,Belanja Perjalanan Dinas Biasa,190383200,1,26-Jan,Provinsi Sulawesi Selatan,"DINAS KOMUNIKASI DAN INFORMATIKA, STATISTIK DAN PERSANDIAN","Sulawesi Selatan, Makassar (Kota)",42059303
1673,Belanja Perjalanan Dinas Biasa,42083200,1,26-Jan,Provinsi Sulawesi Selatan,BADAN PENDAPATAN DAERAH,"Sulawesi Selatan, Makassar (Kota)",41828929
1674,Belanja Perjalanan Dinas Biasa,26326600,1,26-Jan,Provinsi Sulawesi Selatan,BADAN PENDAPATAN DAERAH,"Sulawesi Selatan, Makassar (Kota)",41829119
1675,Belanja Perjalanan Dinas Biasa,50590000,1,26-Jan,Provinsi Sulawesi Selatan,DINAS ENERGI DAN SUMBER DAYA MINERAL,"Sulawesi Selatan, Makassar (Kota)",41830495
1676,Belanja Perjalanan Dinas Biasa,23910000,1,26-Jan,Provinsi Sulawesi Selatan,DINAS ENERGI DAN SUMBER DAYA MINERAL,"Sulawesi Selatan, Makassar (Kota)",41833203
1677,Belanja Perjalanan Dinas Biasa,19300200,1,26-Jan,Provinsi Sulawesi Selatan,BADAN PENDAPATAN DAERAH,"Sulawesi Selatan, Makassar (Kota)",41837538
1678,Belanja Perjalanan Dinas Biasa,178014000,1,26-Jan,Provinsi Sulawesi Selatan,DINAS PERDAGANGAN DAN PERINDUSTRIAN,"Sulawesi Selatan, Makassar (Kota)",41838558
1679,Belanja Perjalanan Dinas Biasa,48162000,1,26-Jan,Provinsi Sulawesi Selatan,DINAS PERDAGANGAN DAN PERINDUSTRIAN,"LAINNYA, Lainnya",41839201
1680,5.02.02.1.01.0008 Belanja Perjalanan Dinas Biasa,23819000,1,26-Jan,Provinsi Sulawesi Selatan,BADAN KEUANGAN DAN ASET DAERAH,"Sulawesi Selatan, Makassar (Kota)",41846569
1681,5.02.02.1.03.0004 Belanja Perjalanan Dinas Biasa,14644000,1,26-Jan,Provinsi Sulawesi Selatan,BADAN KEUANGAN DAN ASET DAERAH,"Sulawesi Selatan, Makassar (Kota)",41846975
1682,5.02.02.1.04.0002 Belanja Perjalanan Dinas Biasa,23819000,1,26-Jan,Provinsi Sulawesi Selatan,BADAN KEUANGAN DAN ASET DAERAH,"Sulawesi Selatan, Makassar (Kota)",41847366
1683,5.02.03.1.01.0001 Belanja Perjalanan Dinas Biasa,15530000,1,26-Jan,Provinsi Sulawesi Selatan,BADAN KEUANGAN DAN ASET DAERAH,"Sulawesi Selatan, Makassar (Kota)",41847683
1684,Belanja Perjalanan Dinas Biasa,23819000,1,26-Jan,Provinsi Sulawesi Selatan,INSPEKTORAT,"Sulawesi Selatan, Makassar (Kota)",41848497
1685,Belanja Perjalanan Dinas Biasa,161961200,1,26-Jan,Provinsi Sulawesi Selatan,INSPEKTORAT,"Sulawesi Selatan, Makassar (Kota)",41855512
1686,Belanja Perjalanan Dinas Biasa,58519000,1,26-Jan,Provinsi Sulawesi Selatan,SEKRETARIAT DPRD,"Sulawesi Selatan, Makassar (Kota)",41857725
1687,Belanja Perjalanan Dinas Biasa,356845000,1,26-Jan,Provinsi Sulawesi Selatan,BADAN KESATUAN BANGSA DAN POLITIK,"Sulawesi Selatan, Makassar (Kota)",41860064
1688,Belanja Perjalanan Dinas Biasa,14782000,1,26-Jan,Provinsi Sulawesi Selatan,BADAN KESATUAN BANGSA DAN POLITIK,"Sulawesi Selatan, Makassar (Kota)",41860381
1689,Belanja Perjalanan Dinas Biasa,56751400,1,26-Feb,Provinsi Sulawesi Selatan,DINAS PETERNAKAN DAN KESEHATAN HEWAN,"Sulawesi Selatan, Makassar (Kota)",41864993
1690,Belanja Perjalanan Dinas Biasa,7485200,1,26-Feb,Provinsi Sulawesi Selatan,DINAS PETERNAKAN DAN KESEHATAN HEWAN,"Sulawesi Selatan, Makassar (Kota)",41865153
1691,Belanja Perjalanan Dinas Biasa,20750400,1,26-Jan,Provinsi Sulawesi Selatan,SATUAN POLISI PAMONG PRAJA,"Sulawesi Selatan, Makassar (Kota)",41866164
1692,Belanja Perjalanan Dinas Biasa,286834000,1,26-Feb,Provinsi Sulawesi Selatan,SEKRETARIAT DPRD,"Sulawesi Selatan, Makassar (Kota)",41877926
1693,Belanja Perjalanan Dinas Biasa,1033096800,1,26-Jan,Provinsi Sulawesi Selatan,BADAN PENDAPATAN DAERAH,"Sulawesi Selatan, Makassar (Kota)",41911141
1694,Belanja Perjalanan Dinas Biasa,104363000,1,26-Feb,Provinsi Sulawesi Selatan,DINAS KELAUTAN DAN PERIKANAN,"Sulawesi Selatan, Makassar (Kota)",41912265
1695,"Belanja Perjalanan Dinas Biasa 9CD Ajatappareng, CD Bosowasi, CD Luwu Raya, CD Mamminasata, CD Pangkep, CD Selayar, CD Wil Selatan, Koordinasi/Identifikasi/Pelaksanaanmonev/Kedinasan lainnya)",95165000,1,26-Jan,Provinsi Sulawesi Selatan,DINAS KELAUTAN DAN PERIKANAN,"Sulawesi Selatan, Makassar (Kota)",41912492
1696,Belanja Perjalanan Dinas Biasa,16222000,1,26-Jan,Provinsi Sulawesi Selatan,DINAS LINGKUNGAN HIDUP DAN KEHUTANAN,"Sulawesi Selatan, Makassar (Kota)",41916280
1697,Belanja Perjalanan Dinas Biasa,493525000,1,26-Feb,Provinsi Sulawesi Selatan,"DINAS SUMBER DAYA AIR, CIPTA KARYA DAN TATA RUANG","Sulawesi Selatan, Makassar (Kota)",41917594
1698,Belanja Perjalanan Dinas Biasa,8620000,1,26-Jan,Provinsi Sulawesi Selatan,DINAS KELAUTAN DAN PERIKANAN,"Sulawesi Selatan, Makassar (Kota)",41924399
1699,Belanja Perjalanan Dinas Biasa,3960000,1,26-Jan,Provinsi Sulawesi Selatan,DINAS KELAUTAN DAN PERIKANAN,"Sulawesi Selatan, Makassar (Kota)",41924424
1700,Belanja Perjalanan Dinas Biasa Koordinasi/konsultasi/kedinasan lainnya,3700000,1,26-Feb,Provinsi Sulawesi Selatan,DINAS KELAUTAN DAN PERIKANAN,"Sulawesi Selatan, Makassar (Kota)",41924915
1701,Belanja Perjalanan Dinas Biasa Koordinasi/konsultasi/kedinasan lainnya,3700000,1,26-Feb,Provinsi Sulawesi Selatan,DINAS KELAUTAN DAN PERIKANAN,"Sulawesi Selatan, Makassar (Kota)",41924915
1702,Belanja Perjalanan Dinas Biasa (Pengumpulan Data Awal/Data lapangan),4170000,1,26-Feb,Provinsi Sulawesi Selatan,DINAS KELAUTAN DAN PERIKANAN,"Sulawesi Selatan, Makassar (Kota)",41924963
1703,Belanja Perjalanan Dinas Biasa dalam rangka Koordinasi/identifikasi/pelaksanaan/monev/kedinasan lainnya (CDK Mamminasata) dan Pengembangan kapasitas Kelembagaan Masyarakat Pesisir,34350000,1,26-Feb,Provinsi Sulawesi Selatan,DINAS KELAUTAN DAN PERIKANAN,"Sulawesi Selatan, Makassar (Kota)",41925769
1704,Belanja Perjalanan Dinas Biasa,6390000,1,26-Jan,Provinsi Sulawesi Selatan,DINAS KELAUTAN DAN PERIKANAN,"Sulawesi Selatan, Makassar (Kota)",41927193
1705,Belanja Perjalanan Dinas Biasa,5490000,1,26-Jan,Provinsi Sulawesi Selatan,DINAS KELAUTAN DAN PERIKANAN,"Sulawesi Selatan, Makassar (Kota)",41928391
1706,Belanja Perjalanan Dinas Biasa,174440000,1,26-Jan,Provinsi Sulawesi Selatan,DINAS KESEHATAN,"Sulawesi Selatan, Makassar (Kota)",41959529
1707,Belanja Perjalanan Dinas Biasa,269889000,1,26-Jan,Provinsi Sulawesi Selatan,DINAS SOSIAL,"Sulawesi Selatan, Makassar (Kota)",41965692
1708,Belanja Perjalanan Dinas Biasa - UPTD III,50700000,1,26-Jan,Provinsi Sulawesi Selatan,DINAS BINA MARGA DAN BINA KONSTRUKSI,"Sulawesi Selatan, Pare-Pare (Kota)",41993781
1709,Belanja Perjalanan Dinas Biasa -  Monitoring dan Evaluasi SPM Bidang Pendidikan; Biaya Transportasi Darat dari Ibukota Provinsi ke Kabupaten/Kota dalam Provinsi,1050000,1,26-Jan,Provinsi Sulawesi Selatan,DINAS PENDIDIKAN,"Sulawesi Selatan, Makassar (Kota)",42012996
1710,Belanja Perjalanan Dinas Biasa,14836000,1,26-Jan,Provinsi Sulawesi Selatan,BADAN PENGHUBUNG,"DKI Jakarta, Jakarta Pusat (Kota)",42028347
1711,Belanja Perjalanan Dinas Biasa,7495000,1,26-Jan,Provinsi Sulawesi Selatan,BADAN PENGHUBUNG,"DKI Jakarta, Jakarta Pusat (Kota)",42029060
1712,Belanja Perjalanan Dinas Biasa,19730000,1,26-Jan,Provinsi Sulawesi Selatan,BADAN PENGHUBUNG,"DKI Jakarta, Jakarta Pusat (Kota)",42055994
1713,Belanja Perjalanan Dinas Biasa (Perjalanan Dinas Dalam Daerah Eselon III / Gol IV - Sedang ),5680000,1,26-Jan,Provinsi Sulawesi Selatan,DINAS PENANAMAN MODAL DAN PTSP,"Sulawesi Selatan, Makassar (Kota)",42056790
1714,Belanja Perjalanan Dinas Biasa,424685000,1,26-Jan,Provinsi Sulawesi Selatan,"BADAN PERENCANAAN PEMBANGUNAN, PENELITIAN DAN PENGEMBANGAN DAERAH","Sulawesi Selatan, Makassar (Kota)",42057252
1715,Belanja Perjalanan Dinas Biasa,70125000,1,26-Jan,Provinsi Sulawesi Selatan,"BADAN PERENCANAAN PEMBANGUNAN, PENELITIAN DAN PENGEMBANGAN DAERAH","Sulawesi Selatan, Makassar (Kota)",42059007
1716,Belanja Perjalanan Dinas Biasa,87690000,1,26-Jan,Provinsi Sulawesi Selatan,"BADAN PERENCANAAN PEMBANGUNAN, PENELITIAN DAN PENGEMBANGAN DAERAH","Sulawesi Selatan, Makassar (Kota)",42059034
1717,Belanja Perjalanan Dinas Biasa,115000000,1,26-Jan,Provinsi Sulawesi Selatan,BADAN KEPEGAWAIAN DAERAH,"Sulawesi Selatan, Makassar (Kota)",42064858
1718,Belanja Perjalanan Dinas Biasa,9465000,1,26-Jan,Provinsi Sulawesi Selatan,BADAN KEPEGAWAIAN DAERAH,"Sulawesi Selatan, Makassar (Kota)",42065003
1719,Belanja Perjalanan Dinas Biasa #Perlindungan PMI,120890000,1,26-Jan,Provinsi Sulawesi Selatan,DINAS TENAGA KERJA DAN TRANSMIGRASI,"Sulawesi Selatan, Makassar (Kota)",42066498
1720,Belanja Perjalanan Dinas Biasa,150276000,1,26-Jan,Provinsi Sulawesi Selatan,DINAS PEMBERDAYAAN MASYARAKAT DAN DESA,"Sulawesi Selatan, Makassar (Kota)",42098584
1721,Belanja Perjalanan Dinas Biasa,210080400,1,26-Mar,Provinsi Sulawesi Selatan,DINAS PEMBERDAYAAN MASYARAKAT DAN DESA,"Sulawesi Selatan, Makassar (Kota)",42155695
1722,Belanja Perjalanan Dinas Biasa,413708000,1,26-Jan,Provinsi Sulawesi Selatan,"DINAS TANAMAN PANGAN, HORTIKULTURA DAN PERKEBUNAN","Sulawesi Selatan, Makassar (Kota)",42158617
1723,Belanja Perjalanan Dinas Biasa,30675400,1,26-Feb,Provinsi Sulawesi Selatan,"DINAS SUMBER DAYA AIR, CIPTA KARYA DAN TATA RUANG","Sulawesi Selatan, Makassar (Kota)",42250675
1724,Belanja Perjalanan Dinas Biasa,10360000,1,26-Feb,Provinsi Sulawesi Selatan,"DINAS SUMBER DAYA AIR, CIPTA KARYA DAN TATA RUANG","Sulawesi Selatan, Makassar (Kota)",42283846
1725,Belanja Perjalanan Dinas Biasa,48280000,1,26-Feb,Provinsi Sulawesi Selatan,DINAS PERHUBUNGAN,"Sulawesi Selatan, Makassar (Kota)",42303438
1726,Belanja Perjalanan Dinas Biasa,51600000,1,26-Feb,Provinsi Sulawesi Selatan,DINAS PERHUBUNGAN,"Sulawesi Selatan, Makassar (Kota)",42303542
1727,Belanja Perjalanan Dinas Biasa,179444000,1,26-Feb,Provinsi Sulawesi Selatan,DINAS PERHUBUNGAN,"DKI Jakarta, Jakarta Pusat (Kota)",42303621
1728,Belanja Perjalanan Dinas Biasa/Konsultasi dan koordinasi dan Kedinasan Lainnya (Gorontalo)/BBTP,36543000,1,26-Feb,Provinsi Sulawesi Selatan,"DINAS TANAMAN PANGAN, HORTIKULTURA DAN PERKEBUNAN","Sulawesi Selatan, Makassar (Kota)",42850799
1729,Belanja Perjalanan Dinas Biasa,250235400,1,26-Jan,Provinsi Sulawesi Selatan,DINAS LINGKUNGAN HIDUP DAN KEHUTANAN,"Sulawesi Selatan, Makassar (Kota)",43309586
1730,"Belanja Perjalanan Dinas Biasa/Pembinaan, pengawasan dan monev perbanyakan benih /BBTP",190649892,1,26-Feb,Provinsi Sulawesi Selatan,"DINAS TANAMAN PANGAN, HORTIKULTURA DAN PERKEBUNAN","Sulawesi Selatan, Makassar (Kota)",43389703
1731,Belanja Perjalanan Dinas Biasa - UPTD V,47110000,1,26-Jan,Provinsi Sulawesi Selatan,DINAS BINA MARGA DAN BINA KONSTRUKSI,"Sulawesi Selatan, Bone (Kab.)",41994790
1732,Belanja Perjalanan Dinas Biasa (Inventarisasi Koleksi Senjata Tradisional Sulawesi Selatan-UPT Museum Mandala-DAK),42920000,1,26-Oct,Provinsi Sulawesi Selatan,DINAS KEBUDAYAAN DAN KEPARIWISATAAN,"Sulawesi Selatan, Makassar (Kota)",42000150
1733,Belanja Perjalanan Dinas Biasa -  Monitoring dan Evaluasi SPM Bidang Pendidikan; Biaya Transportasi Darat dari Ibukota Provinsi ke Kabupaten/Kota dalam Provinsi,720000,1,26-Jan,Provinsi Sulawesi Selatan,DINAS PENDIDIKAN,"Sulawesi Selatan, Makassar (Kota)",42012985
1734,Belanja Perjalanan Dinas Biasa -  Monitoring dan Evaluasi SPM Bidang Pendidikan; Biaya Transportasi Darat dari Ibukota Provinsi ke Kabupaten/Kota dalam Provinsi,525000,1,26-Jan,Provinsi Sulawesi Selatan,DINAS PENDIDIKAN,"Sulawesi Selatan, Makassar (Kota)",42012987
1735,"Belanja Perjalanan Dinas Biasa (CDK Ajatappareng, CDK Pangkep, CDK Selayar)",10320000,1,26-Jan,Provinsi Sulawesi Selatan,DINAS KELAUTAN DAN PERIKANAN,"Sulawesi Selatan, Makassar (Kota)",42018554
1736,Belanja Perjalanan Dinas Biasa (Eselon III/Golongan IV Luar Daerah - Sedang),29564000,1,26-Jan,Provinsi Sulawesi Selatan,DINAS PENANAMAN MODAL DAN PTSP,"DKI Jakarta, Jakarta Pusat (Kota)",42031467
1737,Belanja Perjalanan Dinas Biasa (UPT Walcen),18553600,1,26-Feb,Provinsi Sulawesi Selatan,"DINAS SUMBER DAYA AIR, CIPTA KARYA DAN TATA RUANG","Sulawesi Selatan, Wajo (Kab.)",42357688
1738,Belanja Perjalanan Dinas Biasa,11783000,1,26-Jan,Provinsi Sulawesi Selatan,"DINAS PEMBERDAYAAN PEREMPUAN, PERLINDUNGAN ANAK, PENGENDALIAN PENDUDUK, DAN KELUARGA BERENCANA","Sulawesi Selatan, Makassar (Kota)",42125078
1739,Belanja Perjalanan Dinas Biasa - UPTD Workshop dan Peralatan,87176400,1,26-Jan,Provinsi Sulawesi Selatan,DINAS BINA MARGA DAN BINA KONSTRUKSI,"Sulawesi Selatan, Makassar (Kota)",42194762
1740,Belanja Perjalanan Dinas Biasa,34650000,1,26-Feb,Provinsi Sulawesi Selatan,"DINAS SUMBER DAYA AIR, CIPTA KARYA DAN TATA RUANG","Sulawesi Selatan, Makassar (Kota)",42200080
1741,Belanja Perjalanan Dinas Biasa DBH KELAPA SAWIT,51105000,1,26-Jan,Provinsi Sulawesi Selatan,"DINAS TANAMAN PANGAN, HORTIKULTURA DAN PERKEBUNAN","Sulawesi Selatan, Makassar (Kota)",42230638
1742,Belanja Perjalanan Dinas Biasa,29928000,1,26-Feb,Provinsi Sulawesi Selatan,"DINAS SUMBER DAYA AIR, CIPTA KARYA DAN TATA RUANG","Sulawesi Selatan, Makassar (Kota)",42250979
1743,Belanja Perjalanan Dinas Biasa,68686000,1,26-Jan,Provinsi Sulawesi Selatan,"BADAN PERENCANAAN PEMBANGUNAN, PENELITIAN DAN PENGEMBANGAN DAERAH","Sulawesi Selatan, Makassar (Kota)",42059029
1744,Belanja Perjalanan Dinas Biasa,97836000,1,26-Jan,Provinsi Sulawesi Selatan,DINAS KESEHATAN,"Sulawesi Selatan, Makassar (Kota)",42059131
1745,Belanja Perjalanan Dinas Biasa,22958000,1,26-Jan,Provinsi Sulawesi Selatan,BADAN KEPEGAWAIAN DAERAH,"Sulawesi Selatan, Makassar (Kota)",42063655
1746,Belanja Perjalanan Dinas Biasa,9910000,1,26-Feb,Provinsi Sulawesi Selatan,DINAS PERHUBUNGAN,"Sulawesi Selatan, Makassar (Kota)",42303522
1747,Belanja Perjalanan Dinas Biasa #Jamsos Tenaga Kerja,28250000,1,26-Jan,Provinsi Sulawesi Selatan,DINAS TENAGA KERJA DAN TRANSMIGRASI,"Sulawesi Selatan, Makassar (Kota)",42067069
1748,Belanja Perjalanan Dinas Biasa,200000000,1,26-Jan,Provinsi Sulawesi Selatan,RSUD LABUANG BAJI,"Sulawesi Selatan, Makassar (Kota)",42083752
1749,Belanja Perjalanan Dinas Biasa,43910000,1,26-Feb,Provinsi Sulawesi Selatan,"DINAS SUMBER DAYA AIR, CIPTA KARYA DAN TATA RUANG","Sulawesi Selatan, Makassar (Kota)",42097588
1750,Belanja Perjalanan Dinas Biasa,46990000,1,26-Feb,Provinsi Sulawesi Selatan,"DINAS SUMBER DAYA AIR, CIPTA KARYA DAN TATA RUANG","Sulawesi Selatan, Makassar (Kota)",42107273
1751,Belanja Perjalanan Dinas Biasa,14949000,1,26-Jan,Provinsi Sulawesi Selatan,BADAN KEPEGAWAIAN DAERAH,"Sulawesi Selatan, Makassar (Kota)",42065158
1752,Belanja Perjalanan Dinas Biasa,14880000,1,26-Jan,Provinsi Sulawesi Selatan,DINAS ENERGI DAN SUMBER DAYA MINERAL,"Sulawesi Selatan, Makassar (Kota)",41832038
1753,Belanja Perjalanan Dinas Biasa,613044000,1,26-Jan,Provinsi Sulawesi Selatan,DINAS ENERGI DAN SUMBER DAYA MINERAL,"Sulawesi Selatan, Makassar (Kota)",41832136
1754,Belanja Perjalanan Dinas Biasa,14120000,1,26-Jan,Provinsi Sulawesi Selatan,DINAS ENERGI DAN SUMBER DAYA MINERAL,"Sulawesi Selatan, Makassar (Kota)",41832149
1755,Belanja Perjalanan Dinas Biasa,105791000,1,26-Jan,Provinsi Sulawesi Selatan,DINAS PERDAGANGAN DAN PERINDUSTRIAN,"Sulawesi Selatan, Makassar (Kota)",41838950
1756,5.02.01.1.06.0009 Belanja Perjalanan Dinas Biasa,515396600,1,26-Jan,Provinsi Sulawesi Selatan,BADAN KEUANGAN DAN ASET DAERAH,"Sulawesi Selatan, Makassar (Kota)",41839192
1757,Belanja Perjalanan Dinas Biasa,15530000,1,26-Jan,Provinsi Sulawesi Selatan,DINAS PERDAGANGAN DAN PERINDUSTRIAN,"Sulawesi Selatan, Makassar (Kota)",41840957
1758,Belanja Perjalanan Dinas Biasa - Bintek,101743600,1,26-Jan,Provinsi Sulawesi Selatan,DINAS BINA MARGA DAN BINA KONSTRUKSI,,41845328
1759,5.02.02.1.02.0012 Belanja Perjalanan Dinas Biasa,23819000,1,26-Jan,Provinsi Sulawesi Selatan,BADAN KEUANGAN DAN ASET DAERAH,"Sulawesi Selatan, Makassar (Kota)",41846803
1760,5.02.02.1.03.0007 Belanja Perjalanan Dinas Biasa,28395000,1,26-Jan,Provinsi Sulawesi Selatan,BADAN KEUANGAN DAN ASET DAERAH,"Sulawesi Selatan, Makassar (Kota)",41847189
1761,Belanja Perjalanan Dinas Biasa - Dinas,21060000,1,26-Jan,Provinsi Sulawesi Selatan,DINAS BINA MARGA DAN BINA KONSTRUKSI,"Sulawesi Selatan, Makassar (Kota)",41847194
1762,5.02.02.1.04.0006 Belanja Perjalanan Dinas Biasa,16054000,1,26-Jan,Provinsi Sulawesi Selatan,BADAN KEUANGAN DAN ASET DAERAH,"Sulawesi Selatan, Makassar (Kota)",41847499
1763,5.02.03.1.01.0004 Belanja Perjalanan Dinas Biasa,22421000,1,26-Jan,Provinsi Sulawesi Selatan,BADAN KEUANGAN DAN ASET DAERAH,"Sulawesi Selatan, Makassar (Kota)",41847816
1764,5.02.03.1.01.0005 Belanja Perjalanan Dinas Biasa,96132200,1,26-Jan,Provinsi Sulawesi Selatan,BADAN KEUANGAN DAN ASET DAERAH,"Sulawesi Selatan, Makassar (Kota)",41847870
1765,5.02.03.1.01.0010 Belanja Perjalanan Dinas Biasa,23204000,1,26-Jan,Provinsi Sulawesi Selatan,BADAN KEUANGAN DAN ASET DAERAH,"Sulawesi Selatan, Makassar (Kota)",41847981
1766,Belanja Perjalanan Dinas Biasa,432579400,1,26-Jan,Provinsi Sulawesi Selatan,INSPEKTORAT,"Sulawesi Selatan, Makassar (Kota)",41854390
1767,Belanja Perjalanan Dinas Biasa,2749218200,1,26-Jan,Provinsi Sulawesi Selatan,INSPEKTORAT,"Sulawesi Selatan, Makassar (Kota)",41854596
1768,Belanja Perjalanan Dinas Biasa,647287000,1,26-Jan,Provinsi Sulawesi Selatan,INSPEKTORAT,"Sulawesi Selatan, Makassar (Kota)",41855153
1769,Belanja Perjalanan Dinas Biasa,11160000,1,26-Jan,Provinsi Sulawesi Selatan,BADAN KESATUAN BANGSA DAN POLITIK,"Sulawesi Selatan, Makassar (Kota)",41859113
1770,Belanja Perjalanan Dinas Biasa,616672000,1,26-Feb,Provinsi Sulawesi Selatan,SEKRETARIAT DPRD,"Sulawesi Selatan, Makassar (Kota)",41877884
1771,Belanja Perjalanan Dinas Biasa,1788214000,1,26-Feb,Provinsi Sulawesi Selatan,SEKRETARIAT DPRD,"Sulawesi Selatan, Makassar (Kota)",41877903
1772,Belanja Perjalanan Dinas Biasa,342068000,1,26-Feb,Provinsi Sulawesi Selatan,SEKRETARIAT DPRD,"Sulawesi Selatan, Makassar (Kota)",41882114
1773,Belanja Perjalanan Dinas Biasa,520886000,1,26-Feb,Provinsi Sulawesi Selatan,SEKRETARIAT DPRD,"Sulawesi Selatan, Makassar (Kota)",41891170
1774,Belanja Perjalanan Dinas Biasa,54580000,1,26-Feb,Provinsi Sulawesi Selatan,SEKRETARIAT DPRD,"Sulawesi Selatan, Makassar (Kota)",41891180
1775,Belanja Perjalanan Dinas Biasa,181407000,1,26-Feb,Provinsi Sulawesi Selatan,SEKRETARIAT DPRD,"Sulawesi Selatan, Makassar (Kota)",41891232
1776,Belanja Perjalanan Dinas Biasa,662610000,1,26-Feb,Provinsi Sulawesi Selatan,SEKRETARIAT DPRD,"Sulawesi Selatan, Makassar (Kota)",41891242
1777,Belanja Perjalanan Dinas Biasa,10696400,1,26-Feb,Provinsi Sulawesi Selatan,DINAS KELAUTAN DAN PERIKANAN,"Sulawesi Selatan, Makassar (Kota)",41910511
1778,Belanja Perjalanan Dinas Biasa - UPTD IV,50000000,1,26-Jan,Provinsi Sulawesi Selatan,DINAS BINA MARGA DAN BINA KONSTRUKSI,"Sulawesi Selatan, Makassar (Kota)",41910574
1779,Belanja Perjalanan Dinas Biasa,99525000,1,26-Jan,Provinsi Sulawesi Selatan,DINAS KELAUTAN DAN PERIKANAN,"Sulawesi Selatan, Makassar (Kota)",41915174
1780,Belanja Perjalanan Dinas Biasa,14816000,1,26-Jan,Provinsi Sulawesi Selatan,DINAS PERPUSTAKAAN DAN KEARSIPAN,"Sulawesi Selatan, Makassar (Kota)",41915262
1781,Belanja Perjalanan Dinas Biasa,195136000,1,26-Jan,Provinsi Sulawesi Selatan,DINAS KELAUTAN DAN PERIKANAN,"Sulawesi Selatan, Makassar (Kota)",41926610
1782,Belanja Perjalanan Dinas Biasa,10250000,1,26-Jan,Provinsi Sulawesi Selatan,DINAS KELAUTAN DAN PERIKANAN,"Sulawesi Selatan, Makassar (Kota)",41926819
1783,Belanja Perjalanan Dinas Biasa,36120000,1,26-Jan,Provinsi Sulawesi Selatan,DINAS KELAUTAN DAN PERIKANAN,"Sulawesi Selatan, Makassar (Kota)",41927055
1784,Belanja Perjalanan Dinas Biasa (UPT Walcen),14861400,1,26-Feb,Provinsi Sulawesi Selatan,"DINAS SUMBER DAYA AIR, CIPTA KARYA DAN TATA RUANG","Sulawesi Selatan, Wajo (Kab.)",42375239
1785,Belanja Perjalanan Dinas Biasa (UPT Walcen),26635000,1,26-Feb,Provinsi Sulawesi Selatan,"DINAS SUMBER DAYA AIR, CIPTA KARYA DAN TATA RUANG","Sulawesi Selatan, Wajo (Kab.)",42377421
1786,Belanja Perjalanan Dinas Biasa (UPT Larona),14277200,1,26-Feb,Provinsi Sulawesi Selatan,"DINAS SUMBER DAYA AIR, CIPTA KARYA DAN TATA RUANG","Sulawesi Selatan, Palopo (Kota)",42378640
1787,Belanja Perjalanan Dinas Biasa (UPT Larona),13124200,1,26-Feb,Provinsi Sulawesi Selatan,"DINAS SUMBER DAYA AIR, CIPTA KARYA DAN TATA RUANG","Sulawesi Selatan, Palopo (Kota)",42383516
1788,Belanja Perjalanan Dinas Biasa,71277800,1,26-Jan,Provinsi Sulawesi Selatan,DINAS BINA MARGA DAN BINA KONSTRUKSI,"Sulawesi Selatan, Makassar (Kota)",43399823
1789,Belanja Perjalanan Dinas Biasa,247725000,1,26-Jan,Provinsi Sulawesi Selatan,BADAN PENDAPATAN DAERAH,"Sulawesi Selatan, Makassar (Kota)",41828689
1790,Belanja Perjalanan Dinas Biasa,28196600,1,26-Jan,Provinsi Sulawesi Selatan,BADAN PENDAPATAN DAERAH,"Sulawesi Selatan, Makassar (Kota)",41828915
1791,Belanja Perjalanan Dinas Biasa,51952000,1,26-Jan,Provinsi Sulawesi Selatan,BIRO UMUM,"Sulawesi Selatan, Makassar (Kota)",41829396
1792,Belanja Perjalanan Dinas Biasa,47540000,1,26-Jan,Provinsi Sulawesi Selatan,SATUAN POLISI PAMONG PRAJA,"Sulawesi Selatan, Makassar (Kota)",41830346
1793,Belanja Perjalanan Dinas Biasa,85905000,1,26-Jan,Provinsi Sulawesi Selatan,DINAS ENERGI DAN SUMBER DAYA MINERAL,"Sulawesi Selatan, Makassar (Kota)",41832227
1794,Belanja Perjalanan Dinas Biasa,14950000,1,26-Jan,Provinsi Sulawesi Selatan,DINAS ENERGI DAN SUMBER DAYA MINERAL,"Sulawesi Selatan, Makassar (Kota)",41832257
1795,Belanja Perjalanan Dinas Biasa,145286000,1,26-Jan,Provinsi Sulawesi Selatan,DINAS ENERGI DAN SUMBER DAYA MINERAL,"Sulawesi Selatan, Makassar (Kota)",41832895
1796,Belanja Perjalanan Dinas Biasa,12950000,1,26-Jan,Provinsi Sulawesi Selatan,DINAS PERDAGANGAN DAN PERINDUSTRIAN,"Sulawesi Selatan, Makassar (Kota)",41834845
1797,Belanja Perjalanan Dinas Biasa,203050000,1,26-Jan,Provinsi Sulawesi Selatan,DINAS KEPENDUDUKAN DAN CATATAN SIPIL,"Sulawesi Selatan, Makassar (Kota)",41835476
1798,Belanja Perjalanan Dinas Biasa,410618000,1,26-Jan,Provinsi Sulawesi Selatan,DINAS BINA MARGA DAN BINA KONSTRUKSI,"Sulawesi Selatan, Makassar (Kota)",41845169
1799,5.02.03.1.01.0007 Belanja Perjalanan Dinas Biasa,26628800,1,26-Jan,Provinsi Sulawesi Selatan,BADAN KEUANGAN DAN ASET DAERAH,"Sulawesi Selatan, Makassar (Kota)",41847915
1800,Belanja Perjalanan Dinas Biasa,1860199000,1,26-Jan,Provinsi Sulawesi Selatan,INSPEKTORAT,"Sulawesi Selatan, Makassar (Kota)",41855661
1801,Belanja Perjalanan Dinas Biasa,160500000,1,26-Jan,Provinsi Sulawesi Selatan,SEKRETARIAT DPRD,"Sulawesi Selatan, Makassar (Kota)",41857766
1802,Belanja Perjalanan Dinas Biasa,18700000,1,26-Feb,Provinsi Sulawesi Selatan,DINAS PETERNAKAN DAN KESEHATAN HEWAN,"Sulawesi Selatan, Makassar (Kota)",41865017
1803,Belanja Perjalanan Dinas Biasa,9705600,1,26-Apr,Provinsi Sulawesi Selatan,SATUAN POLISI PAMONG PRAJA,"Sulawesi Selatan, Makassar (Kota)",41866323
1804,Belanja Perjalanan Dinas Biasa,3996720000,1,26-Feb,Provinsi Sulawesi Selatan,SEKRETARIAT DPRD,"Sulawesi Selatan, Makassar (Kota)",41890793
1805,Belanja Perjalanan Dinas Biasa,2167050000,1,26-Jan,Provinsi Sulawesi Selatan,SEKRETARIAT DPRD,"Sulawesi Selatan, Makassar (Kota)",41891281
1806,Belanja Perjalanan Dinas Biasa,92670000,1,26-Jan,Provinsi Sulawesi Selatan,"DINAS KOPERASI, USAHA KECIL DAN MENENGAH","Sulawesi Selatan, Makassar (Kota)",41900990
1807,Belanja Perjalanan Dinas Biasa,28670000,1,26-Feb,Provinsi Sulawesi Selatan,DINAS KELAUTAN DAN PERIKANAN,"Sulawesi Selatan, Makassar (Kota)",41908889
1808,Belanja Perjalanan Dinas Biasa,7765000,1,26-Jan,Provinsi Sulawesi Selatan,DINAS PERPUSTAKAAN DAN KEARSIPAN,"Sulawesi Selatan, Makassar (Kota)",41912716
1809,Belanja Perjalanan Dinas Biasa,83881400,1,26-Jan,Provinsi Sulawesi Selatan,DINAS PERPUSTAKAAN DAN KEARSIPAN,"Sulawesi Selatan, Makassar (Kota)",41914923
1810,Belanja Perjalanan Dinas Biasa,399638000,1,26-Jan,Provinsi Sulawesi Selatan,DINAS LINGKUNGAN HIDUP DAN KEHUTANAN,"Sulawesi Selatan, Makassar (Kota)",41918025
1811,Belanja Perjalanan Dinas Biasa,11195000,1,26-Jan,Provinsi Sulawesi Selatan,DINAS KELAUTAN DAN PERIKANAN,"Sulawesi Selatan, Makassar (Kota)",41922943
1812,Belanja Perjalanan Dinas Biasa,3440000,1,26-Jan,Provinsi Sulawesi Selatan,DINAS KELAUTAN DAN PERIKANAN,"Sulawesi Selatan, Makassar (Kota)",41927904
1813,Belanja Perjalanan Dinas Biasa,6840000,1,26-Jan,Provinsi Sulawesi Selatan,DINAS KELAUTAN DAN PERIKANAN,"Sulawesi Selatan, Makassar (Kota)",41928103
1814,Belanja Perjalanan Dinas Biasa (Bioskop Keliling-Museum La Galigo-DAK),36000000,1,26-Jul,Provinsi Sulawesi Selatan,DINAS KEBUDAYAAN DAN KEPARIWISATAAN,"Sulawesi Selatan, Sidenreng Rappang (Kab.)",42001134
1815,Belanja Perjalanan Dinas Biasa -  Monitoring dan Evaluasi SPM Bidang Pendidikan;Biaya Transpotasi Laut dalam Provinsi Sulawesi Selatan,1800000,1,26-Jan,Provinsi Sulawesi Selatan,DINAS PENDIDIKAN,"Sulawesi Selatan, Makassar (Kota)",42012974
1816,Belanja Perjalanan Dinas Biasa -  Monitoring dan Evaluasi SPM Bidang Pendidikan; Biaya Transportasi Darat dari Ibukota Provinsi ke Kabupaten/Kota dalam Provinsi,1050000,1,26-Jan,Provinsi Sulawesi Selatan,DINAS PENDIDIKAN,"Sulawesi Selatan, Makassar (Kota)",42012975
1817,Belanja Perjalanan Dinas Biasa -  Monitoring dan Evaluasi SPM Bidang Pendidikan; Biaya Transportasi Darat dari Ibukota Provinsi ke Kabupaten/Kota dalam Provinsi,705000,1,26-Jan,Provinsi Sulawesi Selatan,DINAS PENDIDIKAN,"Sulawesi Selatan, Makassar (Kota)",42012977
1818,Belanja Perjalanan Dinas Biasa -  Monitoring dan Evaluasi SPM Bidang Pendidikan; Biaya Transportasi Darat dari Ibukota Provinsi ke Kabupaten/Kota dalam Provinsi,720000,1,26-Jan,Provinsi Sulawesi Selatan,DINAS PENDIDIKAN,"Sulawesi Selatan, Makassar (Kota)",42012980
1819,"Belanja Perjalanan Dinas Biasa/Koordinasi, Identifikasi, Verifikasi, Monitoring dan Kedinasan Lainnya/BBTP",50000000,1,26-Feb,Provinsi Sulawesi Selatan,"DINAS TANAMAN PANGAN, HORTIKULTURA DAN PERKEBUNAN","Sulawesi Selatan, Makassar (Kota)",42850790
1820,"Belanja Perjalanan Dinas Biasa Dalam Rangka Koordinasi, Identifikasi, Verifikasi, Monitoring dan Kedinasan Lainnya (Bidang PSP)",29555400,1,26-Jan,Provinsi Sulawesi Selatan,"DINAS TANAMAN PANGAN, HORTIKULTURA DAN PERKEBUNAN","Sulawesi Selatan, Makassar (Kota)",42155709
1821,"Belanja Perjalanan Dinas Biasa/Perjalanan Dinas Dalam Rangka Pendataan, Monitoring Asset dan Kedinasan Lainnya di Kab/Kota",78000000,1,26-Jan,Provinsi Sulawesi Selatan,"DINAS TANAMAN PANGAN, HORTIKULTURA DAN PERKEBUNAN","Sulawesi Selatan, Makassar (Kota)",42190294
1822,"Belanja Perjalanan Dinas Biasa/Perjalanan Dinas Koordinasi, Konsultasi, Menghadiri Arapat/acara dan Kedinasan Lainnya",28600000,1,26-Jan,Provinsi Sulawesi Selatan,"DINAS TANAMAN PANGAN, HORTIKULTURA DAN PERKEBUNAN","Sulawesi Selatan, Makassar (Kota)",42192111
1823,Belanja Perjalanan Dinas Biasa,69894400,1,26-Jan,Provinsi Sulawesi Selatan,DINAS BINA MARGA DAN BINA KONSTRUKSI,"Sulawesi Selatan, Makassar (Kota)",42192504
1824,"Belanja Perjalanan Dinas Biasa Dalam Rangka Koordinasi, Identifikasi, Verifikasi, Monitoring dan Kedinasan Lainnya (Bidang PSP)",56340400,1,26-Jan,Provinsi Sulawesi Selatan,"DINAS TANAMAN PANGAN, HORTIKULTURA DAN PERKEBUNAN","Sulawesi Selatan, Makassar (Kota)",42212450
1825,"Belanja Perjalanan Dinas Biasa Dalam Rangka Koordinasi, Identifikasi, Verifikasi, Monitoring dan Kedinasan Lainnya (Bidang PSP)",36110400,1,26-Jan,Provinsi Sulawesi Selatan,"DINAS TANAMAN PANGAN, HORTIKULTURA DAN PERKEBUNAN","Sulawesi Selatan, Makassar (Kota)",42223761
1826,Belanja Perjalanan Dinas Biasa,23450200,1,26-Feb,Provinsi Sulawesi Selatan,"DINAS SUMBER DAYA AIR, CIPTA KARYA DAN TATA RUANG","Sulawesi Selatan, Makassar (Kota)",42237704
1827,Belanja Perjalanan Dinas Biasa,1000793800,1,26-Feb,Provinsi Sulawesi Selatan,"DINAS SUMBER DAYA AIR, CIPTA KARYA DAN TATA RUANG","Sulawesi Selatan, Makassar (Kota)",42241210
1828,Belanja Perjalanan Dinas Biasa Bidang Horti,138337600,1,26-Jan,Provinsi Sulawesi Selatan,"DINAS TANAMAN PANGAN, HORTIKULTURA DAN PERKEBUNAN","Sulawesi Selatan, Makassar (Kota)",42257632
1829,Belanja Perjalanan Dinas Biasa,15756000,1,26-Mar,Provinsi Sulawesi Selatan,BADAN PENGEMBANGAN DAN SUMBER DAYA MANUSIA,"Sulawesi Selatan, Makassar (Kota)",42016241
1830,Belanja Perjalanan Dinas Biasa (Bantuan Gazebo Kepada Pokdarwis di Destinasi Wisata),59440000,1,26-Apr,Provinsi Sulawesi Selatan,DINAS KEBUDAYAAN DAN KEPARIWISATAAN,"Sulawesi Selatan, Makassar (Kota)",42016544
1831,Belanja Perjalanan Dinas Biasa,295712000,1,26-Jan,Provinsi Sulawesi Selatan,BADAN PENGHUBUNG,"DKI Jakarta, Jakarta Pusat (Kota)",42027198
1832,Belanja Perjalanan Dinas Biasa  (UPT Jeneberang),15290000,1,26-Feb,Provinsi Sulawesi Selatan,"DINAS SUMBER DAYA AIR, CIPTA KARYA DAN TATA RUANG","Sulawesi Selatan, Gowa (Kab.)",42340406
1833,Belanja Perjalanan Dinas Biasa (UPT Saddang),15450400,1,26-Feb,Provinsi Sulawesi Selatan,"DINAS SUMBER DAYA AIR, CIPTA KARYA DAN TATA RUANG","Sulawesi Selatan, Pinrang (Kab.)",42341849
1834,Belanja Perjalanan Dinas Biasa,30112000,1,26-Feb,Provinsi Sulawesi Selatan,DINAS PERHUBUNGAN,"DKI Jakarta, Jakarta Pusat (Kota)",42303419
1835,Belanja Perjalanan Dinas Biasa,10180000,1,26-Feb,Provinsi Sulawesi Selatan,DINAS PERHUBUNGAN,"Sulawesi Selatan, Makassar (Kota)",42303429
1836,Belanja Perjalanan Dinas Biasa,26553000,1,26-Jan,Provinsi Sulawesi Selatan,DINAS KETAHANAN PANGAN,"Sulawesi Selatan, Lainnya",42053997
1837,Belanja Perjalanan Dinas Biasa,80109000,1,26-Jan,Provinsi Sulawesi Selatan,"BADAN PERENCANAAN PEMBANGUNAN, PENELITIAN DAN PENGEMBANGAN DAERAH","Sulawesi Selatan, Makassar (Kota)",42058963
1838,Belanja Perjalanan Dinas Biasa #UMP,264751000,1,26-Jan,Provinsi Sulawesi Selatan,DINAS TENAGA KERJA DAN TRANSMIGRASI,"Sulawesi Selatan, Makassar (Kota)",42066996
1839,Belanja Perjalanan Dinas Biasa,149335200,1,26-Jan,Provinsi Sulawesi Selatan,BADAN PENANGGULANGAN BENCANA DAERAH,"Sulawesi Selatan, Makassar (Kota)",42052265
1840,Belanja Perjalanan Dinas Biasa,59113600,1,26-Jan,Provinsi Sulawesi Selatan,BADAN PENANGGULANGAN BENCANA DAERAH,"Sulawesi Selatan, Makassar (Kota)",42054238
1841,Belanja Perjalanan Dinas Biasa,16680000,1,26-Jan,Provinsi Sulawesi Selatan,BADAN PENGHUBUNG,"Jawa Timur, Surabaya (Kota)",42055880
1842,Belanja Perjalanan Dinas Biasa,34395000,1,26-Jan,Provinsi Sulawesi Selatan,"BADAN PERENCANAAN PEMBANGUNAN, PENELITIAN DAN PENGEMBANGAN DAERAH","Sulawesi Selatan, Makassar (Kota)",42057124
1843,Belanja Perjalanan Dinas Biasa,58015000,1,26-Jan,Provinsi Sulawesi Selatan,"BADAN PERENCANAAN PEMBANGUNAN, PENELITIAN DAN PENGEMBANGAN DAERAH","Sulawesi Selatan, Makassar (Kota)",42059021
1844,Belanja Perjalanan Dinas Biasa,98320000,1,26-Jan,Provinsi Sulawesi Selatan,"BADAN PERENCANAAN PEMBANGUNAN, PENELITIAN DAN PENGEMBANGAN DAERAH","Sulawesi Selatan, Makassar (Kota)",42059025
1845,Belanja Perjalanan Dinas Biasa,42670000,1,26-Jan,Provinsi Sulawesi Selatan,"BADAN PERENCANAAN PEMBANGUNAN, PENELITIAN DAN PENGEMBANGAN DAERAH","Sulawesi Selatan, Makassar (Kota)",42059027
1846,Belanja Perjalanan Dinas Biasa,1100635000,1,26-Jan,Provinsi Sulawesi Selatan,"BADAN PERENCANAAN PEMBANGUNAN, PENELITIAN DAN PENGEMBANGAN DAERAH","Sulawesi Selatan, Makassar (Kota)",42059049
1847,Belanja Perjalanan Dinas Biasa,8289000,1,26-Jan,Provinsi Sulawesi Selatan,BADAN KEPEGAWAIAN DAERAH,"Sulawesi Selatan, Makassar (Kota)",42066113
1848,Belanja Perjalanan Dinas Biasa,10880000,1,26-Jan,Provinsi Sulawesi Selatan,"DINAS PEMBERDAYAAN PEREMPUAN, PERLINDUNGAN ANAK, PENGENDALIAN PENDUDUK, DAN KELUARGA BERENCANA","Sulawesi Selatan, Makassar (Kota)",42108794
1849,Belanja Perjalanan Dinas Biasa,23586600,1,26-Jan,Provinsi Sulawesi Selatan,BADAN PENDAPATAN DAERAH,"Sulawesi Selatan, Makassar (Kota)",41828944
1850,Belanja Perjalanan Dinas Biasa,84032000,1,26-Jan,Provinsi Sulawesi Selatan,BADAN PENDAPATAN DAERAH,"Sulawesi Selatan, Makassar (Kota)",41828956
1851,Belanja Perjalanan Dinas Biasa,18020000,1,26-Jan,Provinsi Sulawesi Selatan,BADAN PENDAPATAN DAERAH,"Sulawesi Selatan, Makassar (Kota)",41829054
1852,Belanja Perjalanan Dinas Biasa,128430200,1,26-Jan,Provinsi Sulawesi Selatan,BADAN PENDAPATAN DAERAH,"Sulawesi Selatan, Makassar (Kota)",41829092
1853,Belanja Perjalanan Dinas Biasa,779467800,1,26-Jan,Provinsi Sulawesi Selatan,BADAN PENDAPATAN DAERAH,"Sulawesi Selatan, Makassar (Kota)",41829178
1854,Belanja Perjalanan Dinas Biasa,99724800,1,26-Jan,Provinsi Sulawesi Selatan,BIRO UMUM,"Sulawesi Selatan, Makassar (Kota)",41829454
1855,Belanja Perjalanan Dinas Biasa,1020909200,1,26-Jan,Provinsi Sulawesi Selatan,BIRO UMUM,"Sulawesi Selatan, Makassar (Kota)",41829947
1856,Belanja Perjalanan Dinas Biasa,10280000,1,26-Jan,Provinsi Sulawesi Selatan,DINAS ENERGI DAN SUMBER DAYA MINERAL,"Sulawesi Selatan, Makassar (Kota)",41832279
1857,Belanja Perjalanan Dinas Biasa,14899400,1,26-Jan,Provinsi Sulawesi Selatan,DINAS KEPENDUDUKAN DAN CATATAN SIPIL,"Sulawesi Selatan, Makassar (Kota)",41834880
1858,Belanja Perjalanan Dinas Biasa,21660000,1,26-Jan,Provinsi Sulawesi Selatan,DINAS PERDAGANGAN DAN PERINDUSTRIAN,"LAINNYA, Lainnya",41834978
1859,5.02.01.1.02.0004 Belanja Perjalanan Dinas Biasa,26660000,1,26-Jan,Provinsi Sulawesi Selatan,BADAN KEUANGAN DAN ASET DAERAH,"Sulawesi Selatan, Makassar (Kota)",41838479
1860,Belanja Perjalanan Dinas Biasa,6175000,1,26-Jan,Provinsi Sulawesi Selatan,DINAS PERDAGANGAN DAN PERINDUSTRIAN,"Sulawesi Selatan, Makassar (Kota)",41840792
1861,Belanja Perjalanan Dinas Biasa,40309600,1,26-Jan,Provinsi Sulawesi Selatan,DINAS BINA MARGA DAN BINA KONSTRUKSI,"Sulawesi Selatan, Makassar (Kota)",41846305
1862,5.02.02.1.01.0009 Belanja Perjalanan Dinas Biasa,31584000,1,26-Jan,Provinsi Sulawesi Selatan,BADAN KEUANGAN DAN ASET DAERAH,"Sulawesi Selatan, Makassar (Kota)",41846616
1863,5.02.02.1.04.0004 Belanja Perjalanan Dinas Biasa,20226000,1,26-Jan,Provinsi Sulawesi Selatan,BADAN KEUANGAN DAN ASET DAERAH,"Sulawesi Selatan, Makassar (Kota)",41847420
1864,5.02.02.1.04.0011 Belanja Perjalanan Dinas Biasa,23819000,1,26-Jan,Provinsi Sulawesi Selatan,BADAN KEUANGAN DAN ASET DAERAH,"Sulawesi Selatan, Makassar (Kota)",41847528
1865,Belanja Perjalanan Dinas Biasa,94964000,1,26-Jan,Provinsi Sulawesi Selatan,INSPEKTORAT,"Sulawesi Selatan, Makassar (Kota)",41849038
1866,Belanja Perjalanan Dinas Biasa,3532857400,1,26-Jan,Provinsi Sulawesi Selatan,INSPEKTORAT,"Sulawesi Selatan, Makassar (Kota)",41855291
1867,Belanja Perjalanan Dinas Biasa,361820000,1,26-Jan,Provinsi Sulawesi Selatan,INSPEKTORAT,"Sulawesi Selatan, Makassar (Kota)",41855388
1868,Belanja Perjalanan Dinas Biasa,108815000,1,26-Jan,Provinsi Sulawesi Selatan,SEKRETARIAT DPRD,"Sulawesi Selatan, Makassar (Kota)",41857776
1869,Belanja Perjalanan Dinas Biasa,510363600,1,26-Jan,Provinsi Sulawesi Selatan,DINAS PETERNAKAN DAN KESEHATAN HEWAN,"Sulawesi Selatan, Makassar (Kota)",41865007
1870,Belanja Perjalanan Dinas Biasa,203136000,1,26-Feb,Provinsi Sulawesi Selatan,SATUAN POLISI PAMONG PRAJA,"Sulawesi Selatan, Makassar (Kota)",41866074
1871,Belanja Perjalanan Dinas Biasa,31359000,1,26-Mar,Provinsi Sulawesi Selatan,SATUAN POLISI PAMONG PRAJA,"Sulawesi Selatan, Makassar (Kota)",41866486
1872,Belanja Perjalanan Dinas Biasa,1788214000,1,26-Feb,Provinsi Sulawesi Selatan,SEKRETARIAT DPRD,"Sulawesi Selatan, Makassar (Kota)",41877981
1873,Belanja Perjalanan Dinas Biasa,11333000,1,26-Feb,Provinsi Sulawesi Selatan,SEKRETARIAT DPRD,"Sulawesi Selatan, Makassar (Kota)",41891167
1874,Belanja Perjalanan Dinas Biasa,1171542000,1,26-Feb,Provinsi Sulawesi Selatan,SEKRETARIAT DPRD,"Sulawesi Selatan, Makassar (Kota)",41891181
1875,Belanja Perjalanan Dinas Biasa,257367000,1,26-Feb,Provinsi Sulawesi Selatan,SEKRETARIAT DPRD,"Sulawesi Selatan, Makassar (Kota)",41891227
1876,Belanja Perjalanan Dinas Biasa,100139000,1,26-Jan,Provinsi Sulawesi Selatan,DINAS KEPEMUDAAN DAN OLAHRAGA,"Sulawesi Selatan, Makassar (Kota)",41895475
1877,Belanja Perjalanan Dinas Biasa,11252800,1,26-Feb,Provinsi Sulawesi Selatan,"DINAS SUMBER DAYA AIR, CIPTA KARYA DAN TATA RUANG","Sulawesi Selatan, Makassar (Kota)",41908600
1878,Belanja Perjalanan Dinas Biasa,165092600,1,26-Jan,Provinsi Sulawesi Selatan,BIRO PENGADAAN BARANG DAN JASA,"Sulawesi Selatan, Makassar (Kota)",41910692
1879,Belanja Perjalanan Dinas Biasa,16600000,1,26-Jan,Provinsi Sulawesi Selatan,BIRO PENGADAAN BARANG DAN JASA,"Sulawesi Selatan, Makassar (Kota)",41911073
1880,Belanja Perjalanan Dinas Biasa,8560000,1,26-Jan,Provinsi Sulawesi Selatan,DINAS LINGKUNGAN HIDUP DAN KEHUTANAN,"Sulawesi Selatan, Makassar (Kota)",41916643
1881,Belanja Perjalanan Dinas Biasa,13550000,1,26-Jan,Provinsi Sulawesi Selatan,DINAS LINGKUNGAN HIDUP DAN KEHUTANAN,"Sulawesi Selatan, Makassar (Kota)",41920694
1882,Belanja Perjalanan Dinas Biasa,5570000,1,26-Jan,Provinsi Sulawesi Selatan,DINAS KELAUTAN DAN PERIKANAN,"Sulawesi Selatan, Makassar (Kota)",41922967
1883,Belanja Perjalanan Dinas Biasa Pelabuhan Wilayah 1 dan Wilayah 2,111200000,1,26-Jan,Provinsi Sulawesi Selatan,DINAS KELAUTAN DAN PERIKANAN,"Sulawesi Selatan, Bone (Kab.)",41923337
1884,Belanja Perjalanan Dinas Biasa,1490000,1,26-Jan,Provinsi Sulawesi Selatan,DINAS KESEHATAN,"Sulawesi Selatan, Makassar (Kota)",41928860
1885,Belanja perjalanan Dinas Biasa,160079000,1,26-Jan,Provinsi Sulawesi Selatan,BIRO PEMERINTAHAN DAN OTONOMI DAERAH,"Sulawesi Selatan, Makassar (Kota)",41931406
1886,Belanja Perjalanan Dinas Biasa,130000000,1,26-Jan,Provinsi Sulawesi Selatan,RSUD LA MAPPAPENNING,"Sulawesi Selatan, Bone (Kab.)",41937718
1887,Belanja Perjalanan Dinas Biasa,316000000,1,26-Jan,Provinsi Sulawesi Selatan,DINAS KESEHATAN,"Sulawesi Selatan, Makassar (Kota)",41961714
1888,Belanja Perjalanan Dinas Biasa,38880200,1,26-Feb,Provinsi Sulawesi Selatan,"DINAS PERUMAHAN, KAWASAN PERMUKIMAN DAN PERTANAHAN","Sulawesi Selatan, Makassar (Kota)",41973589
1889,Belanja Perjalanan Dinas Biasa,32350800,1,26-Jan,Provinsi Sulawesi Selatan,"DINAS PERUMAHAN, KAWASAN PERMUKIMAN DAN PERTANAHAN","Sulawesi Selatan, Lainnya",41973620
1890,Belanja Perjalanan Dinas Biasa - UPTD I,98102200,1,26-Jan,Provinsi Sulawesi Selatan,DINAS BINA MARGA DAN BINA KONSTRUKSI,"Sulawesi Selatan, Palopo (Kota)",41992678
1891,Belanja Perjalanan Dinas Biasa - UPTD VI,50096200,1,26-Jan,Provinsi Sulawesi Selatan,DINAS BINA MARGA DAN BINA KONSTRUKSI,"Sulawesi Selatan, Bulukumba (Kab.)",41995001
1892,Belanja Perjalanan Dinas Biasa,64888000,1,26-Jan,Provinsi Sulawesi Selatan,BADAN PENGEMBANGAN DAN SUMBER DAYA MANUSIA,"Sulawesi Selatan, Makassar (Kota)",41996326
1893,Belanja Perjalanan Dinas Biasa (Kajian Koleksi Museum Karaeng Pattingalloang-DAK),44790000,1,26-Oct,Provinsi Sulawesi Selatan,DINAS KEBUDAYAAN DAN KEPARIWISATAAN,"Sulawesi Selatan, Barru (Kab.) | Sulawesi Selatan, Bone (Kab.) | Sulawesi Selatan, Sinjai (Kab.) | Sulawesi Selatan, Sidenreng Rappang (Kab.) | Sulawesi Selatan, Toraja utara (Kab.) | Sulawesi Selatan, Wajo (Kab.) | Sulawesi Selatan, Palopo (Kota) | Sulawesi Selatan, Pare-Pare (Kota)",42000414
1894,Belanja Perjalanan Dinas Biasa -  Monitoring dan Evaluasi SPM Bidang Pendidikan; Penginapan Perjalan Dinas Dalam Wilayah Kab/Kota Se Provinsi Sulawesi Selatan,11500000,1,26-Jan,Provinsi Sulawesi Selatan,DINAS PENDIDIKAN,"Sulawesi Selatan, Makassar (Kota)",42012995
1895,Belanja Perjalanan Dinas Biasa (Sinkronisasi dan Reviu DAK-Museum La Galigo-PAD),17238000,1,26-Oct,Provinsi Sulawesi Selatan,DINAS KEBUDAYAAN DAN KEPARIWISATAAN,"DKI Jakarta, Jakarta Pusat (Kota)",42016490
1896,Belanja Perjalanan Dinas Biasa,7495000,1,26-Jan,Provinsi Sulawesi Selatan,BADAN PENGHUBUNG,"DKI Jakarta, Jakarta Pusat (Kota)",42026394
1897,Belanja Perjalanan Dinas Biasa,7495000,1,26-Jan,Provinsi Sulawesi Selatan,BADAN PENGHUBUNG,"DKI Jakarta, Jakarta Pusat (Kota)",42028097
1898,Belanja Perjalanan Dinas Biasa,53309000,1,26-Jan,Provinsi Sulawesi Selatan,UPT LABORATORIUM DAN PELAYANAN KESEHATAN DAERAH,"Sulawesi Selatan, Makassar (Kota)",42038933
1899,Belanja Perjalanan Dinas Biasa,9080400,1,26-Jan,Provinsi Sulawesi Selatan,"DINAS PEMBERDAYAAN PEREMPUAN, PERLINDUNGAN ANAK, PENGENDALIAN PENDUDUK, DAN KELUARGA BERENCANA","Sulawesi Selatan, Makassar (Kota)",42126937
1900,Belanja Perjalanan Dinas Biasa UPT PPSLU Mappakasunggu Parepare,6430000,1,26-Jan,Provinsi Sulawesi Selatan,DINAS SOSIAL,"Sulawesi Selatan, Pare-Pare (Kota)",42212964
1901,Belanja Perjalanan Dinas Biasa,38880200,1,26-Feb,Provinsi Sulawesi Selatan,"DINAS PERUMAHAN, KAWASAN PERMUKIMAN DAN PERTANAHAN","Sulawesi Selatan, Makassar (Kota)",41973589
1902,Belanja Perjalanan Dinas Biasa,32350800,1,26-Jan,Provinsi Sulawesi Selatan,"DINAS PERUMAHAN, KAWASAN PERMUKIMAN DAN PERTANAHAN","Sulawesi Selatan, Lainnya",41973620
1903,Belanja Perjalanan Dinas Biasa - UPTD I,98102200,1,26-Jan,Provinsi Sulawesi Selatan,DINAS BINA MARGA DAN BINA KONSTRUKSI,"Sulawesi Selatan, Palopo (Kota)",41992678
1904,Belanja Perjalanan Dinas Biasa - UPTD VI,50096200,1,26-Jan,Provinsi Sulawesi Selatan,DINAS BINA MARGA DAN BINA KONSTRUKSI,"Sulawesi Selatan, Bulukumba (Kab.)",41995001
1905,Belanja Perjalanan Dinas Biasa,64888000,1,26-Jan,Provinsi Sulawesi Selatan,BADAN PENGEMBANGAN DAN SUMBER DAYA MANUSIA,"Sulawesi Selatan, Makassar (Kota)",41996326
1906,Belanja Perjalanan Dinas Biasa (Kajian Koleksi Museum Karaeng Pattingalloang-DAK),44790000,1,26-Oct,Provinsi Sulawesi Selatan,DINAS KEBUDAYAAN DAN KEPARIWISATAAN,"Sulawesi Selatan, Barru (Kab.) | Sulawesi Selatan, Bone (Kab.) | Sulawesi Selatan, Sinjai (Kab.) | Sulawesi Selatan, Sidenreng Rappang (Kab.) | Sulawesi Selatan, Toraja utara (Kab.) | Sulawesi Selatan, Wajo (Kab.) | Sulawesi Selatan, Palopo (Kota) | Sulawesi Selatan, Pare-Pare (Kota)",42000414
1907,Belanja Perjalanan Dinas Biasa -  Monitoring dan Evaluasi SPM Bidang Pendidikan; Penginapan Perjalan Dinas Dalam Wilayah Kab/Kota Se Provinsi Sulawesi Selatan,11500000,1,26-Jan,Provinsi Sulawesi Selatan,DINAS PENDIDIKAN,"Sulawesi Selatan, Makassar (Kota)",42012995
1908,Belanja Perjalanan Dinas Biasa (UPT Larona),31404400,1,26-Feb,Provinsi Sulawesi Selatan,"DINAS SUMBER DAYA AIR, CIPTA KARYA DAN TATA RUANG","Sulawesi Selatan, Palopo (Kota)",42381192
1909,Belanja Perjalanan Dinas Biasa,23819000,1,26-Jan,Provinsi Sulawesi Selatan,BADAN PENDAPATAN DAERAH,"Sulawesi Selatan, Makassar (Kota)",41830071
1910,Belanja Perjalanan Dinas Biasa,4900000,1,26-Jan,Provinsi Sulawesi Selatan,DINAS ENERGI DAN SUMBER DAYA MINERAL,"Sulawesi Selatan, Makassar (Kota)",41830680
1911,Belanja Perjalanan Dinas Biasa,104660200,1,26-Jan,Provinsi Sulawesi Selatan,DINAS KEPENDUDUKAN DAN CATATAN SIPIL,"Sulawesi Selatan, Makassar (Kota)",41834193
1912,Belanja Perjalanan Dinas Biasa,29850000,1,26-Jan,Provinsi Sulawesi Selatan,DINAS PERDAGANGAN DAN PERINDUSTRIAN,"Sulawesi Selatan, Makassar (Kota)",41835493
1913,Belanja Perjalanan Dinas Biasa,8010000,1,26-Jan,Provinsi Sulawesi Selatan,DINAS PERDAGANGAN DAN PERINDUSTRIAN,"Sulawesi Selatan, Makassar (Kota)",41835583
1914,Belanja Perjalanan Dinas Biasa,31240000,1,26-Jan,Provinsi Sulawesi Selatan,DINAS PERDAGANGAN DAN PERINDUSTRIAN,"Sulawesi Selatan, Makassar (Kota)",41839318
1915,Belanja Perjalanan Dinas Biasa,21539000,1,26-Jan,Provinsi Sulawesi Selatan,DINAS PERDAGANGAN DAN PERINDUSTRIAN,"LAINNYA, Lainnya",41839502
1916,Belanja Perjalanan Dinas Biasa,20149000,1,26-Jan,Provinsi Sulawesi Selatan,DINAS PERDAGANGAN DAN PERINDUSTRIAN,"LAINNYA, Lainnya",41839579
1917,5.02.02.1.02.0002 Belanja Perjalanan Dinas Biasa,74810200,1,26-Jan,Provinsi Sulawesi Selatan,BADAN KEUANGAN DAN ASET DAERAH,"Sulawesi Selatan, Makassar (Kota)",41846656
1918,Belanja Perjalanan Dinas Biasa,1201032200,1,26-Jan,Provinsi Sulawesi Selatan,DINAS BINA MARGA DAN BINA KONSTRUKSI,"Sulawesi Selatan, Makassar (Kota)",41847954
1919,Belanja Perjalanan Dinas Biasa,427780000,1,26-Jan,Provinsi Sulawesi Selatan,INSPEKTORAT,"Sulawesi Selatan, Makassar (Kota)",41854489
1920,Belanja Perjalanan Dinas Biasa,9210547400,1,26-Jan,Provinsi Sulawesi Selatan,INSPEKTORAT,"Sulawesi Selatan, Makassar (Kota)",41855474
1921,Belanja Perjalanan Dinas Biasa,78134000,1,26-Jan,Provinsi Sulawesi Selatan,SEKRETARIAT DPRD,"Sulawesi Selatan, Makassar (Kota)",41857811
1922,Belanja Perjalanan Dinas Biasa,460635000,1,26-Feb,Provinsi Sulawesi Selatan,SEKRETARIAT DPRD,"Sulawesi Selatan, Makassar (Kota)",41863886
1923,Belanja Perjalanan Dinas Biasa,49538200,1,26-Jan,Provinsi Sulawesi Selatan,DINAS PETERNAKAN DAN KESEHATAN HEWAN,"Sulawesi Selatan, Makassar (Kota)",41865074
1924,Belanja Perjalanan Dinas Biasa,13755000,1,26-Feb,Provinsi Sulawesi Selatan,DINAS PETERNAKAN DAN KESEHATAN HEWAN,"Sulawesi Selatan, Makassar (Kota)",41865128
1925,Belanja Perjalanan Dinas Biasa,110076800,1,26-Feb,Provinsi Sulawesi Selatan,SATUAN POLISI PAMONG PRAJA,"Sulawesi Selatan, Makassar (Kota)",41866256
1926,Belanja Perjalanan Dinas Biasa,345539600,1,26-Jan,Provinsi Sulawesi Selatan,SATUAN POLISI PAMONG PRAJA,"Sulawesi Selatan, Makassar (Kota)",41866402
1927,Belanja Perjalanan Dinas Biasa,40672000,1,26-Feb,Provinsi Sulawesi Selatan,SEKRETARIAT DPRD,"Sulawesi Selatan, Makassar (Kota)",41877821
1928,Belanja Perjalanan Dinas Biasa,1788214000,1,26-Feb,Provinsi Sulawesi Selatan,SEKRETARIAT DPRD,"Sulawesi Selatan, Makassar (Kota)",41877912
1929,Belanja Perjalanan Dinas Biasa,286834000,1,26-Feb,Provinsi Sulawesi Selatan,SEKRETARIAT DPRD,"Sulawesi Selatan, Makassar (Kota)",41891182
1930,Belanja Perjalanan Dinas Biasa,24520000,1,26-Jan,Provinsi Sulawesi Selatan,"DINAS KOPERASI, USAHA KECIL DAN MENENGAH","Sulawesi Selatan, Makassar (Kota)",41901092
1931,Belanja Perjalanan Dinas Biasa - UPTD III,41131200,1,26-Jan,Provinsi Sulawesi Selatan,DINAS BINA MARGA DAN BINA KONSTRUKSI,"Sulawesi Selatan, Pare-Pare (Kota)",41910252
1932,Belanja Perjalanan Dinas Biasa - UPTD V,39928000,1,26-Jan,Provinsi Sulawesi Selatan,DINAS BINA MARGA DAN BINA KONSTRUKSI,"Sulawesi Selatan, Bone (Kab.)",41910722
1933,Belanja Perjalanan Dinas Biasa,2000000,1,26-Feb,Provinsi Sulawesi Selatan,DINAS KELAUTAN DAN PERIKANAN,"Sulawesi Selatan, Makassar (Kota)",41910832
1934,Belanja Perjalanan Dinas Biasa,2010000,1,26-Feb,Provinsi Sulawesi Selatan,DINAS KELAUTAN DAN PERIKANAN,"Sulawesi Selatan, Makassar (Kota)",41911001
1935,Belanja Perjalanan Dinas Biasa,62833000,1,26-Jan,Provinsi Sulawesi Selatan,BIRO PENGADAAN BARANG DAN JASA,"Sulawesi Selatan, Makassar (Kota)",41911227
1936,Belanja Perjalanan Dinas Biasa,16910000,1,26-Jan,Provinsi Sulawesi Selatan,DINAS LINGKUNGAN HIDUP DAN KEHUTANAN,"Sulawesi Selatan, Makassar (Kota)",41915487
1937,Belanja Perjalanan Dinas Biasa,80825000,1,26-Jan,Provinsi Sulawesi Selatan,DINAS LINGKUNGAN HIDUP DAN KEHUTANAN,"Sulawesi Selatan, Makassar (Kota)",41916818
1938,Belanja Perjalanan Dinas Biasa,225939000,1,26-Jan,Provinsi Sulawesi Selatan,DINAS LINGKUNGAN HIDUP DAN KEHUTANAN,"Sulawesi Selatan, Makassar (Kota)",41919801
1939,Belanja Perjalanan Dinas Biasa UPT Pelabuhan Wilayah 1 dan Pelabuhan Wilayah 2,25750000,1,26-Jan,Provinsi Sulawesi Selatan,DINAS KELAUTAN DAN PERIKANAN,"Sulawesi Selatan, Makassar (Kota)",41923426
1940,Belanja Perjalanan Dinas Biasa,4200000,1,26-Jan,Provinsi Sulawesi Selatan,DINAS KELAUTAN DAN PERIKANAN,"Sulawesi Selatan, Makassar (Kota)",41924162
1941,Belanja Perjalanan Dinas Biasa,3010000,1,26-Feb,Provinsi Sulawesi Selatan,DINAS KELAUTAN DAN PERIKANAN,"Sulawesi Selatan, Makassar (Kota)",41926037
1942,Belanja Perjalanan Dinas Biasa,500786000,1,26-Jan,Provinsi Sulawesi Selatan,BIRO PEREKONOMIAN DAN ADMINISTRASI PEMBANGUNAN,"Sulawesi Selatan, Makassar (Kota)",41941248
1943,Belanja Perjalanan Dinas Biasa,128125200,1,26-Jan,Provinsi Sulawesi Selatan,BIRO PEREKONOMIAN DAN ADMINISTRASI PEMBANGUNAN,"Sulawesi Selatan, Makassar (Kota)",41941683
1944,Belanja Perjalanan Dinas Biasa,19324000,1,26-Jan,Provinsi Sulawesi Selatan,DINAS SOSIAL,"Sulawesi Selatan, Makassar (Kota)",41951433
1945,Belanja Perjalanan Dinas Biasa,92722400,1,26-Feb,Provinsi Sulawesi Selatan,SATUAN POLISI PAMONG PRAJA,"Sulawesi Selatan, Makassar (Kota)",41958394
1946,Belanja Perjalanan Dinas Biasa,156652400,1,26-Feb,Provinsi Sulawesi Selatan,"DINAS PERUMAHAN, KAWASAN PERMUKIMAN DAN PERTANAHAN","Sulawesi Selatan, Makassar (Kota)",41964361
1947,Belanja Perjalanan Dinas Biasa,17478800,1,26-Jan,Provinsi Sulawesi Selatan,"DINAS PERUMAHAN, KAWASAN PERMUKIMAN DAN PERTANAHAN","Sulawesi Selatan, Makassar (Kota)",41973689
1948,Belanja Perjalanan Dinas Biasa,106058000,1,26-Jan,Provinsi Sulawesi Selatan,DINAS KETAHANAN PANGAN,"Sulawesi Selatan, Makassar (Kota)",41978023
1949,Belanja Perjalanan Dinas Biasa,99239200,1,26-Jan,Provinsi Sulawesi Selatan,DINAS PETERNAKAN DAN KESEHATAN HEWAN,"Sulawesi Selatan, Makassar (Kota)",41978703
1950,Belanja Perjalanan Dinas Biasa,21920000,1,26-Jan,Provinsi Sulawesi Selatan,DINAS PETERNAKAN DAN KESEHATAN HEWAN,"Sulawesi Selatan, Makassar (Kota)",41979759
1951,BELANJA PERJALANAN DINAS BIASA,50000000,1,26-Jan,Provinsi Sulawesi Selatan,RSUD HAJI MAKASSAR,"Sulawesi Selatan, Makassar (Kota)",41998091
1952,Belanja Perjalanan Dinas Biasa -  Monitoring dan Evaluasi SPM Bidang Pendidikan; Biaya Transportasi Darat dari Ibukota Provinsi ke Kabupaten/Kota dalam Provinsi,705000,1,26-Jan,Provinsi Sulawesi Selatan,DINAS PENDIDIKAN,"Sulawesi Selatan, Makassar (Kota)",42012988
1953,Belanja Perjalanan Dinas Biasa -  Monitoring dan Evaluasi SPM Bidang Pendidikan; Biaya Transportasi Darat dari Ibukota Provinsi ke Kabupaten/Kota dalam Provinsi,1095000,1,26-Jan,Provinsi Sulawesi Selatan,DINAS PENDIDIKAN,"Sulawesi Selatan, Makassar (Kota)",42012992
1954,Belanja Perjalanan Dinas Biasa -  Monitoring dan Evaluasi SPM Bidang Pendidikan; Penginapan Perjalan Dinas Dalam Wilayah Kab/Kota Se Provinsi Sulawesi Selatan,10350000,1,26-Jan,Provinsi Sulawesi Selatan,DINAS PENDIDIKAN,"Sulawesi Selatan, Makassar (Kota)",42012998
1955,Belanja Perjalanan Dinas Biasa,50651600,1,26-Jan,Provinsi Sulawesi Selatan,"DINAS PEMBERDAYAAN PEREMPUAN, PERLINDUNGAN ANAK, PENGENDALIAN PENDUDUK, DAN KELUARGA BERENCANA","Sulawesi Selatan, Makassar (Kota)",42127669
1956,"Belanja Perjalanan Dinas Biasa Operasional/Perjalanan Dinas, Verifikasi, Monitoring dan Penyaluran Bantuan",211895000,1,26-Jan,Provinsi Sulawesi Selatan,"DINAS TANAMAN PANGAN, HORTIKULTURA DAN PERKEBUNAN","Sulawesi Selatan, Makassar (Kota)",42149406
1957,Belanja Perjalanan Dinas Biasa,125330000,1,26-Jan,Provinsi Sulawesi Selatan,"DINAS TANAMAN PANGAN, HORTIKULTURA DAN PERKEBUNAN","Sulawesi Selatan, Makassar (Kota)",42159213
1958,Belanja Perjalanan Dinas Biasa eks kusta dan Sekolah rakyat,51835600,1,26-Jan,Provinsi Sulawesi Selatan,DINAS SOSIAL,"Sulawesi Selatan, Makassar (Kota)",42248981
1959,Belanja Perjalanan Dinas Biasa (Reviu DAK Non Fisik Taman Budaya-PAD),28300000,1,26-Jul,Provinsi Sulawesi Selatan,DINAS KEBUDAYAAN DAN KEPARIWISATAAN,"DI Yogyakarta, Yogyakarta (Kota)",42016509
1960,Belanja Perjalanan Dinas Biasa,14990000,1,26-Jan,Provinsi Sulawesi Selatan,BADAN PENGHUBUNG,"DKI Jakarta, Jakarta Pusat (Kota)",42027603
1961,Belanja Perjalanan Dinas Biasa (Eselon II Dalam Daerah (Jauh),27643000,1,26-Jan,Provinsi Sulawesi Selatan,DINAS PENANAMAN MODAL DAN PTSP,"Sulawesi Selatan, Makassar (Kota)",42029502
1962,Belanja Perjalanan Dinas Biasa (Eselon II Luar Daerah - Jauh),11189000,1,26-Jan,Provinsi Sulawesi Selatan,DINAS PENANAMAN MODAL DAN PTSP,"Kepulauan Riau, Tanjung Pinang (Kota)",42035373
1963,Belanja Perjalanan Dinas Biasa,8289000,1,26-Jan,Provinsi Sulawesi Selatan,BADAN KEPEGAWAIAN DAERAH,"Sulawesi Selatan, Makassar (Kota)",42066200
1964,Belanja Perjalanan Dinas Biasa #Penguatan SDM Transmigrasi,15000000,1,26-Jan,Provinsi Sulawesi Selatan,DINAS TENAGA KERJA DAN TRANSMIGRASI,"Sulawesi Selatan, Makassar (Kota)",42077289
1965,Belanja Perjalanan Dinas Biasa,8870000,1,26-Jan,Provinsi Sulawesi Selatan,DINAS KETAHANAN PANGAN,"Sulawesi Selatan, Lainnya",42053919
1966,Belanja Perjalanan Dinas Biasa,22500000,1,26-Jan,Provinsi Sulawesi Selatan,BADAN PENGHUBUNG,"DKI Jakarta, Jakarta Pusat (Kota)",42055835
1967,Belanja Perjalanan Dinas Biasa (UPT Walcen),22763600,1,26-Feb,Provinsi Sulawesi Selatan,"DINAS SUMBER DAYA AIR, CIPTA KARYA DAN TATA RUANG","Sulawesi Selatan, Wajo (Kab.)",42363675
1968,Belanja Perjalanan Dinas Biasa (UPT Saddang),28600400,1,26-Feb,Provinsi Sulawesi Selatan,"DINAS SUMBER DAYA AIR, CIPTA KARYA DAN TATA RUANG","Sulawesi Selatan, Pinrang (Kab.)",42341369
1969,Belanja Perjalanan Dinas Biasa (UPT Saddang),4391400,1,26-Feb,Provinsi Sulawesi Selatan,"DINAS SUMBER DAYA AIR, CIPTA KARYA DAN TATA RUANG","Sulawesi Selatan, Pinrang (Kab.)",42341719
1970,Belanja Perjalanan Dinas Biasa,26850000,1,26-Apr,Provinsi Sulawesi Selatan,"DINAS KOPERASI, USAHA KECIL DAN MENENGAH","Sulawesi Selatan, Makassar (Kota)",43360201
1971,Belanja Perjalanan Dinas Biasa (UPT Larona),17693200,1,26-Feb,Provinsi Sulawesi Selatan,"DINAS SUMBER DAYA AIR, CIPTA KARYA DAN TATA RUANG","Sulawesi Selatan, Palopo (Kota)",42385111
1972,Belanja Perjalanan Dinas Biasa,99647800,1,26-Jan,Provinsi Sulawesi Selatan,BIRO UMUM,"Sulawesi Selatan, Makassar (Kota)",41829263
1973,Belanja Perjalanan Dinas Biasa,49810000,1,26-Jan,Provinsi Sulawesi Selatan,DINAS ENERGI DAN SUMBER DAYA MINERAL,"Sulawesi Selatan, Makassar (Kota) | Sulawesi Selatan, Maros (Kab.) | Sulawesi Selatan, Gowa (Kab.) | Sulawesi Selatan, Palopo (Kota) | Sulawesi Selatan, Bulukumba (Kab.) | Sulawesi Selatan, Bone (Kab.) | Sulawesi Selatan, Pare-Pare (Kota)",41832336
1974,Belanja Perjalanan Dinas Biasa,23820000,1,26-Jan,Provinsi Sulawesi Selatan,DINAS ENERGI DAN SUMBER DAYA MINERAL,"Sulawesi Selatan, Makassar (Kota)",41833185
1975,5.02.02.1.02.0003 Belanja Perjalanan Dinas Biasa,74810200,1,26-Jan,Provinsi Sulawesi Selatan,BADAN KEUANGAN DAN ASET DAERAH,"Sulawesi Selatan, Makassar (Kota)",41846674
1976,Belanja Perjalanan Dinas Biasa,43140000,1,26-Jan,Provinsi Sulawesi Selatan,DINAS BINA MARGA DAN BINA KONSTRUKSI,"Sulawesi Selatan, Makassar (Kota)",41847021
1977,Belanja Perjalanan Dinas Biasa,1481872000,1,26-Jan,Provinsi Sulawesi Selatan,INSPEKTORAT,"Sulawesi Selatan, Makassar (Kota)",41853794
1978,Belanja Perjalanan Dinas Biasa,58519000,1,26-Jan,Provinsi Sulawesi Selatan,SEKRETARIAT DPRD,"Sulawesi Selatan, Makassar (Kota)",41857744
1979,Belanja Perjalanan Dinas Biasa,393742400,1,26-Feb,Provinsi Sulawesi Selatan,"DINAS SUMBER DAYA AIR, CIPTA KARYA DAN TATA RUANG","Sulawesi Selatan, Makassar (Kota)",41861643
1980,Belanja Perjalanan Dinas Biasa,38370600,1,26-Feb,Provinsi Sulawesi Selatan,SATUAN POLISI PAMONG PRAJA,"Sulawesi Selatan, Makassar (Kota)",41866120
1981,Belanja Perjalanan Dinas Biasa,27523000,1,26-Jan,Provinsi Sulawesi Selatan,SATUAN POLISI PAMONG PRAJA,"Sulawesi Selatan, Makassar (Kota)",41866149
1982,Belanja Perjalanan Dinas Biasa,414411800,1,26-Feb,Provinsi Sulawesi Selatan,DINAS PETERNAKAN DAN KESEHATAN HEWAN,"Sulawesi Selatan, Makassar (Kota)",41879942
1983,Belanja Perjalanan Dinas Biasa (Pendataan Seni Daerah Tradisional-DAK),74292000,1,26-Jul,Provinsi Sulawesi Selatan,DINAS KEBUDAYAAN DAN KEPARIWISATAAN,"Sulawesi Selatan, Gowa (Kab.)",41904854
1984,Belanja Perjalanan Dinas Biasa - UPTD II,48920000,1,26-Jan,Provinsi Sulawesi Selatan,DINAS BINA MARGA DAN BINA KONSTRUKSI,"Sulawesi Selatan, Enrekang (Kab.)",41910030
1985,Belanja Perjalanan Dinas Biasa,7765000,1,26-Jan,Provinsi Sulawesi Selatan,DINAS PERPUSTAKAAN DAN KEARSIPAN,"Sulawesi Selatan, Makassar (Kota)",41914378
1986,Belanja Perjalanan Dinas Biasa,9470000,1,26-Jan,Provinsi Sulawesi Selatan,DINAS LINGKUNGAN HIDUP DAN KEHUTANAN,"Sulawesi Selatan, Makassar (Kota)",41916583
1987,Belanja Perjalanan Dinas Biasa Monev Pemanfaatan Bantuan Pemerintah/Pembinan/kedinasan Lainnya,3010000,1,26-Feb,Provinsi Sulawesi Selatan,DINAS KELAUTAN DAN PERIKANAN,"Sulawesi Selatan, Makassar (Kota)",41926113
1988,Belanja Perjalanan Dinas Biasa,1550000,1,26-Jan,Provinsi Sulawesi Selatan,DINAS KELAUTAN DAN PERIKANAN,"Sulawesi Selatan, Makassar (Kota)",41926343
1989,Belanja Perjalanan Dinas Biasa,1596100000,1,26-Jan,Provinsi Sulawesi Selatan,DINAS KESEHATAN,"Sulawesi Selatan, Makassar (Kota)",41927671
1990,Belanja Perjalanan Dinas Biasa,15160000,1,26-Jan,Provinsi Sulawesi Selatan,DINAS KESEHATAN,"Sulawesi Selatan, Makassar (Kota)",41932932
1991,Belanja Perjalanan Dinas Biasa,60897800,1,26-Jan,Provinsi Sulawesi Selatan,BIRO PEREKONOMIAN DAN ADMINISTRASI PEMBANGUNAN,"Sulawesi Selatan, Makassar (Kota)",41941314
1992,Belanja Perjalanan Dinas Biasa,117158200,1,26-Jan,Provinsi Sulawesi Selatan,"DINAS PERUMAHAN, KAWASAN PERMUKIMAN DAN PERTANAHAN","Sulawesi Selatan, Makassar (Kota)",41973614
1993,Belanja Perjalanan Dinas Biasa,252644200,1,26-Feb,Provinsi Sulawesi Selatan,BADAN PENGEMBANGAN DAN SUMBER DAYA MANUSIA,"Sulawesi Selatan, Makassar (Kota)",41996632
1994,Belanja Perjalanan Dinas Biasa -  Monitoring dan Evaluasi SPM Bidang Pendidikan; Biaya Transportasi Darat dari Ibukota Provinsi ke Kabupaten/Kota dalam Provinsi,1050000,1,26-Jan,Provinsi Sulawesi Selatan,DINAS PENDIDIKAN,"Sulawesi Selatan, Makassar (Kota)",42012979
1995,Belanja Perjalanan Dinas Biasa -  Monitoring dan Evaluasi SPM Bidang Pendidikan; Uang Harian Perjalanan Dinas Dalam Negeri,51170000,1,26-Jan,Provinsi Sulawesi Selatan,DINAS PENDIDIKAN,"Sulawesi Selatan, Makassar (Kota)",42012982
1996,Belanja Perjalanan Dinas Biasa -  Monitoring dan Evaluasi SPM Bidang Pendidikan; Biaya Transportasi Darat dari Ibukota Provinsi ke Kabupaten/Kota dalam Provinsi,510000,1,26-Jan,Provinsi Sulawesi Selatan,DINAS PENDIDIKAN,"Sulawesi Selatan, Makassar (Kota)",42012986
1997,Belanja Perjalanan Dinas Biasa -  Monitoring dan Evaluasi SPM Bidang Pendidikan; Biaya Transportasi Darat dari Ibukota Provinsi ke Kabupaten/Kota dalam Provinsi,690000,1,26-Jan,Provinsi Sulawesi Selatan,DINAS PENDIDIKAN,"Sulawesi Selatan, Makassar (Kota)",42012991
1998,Belanja Perjalanan Dinas Biasa -  Monitoring dan Evaluasi SPM Bidang Pendidikan; Penginapan Perjalan Dinas Dalam Wilayah Kab/Kota Se Provinsi Sulawesi Selatan,8050000,1,26-Jan,Provinsi Sulawesi Selatan,DINAS PENDIDIKAN,"Sulawesi Selatan, Makassar (Kota)",42012994
1999,Belanja Perjalanan Dinas Biasa -  Monitoring dan Evaluasi SPM Bidang Pendidikan; Biaya Transportasi Darat dari Ibukota Provinsi ke Kabupaten/Kota dalam Provinsi,690000,1,26-Jan,Provinsi Sulawesi Selatan,DINAS PENDIDIKAN,"Sulawesi Selatan, Makassar (Kota)",42012997
2000,Belanja Perjalanan Dinas Biasa,18053600,1,26-Jan,Provinsi Sulawesi Selatan,DINAS KETAHANAN PANGAN,"Sulawesi Selatan, Lainnya",42024928
Data yang terdapat pada berkas ini dipopulasi secara otomatis oleh SiRUP pada tanggal: 4-5-2026 14:15:58. Untuk melihat paket yang telah terumumkan dan lebih terbaru silakan kunjungi sirup.inaproc.id,,,,,,,,
No,Paket,Pagu (Rp),Tipe Swakelola,Pemilihan,K/L/PD,Satuan Kerja,Lokasi,ID
201,"Belanja Perjalanan Dinas Biasa  Pembinaan Sumber Daya Manusia, Lembaga, dan Pranata Kebudayaan",42684000,1,26-Jul,Provinsi Sumatera Utara,"Dinas Kebudayaan, Pariwisata dan Ekonomi Kreatif","Sumatera Utara, Medan (Kota)",43298543
202,Belanja Perjalanan Dinas Biasa,67242000,1,26-Jan,Provinsi Sumatera Utara,Badan Keuangan dan Aset Daerah,"Sumatera Utara, Medan (Kota)",43301885
203,Belanja Perjalanan Dinas Biasa,214650000,1,26-Jan,Provinsi Sumatera Utara,Badan Keuangan dan Aset Daerah,"Sumatera Utara, Medan (Kota)",43302706
204,Belanja Perjalanan Dinas Biasa,64378000,1,26-Jan,Provinsi Sumatera Utara,Badan Keuangan dan Aset Daerah,"Sumatera Utara, Medan (Kota)",43302737
205,Belanja Perjalanan Dinas Biasa,71222000,1,26-Jan,Provinsi Sumatera Utara,Biro Administrasi Pembangunan,"Sumatera Utara, Medan (Kota)",41860867
206,Belanja Perjalanan Dinas Biasa,224016000,1,26-Jan,Provinsi Sumatera Utara,Biro Pengadaan Barang dan Jasa,"Sumatera Utara, Medan (Kota)",42356629
207,Belanja Perjalanan Dinas,503781000,1,26-Jan,Provinsi Sumatera Utara,Biro Hukum,"Sumatera Utara, Medan (Kota)",42467350
208,Belanja Perjalanan Dinas Biasa,151889000,1,26-Jan,Provinsi Sumatera Utara,Biro Hukum,"Sumatera Utara, Medan (Kota)",42493672
209,Belanja Perjalanan Dinas Dalam Kota,262500000,1,26-Jan,Provinsi Sumatera Utara,Biro Hukum,"Sumatera Utara, Medan (Kota)",42497532
210,Belanja Perjalanan Dinas Biasa,35413000,1,26-Feb,Provinsi Sumatera Utara,Dinas Kelautan dan Perikanan,"Sumatera Utara, Medan (Kota)",42530345
211,Belanja Perjalanan Dinas Biasa ( Pengawasan Usaha pemanfaatan Sumber daya kelautan),34112000,1,26-Feb,Provinsi Sumatera Utara,Dinas Kelautan dan Perikanan,"Sumatera Utara, Medan (Kota)",42534257
212,Belanja Perjalanan Dinas Biasa (Pengawasan Usaha Pembudidayaan Ikan),49506000,1,26-Jan,Provinsi Sumatera Utara,Dinas Kelautan dan Perikanan,"Sumatera Utara, Medan (Kota)",42535189
213,Belanja Perjalanan Dinas Biasa,76136000,1,26-Jan,Provinsi Sumatera Utara,"Badan Perencanaan Pembangunan, Penelitian dan Pengembangan","Sumatera Utara, Medan (Kota)",42535776
214,Belanja Perjalanan Dinas Biasa,209750000,1,26-Jan,Provinsi Sumatera Utara,"Badan Perencanaan Pembangunan, Penelitian dan Pengembangan","Sumatera Utara, Medan (Kota)",42537199
215,Belanja Perjalanan Dinas Biasa,550500000,1,26-Jan,Provinsi Sumatera Utara,UPTD Khusus Rumah Sakit Jiwa Prof. Dr. M. Ildrem,"Sumatera Utara, Medan (Kota)",42561249
216,Belanja Perjalanan Dinas Biasa UPTD PSP WIL III KISARAN,95600000,1,26-Jan,Provinsi Sumatera Utara,Dinas Perhubungan,"Sumatera Utara, Asahan (Kab.)",42593220
217,Belanja Perjalanan Dinas Biasa,233300000,1,26-Jan,Provinsi Sumatera Utara,Dinas Kesehatan,"Sumatera Utara, Medan (Kota)",42739335
218,Belanja Perjalanan Dinas Biasa,125400000,1,26-Apr,Provinsi Sumatera Utara,Dinas Kesehatan,"Sumatera Utara, Medan (Kota)",42739938
219,Belanja Perjalanan Dinas Biasa,209153000,1,26-Jan,Provinsi Sumatera Utara,Dinas Kesehatan,"Sumatera Utara, Medan (Kota)",42741084
220,Belanja Perjalanan Dinas Biasa,38550000,1,26-Jan,Provinsi Sumatera Utara,UPTD Laboratorium Kesehatan,"Sumatera Utara, Medan (Kota)",42764211
221,Belanja Perjalanan Dinas Biasa - Pengawasan Keuangan Pemerintah Daerah,1107168000,1,26-Feb,Provinsi Sumatera Utara,Inspektorat Daerah Provinsi,"Sumatera Utara, Medan (Kota)",42829307
222,Belanja Perjalanan Dinas Biasa - Pra Pemutakhiran TLHP Data Inspektorat Jenderal Kemendagri dan Lembaga,111680000,1,26-Feb,Provinsi Sumatera Utara,Inspektorat Daerah Provinsi,"Sumatera Utara, Medan (Kota)",42830485
223,"Belanja Perjalanan Dinas Biasa - Pendampingan terhadap Pemeriksaan BPK-RI, Itjen Kemendagri, BPKP, dan Kemeterian/Lembaga Lainnya",451260000,1,26-Feb,Provinsi Sumatera Utara,Inspektorat Daerah Provinsi,"Sumatera Utara, Medan (Kota)",42831132
224,Belanja Perjalanan Dinas Biasa (UPTD Pelatihan Kesehatan Provsu),50856000,1,26-Jan,Provinsi Sumatera Utara,UPTD Pelatihan Kesehatan,"Sumatera Utara, Medan (Kota)",42929352
225,Belanja Perjalanan Dinas Narasumber pada Forum Strategis Penyelarasan Persepsi dan Penguatan Komitmen Kepala Perangkat Daerah Provsu Tahun 2026,98447000,1,26-Mar,Provinsi Sumatera Utara,Badan Pengembangan Sumber Daya Manusia,"Sumatera Utara, Medan (Kota)",43003524
226,Belanja Perjalanan Dinas Biasa,172479000,1,26-Jan,Provinsi Sumatera Utara,Dinas Ketenagakerjaan,"Sumatera Utara, Medan (Kota)",43017953
227,Belanja Perjalanan Dinas Paket Meeting Dalam Kota,570000,1,26-Jan,Provinsi Sumatera Utara,Dinas Ketenagakerjaan,"Sumatera Utara, Medan (Kota)",43019532
228,Belanja Perjalanan Dinas Dalam Kota,3000000,1,26-Jan,Provinsi Sumatera Utara,Dinas Ketenagakerjaan,"Sumatera Utara, Medan (Kota)",43041341
229,Belanja Perjalanan Dinas Paket Meeting Dalam Kota,184855000,1,26-Apr,Provinsi Sumatera Utara,Dinas Kesehatan,"Sumatera Utara, Medan (Kota)",43173055
230,Belanja Perjalanan Dinas Biasa - Fast Track Youngpreneur level up,147524000,1,26-Feb,Provinsi Sumatera Utara,Dinas Koperasi dan Usaha Kecil Menengah,"Sumatera Utara, Medan (Kota)",43261358
231,Belanja Perjalanan Dinas Dalam Kota- Fast Track Youngpreneur level up,24900000,1,26-Feb,Provinsi Sumatera Utara,Dinas Koperasi dan Usaha Kecil Menengah,"Sumatera Utara, Medan (Kota)",43261389
232,Belanja Perjalanan Dinas Biasa,11956000,1,26-Apr,Provinsi Sumatera Utara,"Dinas Pemberdayaan Perempuan, Perlindungan Anak dan Keluarga Berencana","Sumatera Utara, Medan (Kota)",43264079
233,Belanja Perjalanan Dinas Biasa,13504000,1,26-Apr,Provinsi Sumatera Utara,"Dinas Pemberdayaan Perempuan, Perlindungan Anak dan Keluarga Berencana","Sumatera Utara, Medan (Kota)",43264511
234,Belanja Perjalanan Dinas Biasa,25242000,1,26-Apr,Provinsi Sumatera Utara,"Dinas Pemberdayaan Perempuan, Perlindungan Anak dan Keluarga Berencana","Sumatera Utara, Medan (Kota)",43266578
235,Belanja Perjalanan Dinas Paket Meeting Dalam Kota,18050000,1,26-Apr,Provinsi Sumatera Utara,"Dinas Pemberdayaan Perempuan, Perlindungan Anak dan Keluarga Berencana","Sumatera Utara, Medan (Kota)",43266889
236,Belanja Perjalanan Dinas Biasa,102717000,1,26-Jan,Provinsi Sumatera Utara,Biro Organisasi,"Sumatera Utara, Medan (Kota)",43269574
237,Belanja Perjalanan Dinas Biasa,103876000,1,26-Jan,Provinsi Sumatera Utara,Biro Organisasi,"Sumatera Utara, Medan (Kota)",43269596
238,Belanja Perjalanan Dinas Biasa Fasilitasi Kelembagaan Bina Spiritual,1322663000,1,26-Jan,Provinsi Sumatera Utara,Biro Kesejahteraan Rakyat,"Sumatera Utara, Medan (Kota)",43269902
239,Belanja Perjalanan Dinas Biasa,67268000,1,26-Jan,Provinsi Sumatera Utara,Dinas Pertanian dan Ketahanan Pangan,"Sumatera Utara, Medan (Kota)",43270024
240,Belanja Perjalanan Dinas Dalam Kota,17850000,1,26-Mar,Provinsi Sumatera Utara,Dinas Pertanian dan Ketahanan Pangan,"Sumatera Utara, Medan (Kota)",43270753
241,Belanja Perjalanan Dinas Biasa - Mall UMKM (Optimalisasi PLUT),63756000,1,26-Mar,Provinsi Sumatera Utara,Dinas Koperasi dan Usaha Kecil Menengah,"Sumatera Utara, Medan (Kota)",43272668
242,Belanja Perjalanan Dinas Dalam Kota,64850000,1,26-Jan,Provinsi Sumatera Utara,"Dinas Perindustrian, Perdagangan, Energi dan Sumber Daya Mineral","Sumatera Utara, Medan (Kota)",43273192
243,Belanja Perjalanan Dinas Dalam Kota,30000000,1,26-Jan,Provinsi Sumatera Utara,"Dinas Perindustrian, Perdagangan, Energi dan Sumber Daya Mineral","Sumatera Utara, Medan (Kota)",43273315
244,Belanja Perjalanan Dinas Dalam Kota,12430000,1,26-Jan,Provinsi Sumatera Utara,"Dinas Perindustrian, Perdagangan, Energi dan Sumber Daya Mineral","Sumatera Utara, Medan (Kota)",43273380
245,Belanja Perjalanan Dinas Biasa,437636000,1,26-Jan,Provinsi Sumatera Utara,"Dinas Perindustrian, Perdagangan, Energi dan Sumber Daya Mineral","Sumatera Utara, Medan (Kota)",43273555
246,Belanja Perjalanan Dinas Dalam Kota,46250000,1,26-Apr,Provinsi Sumatera Utara,Dinas Pertanian dan Ketahanan Pangan,"Sumatera Utara, Medan (Kota)",43273667
247,Belanja Perjalanan Dinas Dalam Kota,14000000,1,26-Jan,Provinsi Sumatera Utara,Dinas Ketenagakerjaan,"Sumatera Utara, Medan (Kota)",43273676
248,Belanja Perjalanan Dinas Paket Meeting Luar Kota,9690000,1,26-Apr,Provinsi Sumatera Utara,Dinas Pertanian dan Ketahanan Pangan,"Sumatera Utara, Medan (Kota)",43273895
249,Belanja Perjalanan Dinas Biasa,1937690000,1,26-Jan,Provinsi Sumatera Utara,Satuan Polisi Pamong Praja,"Sumatera Utara, Medan (Kota)",43241186
250,Belanja Perjalanan Dinas Biasa,232048000,1,26-Jan,Provinsi Sumatera Utara,Badan Keuangan dan Aset Daerah,"Sumatera Utara, Medan (Kota)",43303055
251,Belanja Perjalanan Dinas Biasa,245392000,1,26-Jan,Provinsi Sumatera Utara,Badan Keuangan dan Aset Daerah,"Sumatera Utara, Medan (Kota)",43303133
252,Belanja Perjalanan Dinas Biasa,210976000,1,26-Jan,Provinsi Sumatera Utara,Badan Keuangan dan Aset Daerah,"Sumatera Utara, Medan (Kota)",43303170
253,Belanja Perjalanan Dinas Sub Kegiatan Pembangunan Penghijauan Lingkungan di Luar Kawasan Hutan Negara pada Dinas Lingkungan Hidup dan Kehutanan Provsu serta Lingkup UPTD,1434447395,1,26-Jan,Provinsi Sumatera Utara,Dinas Lingkungan Hidup dan Kehutanan,"Sumatera Utara, Medan (Kota)",43303881
254,Belanja Perjalanan Dinas Sub Kegiatan Penyusunan Rencana Tahunan Rehabilitasi Lahan (RTnRL) pada Dinas Lingkungan Hidup dan Kehutanan Provsu serta Lingkup UPTD,640000000,1,26-Jan,Provinsi Sumatera Utara,Dinas Lingkungan Hidup dan Kehutanan,"Sumatera Utara, Medan (Kota)",43303887
255,Belanja Perjalanan Dinas Paket Meeting Luar Kota,70300000,1,26-Jan,Provinsi Sumatera Utara,Badan Kesatuan Bangsa dan Politik,"Sumatera Utara, Medan (Kota)",43247656
256,Belanja Perjalanan Dinas Biasa,116260000,1,26-Jan,Provinsi Sumatera Utara,Satuan Polisi Pamong Praja,"Sumatera Utara, Medan (Kota)",43247749
257,Belanja Perjalanan Dinas Biasa,38319000,1,26-Mar,Provinsi Sumatera Utara,Badan Kesatuan Bangsa dan Politik,"Sumatera Utara, Medan (Kota)",43248055
258,Belanja Perjalanan Dinas Biasa,61593000,1,26-Mar,Provinsi Sumatera Utara,Badan Kesatuan Bangsa dan Politik,"Sumatera Utara, Medan (Kota)",43248140
259,Belanja Perjalanan Dinas Biasa,140701000,1,26-Mar,Provinsi Sumatera Utara,Badan Kesatuan Bangsa dan Politik,"Sumatera Utara, Medan (Kota)",43248459
260,Belanja Perjalanan Dinas Biasa,185929000,1,26-Jan,Provinsi Sumatera Utara,Badan Kesatuan Bangsa dan Politik,"Sumatera Utara, Medan (Kota)",43255736
261,Belanja Perjalanan Dinas Paket Meeting Dalam Kota,152360000,1,26-Jan,Provinsi Sumatera Utara,Badan Kesatuan Bangsa dan Politik,"Sumatera Utara, Medan (Kota)",43255800
262,Belanja Perjalanan Dinas Biasa,25482000,1,26-Mar,Provinsi Sumatera Utara,Badan Kesatuan Bangsa dan Politik,"Sumatera Utara, Medan (Kota)",43256093
263,Belanja Perjalanan Dinas Biasa - Fasilitasi Penguatan Kelembagaan Koperasi,212077000,1,26-Feb,Provinsi Sumatera Utara,Dinas Koperasi dan Usaha Kecil Menengah,"Sumatera Utara, Medan (Kota)",43258604
264,Belanja Perjalanan Dinas Biasa,6901000,1,26-Apr,Provinsi Sumatera Utara,"Dinas Perindustrian, Perdagangan, Energi dan Sumber Daya Mineral","Sumatera Utara, Medan (Kota)",43293106
265,Belanja Perjalanan Dinas Biasa,245440000,1,26-Jan,Provinsi Sumatera Utara,Badan Keuangan dan Aset Daerah,"Sumatera Utara, Medan (Kota)",43302055
266,Belanja Perjalanan Dinas Biasa,251618000,1,26-Feb,Provinsi Sumatera Utara,"Badan Perencanaan Pembangunan, Riset dan Inovasi  Daerah","Sumatera Utara, Medan (Kota)",42380433
267,Belanja Perjalanan Dinas Biasa SURVEI VERIFIKASI LAPANGAN PERMOHONAN PERIZINAN,55975000,1,26-Jan,Provinsi Sumatera Utara,Dinas Perhubungan,"Sumatera Utara, Medan (Kota)",42522976
268,Belanja Perjalanan Dinas Biasa,24225000,1,26-Oct,Provinsi Sumatera Utara,Dinas Kelautan dan Perikanan,"Sumatera Utara, Simalungun (Kab.)",42551462
269,Belanja Perjalanan Dinas Biasa,73956000,1,26-Jan,Provinsi Sumatera Utara,Badan Penghubung,"DKI Jakarta, Jakarta Pusat (Kota)",42665156
270,Belanja Perjalanan Dinas Biasa,24758800,1,26-Apr,Provinsi Sumatera Utara,Dinas Kesehatan,"Sumatera Utara, Medan (Kota)",42738593
271,Belanja Perjalanan Dinas Biasa,231945000,1,26-Jan,Provinsi Sumatera Utara,Dinas Kesehatan,"Sumatera Utara, Medan (Kota)",42740252
272,Belanja Perjalanan Dinas Biasa (napza & diklat),34088000,1,26-Apr,Provinsi Sumatera Utara,UPTD Khusus Rumah Sakit Jiwa Prof. Dr. M. Ildrem,"Sumatera Utara, Medan (Kota)",42746466
273,Belanja Perjalanan Dinas Biasa - Koordinasi Penyusunan Dokumen Pergeseran/Perubahan DPA-SKPD,18750000,1,26-Feb,Provinsi Sumatera Utara,Inspektorat Daerah Provinsi,"Sumatera Utara, Medan (Kota)",42822449
274,Belanja Perjalanan Dinas Biasa - Penyusunan LKPJ dan LPPD,18300000,1,26-Feb,Provinsi Sumatera Utara,Inspektorat Daerah Provinsi,"Sumatera Utara, Medan (Kota)",42822839
275,Belanja Perjalanan Dinas Biasa,458574000,1,26-Jan,Provinsi Sumatera Utara,Dinas Kelautan dan Perikanan,"Sumatera Utara, Medan (Kota)",42831059
276,Belanja Perjalanan Dinas Biasa,182892000,1,26-Feb,Provinsi Sumatera Utara,Inspektorat Daerah Provinsi,"Sumatera Utara, Medan (Kota)",42831076
277,"Belanja Perjalanan Dinas Biasa - Koordinasi, Monitoring dan Evaluasi serta Verifikasi Pencegahan dan Pemberantasan Korupsi",45306000,1,26-Feb,Provinsi Sumatera Utara,Inspektorat Daerah Provinsi,"Sumatera Utara, Medan (Kota)",42831769
278,Belanja Perjalanan Dinas Biasa,19720000,1,26-Jan,Provinsi Sumatera Utara,Dinas Ketenagakerjaan,"Sumatera Utara, Medan (Kota)",43013880
279,Belanja perjalanan dinas dalam kota,10500000,1,26-Mar,Provinsi Sumatera Utara,Badan Penghubung,"DKI Jakarta, Jakarta Pusat (Kota)",43192737
280,Belanja Perjalanan Dinas Biasa,434820000,1,26-Jan,Provinsi Sumatera Utara,UPTD Khusus Rumah Sakit Umum Haji Medan,"Sumatera Utara, Deli Serdang (Kab.)",43209064
281,Uang Harian Perjalanan Dinas Dalam Negeri - Luar Kota -  Sumatera Utara,7400000,1,26-Mar,Provinsi Sumatera Utara,Dinas Pertanian dan Ketahanan Pangan,"Sumatera Utara, Lainnya",43276015
282,Belanja Perjalanan Dinas Biasa  (UPTD. BIH GEDUNG JOHOR),12036000,1,26-Mar,Provinsi Sumatera Utara,Dinas Pertanian dan Ketahanan Pangan,"Sumatera Utara, Medan (Kota)",43276989
283,Belanja Perjalanan Dinas Biasa,76550000,1,26-Jan,Provinsi Sumatera Utara,"Dinas Perindustrian, Perdagangan, Energi dan Sumber Daya Mineral","Sumatera Utara, Medan (Kota)",43279004
284,Belanja Perjalanan Dinas Biasa (BIidang HMB),91152000,1,26-Jan,Provinsi Sumatera Utara,"Dinas Perindustrian, Perdagangan, Energi dan Sumber Daya Mineral","Sumatera Utara, Medan (Kota)",43279344
285,Belanja Perjalanan Dinas Biasa (Cabang Dinas II),8977000,1,26-Jan,Provinsi Sumatera Utara,"Dinas Perindustrian, Perdagangan, Energi dan Sumber Daya Mineral","Sumatera Utara, Dairi (Kab.)",43285836
286,Belanja Perjalanan Dinas Biasa (Cabang Dinas II),45084900,1,26-Jan,Provinsi Sumatera Utara,"Dinas Perindustrian, Perdagangan, Energi dan Sumber Daya Mineral","Sumatera Utara, Dairi (Kab.)",43285916
287,Belanja Perjalanan Dinas Dalam Daerah,208155000,1,26-Jan,Provinsi Sumatera Utara,Badan Pendapatan Daerah,"Sumatera Utara, Medan (Kota)",43286002
288,Perjalanan Dinas Dalam Daerah,251008000,1,26-Jan,Provinsi Sumatera Utara,Badan Pendapatan Daerah,"Sumatera Utara, Medan (Kota)",43286604
289,Belanja Perjalanan Dinas Biasa,59508000,1,26-Jan,Provinsi Sumatera Utara,"Dinas Perindustrian, Perdagangan, Energi dan Sumber Daya Mineral","Sumatera Utara, Medan (Kota)",43287688
290,Belanja Perjalanan Dinas Biasa TP PKK,1434410000,1,26-Jan,Provinsi Sumatera Utara,"Dinas Pemberdayaan Masyarakat dan Desa, Kependudukan dan Catatan Sipil","Sumatera Utara, Medan (Kota)",43288100
291,Belanja Perjalanan Dinas Biasa,129430000,1,26-May,Provinsi Sumatera Utara,Dinas Kepemudaan dan Keolahragaan,"Sumatera Utara, Medan (Kota)",43329245
292,Belanja Perjalanan Dinas Biasa,2465346000,1,26-Jan,Provinsi Sumatera Utara,Sekretariat DPRD,"Sumatera Utara, Medan (Kota)",43322339
293,Belanja Perjalanan Dinas Biasa  (PSD 6) LIGA SEPAKBOLA PELAJAR PIALA GUBERNUR PROVINSI SUMATERA UTARA,39750000,1,26-Apr,Provinsi Sumatera Utara,Dinas Kepemudaan dan Keolahragaan,"Sumatera Utara, Medan (Kota)",43334910
294,Belanja Perjalanan Dinas Paket Meeting Luar Kota,35625000,1,26-Apr,Provinsi Sumatera Utara,Dinas Pertanian dan Ketahanan Pangan,"Sumatera Utara, Medan (Kota)",43273926
295,Belanja Perjalanan Dinas Biasa-PENGEMBANGAN BUDIDAYA KENTANG,210930000,1,26-Feb,Provinsi Sumatera Utara,Dinas Pertanian dan Ketahanan Pangan,"Sumatera Utara, Medan (Kota)",43274953
296,Belanja Perjalanan Dinas Biasa (Kegiatan Sosialisasi Narasumber) UPTD PTPH dan PMKP,9708000,1,26-May,Provinsi Sumatera Utara,Dinas Pertanian dan Ketahanan Pangan,"Sumatera Utara, Medan (Kota)",43275163
297,Belanja Perjalanan Dinas Biasa,15568000,1,26-Jan,Provinsi Sumatera Utara,"Dinas Pemberdayaan Perempuan, Perlindungan Anak dan Keluarga Berencana","Sumatera Utara, Medan (Kota)",43275468
298,Uang Harian Perjalanan Dinas Dalam Negeri - Dalam Kota -  Sumatera Utara,1500000,1,26-Apr,Provinsi Sumatera Utara,Dinas Pertanian dan Ketahanan Pangan,"Sumatera Utara, Medan (Kota)",43275904
299,Uang Harian Perjalanan Dinas Dalam Negeri - Luar Kota -  Sumatera Utara,7400000,1,26-Apr,Provinsi Sumatera Utara,Dinas Pertanian dan Ketahanan Pangan,"Sumatera Utara, Medan (Kota)",43275931
300,Biaya Penginapan Perjalanan Dinas Dalam Negeri - Pejabat Eselon III/ Golongan IV -  Sumatera Utara,31900000,1,26-Apr,Provinsi Sumatera Utara,Dinas Pertanian dan Ketahanan Pangan,"Sumatera Utara, Medan (Kota)",43275932
Data yang terdapat pada berkas ini dipopulasi secara otomatis oleh SiRUP pada tanggal: 5-5-2026 1:27:15. Untuk melihat paket yang telah terumumkan dan lebih terbaru silakan kunjungi sirup.inaproc.id,,,,,,,,
No,Paket,Pagu (Rp),Tipe Swakelola,Pemilihan,K/L/PD,Satuan Kerja,Lokasi,ID
2001,Belanja Perjalanan Dinas Biasa -  Monitoring dan Evaluasi SPM Bidang Pendidikan; Biaya Transportasi Darat dari Ibukota Provinsi ke Kabupaten/Kota dalam Provinsi,690000,1,26-Jan,Provinsi Sulawesi Selatan,DINAS PENDIDIKAN,"Sulawesi Selatan, Makassar (Kota)",42012997
2002,Belanja Perjalanan Dinas Biasa,18053600,1,26-Jan,Provinsi Sulawesi Selatan,DINAS KETAHANAN PANGAN,"Sulawesi Selatan, Lainnya",42024928
2003,Belanja Perjalanan Dinas Biasa,7495000,1,26-Jan,Provinsi Sulawesi Selatan,BADAN PENGHUBUNG,"DKI Jakarta, Jakarta Pusat (Kota)",42025792
2004,Belanja Perjalanan Dinas Biasa (Eselon II Dalam Daerah - Sedang),13626000,1,26-Jan,Provinsi Sulawesi Selatan,DINAS PENANAMAN MODAL DAN PTSP,"Sulawesi Selatan, Makassar (Kota)",42030155
2005,Belanja Perjalanan Dinas Biasa,161057600,1,26-Jan,Provinsi Sulawesi Selatan,BADAN PENANGGULANGAN BENCANA DAERAH,"Sulawesi Selatan, Makassar (Kota)",42053152
2006,Belanja Perjalanan Dinas Biasa,20930000,1,26-Jan,Provinsi Sulawesi Selatan,"BADAN PERENCANAAN PEMBANGUNAN, PENELITIAN DAN PENGEMBANGAN DAERAH","Sulawesi Selatan, Makassar (Kota)",42057147
2007,Belanja Perjalanan Dinas Biasa,70668400,1,26-Jan,Provinsi Sulawesi Selatan,"BADAN PERENCANAAN PEMBANGUNAN, PENELITIAN DAN PENGEMBANGAN DAERAH","Sulawesi Selatan, Makassar (Kota)",42058934
2008,Belanja Perjalanan Dinas Biasa,32108000,1,26-Jan,Provinsi Sulawesi Selatan,BADAN KEPEGAWAIAN DAERAH,"Sulawesi Selatan, Makassar (Kota)",42064989
2009,Belanja Perjalanan Dinas Biasa,56400000,1,26-Feb,Provinsi Sulawesi Selatan,"DINAS SUMBER DAYA AIR, CIPTA KARYA DAN TATA RUANG","Sulawesi Selatan, Makassar (Kota)",42192636
2010,Belanja Perjalanan Dinas Biasa,5210000,1,26-Jan,Provinsi Sulawesi Selatan,DINAS PERDAGANGAN DAN PERINDUSTRIAN,"Sulawesi Selatan, Makassar (Kota)",42218921
2011,Belanja Perjalanan Dinas Biasa,7810000,1,26-Jan,Provinsi Sulawesi Selatan,DINAS PERDAGANGAN DAN PERINDUSTRIAN,"Sulawesi Selatan, Makassar (Kota)",42218932
2012,"Belanja Perjalanan Dinas Biasa/ Perjalanan Dinas Dalam Daerah_Dalam Rangka Verifikasi, Penyerahan Bantuan danMonitoring_BIDANG PRODUKSI TANAMAN PANGAN",70269000,1,26-Jan,Provinsi Sulawesi Selatan,"DINAS TANAMAN PANGAN, HORTIKULTURA DAN PERKEBUNAN","Sulawesi Selatan, Makassar (Kota)",42246136
2013,Belanja Perjalanan Dinas Biasa/Perjalanan Dinas Dalam Daerah_BIDANG PRODUKSI TANAMAN PANGAN_Dalam Rangka Pemilihandan penentuan lokasi calon penerima bantuan benih sebar,126102000,1,26-Jan,Provinsi Sulawesi Selatan,"DINAS TANAMAN PANGAN, HORTIKULTURA DAN PERKEBUNAN","Sulawesi Selatan, Makassar (Kota)",42250999
2014,Belanja Perjalanan Dinas Biasa/Perjalanan Dinas Dalam Daerah_Dalam Rangka Monitoring dan Evaluasi Tim Provinsi_BIDANGPRODUKSI TANAMAN PANGAN,161733400,1,26-Jan,Provinsi Sulawesi Selatan,"DINAS TANAMAN PANGAN, HORTIKULTURA DAN PERKEBUNAN","Sulawesi Selatan, Makassar (Kota)",42251000
2015,Belanja Perjalanan Dinas Biasa,76800000,1,26-Feb,Provinsi Sulawesi Selatan,"DINAS SUMBER DAYA AIR, CIPTA KARYA DAN TATA RUANG","Sulawesi Selatan, Makassar (Kota)",42284352
2016,Belanja Perjalanan Dinas Biasa,83980000,1,26-Feb,Provinsi Sulawesi Selatan,DINAS PERHUBUNGAN,"Sulawesi Selatan, Makassar (Kota)",42303713
2017,Belanja Perjalanan Dinas Biasa,121260000,1,26-Mar,Provinsi Sulawesi Selatan,DINAS PERHUBUNGAN,"DKI Jakarta, Jakarta Pusat (Kota)",42303752
2018,Belanja Perjalanan Dinas Biasa,27030400,1,26-Feb,Provinsi Sulawesi Selatan,DINAS PERHUBUNGAN,"Sulawesi Selatan, Makassar (Kota)",42304218
2019,Belanja Perjalanan Dinas Biasa (UPT Jeneberang),46225200,1,26-Feb,Provinsi Sulawesi Selatan,"DINAS SUMBER DAYA AIR, CIPTA KARYA DAN TATA RUANG","Sulawesi Selatan, Gowa (Kab.)",42337737
2020,Belanja Perjalanan Dinas Biasa (UPT Larona),17693200,1,26-Feb,Provinsi Sulawesi Selatan,"DINAS SUMBER DAYA AIR, CIPTA KARYA DAN TATA RUANG","Sulawesi Selatan, Palopo (Kota)",42385111
2021,Belanja Perjalanan Dinas Biasa,15316000,1,26-Jan,Provinsi Sulawesi Selatan,BADAN PENGEMBANGAN DAN SUMBER DAYA MANUSIA,"Sulawesi Selatan, Makassar (Kota)",42735299
2022,Belanja Perjalanan Dinas Biasa,33780800,1,26-Jan,Provinsi Sulawesi Selatan,"DINAS PEMBERDAYAAN PEREMPUAN, PERLINDUNGAN ANAK, PENGENDALIAN PENDUDUK, DAN KELUARGA BERENCANA","Sulawesi Selatan, Makassar (Kota)",42111705
2023,Belanja Perjalanan Dinas Biasa,218593941,1,26-Jan,Provinsi Sulawesi Selatan,DINAS LINGKUNGAN HIDUP DAN KEHUTANAN,"Sulawesi Selatan, Makassar (Kota)",43321017
2024,Belanja Perjalanan Dinas Biasa,57076000,1,26-Jan,Provinsi Sulawesi Selatan,"DINAS PEMBERDAYAAN PEREMPUAN, PERLINDUNGAN ANAK, PENGENDALIAN PENDUDUK, DAN KELUARGA BERENCANA","Sulawesi Selatan, Makassar (Kota)",42121783
2025,Belanja Perjalanan Dinas Biasa,8289000,1,26-Jan,Provinsi Sulawesi Selatan,BADAN KEPEGAWAIAN DAERAH,"Sulawesi Selatan, Makassar (Kota)",42066475
2026,Belanja Perjalanan Dinas Biasa #Perselisihan Hubungan Industrial,4060000,1,26-Jan,Provinsi Sulawesi Selatan,DINAS TENAGA KERJA DAN TRANSMIGRASI,"Sulawesi Selatan, Makassar (Kota)",42066780
2027,Belanja Perjalanan Dinas Biasa #Kelembagaan Hubungan Industrial,252791000,1,26-Jan,Provinsi Sulawesi Selatan,DINAS TENAGA KERJA DAN TRANSMIGRASI,"Sulawesi Selatan, Makassar (Kota)",42066847
2028,Belanja Perjalanan Dinas Biasa,27875000,1,26-Jan,Provinsi Sulawesi Selatan,BADAN PENDAPATAN DAERAH,"Sulawesi Selatan, Makassar (Kota)",41828866
2029,Belanja Perjalanan Dinas Biasa,35150600,1,26-Jan,Provinsi Sulawesi Selatan,BADAN PENDAPATAN DAERAH,"Sulawesi Selatan, Makassar (Kota)",41828868
2030,Belanja Perjalanan Dinas Biasa,83246000,1,26-Jan,Provinsi Sulawesi Selatan,BADAN PENDAPATAN DAERAH,"Sulawesi Selatan, Makassar (Kota)",41828876
2031,Belanja Perjalanan Dinas Biasa,50140000,1,26-Jan,Provinsi Sulawesi Selatan,DINAS ENERGI DAN SUMBER DAYA MINERAL,"Sulawesi Selatan, Makassar (Kota)",41830425
2032,Belanja Perjalanan Dinas Biasa,738015000,1,26-Jan,Provinsi Sulawesi Selatan,BIRO UMUM,"Sulawesi Selatan, Makassar (Kota)",41830512
2033,Belanja Perjalanan Dinas Biasa,9975000,1,26-Jan,Provinsi Sulawesi Selatan,DINAS ENERGI DAN SUMBER DAYA MINERAL,"Sulawesi Selatan, Makassar (Kota)",41832349
2034,Belanja Perjalanan Dinas Biasa,53475000,1,26-Jan,Provinsi Sulawesi Selatan,DINAS ENERGI DAN SUMBER DAYA MINERAL,"Sulawesi Selatan, Makassar (Kota) | Sulawesi Selatan, Maros (Kab.) | Sulawesi Selatan, Gowa (Kab.) | Sulawesi Selatan, Palopo (Kota) | Sulawesi Selatan, Bulukumba (Kab.) | Sulawesi Selatan, Bone (Kab.) | Sulawesi Selatan, Pare-Pare (Kota)",41833157
2035,Belanja Perjalanan Dinas Biasa,198792800,3,26-Jan,Provinsi Sulawesi Selatan,DINAS KEPENDUDUKAN DAN CATATAN SIPIL,"Sulawesi Selatan, Makassar (Kota)",41836760
2036,Belanja Perjalanan Dinas Biasa,33260000,1,26-Jan,Provinsi Sulawesi Selatan,DINAS PERDAGANGAN DAN PERINDUSTRIAN,"Sulawesi Selatan, Makassar (Kota)",41836858
2037,Belanja Perjalanan Dinas Biasa,1576256000,1,26-Jan,Provinsi Sulawesi Selatan,BADAN PENDAPATAN DAERAH,"Sulawesi Selatan, Makassar (Kota)",41836906
2038,Belanja Perjalanan Dinas Biasa,224094000,1,26-Jan,Provinsi Sulawesi Selatan,DINAS PERDAGANGAN DAN PERINDUSTRIAN,"Sulawesi Selatan, Makassar (Kota)",41837558
2039,Belanja Perjalanan Dinas Biasa,42689000,1,26-Jan,Provinsi Sulawesi Selatan,BADAN PENDAPATAN DAERAH,"Sulawesi Selatan, Makassar (Kota)",41837566
2040,Belanja Perjalanan Dinas Biasa,38010000,1,26-Jan,Provinsi Sulawesi Selatan,DINAS PERDAGANGAN DAN PERINDUSTRIAN,"Sulawesi Selatan, Makassar (Kota)",41841186
2041,Belanja Perjalanan Dinas Biasa,37217400,1,26-Jan,Provinsi Sulawesi Selatan,DINAS PETERNAKAN DAN KESEHATAN HEWAN,"Sulawesi Selatan, Makassar (Kota)",41843437
2042,Belanja Perjalanan Dinas Biasa,1215792200,1,26-Jan,Provinsi Sulawesi Selatan,DINAS BINA MARGA DAN BINA KONSTRUKSI,"Sulawesi Selatan, Makassar (Kota)",41844848
2043,5.02.02.1.02.0004 Belanja Perjalanan Dinas Biasa,23819000,1,26-Jan,Provinsi Sulawesi Selatan,BADAN KEUANGAN DAN ASET DAERAH,"Sulawesi Selatan, Makassar (Kota)",41846725
2044,Belanja Perjalanan Dinas Biasa - Dinas,78419000,1,26-Jan,Provinsi Sulawesi Selatan,DINAS BINA MARGA DAN BINA KONSTRUKSI,"Sulawesi Selatan, Makassar (Kota)",41846751
2045,Belanja Perjalanan Dinas Biasa,72064200,1,26-Jan,Provinsi Sulawesi Selatan,DINAS KEBUDAYAAN DAN KEPARIWISATAAN,"Sulawesi Selatan, Makassar (Kota) | DKI Jakarta, Jakarta Pusat (Kota)",41849092
2046,Belanja Perjalanan Dinas Biasa,5269832200,1,26-Jan,Provinsi Sulawesi Selatan,INSPEKTORAT,"Sulawesi Selatan, Makassar (Kota)",41853946
2047,Belanja Perjalanan Dinas Biasa,927624000,1,26-Jan,Provinsi Sulawesi Selatan,INSPEKTORAT,"Sulawesi Selatan, Makassar (Kota)",41855359
2048,Belanja Perjalanan Dinas Biasa,359849000,1,26-Jan,Provinsi Sulawesi Selatan,SEKRETARIAT DPRD,"Sulawesi Selatan, Makassar (Kota)",41858251
2049,Belanja Perjalanan Dinas Biasa Penyusunan dan Pembahasan Program Pembentukan Peraturan Daerah,288195000,1,26-Feb,Provinsi Sulawesi Selatan,SEKRETARIAT DPRD,"Sulawesi Selatan, Makassar (Kota)",41861719
2050,Belanja Perjalanan Dinas Biasa,14045000,1,26-Feb,Provinsi Sulawesi Selatan,DINAS PETERNAKAN DAN KESEHATAN HEWAN,"Sulawesi Selatan, Makassar (Kota)",41865117
2051,Belanja Perjalanan Dinas Biasa,19647000,1,26-Oct,Provinsi Sulawesi Selatan,DINAS KEBUDAYAAN DAN KEPARIWISATAAN,"DKI Jakarta, Jakarta Pusat (Kota)",41867280
2052,Belanja Perjalanan Dinas Biasa,616672000,1,26-Feb,Provinsi Sulawesi Selatan,SEKRETARIAT DPRD,"Sulawesi Selatan, Makassar (Kota)",41877639
2053,Belanja Perjalanan Dinas Biasa,4669165000,1,26-Jan,Provinsi Sulawesi Selatan,SEKRETARIAT DPRD,"Sulawesi Selatan, Makassar (Kota)",41891235
2054,Belanja Perjalanan Dinas Biasa - UPTD I,53516200,1,26-Jan,Provinsi Sulawesi Selatan,DINAS BINA MARGA DAN BINA KONSTRUKSI,"Sulawesi Selatan, Palopo (Kota)",41908825
2055,Belanja Perjalanan Dinas Biasa,4830000,1,26-Jan,Provinsi Sulawesi Selatan,DINAS KELAUTAN DAN PERIKANAN,"Sulawesi Selatan, Makassar (Kota)",41911114
2056,Belanja Perjalanan Dinas Biasa - UPTD VI,29936400,1,26-Jan,Provinsi Sulawesi Selatan,DINAS BINA MARGA DAN BINA KONSTRUKSI,"Sulawesi Selatan, Bulukumba (Kab.)",41911503
2057,Belanja Perjalanan Dinas Biasa,38670000,1,26-Jan,Provinsi Sulawesi Selatan,DINAS LINGKUNGAN HIDUP DAN KEHUTANAN,"Sulawesi Selatan, Makassar (Kota)",41915680
2058,Belanja Perjalanan Dinas Biasa,11130000,1,26-Jan,Provinsi Sulawesi Selatan,DINAS KELAUTAN DAN PERIKANAN,"Sulawesi Selatan, Makassar (Kota)",41923251
2059,Belanja Perjalanan Dinas Biasa,5720000,1,26-Jan,Provinsi Sulawesi Selatan,DINAS KELAUTAN DAN PERIKANAN,"Sulawesi Selatan, Makassar (Kota)",41923939
2060,Belanja Perjalanan Dinas Biasa,42380000,1,26-Feb,Provinsi Sulawesi Selatan,DINAS KELAUTAN DAN PERIKANAN,"Sulawesi Selatan, Makassar (Kota)",41928511
2061,Belanja Perjalanan Dinas Biasa,2296960000,1,26-Jan,Provinsi Sulawesi Selatan,DINAS KESEHATAN,"Sulawesi Selatan, Makassar (Kota)",41944793
2062,Belanja Perjalanan Dinas Biasa,101559400,1,26-Jan,Provinsi Sulawesi Selatan,DINAS BINA MARGA DAN BINA KONSTRUKSI,"Sulawesi Selatan, Makassar (Kota)",41946638
2063,Belanja Perjalanan Dinas Biasa,49035000,1,26-Jan,Provinsi Sulawesi Selatan,DINAS KESEHATAN,"Sulawesi Selatan, Makassar (Kota)",41960579
2064,Belanja Perjalanan Dinas Biasa,36093600,1,26-Jan,Provinsi Sulawesi Selatan,"DINAS PERUMAHAN, KAWASAN PERMUKIMAN DAN PERTANAHAN","Sulawesi Selatan, Makassar (Kota)",41973608
2065,Belanja Perjalanan Dinas Biasa,8762600,1,26-Jan,Provinsi Sulawesi Selatan,DINAS SOSIAL,"Sulawesi Selatan, Makassar (Kota)",42000938
2066,Belanja Perjalanan Dinas Biasa -  Monitoring dan Evaluasi SPM Bidang Pendidikan; Biaya Transportasi Darat dari Ibukota Provinsi ke Kabupaten/Kota dalam Provinsi,705000,1,26-Jan,Provinsi Sulawesi Selatan,DINAS PENDIDIKAN,"Sulawesi Selatan, Makassar (Kota)",42012978
2067,Belanja Perjalanan Dinas Biasa -  Monitoring dan Evaluasi SPM Bidang Pendidikan; Biaya Transportasi Darat dari Ibukota Provinsi ke Kabupaten/Kota dalam Provinsi,750000,1,26-Jan,Provinsi Sulawesi Selatan,DINAS PENDIDIKAN,"Sulawesi Selatan, Makassar (Kota)",42012989
2068,Belanja Perjalanan Dinas Biasa -  Monitoring dan Evaluasi SPM Bidang Pendidikan; Biaya Transportasi Darat dari Ibukota Provinsi ke Kabupaten/Kota dalam Provinsi,675000,1,26-Jan,Provinsi Sulawesi Selatan,DINAS PENDIDIKAN,"Sulawesi Selatan, Makassar (Kota)",42012990
2069,Belanja Perjalanan Dinas Biasa -  Monitoring dan Evaluasi SPM Bidang Pendidikan; Biaya Transportasi Darat dari Ibukota Provinsi ke Kabupaten/Kota dalam Provinsi,690000,1,26-Jan,Provinsi Sulawesi Selatan,DINAS PENDIDIKAN,"Sulawesi Selatan, Makassar (Kota)",42012993
2070,Belanja Perjalanan Dinas Biasa (Sinkronisasi dan Reviu DAK-UPT Museum Mandala-PAD),12410000,1,26-Jul,Provinsi Sulawesi Selatan,DINAS KEBUDAYAAN DAN KEPARIWISATAAN,"DKI Jakarta, Jakarta Pusat (Kota)",42016507
2071,Belanja Perjalanan Dinas Biasa (Pembangunan dan Pengembangan Destinasi Wisata Unggulan),20640000,1,26-Jan,Provinsi Sulawesi Selatan,DINAS KEBUDAYAAN DAN KEPARIWISATAAN,"Sulawesi Selatan, Makassar (Kota)",42016515
2072,Belanja Perjalanan Dinas Biasa (Perjalanan Dinas Dalam Daerah Golongan III - sedang),2415200,1,26-Jan,Provinsi Sulawesi Selatan,DINAS PENANAMAN MODAL DAN PTSP,"Sulawesi Selatan, Makassar (Kota)",42056782
2073,Belanja Perjalanan Dinas Biasa - UPTD Laboratorium,100000000,1,26-Jan,Provinsi Sulawesi Selatan,DINAS BINA MARGA DAN BINA KONSTRUKSI,"Sulawesi Selatan, Makassar (Kota)",42187343
2074,Belanja Perjalanan Dinas Biasa,71640000,1,26-Feb,Provinsi Sulawesi Selatan,"DINAS SUMBER DAYA AIR, CIPTA KARYA DAN TATA RUANG","Sulawesi Selatan, Makassar (Kota)",42188359
2075,Belanja Perjalanan Dinas Biasa,52300000,1,26-Feb,Provinsi Sulawesi Selatan,"DINAS SUMBER DAYA AIR, CIPTA KARYA DAN TATA RUANG","Sulawesi Selatan, Makassar (Kota)",42189865
2076,Belanja Perjalanan Dinas Biasa,48598000,1,26-Feb,Provinsi Sulawesi Selatan,"DINAS SUMBER DAYA AIR, CIPTA KARYA DAN TATA RUANG","Sulawesi Selatan, Makassar (Kota)",42193726
2077,"Belanja Perjalanan Dinas Biasa ( Perjalanan Dinas Kegiatan Koordinasi, Konsultasi, Monev, Donor Darah serta Kedinasan Lainnya )",85000000,1,26-Jan,Provinsi Sulawesi Selatan,UPT TRANSFUSI DARAH,"Sulawesi Selatan, Makassar (Kota)",42198047
2078,"Belanja Perjalanan Dinas Biasa Koordinasi, Identifikasi, Verifikasi, Monitoring dan Kedinasan Lainnya",225851000,1,26-Jan,Provinsi Sulawesi Selatan,"DINAS TANAMAN PANGAN, HORTIKULTURA DAN PERKEBUNAN","Sulawesi Selatan, Makassar (Kota)",42212470
2079,Belanja Perjalanan Dinas Biasa,298145000,1,26-Jan,Provinsi Sulawesi Selatan,"DINAS TANAMAN PANGAN, HORTIKULTURA DAN PERKEBUNAN","Sulawesi Selatan, Makassar (Kota)",42225725
2080,Belanja Perjalanan Dinas Biasa,56391200,1,26-Feb,Provinsi Sulawesi Selatan,"DINAS SUMBER DAYA AIR, CIPTA KARYA DAN TATA RUANG","Sulawesi Selatan, Makassar (Kota)",42239355
2081,Belanja Perjalanan Dinas Biasa,21820000,1,26-Feb,Provinsi Sulawesi Selatan,"DINAS SUMBER DAYA AIR, CIPTA KARYA DAN TATA RUANG","Sulawesi Selatan, Makassar (Kota)",42283610
2082,Belanja Perjalanan Dinas Biasa,27480000,1,26-Feb,Provinsi Sulawesi Selatan,DINAS PERHUBUNGAN,"Sulawesi Selatan, Makassar (Kota)",42303756
2083,Belanja Perjalanan Dinas Biasa (UPT Saddang),11845600,1,26-Feb,Provinsi Sulawesi Selatan,"DINAS SUMBER DAYA AIR, CIPTA KARYA DAN TATA RUANG","Sulawesi Selatan, Pinrang (Kab.)",42340993
2084,Belanja Perjalanan Dinas Biasa (UPT Saddang),20945600,1,26-Feb,Provinsi Sulawesi Selatan,"DINAS SUMBER DAYA AIR, CIPTA KARYA DAN TATA RUANG","Sulawesi Selatan, Pinrang (Kab.)",42341271
2085,Belanja Perjalanan Dinas Biasa (UPT Saddang),38376400,1,26-Feb,Provinsi Sulawesi Selatan,"DINAS SUMBER DAYA AIR, CIPTA KARYA DAN TATA RUANG","Sulawesi Selatan, Pinrang (Kab.)",42342018
2086,Belanja Perjalanan Dinas Biasa (UPT Larona),22129800,1,26-Feb,Provinsi Sulawesi Selatan,"DINAS SUMBER DAYA AIR, CIPTA KARYA DAN TATA RUANG","Sulawesi Selatan, Palopo (Kota)",42384900
2087,Belanja Perjalanan Dinas Biasa,27520000,1,26-Apr,Provinsi Sulawesi Selatan,DINAS PERHUBUNGAN,"Sulawesi Selatan, Makassar (Kota)",43339040
2088,Belanja Perjalanan Dinas Biasa,27235400,1,26-Jan,Provinsi Sulawesi Selatan,BADAN KEPEGAWAIAN DAERAH,"Sulawesi Selatan, Makassar (Kota)",42065308
2089,Belanja Perjalanan Dinas Biasa,8289000,1,26-Jan,Provinsi Sulawesi Selatan,BADAN KEPEGAWAIAN DAERAH,"Sulawesi Selatan, Makassar (Kota)",42066459
2090,Belanja Perjalanan Dinas Biasa #Pengawasan Norma Kerja,29040000,1,26-Jan,Provinsi Sulawesi Selatan,DINAS TENAGA KERJA DAN TRANSMIGRASI,"Sulawesi Selatan, Makassar (Kota)",42067123
2091,Belanja Perjalanan Dinas Biasa,46799400,1,26-Jan,Provinsi Sulawesi Selatan,BADAN PENDAPATAN DAERAH,"Sulawesi Selatan, Makassar (Kota)",41830139
2092,Belanja Perjalanan Dinas Biasa,225605600,1,26-Jan,Provinsi Sulawesi Selatan,DINAS ENERGI DAN SUMBER DAYA MINERAL,"Sulawesi Selatan, Makassar (Kota)",41832408
2093,Belanja Perjalanan Dinas Biasa,37005000,1,26-Jan,Provinsi Sulawesi Selatan,DINAS ENERGI DAN SUMBER DAYA MINERAL,"Sulawesi Selatan, Makassar (Kota) | Sulawesi Selatan, Maros (Kab.) | Sulawesi Selatan, Gowa (Kab.) | Sulawesi Selatan, Palopo (Kota) | Sulawesi Selatan, Bulukumba (Kab.) | Sulawesi Selatan, Bone (Kab.) | Sulawesi Selatan, Pare-Pare (Kota)",41832467
2094,Belanja Perjalanan Dinas Biasa,8289000,1,26-Jan,Provinsi Sulawesi Selatan,DINAS ENERGI DAN SUMBER DAYA MINERAL,"Sulawesi Selatan, Makassar (Kota)",41832480
2095,Belanja Perjalanan Dinas Biasa,24527200,1,26-Jan,Provinsi Sulawesi Selatan,DINAS ENERGI DAN SUMBER DAYA MINERAL,"Sulawesi Selatan, Makassar (Kota)",41832620
2096,Belanja Perjalanan Dinas Biasa,18960000,1,26-Jan,Provinsi Sulawesi Selatan,DINAS ENERGI DAN SUMBER DAYA MINERAL,"Sulawesi Selatan, Makassar (Kota)",41833087
2097,Belanja Perjalanan Dinas Biasa,69555000,1,26-Jan,Provinsi Sulawesi Selatan,DINAS PERDAGANGAN DAN PERINDUSTRIAN,"LAINNYA, Lainnya",41834816
2098,Belanja Perjalanan Dinas Biasa,39359000,1,26-Jan,Provinsi Sulawesi Selatan,DINAS KEPENDUDUKAN DAN CATATAN SIPIL,"Sulawesi Selatan, Makassar (Kota)",41835090
2099,Belanja Perjalanan Dinas Biasa,73497000,1,26-Jan,Provinsi Sulawesi Selatan,DINAS BINA MARGA DAN BINA KONSTRUKSI,"Sulawesi Selatan, Makassar (Kota)",41845475
2100,5.02.02.1.03.0006 Belanja Perjalanan Dinas Biasa,22220000,1,26-Jan,Provinsi Sulawesi Selatan,BADAN KEUANGAN DAN ASET DAERAH,"Sulawesi Selatan, Makassar (Kota)",41847061
2101,Belanja Perjalanan Dinas Biasa,47929600,1,26-Jan,Provinsi Sulawesi Selatan,DINAS PETERNAKAN DAN KESEHATAN HEWAN,"Sulawesi Selatan, Makassar (Kota)",41865184
2102,Belanja Perjalanan Dinas Biasa,42947000,1,26-Feb,Provinsi Sulawesi Selatan,SATUAN POLISI PAMONG PRAJA,"Sulawesi Selatan, Makassar (Kota)",41866034
2103,Belanja Perjalanan Dinas Biasa,145776400,1,26-Feb,Provinsi Sulawesi Selatan,SATUAN POLISI PAMONG PRAJA,"Sulawesi Selatan, Makassar (Kota)",41866106
2104,Belanja Perjalanan Dinas Biasa,377950000,1,26-Feb,Provinsi Sulawesi Selatan,SEKRETARIAT DPRD,"Sulawesi Selatan, Makassar (Kota)",41882175
2105,Belanja Perjalanan Dinas Biasa,431773000,1,26-Feb,Provinsi Sulawesi Selatan,SEKRETARIAT DPRD,"Sulawesi Selatan, Makassar (Kota)",41882360
2106,Belanja Perjalanan Dinas Biasa,2468025000,1,26-Jan,Provinsi Sulawesi Selatan,SEKRETARIAT DPRD,"Sulawesi Selatan, Makassar (Kota)",41882593
2107,Belanja Perjalanan Dinas Biasa,1148254000,1,26-Feb,Provinsi Sulawesi Selatan,SEKRETARIAT DPRD,"Sulawesi Selatan, Makassar (Kota)",41891237
2108,Belanja Perjalanan Dinas Biasa,1447595000,1,26-Feb,Provinsi Sulawesi Selatan,SEKRETARIAT DPRD,"Sulawesi Selatan, Makassar (Kota)",41891241
2109,Belanja Perjalanan Dinas Biasa,4390000,1,26-Feb,Provinsi Sulawesi Selatan,DINAS KELAUTAN DAN PERIKANAN,"Sulawesi Selatan, Makassar (Kota)",41910638
2110,Belanja Perjalanan Dinas Biasa,61105000,1,26-Jan,Provinsi Sulawesi Selatan,DINAS LINGKUNGAN HIDUP DAN KEHUTANAN,"Sulawesi Selatan, Makassar (Kota)",41916399
2111,Belanja Perjalanan Dinas Biasa Dalam Rangka Pengembangan Kawasan Ekowisata Bulu Tanah di Wilayah UPT KPH Cenrana (DBH-DR),174286200,1,26-Jan,Provinsi Sulawesi Selatan,DINAS LINGKUNGAN HIDUP DAN KEHUTANAN,"Sulawesi Selatan, Makassar (Kota)",41920649
2112,Belanja Perjalanan Dinas Biasa,15100000,1,26-Jan,Provinsi Sulawesi Selatan,DINAS KELAUTAN DAN PERIKANAN,"Sulawesi Selatan, Makassar (Kota)",41923890
2113,Belanja Perjalanan Dinas Biasa,2650000,1,26-Jan,Provinsi Sulawesi Selatan,DINAS KELAUTAN DAN PERIKANAN,"Sulawesi Selatan, Makassar (Kota)",41924089
2114,"Belanja Perjalanan Dinas Biasa ( Sosialisasi Mitigasi Bencana CDK Ajatappareng, CDK Bosowasi, CDK Luwu Raya, CDK Mamminasata, CDK Pangkep, CDK Selayar, CDK Wil Selatan)",9030000,1,26-Jan,Provinsi Sulawesi Selatan,DINAS KELAUTAN DAN PERIKANAN,"Sulawesi Selatan, Makassar (Kota)",41924864
2115,Belanja Perjalanan Dinas Biasa,121566800,1,26-Jan,Provinsi Sulawesi Selatan,DINAS BINA MARGA DAN BINA KONSTRUKSI,"Sulawesi Selatan, Makassar (Kota)",41939388
2116,Belanja Perjalanan Dinas Biasa,18198000,1,26-Jan,Provinsi Sulawesi Selatan,DINAS KESEHATAN,"Sulawesi Selatan, Makassar (Kota)",41940492
2117,Belanja Perjalanan Dinas Biasa,81480000,1,26-Jan,Provinsi Sulawesi Selatan,BIRO PEREKONOMIAN DAN ADMINISTRASI PEMBANGUNAN,"Sulawesi Selatan, Makassar (Kota)",41941776
2118,Belanja Perjalanan Dinas Biasa,847729600,1,26-Jan,Provinsi Sulawesi Selatan,"DINAS PERUMAHAN, KAWASAN PERMUKIMAN DAN PERTANAHAN","Sulawesi Selatan, Makassar (Kota)",41947795
2119,Belanja Perjalanan Dinas Biasa,147535200,1,26-Jan,Provinsi Sulawesi Selatan,"DINAS PERUMAHAN, KAWASAN PERMUKIMAN DAN PERTANAHAN","Sulawesi Selatan, Makassar (Kota)",41973596
2120,Belanja Perjalanan Dinas Biasa,18060200,1,26-Jan,Provinsi Sulawesi Selatan,"DINAS PERUMAHAN, KAWASAN PERMUKIMAN DAN PERTANAHAN","Sulawesi Selatan, Makassar (Kota)",41973687
2121,Belanja Perjalanan Dinas Biasa,301594200,1,26-Jan,Provinsi Sulawesi Selatan,DINAS PETERNAKAN DAN KESEHATAN HEWAN,"Sulawesi Selatan, Makassar (Kota)",41980125
2122,Belanja Perjalanan Dinas Biasa (Re-Inventarisasi Database Koleksi Museum-Museum La Galigo-DAK),54090000,1,26-Apr,Provinsi Sulawesi Selatan,DINAS KEBUDAYAAN DAN KEPARIWISATAAN,"Sulawesi Selatan, Makassar (Kota)",42000672
2123,Belanja Perjalanan Dinas Biasa -  Monitoring dan Evaluasi SPM Bidang Pendidikan; Biaya Transportasi Darat dari Ibukota Provinsi ke Kabupaten/Kota dalam Provinsi,690000,1,26-Jan,Provinsi Sulawesi Selatan,DINAS PENDIDIKAN,"Sulawesi Selatan, Makassar (Kota)",42012976
2124,Belanja Perjalanan Dinas Biasa -  Monitoring dan Evaluasi SPM Bidang Pendidikan; Biaya Transportasi Darat dari Ibukota Provinsi ke Kabupaten/Kota dalam Provinsi,1125000,1,26-Jan,Provinsi Sulawesi Selatan,DINAS PENDIDIKAN,"Sulawesi Selatan, Makassar (Kota)",42013001
2125,Belanja Perjalanan Dinas Biasa,14990000,1,26-Jan,Provinsi Sulawesi Selatan,BADAN PENGHUBUNG,"DKI Jakarta, Jakarta Pusat (Kota)",42026181
2126,Belanja Perjalanan Dinas Biasa,7495000,1,26-Jan,Provinsi Sulawesi Selatan,BADAN PENGHUBUNG,"DKI Jakarta, Jakarta Pusat (Kota)",42028793
2127,Belanja Perjalanan Dinas Biasa/Konsultasi dan koordinasi dan Kedinasan Lainnya (Jawa Timur)/BBTP,205938000,1,26-Feb,Provinsi Sulawesi Selatan,"DINAS TANAMAN PANGAN, HORTIKULTURA DAN PERKEBUNAN","Sulawesi Selatan, Makassar (Kota)",42850796
2128,Belanja Perjalanan Dinas Biasa Eselon II Luar Daerah - Sedang),52535000,1,26-Jan,Provinsi Sulawesi Selatan,DINAS PENANAMAN MODAL DAN PTSP,"DKI Jakarta, Jakarta Pusat (Kota)",42036122
2129,Belanja Perjalanan Dinas Biasa,183180000,1,26-Feb,Provinsi Sulawesi Selatan,DINAS PERHUBUNGAN,"Sulawesi Selatan, Makassar (Kota)",42303442
2130,Belanja Perjalanan Dinas Biasa (UPT Jeneberang),21305000,1,26-Feb,Provinsi Sulawesi Selatan,"DINAS SUMBER DAYA AIR, CIPTA KARYA DAN TATA RUANG","Sulawesi Selatan, Gowa (Kab.)",42340958
2131,Belanja Perjalanan Dinas Biasa,150870400,1,26-Feb,Provinsi Sulawesi Selatan,"DINAS SUMBER DAYA AIR, CIPTA KARYA DAN TATA RUANG","Sulawesi Selatan, Makassar (Kota)",42305002
2132,Belanja Perjalanan Dinas Biasa,146647000,1,26-Jan,Provinsi Sulawesi Selatan,DINAS KESEHATAN,"Sulawesi Selatan, Makassar (Kota)",42277369
2133,Belanja Perjalanan Dinas Biasa,412582400,1,26-Jan,Provinsi Sulawesi Selatan,BADAN PENANGGULANGAN BENCANA DAERAH,"Sulawesi Selatan, Makassar (Kota)",42051447
2134,Belanja Perjalanan Dinas Biasa,9083600,1,26-Jan,Provinsi Sulawesi Selatan,DINAS KETAHANAN PANGAN,"Sulawesi Selatan, Lainnya",42053896
2135,Belanja Perjalanan Dinas Biasa,14670000,1,26-Jan,Provinsi Sulawesi Selatan,BADAN PENGHUBUNG,"DKI Jakarta, Jakarta Pusat (Kota)",42055985
2136,Belanja Perjalanan Dinas Biasa (Perjalanan Dinas Dalam Daerah - Sedang),9285000,1,26-Jan,Provinsi Sulawesi Selatan,DINAS PENANAMAN MODAL DAN PTSP,"Sulawesi Selatan, Makassar (Kota)",42056745
2137,Belanja Perjalanan Dinas Biasa,82989800,1,26-Jan,Provinsi Sulawesi Selatan,"BADAN PERENCANAAN PEMBANGUNAN, PENELITIAN DAN PENGEMBANGAN DAERAH","Sulawesi Selatan, Makassar (Kota)",42058974
2138,Belanja Perjalanan Dinas Biasa #Rapat Koordinasi dan Konsultasi SKPD,142082000,1,26-Jan,Provinsi Sulawesi Selatan,DINAS TENAGA KERJA DAN TRANSMIGRASI,"Sulawesi Selatan, Makassar (Kota)",42059295
2139,Belanja Perjalanan Dinas Biasa,36180000,1,26-Jan,Provinsi Sulawesi Selatan,DINAS KESEHATAN,"Sulawesi Selatan, Makassar (Kota)",42059516
2140,Belanja Perjalanan Dinas Biasa,322134800,1,26-Jan,Provinsi Sulawesi Selatan,"DINAS KOMUNIKASI DAN INFORMATIKA, STATISTIK DAN PERSANDIAN","Sulawesi Selatan, Makassar (Kota)",42059882
2141,Belanja Perjalanan Dinas Biasa #Pelatihan Kewirausahaan,17800000,1,26-Jan,Provinsi Sulawesi Selatan,DINAS TENAGA KERJA DAN TRANSMIGRASI,"Sulawesi Selatan, Makassar (Kota)",42061762
2142,Belanja Perjalanan Dinas Biasa,44492000,1,26-Jan,Provinsi Sulawesi Selatan,"DINAS KOMUNIKASI DAN INFORMATIKA, STATISTIK DAN PERSANDIAN","Sulawesi Selatan, Makassar (Kota)",42062502
2143,Belanja Perjalanan Dinas Biasa #Peningkatan Kualitas Lembaga Pelatihan,4544200,1,26-Jan,Provinsi Sulawesi Selatan,DINAS TENAGA KERJA DAN TRANSMIGRASI,"Sulawesi Selatan, Makassar (Kota)",42064866
2144,Belanja Perjalanan Dinas Biasa #Peningkatan Kualitas Lembaga Pelatihan,9978000,1,26-Jan,Provinsi Sulawesi Selatan,DINAS TENAGA KERJA DAN TRANSMIGRASI,"Sulawesi Selatan, Makassar (Kota)",42064971
2145,Belanja Perjalanan Dinas Biasa,27235400,1,26-Jan,Provinsi Sulawesi Selatan,BADAN KEPEGAWAIAN DAERAH,"Sulawesi Selatan, Makassar (Kota)",42065308
2146,Belanja Perjalanan Dinas Biasa,8289000,1,26-Jan,Provinsi Sulawesi Selatan,BADAN KEPEGAWAIAN DAERAH,"Sulawesi Selatan, Makassar (Kota)",42066459
2147,Belanja Perjalanan Dinas Biasa #Pengawasan Norma Kerja,29040000,1,26-Jan,Provinsi Sulawesi Selatan,DINAS TENAGA KERJA DAN TRANSMIGRASI,"Sulawesi Selatan, Makassar (Kota)",42067123
2148,Belanja Perjalanan Dinas Biasa/Koordinasi/Konsultasi/Workshop (Pertemuan) dan Kedinasan Lainnya,37972000,1,26-Jan,Provinsi Sulawesi Selatan,"DINAS TANAMAN PANGAN, HORTIKULTURA DAN PERKEBUNAN","Sulawesi Selatan, Makassar (Kota)",42156002
2149,Belanja Perjalanan Dinas Biasa,12660000,1,26-Feb,Provinsi Sulawesi Selatan,"DINAS SUMBER DAYA AIR, CIPTA KARYA DAN TATA RUANG","Sulawesi Selatan, Makassar (Kota)",42190295
2150,Belanja Perjalanan Dinas Biasa,952471200,1,26-Feb,Provinsi Sulawesi Selatan,"DINAS SUMBER DAYA AIR, CIPTA KARYA DAN TATA RUANG","Sulawesi Selatan, Makassar (Kota)",42210580
2151,Belanja Perjalanan Dinas Biasa - UPTD III,199693000,1,26-Jan,Provinsi Sulawesi Selatan,DINAS BINA MARGA DAN BINA KONSTRUKSI,"Sulawesi Selatan, Pare-Pare (Kota)",42220058
2152,Belanja Perjalanan Dinas Biasa - UPTD VI,119969000,1,26-Jan,Provinsi Sulawesi Selatan,DINAS BINA MARGA DAN BINA KONSTRUKSI,"Sulawesi Selatan, Bulukumba (Kab.)",42221153
2153,Belanja Perjalanan Dinas Biasa (Pemulangan),71716936,1,26-Jan,Provinsi Sulawesi Selatan,DINAS SOSIAL,"Sulawesi Selatan, Makassar (Kota)",42238377
2154,Belanja Perjalanan Dinas Biasa,27520000,1,26-Apr,Provinsi Sulawesi Selatan,DINAS PERHUBUNGAN,"Sulawesi Selatan, Makassar (Kota)",43339040
2155,Belanja Perjalanan Dinas Biasa,95000000,1,26-Jan,Provinsi Sulawesi Selatan,UPT RSK GIGI DAN MULUT,"Sulawesi Selatan, Makassar (Kota)",43380110
2156,Belanja Perjalanan Dinas Biasa,28268000,1,26-Mar,Provinsi Sulawesi Barat,Dinas Perkebunan Daerah,"Sulawesi Barat, Mamuju (Kab.)",42357285
2157,Belanja Perjalanan Dinas Biasa,3860000,1,26-Jan,Provinsi Sulawesi Barat,Dinas Lingkungan Hidup dan Kehutanan Daerah,"Sulawesi Barat, Mamuju (Kab.)",42737073
2158,Belanja Perjalanan Dinas Biasa,9000000,1,26-Jan,Provinsi Sulawesi Barat,"Dinas Kesehatan, Pengendalian Penduduk dan Keluarga Berencana Daerah","Sulawesi Barat, Mamuju (Kab.)",42184708
2159,Belanja Perjalanan Dinas Biasa,18460000,1,26-Jan,Provinsi Sulawesi Barat,"Dinas Kesehatan, Pengendalian Penduduk dan Keluarga Berencana Daerah","Sulawesi Barat, Mamuju (Kab.)",42208200
2160,Belanja Perjalanan Dinas Biasa,4800000,1,26-Jan,Provinsi Sulawesi Barat,Dinas Transmigrasi dan Tenaga Kerja Daerah,"Sulawesi Barat, Mamuju (Kab.)",42376904
2161,Belanja Perjalanan Dinas Biasa Fasilitas Pelaksanaan Pemerintahan Umum,34088000,1,26-Jan,Provinsi Sulawesi Barat,Sekretariat Daerah Biro Pemerintahan dan Kesejahteraan Rakyat,"Sulawesi Barat, Mamuju (Kab.)",42410352
2162,Belanja Perjalanan Dinas Biasa,344645,1,26-Feb,Provinsi Sulawesi Barat,"Dinas Sosial, Pemberdayaan Perempuan dan Perlindungan Anak serta Pemberdayaan Masyarakat dan Desa Daerah","Sulawesi Barat, Mamuju (Kab.)",42426120
2163,Belanja Perjalanan Dinas Biasa,103131000,1,26-Feb,Provinsi Sulawesi Barat,"Dinas Sosial, Pemberdayaan Perempuan dan Perlindungan Anak serta Pemberdayaan Masyarakat dan Desa Daerah","Sulawesi Barat, Mamuju (Kab.)",42426246
2164,Belanja Perjalanan Dinas Biasa,130381000,1,26-Jan,Provinsi Sulawesi Barat,Dinas Pekerjaan Umum dan Penataan Ruang Daerah,"Sulawesi Barat, Mamuju (Kab.)",42427072
2165,Belanja Perjalanan Dinas Biasa,17190000,1,26-Jan,Provinsi Sulawesi Barat,Badan Kepegawaian dan Pengembangan Sumber Daya Manusia Daerah,"Sulawesi Barat, Mamuju (Kab.)",42427435
2166,Belanja Perjalanan Dinas Biasa Koordinasi dan Singkronisasi Kebijakan Kesra Bidang Kepemudaan Olah raga Kebudayaan dan Pariwisata,34608000,1,26-Jan,Provinsi Sulawesi Barat,Sekretariat Daerah Biro Pemerintahan dan Kesejahteraan Rakyat,"Sulawesi Barat, Mamuju (Kab.)",42488085
2167,Belanja Perjalanan Dinas Biasa,29784000,1,26-Jan,Provinsi Sulawesi Barat,"Dinas Kepemudaan, Olahraga, Pariwisata dan Ekonomi Kreatif Daerah","Sulawesi Barat, Mamuju (Kab.)",42491130
2168,Belanja Perjalanan Dinas Biasa,11712000,1,26-Jan,Provinsi Sulawesi Barat,"Badan Perencanaan Pembangunan, Riset dan Inovasi Daerah","Sulawesi Barat, Mamuju (Kab.)",42504855
2169,Belanja Perjalanan Dinas Biasa,10528000,1,26-Jan,Provinsi Sulawesi Barat,Badan Penanggulangan Bencana Daerah,"Sulawesi Barat, Mamuju (Kab.)",42505721
2170,Belanja Perjalanan Dinas Biasa Luar Negeri,404872000,1,26-Feb,Provinsi Sulawesi Barat,Sekretariat Daerah Biro Umum,"Sulawesi Barat, Mamuju (Kab.)",42512638
2171,Belanja Perjalanan Dinas Biasa,104900000,1,26-Jan,Provinsi Sulawesi Barat,Rumah Sakit Umum Daerah,"Sulawesi Barat, Mamuju (Kab.)",42524654
2172,Belanja Perjalanan Dinas Biasa,10528000,1,26-Jan,Provinsi Sulawesi Barat,Badan Pendapatan Daerah,"Sulawesi Barat, Mamuju (Kab.)",42597515
2173,Belanja Perjalanan Dinas Biasa,165081000,1,26-Jan,Provinsi Sulawesi Barat,Sekretariat DPRD,"Sulawesi Barat, Mamuju (Kab.)",42380900
2174,Belanja Perjalanan Dinas Biasa,1605370000,1,26-Jan,Provinsi Sulawesi Barat,Sekretariat DPRD,"Sulawesi Barat, Mamuju (Kab.)",42382331
2175,Belanja Perjalanan Dinas Biasa Fasilitas Administrasi Kepala Daerah dan DPRD,11712000,1,26-Jan,Provinsi Sulawesi Barat,Sekretariat Daerah Biro Pemerintahan dan Kesejahteraan Rakyat,"Sulawesi Barat, Mamuju (Kab.)",42410752
2176,Belanja Perjalanan Dinas Biasa,17690601,1,26-Jan,Provinsi Sulawesi Barat,Badan Kepegawaian dan Pengembangan Sumber Daya Manusia Daerah,"Sulawesi Barat, Mamuju (Kab.)",42427500
2177,Belanja Perjalanan Dinas Biasa,59675000,1,26-Jan,Provinsi Sulawesi Barat,"Dinas Koperasi dan UKM, Perindustrian dan Perdagangan Daerah","Sulawesi Barat, Mamuju (Kab.)",42433119
2178,Belanja Perjalanan Dinas Biasa,108166000,1,26-Feb,Provinsi Sulawesi Barat,"Dinas Sosial, Pemberdayaan Perempuan dan Perlindungan Anak serta Pemberdayaan Masyarakat dan Desa Daerah","Sulawesi Barat, Mamuju (Kab.)",42434505
2179,Belanja Perjalanan Dinas Biasa,11188000,1,26-Jan,Provinsi Sulawesi Barat,"Dinas Kepemudaan, Olahraga, Pariwisata dan Ekonomi Kreatif Daerah","Sulawesi Barat, Mamuju (Kab.)",42475246
2180,Belanja Perjalanan Dinas Biasa,2842275000,1,26-Feb,Provinsi Sulawesi Barat,Sekretariat Daerah Biro Umum,"Sulawesi Barat, Mamuju (Kab.)",42512640
2181,Belanja Perjalanan Dinas Biasa,9928000,1,26-Jan,Provinsi Sulawesi Barat,Badan Pendapatan Daerah,"Sulawesi Barat, Mamuju (Kab.)",42611028
2182,Belanja Perjalanan Dinas Biasa,6000000,1,26-Feb,Provinsi Sulawesi Barat,Dinas Perkebunan Daerah,"Sulawesi Barat, Mamuju (Kab.)",42358380
2183,Belanja Perjalanan Dinas Biasa,10528000,1,26-Mar,Provinsi Sulawesi Barat,Inspektorat Daerah,"Sulawesi Barat, Mamuju (Kab.)",42094849
2184,Belanja Perjalanan Dinas Biasa Keg. Rapat Koordinasi,209280000,1,26-Jan,Provinsi Sulawesi Barat,Badan Penghubung Daerah,"DKI Jakarta, Jakarta Pusat (Kota)",42228469
2185,Belanja Perjalanan Dinas Biasa,35380000,1,26-Feb,Provinsi Sulawesi Barat,"Dinas Tanaman Pangan, Hortikultura dan Peternakan Daerah","Sulawesi Barat, Mamuju (Kab.)",42062000
2186,Belanja Perjalanan Dinas Biasa,152208000,1,26-Jan,Provinsi Sulawesi Barat,Sekretariat DPRD,"Sulawesi Barat, Mamuju (Kab.)",42380771
2187,Belanja Perjalanan Dinas Biasa,9928000,1,26-Jan,Provinsi Sulawesi Barat,Dinas Pekerjaan Umum dan Penataan Ruang Daerah,"Sulawesi Barat, Mamuju (Kab.)",42389215
2188,Belanja Perjalanan Dinas Biasa Evaluasi dan Penyelenggaraan Pemerintah,22900000,1,26-Jan,Provinsi Sulawesi Barat,Sekretariat Daerah Biro Pemerintahan dan Kesejahteraan Rakyat,"Sulawesi Barat, Mamuju (Kab.)",42410881
2189,Belanja Perjalanan Dinas Biasa Fasilitas Kerjasama Badan Usaha / Swasta,19856000,1,26-Jan,Provinsi Sulawesi Barat,Sekretariat Daerah Biro Pemerintahan dan Kesejahteraan Rakyat,"Sulawesi Barat, Mamuju (Kab.)",42411152
2190,Belanja Perjalanan Dinas Biasa,398656000,1,26-Jan,Provinsi Sulawesi Barat,Sekretariat DPRD,"Sulawesi Barat, Mamuju (Kab.)",42420126
2191,Belanja Perjalanan Dinas Biasa Koordinasi dan Singkronisasi Kebijakan Kesra Bidang Komunikasi Informatika Statistik Persandian dan Perhubungan,29016000,1,26-Jan,Provinsi Sulawesi Barat,Sekretariat Daerah Biro Pemerintahan dan Kesejahteraan Rakyat,"Sulawesi Barat, Mamuju (Kab.)",42485918
2192,Belanja Perjalanan Dinas Biasa,10528000,1,26-Jan,Provinsi Sulawesi Barat,Badan Penanggulangan Bencana Daerah,"Sulawesi Barat, Mamuju (Kab.)",42505662
2193,Belanja Perjalanan Dinas Biasa - Perjalanan Dinas Luar Daerah (Bimtek Penguatan bagi Komunitas Belajar / MGMP),20456000,1,26-Feb,Provinsi Sulawesi Barat,Dinas Pendidikan dan Kebudayaan Daerah,"Sulawesi Barat, Mamuju (Kab.)",42592699
2194,Belanja Perjalanan Dinas Biasa,103824000,1,26-Jan,Provinsi Sulawesi Barat,Badan Pendapatan Daerah,"Sulawesi Barat, Mamuju (Kab.)",42612451
2195,Belanja Perjalanan Dinas Biasa,1122402000,1,26-Feb,Provinsi Sulawesi Barat,Sekretariat Dewan Perwakilan Rakyat Daerah,"Sulawesi Barat, Mamuju (Kab.)",42658010
2196,Belanja Perjalanan Dinas Biasa Penyelenggaraan Rapat Koordinasi dan Konsultasi SKPD,45602000,1,25-Jan,Provinsi Sulawesi Barat,"Dinas Komunikasi, Informatika, Statistik dan Persandian Daerah","Sulawesi Barat, Mamuju (Kab.)",41905804
2197,Belanja Perjalanan Dinas Biasa,74971000,1,26-Jan,Provinsi Sulawesi Barat,Sekretariat DPRD,"Sulawesi Barat, Mamuju (Kab.)",42336538
2198,Belanja Perjalanan Dinas Biasa (Pengaturan),112153000,1,26-Jan,Provinsi Sulawesi Barat,Sekretariat Daerah Biro Hukum,"Sulawesi Barat, Mamuju (Kab.)",42354239
2199,Belanja Perjalanan Dinas Biasa,18700000,1,26-Jan,Provinsi Sulawesi Barat,"Dinas Kesehatan, Pengendalian Penduduk dan Keluarga Berencana Daerah","Sulawesi Barat, Mamuju (Kab.)",42184675
2200,Belanja Perjalanan Dinas Biasa,42112000,1,26-Jan,Provinsi Sulawesi Barat,"Dinas Tanaman Pangan, Hortikultura dan Peternakan Daerah","Sulawesi Barat, Mamuju (Kab.)",42061775
2201,Belanja Perjalanan Dinas Biasa,10528000,1,26-Feb,Provinsi Sulawesi Barat,"Dinas Tanaman Pangan, Hortikultura dan Peternakan Daerah","Sulawesi Barat, Mamuju (Kab.)",42061964
2202,Belanja Perjalanan Dinas Biasa,61856000,1,26-Feb,Provinsi Sulawesi Barat,"Dinas Tanaman Pangan, Hortikultura dan Peternakan Daerah","Sulawesi Barat, Mamuju (Kab.)",42062017
2203,Belanja Perjalanan Dinas Biasa,42936000,1,26-Jan,Provinsi Sulawesi Barat,Sekretariat Daerah Biro Perekonomian dan Administrasi Pembangunan,"Sulawesi Barat, Mamuju (Kab.)",42672576
2204,Belanja Perjalanan Dinas Biasa,29000000,1,26-Jan,Provinsi Sulawesi Barat,Badan Kesatuan Bangsa dan Politik Daerah,"Sulawesi Barat, Mamuju (Kab.)",42763020
2205,Belanja Perjalanan Dinas Biasa Kegiatan Promosi,8595000,1,26-Jan,Provinsi Sulawesi Barat,Badan Penghubung Daerah,"DKI Jakarta, Jakarta Pusat (Kota)",42227451
2206,Belanja Perjalanan Dinas Biasa - Pada Sub Kegiatan Pengawasan Penanaman Modal,11712000,1,26-Jan,Provinsi Sulawesi Barat,Dinas Penanaman Modal dan Pelayanan Terpadu Satu Pintu Daerah,"Sulawesi Barat, Mamuju (Kab.)",42083612
2207,Belanja Perjalanan Dinas Biasa,80624000,1,26-Oct,Provinsi Sulawesi Barat,Inspektorat Daerah,"Sulawesi Barat, Mamuju (Kab.)",42095524
2208,Belanja Perjalanan Dinas Biasa Koordinasi penyusunan kebijakan tata kelola SPBE,59568000,1,26-Jul,Provinsi Sulawesi Barat,"Dinas Komunikasi, Informatika, Statistik dan Persandian Daerah","Sulawesi Barat, Mamuju (Kab.)",41904548
2209,Belanja Perjalanan Dinas Biasa,29355000,1,26-Jan,Provinsi Sulawesi Barat,Dinas Transmigrasi dan Tenaga Kerja Daerah,"Sulawesi Barat, Mamuju (Kab.)",42377042
2210,Belanja Perjalanan Dinas Biasa,166072000,1,26-Jan,Provinsi Sulawesi Barat,Rumah Sakit Umum Daerah,"Sulawesi Barat, Mamuju (Kab.)",42379673
2211,Belanja Perjalanan Dinas Biasa,12873000,1,26-Jan,Provinsi Sulawesi Barat,Rumah Sakit Umum Daerah,"Sulawesi Barat, Mamuju (Kab.)",42379823
2212,Belanja Perjalanan Dinas Biasa Penyelenggaraan Rapat Koordinasi dan Konsultsi SKPD,108900000,1,26-Jan,Provinsi Sulawesi Barat,Sekretariat Daerah Biro Pemerintahan dan Kesejahteraan Rakyat,"Sulawesi Barat, Mamuju (Kab.)",42408303
2213,Belanja Perjalanan Dinas Biasa,117000000,1,26-Jan,Provinsi Sulawesi Barat,Dinas Transmigrasi dan Tenaga Kerja Daerah,"Sulawesi Barat, Mamuju (Kab.)",42413455
2214,Belanja Perjalanan Dinas Biasa,8595000,1,26-Feb,Provinsi Sulawesi Barat,Dinas Kelautan dan Perikanan Daerah,"Sulawesi Barat, Mamuju (Kab.)",42435587
2215,Belanja Perjalanan Dinas Biasa,225577000,1,26-Feb,Provinsi Sulawesi Barat,Dinas Kelautan dan Perikanan Daerah,"Sulawesi Barat, Mamuju (Kab.)",42436315
2216,Belanja Perjalanan Dinas Biasa,74920000,1,26-Feb,Provinsi Sulawesi Barat,Satuan Polisi Pamong Praja dan Pemadam Kebakaran Daerah,"Sulawesi Barat, Mamuju (Kab.)",42476824
2217,Belanja Perjalanan Dinas Biasa,21056000,1,26-Jan,Provinsi Sulawesi Barat,Badan Penanggulangan Bencana Daerah,"Sulawesi Barat, Mamuju (Kab.)",42488766
2218,Belanja Perjalanan Dinas Biasa,180706000,1,26-Jan,Provinsi Sulawesi Barat,"Dinas Koperasi dan UKM, Perindustrian dan Perdagangan Daerah","Sulawesi Barat, Mamuju (Kab.)",42495111
2219,Belanja Perjalanan Dinas Biasa,10528000,1,26-Feb,Provinsi Sulawesi Barat,Dinas Perkebunan Daerah,"Sulawesi Barat, Mamuju (Kab.)",42370466
2220,Belanja Perjalanan Dinas Biasa,92615000,1,26-Jan,Provinsi Sulawesi Barat,Dinas Transmigrasi dan Tenaga Kerja Daerah,"Sulawesi Barat, Mamuju (Kab.)",42374842
2221,Belanja Perjalanan Dinas Biasa,9928000,1,26-Jan,Provinsi Sulawesi Barat,Dinas Pekerjaan Umum dan Penataan Ruang Daerah,"Sulawesi Barat, Polewali Mandar (Kab.)",42375797
2222,Belanja Perjalanan Dinas Biasa,3000000,1,26-Feb,Provinsi Sulawesi Barat,"Dinas Sosial, Pemberdayaan Perempuan dan Perlindungan Anak serta Pemberdayaan Masyarakat dan Desa Daerah","Sulawesi Barat, Mamuju (Kab.)",42422644
2223,Belanja Perjalanan Dinas Biasa,19623000,1,26-Jan,Provinsi Sulawesi Barat,Badan Kepegawaian dan Pengembangan Sumber Daya Manusia Daerah,"Sulawesi Barat, Mamuju (Kab.)",42427424
2224,Belanja Perjalanan Dinas Biasa,51912000,1,26-Jan,Provinsi Sulawesi Barat,Dinas Energi dan Sumber Daya Mineral Daerah,"DKI Jakarta, Jakarta Pusat (Kota)",42431776
2225,Belanja Perjalanan Dinas Biasa,36000000,1,26-Jan,Provinsi Sulawesi Barat,Dinas Kelautan dan Perikanan Daerah,"Sulawesi Barat, Mamuju (Kab.)",42442004
2226,Belanja Perjalanan Dinas Biasa,61368000,1,26-Jan,Provinsi Sulawesi Barat,Dinas Pekerjaan Umum dan Penataan Ruang Daerah,"Sulawesi Barat, Mamuju (Kab.)",42465953
2227,Belanja Perjalanan Dinas Biasa Kegiatan Pekan Kebudayaan Dearah,7444000,1,26-Apr,Provinsi Sulawesi Barat,Dinas Pendidikan dan Kebudayaan Daerah,"Sulawesi Barat, Polewali Mandar (Kab.)",42592746
2228,Belanja Perjalanan Dinas Biasa,8595000,1,26-Feb,Provinsi Sulawesi Barat,Dinas Kelautan dan Perikanan Daerah,"Sulawesi Barat, Mamuju (Kab.)",42759816
2229,Belanja Perjalanan Dinas Biasa,30000000,1,26-Jan,Provinsi Sulawesi Barat,"Dinas Kesehatan, Pengendalian Penduduk dan Keluarga Berencana Daerah","Sulawesi Barat, Mamuju (Kab.)",42182057
2230,Belanja Perjalanan Dinas Biasa,3000000,1,26-Jan,Provinsi Sulawesi Barat,"Dinas Kesehatan, Pengendalian Penduduk dan Keluarga Berencana Daerah","Sulawesi Barat, Mamuju (Kab.)",42184973
2231,Belanja Perjalanan Dinas Biasa,32934000,1,26-Jan,Provinsi Sulawesi Barat,Sekretariat Daerah Biro Organisasi,"Sulawesi Barat, Mamuju (Kab.)",42222799
2232,Belanja Perjalanan Dinas Biasa,10528000,1,26-Jan,Provinsi Sulawesi Barat,"Dinas Tanaman Pangan, Hortikultura dan Peternakan Daerah","Sulawesi Barat, Mamuju (Kab.)",42061788
2233,Belanja Perjalanan Dinas Biasa,61080000,1,26-Jan,Provinsi Sulawesi Barat,Badan Kepegawaian dan Pengembangan Sumber Daya Manusia Daerah,"Sulawesi Barat, Mamuju (Kab.)",42353059
2234,Belanja Perjalanan Dinas Biasa,84224000,1,26-Jan,Provinsi Sulawesi Barat,Badan Kepegawaian dan Pengembangan Sumber Daya Manusia Daerah,"Sulawesi Barat, Mamuju (Kab.)",42353160
2235,Belanja Perjalanan Dinas Biasa,19856000,1,26-Feb,Provinsi Sulawesi Barat,Dinas Pekerjaan Umum dan Penataan Ruang Daerah,"Sulawesi Barat, Mamuju (Kab.)",42356421
2236,Belanja Perjalanan Dinas Biasa,108430000,1,26-Jan,Provinsi Sulawesi Barat,Inspektorat Daerah,"Sulawesi Barat, Mamuju (Kab.)",42092366
2237,Belanja Perjalanan Dinas Biasa,18190000,1,26-Oct,Provinsi Sulawesi Barat,Inspektorat Daerah,"Sulawesi Barat, Mamuju (Kab.)",42095080
2238,Belanja Perjalanan Dinas Biasa,10528000,1,26-Jan,Provinsi Sulawesi Barat,"Dinas Kesehatan, Pengendalian Penduduk dan Keluarga Berencana Daerah","Sulawesi Barat, Mamuju (Kab.)",42186652
2239,Belanja Perjalanan Dinas Biasa,791076000,1,26-Jan,Provinsi Sulawesi Barat,Sekretariat DPRD,"Sulawesi Barat, Mamuju (Kab.)",42380656
2240,Belanja Perjalanan Dinas Biasa,9095000,1,26-Jan,Provinsi Sulawesi Barat,Badan Kepegawaian dan Pengembangan Sumber Daya Manusia Daerah,"Sulawesi Barat, Mamuju (Kab.)",42427365
2241,Belanja Perjalanan Dinas Biasa,57336000,1,26-Feb,Provinsi Sulawesi Barat,"Dinas Sosial, Pemberdayaan Perempuan dan Perlindungan Anak serta Pemberdayaan Masyarakat dan Desa Daerah","Sulawesi Barat, Mamuju (Kab.)",42434627
2242,Belanja Perjalanan Dinas Biasa,18000000,1,26-Feb,Provinsi Sulawesi Barat,Dinas Kelautan dan Perikanan Daerah,"Sulawesi Barat, Mamuju (Kab.)",42437302
2243,Belanja Perjalanan Dinas Biasa,85950000,1,26-Feb,Provinsi Sulawesi Barat,Dinas Kelautan dan Perikanan Daerah,"Sulawesi Barat, Mamuju (Kab.)",42439659
2244,Belanja Perjalanan Dinas Biasa,2100000,1,26-Feb,Provinsi Sulawesi Barat,"Dinas Sosial, Pemberdayaan Perempuan dan Perlindungan Anak serta Pemberdayaan Masyarakat dan Desa Daerah","Sulawesi Barat, Mamuju (Kab.)",42441295
2245,Belanja Perjalanan Dinas Biasa,9095000,1,26-Jan,Provinsi Sulawesi Barat,Dinas Pekerjaan Umum dan Penataan Ruang Daerah,"Sulawesi Barat, Mamuju (Kab.)",42452804
2246,Belanja Perjalanan Dinas Biasa,48547000,1,26-Apr,Provinsi Sulawesi Barat,Sekretariat Daerah Biro Pengadaan Barang dan Jasa,"Sulawesi Barat, Mamuju (Kab.)",42468430
2247,Belanja Perjalanan Dinas Biasa,7295000,1,26-Jan,Provinsi Sulawesi Barat,"Dinas Kepemudaan, Olahraga, Pariwisata dan Ekonomi Kreatif Daerah","Sulawesi Barat, Mamuju (Kab.)",42474812
2248,Belanja Perjalanan Dinas Biasa,36000000,1,26-Feb,Provinsi Sulawesi Barat,"Dinas Kepemudaan, Olahraga, Pariwisata dan Ekonomi Kreatif Daerah","Sulawesi Barat, Mamuju (Kab.)",42489185
2249,Belanja Perjalanan Dinas Biasa,20456000,1,26-Jan,Provinsi Sulawesi Barat,"Dinas Koperasi dan UKM, Perindustrian dan Perdagangan Daerah","Sulawesi Barat, Mamuju (Kab.)",42495745
2250,Belanja Perjalanan Dinas Biasa,51912000,1,26-Jan,Provinsi Sulawesi Barat,"Dinas Koperasi dan UKM, Perindustrian dan Perdagangan Daerah","Sulawesi Barat, Mamuju (Kab.)",42496312
2251,Belanja Perjalanan Dinas Biasa,23421000,1,26-Jan,Provinsi Sulawesi Barat,Dinas Lingkungan Hidup dan Kehutanan Daerah,"Sulawesi Barat, Mamuju (Kab.)",42496359
2252,Belanja Perjalanan Dinas Biasa,420060000,1,26-Feb,Provinsi Sulawesi Barat,Sekretariat Daerah Biro Umum,"Sulawesi Barat, Mamuju (Kab.)",42581502
2253,Belanja Perjalanan Dinas Biasa,18000000,1,26-Jan,Provinsi Sulawesi Barat,Dinas Transmigrasi dan Tenaga Kerja Daerah,"Sulawesi Barat, Mamuju (Kab.)",42375816
2254,Belanja Perjalanan Dinas Biasa,9928000,1,26-Jan,Provinsi Sulawesi Barat,Dinas Transmigrasi dan Tenaga Kerja Daerah,"Sulawesi Barat, Mamuju (Kab.)",42376053
2255,Belanja Perjalanan Dinas Biasa,132609000,1,26-Jan,Provinsi Sulawesi Barat,Sekretariat DPRD,"Sulawesi Barat, Mamuju (Kab.)",42381551
2256,Belanja Perjalanan Dinas Biasa,51703000,1,26-Feb,Provinsi Sulawesi Barat,"Dinas Perumahan Rakyat, Kawasan Permukiman, Pertanahan dan Perhubungan Daerah","Sulawesi Barat, Mamuju (Kab.)",42415356
2257,Belanja Perjalanan Dinas Biasa,8595000,1,26-Jan,Provinsi Sulawesi Barat,Badan Kepegawaian dan Pengembangan Sumber Daya Manusia Daerah,"Sulawesi Barat, Mamuju (Kab.)",42427340
2258,Belanja Perjalanan Dinas Biasa,9095000,1,26-Jan,Provinsi Sulawesi Barat,Badan Kepegawaian dan Pengembangan Sumber Daya Manusia Daerah,"Sulawesi Barat, Mamuju (Kab.)",42427446
2259,Belanja Perjalanan Dinas Biasa,22801000,1,26-Feb,Provinsi Sulawesi Barat,"Dinas Perumahan Rakyat, Kawasan Permukiman, Pertanahan dan Perhubungan Daerah","Sulawesi Barat, Mamuju (Kab.)",42432004
2260,Belanja Perjalanan Dinas Biasa,10528000,1,26-Apr,Provinsi Sulawesi Barat,Sekretariat Daerah Biro Pengadaan Barang dan Jasa,"Sulawesi Barat, Mamuju (Kab.)",42471160
2261,Belanja Perjalanan Dinas Biasa,1508308000,1,26-Feb,Provinsi Sulawesi Barat,Sekretariat Daerah Biro Umum,"Sulawesi Barat, Mamuju (Kab.)",42475305
2262,Belanja Perjalanan Dinas Biasa,83252000,1,26-Jan,Provinsi Sulawesi Barat,"Dinas Kepemudaan, Olahraga, Pariwisata dan Ekonomi Kreatif Daerah","Sulawesi Barat, Mamuju (Kab.)",42492438
2263,Belanja Perjalanan Dinas Biasa,68696000,1,26-Jan,Provinsi Sulawesi Barat,Dinas Lingkungan Hidup dan Kehutanan Daerah,"Sulawesi Barat, Mamuju (Kab.)",42495842
2264,Belanja Perjalanan Dinas Biasa,91270000,1,26-Jan,Provinsi Sulawesi Barat,"Badan Perencanaan Pembangunan, Riset dan Inovasi Daerah","Sulawesi Barat, Mamuju (Kab.)",42504223
2265,Belanja Perjalanan Dinas Biasa,9095000,1,26-Jan,Provinsi Sulawesi Barat,"Badan Perencanaan Pembangunan, Riset dan Inovasi Daerah","Sulawesi Barat, Mamuju (Kab.)",42504680
2266,Belanja Perjalanan Dinas Biasa,28902000,1,26-Jan,Provinsi Sulawesi Barat,"Badan Perencanaan Pembangunan, Riset dan Inovasi Daerah","Sulawesi Barat, Mamuju (Kab.)",42504769
2267,Belanja Perjalanan Dinas Biasa,9928000,1,26-Jan,Provinsi Sulawesi Barat,Badan Pendapatan Daerah,"Sulawesi Barat, Mamuju (Kab.)",42580974
2268,Belanja Perjalanan Dinas Biasa,18675000,1,26-Mar,Provinsi Sulawesi Barat,Dinas Pendidikan dan Kebudayaan Daerah,"Sulawesi Barat, Polewali Mandar (Kab.)",42592709
2269,Belanja Perjalanan Dinas Biasa,30000000,1,26-Jan,Provinsi Sulawesi Barat,"Dinas Kesehatan, Pengendalian Penduduk dan Keluarga Berencana Daerah","Sulawesi Barat, Mamuju (Kab.)",42176025
2270,Belanja Perjalanan Dinas Biasa,79424000,1,26-Jan,Provinsi Sulawesi Barat,"Dinas Kesehatan, Pengendalian Penduduk dan Keluarga Berencana Daerah","Sulawesi Barat, Mamuju (Kab.)",42183863
2271,Belanja Perjalanan Dinas Biasa,31740000,1,26-Jan,Provinsi Sulawesi Barat,"Dinas Kesehatan, Pengendalian Penduduk dan Keluarga Berencana Daerah","Sulawesi Barat, Mamuju (Kab.)",42205791
2272,Belanja Perjalanan Dinas Biasa Pameran,42975000,1,26-Jan,Provinsi Sulawesi Barat,Badan Penghubung Daerah,"DKI Jakarta, Jakarta Pusat (Kota)",42226825
2273,Belanja Perjalanan Dinas Biasa,48741000,1,26-Jan,Provinsi Sulawesi Barat,Dinas Kependudukan dan Pencatatan Sipil Daerah,"Sulawesi Barat, Mamuju (Kab.)",42306571
2274,Belanja Perjalanan Dinas Biasa,10528000,1,26-Feb,Provinsi Sulawesi Barat,"Dinas Tanaman Pangan, Hortikultura dan Peternakan Daerah","Sulawesi Barat, Mamuju (Kab.)",42061742
2275,Belanja Perjalanan Dinas Biasa,10528000,1,26-Feb,Provinsi Sulawesi Barat,"Dinas Tanaman Pangan, Hortikultura dan Peternakan Daerah","Sulawesi Barat, Mamuju (Kab.)",42061748
2276,Belanja Perjalanan Dinas Biasa (Kabupaten / Kota),30384000,1,26-Jan,Provinsi Sulawesi Barat,Sekretariat Daerah Biro Hukum,"Sulawesi Barat, Mamuju (Kab.)",42353795
2277,Belanja Perjalanan Dinas Biasa,109654496,1,26-Jan,Provinsi Sulawesi Barat,Badan Kepegawaian dan Pengembangan Sumber Daya Manusia Daerah,"Sulawesi Barat, Mamuju (Kab.)",42349912
2278,Belanja Perjalanan Dinas Biasa,10978000,1,26-Jan,Provinsi Sulawesi Barat,"Dinas Komunikasi, Informatika, Statistik dan Persandian Daerah","Sulawesi Barat, Mamuju (Kab.)",42772215
2279,Belanja Perjalanan Dinas Biasa,32729000,1,26-Feb,Provinsi Sulawesi Barat,Dinas Pangan Daerah,"Sulawesi Barat, Mamuju (Kab.)",42991890
2280,Belanja Perjalanan Dinas Biasa,25746000,1,26-Feb,Provinsi Sulawesi Barat,Dinas Perkebunan Daerah,"Sulawesi Barat, Mamuju (Kab.)",42370770
2281,Belanja Perjalanan Dinas Biasa,39504000,1,26-Jan,Provinsi Sulawesi Barat,Sekretariat DPRD,"Sulawesi Barat, Mamuju (Kab.)",42378928
2282,Belanja Perjalanan Dinas Biasa,1160520000,1,26-Jan,Provinsi Sulawesi Barat,Sekretariat DPRD,"Sulawesi Barat, Mamuju (Kab.)",42415990
2283,Belanja Perjalanan Dinas Biasa,46802000,1,26-Feb,Provinsi Sulawesi Barat,"Dinas Perumahan Rakyat, Kawasan Permukiman, Pertanahan dan Perhubungan Daerah","Sulawesi Barat, Mamuju (Kab.)",42431806
2284,Belanja Perjalanan Dinas Biasa Pengelolaan Administrasi Kebijakan Pemerintahan,34088000,1,26-Jan,Provinsi Sulawesi Barat,Sekretariat Daerah Biro Pemerintahan dan Kesejahteraan Rakyat,"Sulawesi Barat, Mamuju (Kab.)",42454523
2285,Belanja Perjalanan Dinas Biasa,20456000,1,26-Apr,Provinsi Sulawesi Barat,Sekretariat Daerah Biro Pengadaan Barang dan Jasa,"Sulawesi Barat, Mamuju (Kab.)",42471125
2286,Belanja Perjalanan Dinas Biasa,61860000,1,26-Feb,Provinsi Sulawesi Barat,Sekretariat Daerah Biro Umum,"Sulawesi Barat, Mamuju (Kab.)",42477035
2287,Belanja Perjalanan Dinas Biasa,14495000,1,26-Mar,Provinsi Sulawesi Barat,Satuan Polisi Pamong Praja dan Pemadam Kebakaran Daerah,"Sulawesi Barat, Mamuju (Kab.)",42478324
2288,Belanja Perjalanan Dinas Biasa,374440000,1,26-Jan,Provinsi Sulawesi Barat,Badan Pengelolaan Keuangan dan Aset Daerah,"Sulawesi Barat, Mamuju (Kab.)",42506314
2289,Belanja Perjalanan Dinas Biasa,78355000,1,26-Feb,Provinsi Sulawesi Barat,Dinas Pekerjaan Umum dan Penataan Ruang Daerah,"Sulawesi Barat, Mamuju (Kab.)",42516016
2290,Belanja Perjalanan Dinas Biasa - Kegiatan Pekan Sastra,21038000,1,26-Apr,Provinsi Sulawesi Barat,Dinas Pendidikan dan Kebudayaan Daerah,"Sulawesi Barat, Polewali Mandar (Kab.)",42592524
2291,Belanja Perjalanan Dinas Biasa (Rapat-Rapat Koordinasi Keluar Daerah),99387000,1,26-Feb,Provinsi Sulawesi Barat,Dinas Pendidikan dan Kebudayaan Daerah,"Sulawesi Barat, Mamuju (Kab.)",42592896
2292,Belanja Perjalanan Dinas Biasa,20456000,1,26-Jan,Provinsi Sulawesi Barat,Badan Pendapatan Daerah,"Sulawesi Barat, Mamuju (Kab.)",42595133
2293,Belanja Perjalanan Dinas Biasa Komisi Informasi Publik,21056000,1,26-Jan,Provinsi Sulawesi Barat,"Dinas Komunikasi, Informatika, Statistik dan Persandian Daerah","Sulawesi Barat, Mamuju (Kab.)",41915660
2294,Belanja Perjalanan Dinas Biasa,168448000,1,26-Apr,Provinsi Sulawesi Barat,Inspektorat Daerah,"Sulawesi Barat, Mamuju (Kab.)",42091502
2295,Belanja Perjalanan Dinas Biasa,9095000,1,26-Apr,Provinsi Sulawesi Barat,Dinas Kependudukan dan Pencatatan Sipil Daerah,"Sulawesi Barat, Mamuju (Kab.)",42307030
2296,Belanja Perjalanan Dinas Biasa,108220000,1,26-Jan,Provinsi Sulawesi Barat,"Dinas Kesehatan, Pengendalian Penduduk dan Keluarga Berencana Daerah","Sulawesi Barat, Mamuju (Kab.)",42184147
2297,Belanja Perjalanan Dinas Biasa Pelayanan Penghubung,34380000,1,26-Jan,Provinsi Sulawesi Barat,Badan Penghubung Daerah,"DKI Jakarta, Jakarta Pusat (Kota)",42251250
2298,Belanja Perjalanan Dinas Biasa,52570000,1,26-Feb,Provinsi Sulawesi Barat,"Dinas Tanaman Pangan, Hortikultura dan Peternakan Daerah","Sulawesi Barat, Mamuju (Kab.)",42061876
2299,Belanja Perjalanan Dinas Biasa Fasilitas Kerjasama Antar Pemerintah,22900000,1,26-Jan,Provinsi Sulawesi Barat,Sekretariat Daerah Biro Pemerintahan dan Kesejahteraan Rakyat,"Sulawesi Barat, Mamuju (Kab.)",42411043
2300,Belanja Perjalanan Dinas Biasa (Penyelenggaraan Rakor SKPD),33329000,1,26-Jan,Provinsi Sulawesi Barat,Sekretariat Daerah Biro Hukum,"Sulawesi Barat, Mamuju (Kab.)",42425997
2301,Belanja Perjalanan Dinas Biasa,24000000,1,26-Feb,Provinsi Sulawesi Barat,"Dinas Tanaman Pangan, Hortikultura dan Peternakan Daerah","Sulawesi Barat, Mamuju (Kab.)",42061937
2302,Belanja Perjalanan Dinas Biasa Keg. Pendidikan Dan Pelatihan,600000,1,26-Jan,Provinsi Sulawesi Barat,Badan Penghubung Daerah,"DKI Jakarta, Jakarta Pusat (Kota)",42250996
2303,Belanja Perjalanan Dinas Biasa,50263000,1,26-Jan,Provinsi Sulawesi Barat,Badan Kepegawaian dan Pengembangan Sumber Daya Manusia Daerah,"Sulawesi Barat, Mamuju (Kab.)",42353410
2304,Belanja Perjalanan Dinas Biasa,8595000,1,26-Jan,Provinsi Sulawesi Barat,Badan Kepegawaian dan Pengembangan Sumber Daya Manusia Daerah,"Sulawesi Barat, Mamuju (Kab.)",42353706
2305,Belanja Perjalanan Dinas Biasa (Naskah Hukum Lainnya),9928000,1,26-Jan,Provinsi Sulawesi Barat,Sekretariat Daerah Biro Hukum,"Sulawesi Barat, Mamuju (Kab.)",42354200
2306,Belanja Perjalanan Dinas Biasa,9928000,1,26-Feb,Provinsi Sulawesi Barat,Dinas Pekerjaan Umum dan Penataan Ruang Daerah,"Sulawesi Barat, Polewali Mandar (Kab.)",42357371
2307,Belanja Perjalanan Dinas Biasa,9000000,1,26-Jan,Provinsi Sulawesi Barat,Dinas Transmigrasi dan Tenaga Kerja Daerah,"Sulawesi Barat, Mamuju (Kab.)",42376129
2308,Belanja Perjalanan Dinas Biasa Fasilitas Kerjasama Antar Pemerintah,22900000,1,26-Jan,Provinsi Sulawesi Barat,Sekretariat Daerah Biro Pemerintahan dan Kesejahteraan Rakyat,"Sulawesi Barat, Mamuju (Kab.)",42411043
2309,Belanja Perjalanan Dinas Biasa (Penyelenggaraan Rakor SKPD),33329000,1,26-Jan,Provinsi Sulawesi Barat,Sekretariat Daerah Biro Hukum,"Sulawesi Barat, Mamuju (Kab.)",42425997
2310,Belanja Perjalanan Dinas Biasa,8595000,1,26-Jan,Provinsi Sulawesi Barat,Badan Kepegawaian dan Pengembangan Sumber Daya Manusia Daerah,"Sulawesi Barat, Mamuju (Kab.)",42427396
2311,Belanja Perjalanan Dinas Biasa,45858000,1,26-Feb,Provinsi Sulawesi Barat,"Dinas Sosial, Pemberdayaan Perempuan dan Perlindungan Anak serta Pemberdayaan Masyarakat dan Desa Daerah","Sulawesi Barat, Mamuju (Kab.)",42434290
2312,Belanja Perjalanan Dinas Biasa,29168000,1,26-Feb,Provinsi Sulawesi Barat,"Dinas Sosial, Pemberdayaan Perempuan dan Perlindungan Anak serta Pemberdayaan Masyarakat dan Desa Daerah","Sulawesi Barat, Mamuju (Kab.)",42436867
2313,Belanja Perjalanan Dinas Biasa,26785000,1,26-Feb,Provinsi Sulawesi Barat,"Dinas Kepemudaan, Olahraga, Pariwisata dan Ekonomi Kreatif Daerah","Sulawesi Barat, Mamuju (Kab.)",42488545
2314,Belanja Perjalanan Dinas Biasa,99540000,1,26-Jan,Provinsi Sulawesi Barat,"Badan Perencanaan Pembangunan, Riset dan Inovasi Daerah","Sulawesi Barat, Mamuju (Kab.)",42504626
2315,Belanja Perjalanan Dinas Biasa,11712000,1,26-Jan,Provinsi Sulawesi Barat,"Badan Perencanaan Pembangunan, Riset dan Inovasi Daerah","Sulawesi Barat, Mamuju (Kab.)",42504810
2316,Belanja Perjalanan Dinas Biasa,152208000,1,26-Jan,Provinsi Sulawesi Barat,Sekretariat Dewan Perwakilan Rakyat Daerah,"Sulawesi Barat, Mamuju (Kab.)",42658163
2317,Belanja Perjalanan Dinas Biasa,30384000,1,26-Apr,Provinsi Sulawesi Barat,Inspektorat Daerah,"Sulawesi Barat, Mamuju (Kab.)",42096249
2318,Belanja Perjalanan Dinas Biasa - Pada Sub Kegiatan Penyelenggaraan Rapat Koordinasi dan Konsultasi SKPD,80194000,1,26-Jan,Provinsi Sulawesi Barat,Dinas Penanaman Modal dan Pelayanan Terpadu Satu Pintu Daerah,"Sulawesi Barat, Mamuju (Kab.)",42082806
2319,Belanja Perjalanan Dinas Biasa Penyediaan Layanan Keamanan Informasi Pemerintah Daerah Provinsi,10528000,1,26-Jan,Provinsi Sulawesi Barat,"Dinas Komunikasi, Informatika, Statistik dan Persandian Daerah","Sulawesi Barat, Mamuju (Kab.)",41915810
2320,Belanja Perjalanan Dinas Biasa,15850000,1,26-Jan,Provinsi Sulawesi Barat,"Dinas Kesehatan, Pengendalian Penduduk dan Keluarga Berencana Daerah","Sulawesi Barat, Mamuju (Kab.)",42281771
2321,Belanja Perjalanan Dinas Biasa,23401000,1,26-Jan,Provinsi Sulawesi Barat,Badan Kesatuan Bangsa dan Politik Daerah,"Sulawesi Barat, Mamuju (Kab.)",42305783
2322,Belanja Perjalanan Dinas Biasa,46802000,1,26-Jan,Provinsi Sulawesi Barat,Badan Kepegawaian dan Pengembangan Sumber Daya Manusia Daerah,"Sulawesi Barat, Mamuju (Kab.)",42352918
2323,Belanja Perjalanan Dinas Biasa,33845000,1,26-Feb,Provinsi Sulawesi Barat,Dinas Perkebunan Daerah,"Sulawesi Barat, Mamuju (Kab.)",42370156
2324,Belanja Perjalanan Dinas Biasa,9000000,1,26-Jan,Provinsi Sulawesi Barat,Dinas Transmigrasi dan Tenaga Kerja Daerah,"Sulawesi Barat, Mamuju (Kab.)",42375491
2325,Belanja Perjalanan Dinas Biasa,33564000,1,26-Jan,Provinsi Sulawesi Barat,Dinas Transmigrasi dan Tenaga Kerja Daerah,"Sulawesi Barat, Mamuju (Kab.)",42376000
2326,Belanja Perjalanan Dinas Biasa,621705000,1,26-Jan,Provinsi Sulawesi Barat,Sekretariat DPRD,"Sulawesi Barat, Mamuju (Kab.)",42379214
2327,Belanja Perjalanan Dinas Biasa,74971000,1,26-Jan,Provinsi Sulawesi Barat,Sekretariat DPRD,"Sulawesi Barat, Mamuju (Kab.)",42379813
2328,Belanja Perjalanan Dinas Biasa,152208000,1,26-Jan,Provinsi Sulawesi Barat,Sekretariat DPRD,"Sulawesi Barat, Mamuju (Kab.)",42380698
2329,Belanja Perjalanan Dinas Biasa Fasilitas Penataan Wilayah,30384000,1,26-Jan,Provinsi Sulawesi Barat,Sekretariat Daerah Biro Pemerintahan dan Kesejahteraan Rakyat,"Sulawesi Barat, Mamuju (Kab.)",42410648
2330,Belanja Perjalanan Dinas Biasa,9928000,1,26-Jan,Provinsi Sulawesi Barat,"Dinas Perumahan Rakyat, Kawasan Permukiman, Pertanahan dan Perhubungan Daerah","Sulawesi Barat, Mamuju (Kab.)",42433530
2331,Belanja Perjalanan Dinas Biasa,55530000,1,26-Jan,Provinsi Sulawesi Barat,"Dinas Kepemudaan, Olahraga, Pariwisata dan Ekonomi Kreatif Daerah","Sulawesi Barat, Mamuju (Kab.)",42475123
2332,Belanja Perjalanan Dinas Biasa,19856000,1,26-Jan,Provinsi Sulawesi Barat,"Dinas Kepemudaan, Olahraga, Pariwisata dan Ekonomi Kreatif Daerah","Sulawesi Barat, Mamuju (Kab.)",42491345
2333,Belanja Perjalanan Dinas Biasa,21056000,1,26-Jan,Provinsi Sulawesi Barat,"Dinas Kepemudaan, Olahraga, Pariwisata dan Ekonomi Kreatif Daerah","Sulawesi Barat, Mamuju (Kab.)",42491488
2334,Belanja Perjalanan Dinas Biasa,46202000,1,26-Jan,Provinsi Sulawesi Barat,"Dinas Koperasi dan UKM, Perindustrian dan Perdagangan Daerah","Sulawesi Barat, Mamuju (Kab.)",42494846
2335,Belanja Perjalanan Dinas Biasa,25785000,1,26-Jan,Provinsi Sulawesi Barat,"Dinas Koperasi dan UKM, Perindustrian dan Perdagangan Daerah","Sulawesi Barat, Mamuju (Kab.)",42495720
2336,Belanja Perjalanan Dinas Biasa,9095000,1,26-Mar,Provinsi Sulawesi Barat,Dinas Perkebunan Daerah,"Sulawesi Barat, Polewali Mandar (Kab.)",42515286
2337,Belanja Perjalanan Dinas Biasa Fasilitas Kelembagaan Bina Spiritual,171409000,1,26-Jan,Provinsi Sulawesi Barat,Sekretariat Daerah Biro Pemerintahan dan Kesejahteraan Rakyat,"Sulawesi Barat, Mamuju (Kab.)",42562610
2338,Belanja Perjalanan Dinas Biasa,369252000,1,26-Feb,Provinsi Riau,BADAN PERENCANAAN PEMBANGUNAN DAERAH,"Riau, Pekanbaru (Kota)",42838036
2339,Belanja Perjalanan Dinas Biasa,48630000,1,26-Jan,Provinsi Riau,"DINAS KOMUNIKASI, INFORMATIKA DAN STATISTIK","Riau, Pekanbaru (Kota)",42843922
2340,Belanja Perjalanan Dinas Biasa,96540000,1,26-Feb,Provinsi Riau,BADAN KEPEGAWAIAN DAERAH,"Riau, Pekanbaru (Kota)",42847705
2341,Belanja Perjalanan Dinas Biasa,499596000,1,26-Jan,Provinsi Riau,BADAN PERENCANAAN PEMBANGUNAN DAERAH,"Riau, Pekanbaru (Kota)",42861142
2342,Belanja Perjalanan Dinas Biasa,91755000,1,26-Jan,Provinsi Riau,DINAS LINGKUNGAN HIDUP DAN KEHUTANAN,"Riau, Pekanbaru (Kota)",42879453
2343,Belanja Perjalanan Dinas Biasa,8170000,1,26-Feb,Provinsi Riau,UPT. KESATUAN PENGELOLAAN HUTAN INDRAGIRI,"Riau, Indragiri Hulu (Kab.)",42893154
2344,Belanja Perjalanan Dinas Biasa,7304000,1,26-Jan,Provinsi Riau,DINAS TENAGA KERJA DAN TRANSMIGRASI,"Riau, Pekanbaru (Kota)",43011605
2345,Belanja Perjalanan Dinas Biasa,20100000,1,26-Jan,Provinsi Riau,DINAS TENAGA KERJA DAN TRANSMIGRASI,"Riau, Pekanbaru (Kota)",43011608
2346,Belanja Perjalanan Dinas Biasa,577019000,1,26-Jan,Provinsi Riau,"DINAS PERINDUSTRIAN, PERDAGANGAN, KOPERASI, USAHA KECIL DAN MENENGAH","Riau, Pekanbaru (Kota)",42026008
2347,Belanja Perjalanan Biasa,123554000,1,26-Jan,Provinsi Riau,DINAS PETERNAKAN DAN KESEHATAN HEWAN,"Riau, Pekanbaru (Kota)",42362197
2348,Belanja Perjalanan Dinas Biasa,24906000,1,26-May,Provinsi Riau,DINAS PARIWISATA,"Riau, Pekanbaru (Kota)",42263288
2349,Belanja Perjalanan Dinas Biasa,24906000,1,26-Jun,Provinsi Riau,DINAS PARIWISATA,"Riau, Pekanbaru (Kota)",42263608
2350,Belanja Perjalanan Dinas Biasa,25325000,1,26-Jan,Provinsi Riau,UPT. KESATUAN PENGELOLAAN HUTAN TASIK BESAR,"Riau, Pekanbaru (Kota)",42115104
2351,Belanja Perjalanan Dinas Biasa,20220000,1,26-Jan,Provinsi Riau,BADAN KESATUAN BANGSA DAN POLITIK,"Riau, Bengkalis (Kab.) | Riau, Kampar (Kab.) | Riau, Dumai (Kota)",41417586
2352,Belanja Perjalanan Dinas Biasa,26070000,1,26-Feb,Provinsi Riau,DINAS KEBUDAYAAN,"Riau, Pekanbaru (Kota)",43288470
2353,Belanja Perjalanan Dinas Biasa,2316280000,1,26-Jan,Provinsi Riau,SEKRETARIAT DEWAN PERWAKILAN RAKYAT DAERAH,"Riau, Pekanbaru (Kota)",41815522
2354,Belanja Perjalanan Dinas Biasa,9032000000,1,26-Jan,Provinsi Riau,SEKRETARIAT DEWAN PERWAKILAN RAKYAT DAERAH,"Riau, Pekanbaru (Kota)",41815797
2355,Belanja Perjalanan Dinas Biasa,2100786000,1,26-Jan,Provinsi Riau,SEKRETARIAT DEWAN PERWAKILAN RAKYAT DAERAH,"Riau, Pekanbaru (Kota)",41815880
2356,Belanja Perjalanan Dinas Biasa Verifikasi Teknis,37660000,1,26-Jan,Provinsi Riau,"DINAS PERINDUSTRIAN, PERDAGANGAN, KOPERASI, USAHA KECIL DAN MENENGAH","Riau, Pekanbaru (Kota)",41816059
2357,Belanja Perjalanan Dinas Biasa,64107000,1,26-Oct,Provinsi Riau,"DINAS PEKERJAAN UMUM, PENATAAN RUANG, PERUMAHAN, KAWASAN PERMUKIMAN DAN PERTANAHAN","Riau, Bengkalis (Kab.) | Riau, Dumai (Kota) | Riau, Indragiri Hilir (Kab.) | Riau, Indragiri Hulu (Kab.) | Riau, Kampar (Kab.) | Riau, Kuantan Singingi (Kab.) | Riau, Meranti (Kab.) | Riau, Pekanbaru (Kota) | Riau, Pelalawan (Kab.) | Riau, Rokan Hilir (Kab.) | Riau, Rokan Hulu (Kab.) | Riau, Siak (Kab.)",41849770
2358,Belanja Perjalanan Dinas Biasa,42900000,1,26-Jan,Provinsi Riau,"DINAS PANGAN, TANAMAN PANGAN DAN HORTIKULTURA","Riau, Pekanbaru (Kota)",41876421
2359,Belanja Perjalanan Dinas Biasa,20020000,1,26-Jan,Provinsi Riau,"DINAS PANGAN, TANAMAN PANGAN DAN HORTIKULTURA","Riau, Pekanbaru (Kota)",41925423
2360,Belanja Perjalanan Dinas Biasa,34996000,1,26-Jan,Provinsi Riau,"DINAS PERINDUSTRIAN, PERDAGANGAN, KOPERASI, USAHA KECIL DAN MENENGAH","Riau, Pekanbaru (Kota)",41933671
2361,Belanja Perjalanan Dinas Biasa,256441000,1,26-Jan,Provinsi Riau,"DINAS KOMUNIKASI, INFORMATIKA DAN STATISTIK","Riau, Pekanbaru (Kota)",41957755
2362,Belanja Perjalanan Dinas Biasa (Pembinaan dan Pengawasan Perizinan RS Provinsi Riau),43320000,1,26-Jan,Provinsi Riau,DINAS KESEHATAN,"Riau, Pekanbaru (Kota)",42490180
2363,Belanja Perjalanan Dinas Biasa Penguatan Pengendalian Penyakit Menular lainnya dan Pengendalian Vektor di Kab/Kota,59965000,1,26-Jul,Provinsi Riau,DINAS KESEHATAN,"Riau, Pekanbaru (Kota)",42490788
2364,Belanja Perjalanan Dinas Biasa Uang Harian Peserta Pelatihan Penanggulangan TBC bagi Tenaga Kesehatan di Fasilitas Pelayanan Kesehatan,33000000,1,26-Jun,Provinsi Riau,DINAS KESEHATAN,"Riau, Pekanbaru (Kota)",42499813
2365,"Belanja Perjalanan Dinas Biasa(Pengembangan Pendekatan Pelayanan Kesehatan di DTPK (Pelayanan Kesehatan Bergerak, Gugus Pulau, Pelayanan Kesehatan Berbasis Telemedicine, dll)",53700000,1,26-Jan,Provinsi Riau,DINAS KESEHATAN,"Riau, Pekanbaru (Kota)",42509369
2366,Belanja Perjalanan Dinas Biasa Monitoring dan Evaluasi Pemetaan Risiko dan Penyusunan Rekomendasi PIE,11955000,1,26-Jul,Provinsi Riau,DINAS KESEHATAN,"Riau, Pekanbaru (Kota)",42514198
2367,Belanja Perjalanan Dinas Biasa Penguatan Surveilans PD3I,33540000,1,26-Jul,Provinsi Riau,DINAS KESEHATAN,"Riau, Pekanbaru (Kota)",42515215
2368,Belanja Perjalanan Dinas Biasa,2380000,1,26-Jan,Provinsi Riau,UPT. KESATUAN PENGELOLAAN HUTAN MANDAH,"Riau, Indragiri Hilir (Kab.)",42550072
2369,Belanja Perjalanan Dinas Biasa,67320000,1,26-Feb,Provinsi Riau,BADAN KEPEGAWAIAN DAERAH,"Riau, Pekanbaru (Kota)",42573488
2370,Belanja Perjalanan Dinas Biasa,353457000,1,26-Jan,Provinsi Riau,DINAS LINGKUNGAN HIDUP DAN KEHUTANAN,"Riau, Pekanbaru (Kota)",42633317
2371,Belanja Perjalanan Dinas Biasa,15220000,1,26-Feb,Provinsi Riau,DINAS LINGKUNGAN HIDUP DAN KEHUTANAN,"Riau, Pekanbaru (Kota)",42633564
2372,Belanja Perjalanan Dinas Biasa,74670000,1,26-Jan,Provinsi Riau,DINAS LINGKUNGAN HIDUP DAN KEHUTANAN,"Riau, Pekanbaru (Kota)",42636364
2373,Belanja Perjalanan Dinas Biasa,24465000,1,26-Jul,Provinsi Riau,DINAS KEBUDAYAAN,"Riau, Pekanbaru (Kota)",43293802
2374,Belanja Perjalanan Dinas Biasa,66220000,1,26-Jan,Provinsi Riau,UPT. RUMAH SAKIT JIWA TAMPAN,"Riau, Pekanbaru (Kota)",43348209
2375,Belanja Perjalanan Dinas Biasa,8642000,1,26-Feb,Provinsi Riau,BADAN PENGHUBUNG,"Jawa Timur, Malang (Kota) | DI Yogyakarta, Yogyakarta (Kota) | DI Yogyakarta, Yogyakarta (Kota) | Jawa Barat, Bogor (Kota) | Riau, Pekanbaru (Kota)",43403886
2376,Belanja Perjalanan Dinas Biasa,48582000,1,26-Jan,Provinsi Riau,BADAN PENGHUBUNG,"DI Yogyakarta, Yogyakarta (Kota) | Jawa Timur, Malang (Kota) | Jawa Barat, Bandung (Kota) | Jawa Barat, Bogor (Kota) | Riau, Pekanbaru (Kota)",43428391
2377,Belanja Perjalanan Dinas Biasa,95535000,1,26-Jan,Provinsi Riau,DINAS PETERNAKAN DAN KESEHATAN HEWAN,"Riau, Pekanbaru (Kota)",42474763
2378,Belanja Perjalanan Dinas Biasa ( Pembinaan Akreditasi dan Perencanaan Perbaikan Strategis Rumah Sakit),31580000,1,26-Jan,Provinsi Riau,DINAS KESEHATAN,"Riau, Pekanbaru (Kota)",42490050
2379,Belanja Perjalanan Dinas Biasa Defaulter Trancking Imunisasi,19760000,1,26-Jul,Provinsi Riau,DINAS KESEHATAN,"Riau, Pekanbaru (Kota)",42515003
2380,Belanja Perjalanan Dinas Biasa,241378000,1,26-Apr,Provinsi Riau,DINAS KEPEMUDAAN DAN OLAHRAGA,"Riau, Pekanbaru (Kota)",42539738
2381,Belanja Perjalanan Dinas Biasa,28470000,1,26-Jul,Provinsi Riau,DINAS KESEHATAN,"Riau, Pekanbaru (Kota)",42604309
2382,Belanja Perjalanan Dinas Biasa,12130000,1,26-May,Provinsi Riau,DINAS PETERNAKAN DAN KESEHATAN HEWAN,"Riau, Pekanbaru (Kota)",41779602
2383,Belanja Perjalanan Dinas Biasa,292188000,1,26-Jan,Provinsi Riau,DINAS PETERNAKAN DAN KESEHATAN HEWAN,"Riau, Pekanbaru (Kota)",41794291
2384,Belanja Perjalanan Dinas Biasa,82105000,1,26-Jan,Provinsi Riau,"DINAS PERINDUSTRIAN, PERDAGANGAN, KOPERASI, USAHA KECIL DAN MENENGAH","Riau, Pekanbaru (Kota)",41812711
2385,Belanja Perjalanan Dinas Biasa,28150000,1,26-Jan,Provinsi Riau,UPT. PELATIHAN DAN PENYULUHAN PERTANIAN,"Riau, Pekanbaru (Kota)",41874426
2386,Belanja Perjalanan Dinas Biasa,19395000,1,26-Feb,Provinsi Riau,UPT. KESATUAN PENGELOLAAN HUTAN PRODUKSI MINAS TAHURA,"Riau, Pekanbaru (Kota)",41883358
2387,Belanja Perjalanan Dinas Biasa,119340000,1,26-Feb,Provinsi Riau,DINAS PERKEBUNAN,"Riau, Pekanbaru (Kota)",41910828
2388,Belanja Perjalanan Dinas Biasa,39755000,1,26-Feb,Provinsi Riau,DINAS PERKEBUNAN,"Riau, Pekanbaru (Kota)",41911152
2389,Belanja Perjalanan Dinas Biasa,21780000,1,26-Jan,Provinsi Riau,"DINAS PANGAN, TANAMAN PANGAN DAN HORTIKULTURA","Riau, Pekanbaru (Kota)",41923435
2390,Belanja Perjalanan Dinas Biasa,7410000,1,26-Jan,Provinsi Riau,"DINAS PANGAN, TANAMAN PANGAN DAN HORTIKULTURA","Riau, Pekanbaru (Kota)",41924993
2391,Belanja Perjalanan Dinas Biasa,58208000,1,26-Feb,Provinsi Riau,BADAN PENGEMBANGAN SUMBERDAYA MANUSIA,"Riau, Pekanbaru (Kota)",41984826
2392,Belanja Perjalanan Dinas Biasa,31784000,1,26-Jan,Provinsi Riau,"DINAS KOMUNIKASI, INFORMATIKA DAN STATISTIK","Riau, Pekanbaru (Kota)",41510763
2393,Belanja Perjalanan Dinas Biasa,639829000,1,26-Jan,Provinsi Riau,DINAS TENAGA KERJA DAN TRANSMIGRASI,"Riau, Pekanbaru (Kota)",43000763
2394,Belanja Perjalanan Dinas Biasa,92550000,1,26-Jan,Provinsi Riau,DINAS KESEHATAN,"Riau, Pekanbaru (Kota)",43009839
2395,Belanja Perjalanan Dinas Biasa,29305000,1,26-Jan,Provinsi Riau,DINAS TENAGA KERJA DAN TRANSMIGRASI,"Riau, Pekanbaru (Kota)",43011614
2396,Belanja Perjalanan Dinas Biasa Monitoring dan Peninjauan Lapangan Pendistribusian Alat Kesehatan SOPHI (Strengthening Of Primary Healthcare) Kementrian Kesehatan dan Review Data ASPAK pada Dinas Kesehatan dan Puskesmas/Pustu di 12 Kab/Kota (SARPRAS),33195000,1,26-Feb,Provinsi Riau,DINAS KESEHATAN,"Riau, Pekanbaru (Kota)",43281742
2397,Belanja Perjalanan Dinas Biasa,38772000,1,26-Jul,Provinsi Riau,DINAS KEBUDAYAAN,"Riau, Pekanbaru (Kota)",43290789
2398,Belanja Perjalanan Dinas Biasa,5940000,1,26-Jan,Provinsi Riau,UPT. KESATUAN PENGELOLAAN HUTAN SOREK,"Riau, Pelalawan (Kab.)",43304954
2399,Belanja Perjalanan Dinas Biasa,600149000,1,26-Jan,Provinsi Riau,SEKRETARIAT DEWAN PERWAKILAN RAKYAT DAERAH,"Riau, Pekanbaru (Kota)",41811585
2400,Belanja Perjalanan Dinas Biasa Kepatuhan Pelaporan,28168000,1,26-Jan,Provinsi Riau,"DINAS PERINDUSTRIAN, PERDAGANGAN, KOPERASI, USAHA KECIL DAN MENENGAH","Riau, Pekanbaru (Kota)",41817045
2401,Belanja Perjalanan Dinas Biasa Transportasi Peserta Pelatihan Penanggulangan Tuberkulosis (TBC) bagi Tenaga Kesehatan di Fasilitas Pelayanan Kesehatan,24450000,1,26-Jun,Provinsi Riau,DINAS KESEHATAN,"Riau, Pekanbaru (Kota)",42499765
2402,Belanja Perjalanan Dinas Biasa,27287000,1,26-Feb,Provinsi Riau,BADAN KEPEGAWAIAN DAERAH,"Riau, Pekanbaru (Kota)",42573151
2403,Belanja Perjalanan Dinas Biasa,2830000,1,26-Aug,Provinsi Riau,DINAS LINGKUNGAN HIDUP DAN KEHUTANAN,"Riau, Siak (Kab.)",42575572
2404,Belanja Perjalanan Dinas Biasa,77840000,1,26-Feb,Provinsi Riau,DINAS KESEHATAN,"Riau, Pekanbaru (Kota)",42610907
2405,Belanja Perjalanan Dinas Biasa,27550000,1,26-Feb,Provinsi Riau,DINAS LINGKUNGAN HIDUP DAN KEHUTANAN,"Riau, Pekanbaru (Kota)",42633529
2406,Belanja Perjalanan Dinas Biasa,157898000,1,26-Feb,Provinsi Riau,DINAS LINGKUNGAN HIDUP DAN KEHUTANAN,"Riau, Pekanbaru (Kota)",42633742
2407,Belanja Perjalanan Dinas Biasa,155005000,1,26-Apr,Provinsi Riau,DINAS LINGKUNGAN HIDUP DAN KEHUTANAN,"Riau, Pekanbaru (Kota)",42636327
2408,Belanja Perjalanan Dinas Biasa,600149000,1,26-Jan,Provinsi Riau,SEKRETARIAT DEWAN PERWAKILAN RAKYAT DAERAH,"Riau, Pekanbaru (Kota)",41811585
2409,Belanja Perjalanan Dinas Biasa Kepatuhan Pelaporan,28168000,1,26-Jan,Provinsi Riau,"DINAS PERINDUSTRIAN, PERDAGANGAN, KOPERASI, USAHA KECIL DAN MENENGAH","Riau, Pekanbaru (Kota)",41817045
2410,Belanja Perjalanan Dinas Biasa,20340000,1,26-Jan,Provinsi Riau,"DINAS KOMUNIKASI, INFORMATIKA DAN STATISTIK","Riau, Pekanbaru (Kota)",41871406
2411,Belanja Perjalanan Dinas Biasa,54090000,1,26-Jan,Provinsi Riau,DINAS PERKEBUNAN,"Riau, Meranti (Kab.) | Riau, Indragiri Hilir (Kab.) | Riau, Pelalawan (Kab.)",41911236
2412,Belanja Perjalanan Dinas Biasa,68757000,4,26-Feb,Provinsi Riau,BADAN PENGEMBANGAN SUMBERDAYA MANUSIA,"Riau, Pekanbaru (Kota)",42008110
2413,Belanja Perjalanan Dinas Biasa,47449000,1,26-Jan,Provinsi Riau,"DINAS KOMUNIKASI, INFORMATIKA DAN STATISTIK","Riau, Pekanbaru (Kota)",42847414
2414,Belanja Perjalanan Dinas Biasa,790082000,1,26-Feb,Provinsi Riau,BADAN PERENCANAAN PEMBANGUNAN DAERAH,"Riau, Pekanbaru (Kota)",42866418
2415,Belanja Perjalanan Dinas Biasa,20823000,1,26-Feb,Provinsi Riau,"DINAS PANGAN, TANAMAN PANGAN DAN HORTIKULTURA","Riau, Pekanbaru (Kota)",42038711
2416,Belanja Perjalanan Dinas Biasa Sub Kegiatan Pemberdayaan dan Pembinaan Masyarakat untuk Pengembangan Pariwisata (Penggantian Transport peserta Inhu-PKU (PP),22500000,1,26-Apr,Provinsi Riau,DINAS PARIWISATA,"Sumatera Barat, Bukit Tinggi (Kota)",42293389
2417,Belanja Perjalanan Dinas Biasa Sub Kegiatan Pemberdayaan dan Pembinaan Masyarakat untuk Pengembangan Pariwisata (Transportasi Peserta dari Kabupaten-Kota),18750000,1,26-Apr,Provinsi Riau,DINAS PARIWISATA,"Sumatera Barat, Bukit Tinggi (Kota)",42293654
2418,Belanja Perjalanan Dinas Biasa,217673000,1,26-Jan,Provinsi Riau,UPT. RUMAH SAKIT JIWA TAMPAN,"Riau, Pekanbaru (Kota)",42309581
2419,Belanja Perjalanan Dinas Biasa,7230000,1,26-Aug,Provinsi Riau,DINAS PARIWISATA,"Riau, Pekanbaru (Kota)",42209964
2420,Belanja Perjalanan Dinas Biasa,3016000,1,26-Jan,Provinsi Riau,"DINAS PERINDUSTRIAN, PERDAGANGAN, KOPERASI, USAHA KECIL DAN MENENGAH","Riau, Pekanbaru (Kota)",42064980
2421,Belanja Perjalanan Dinas Biasa,42320000,1,26-Jan,Provinsi Riau,DINAS TENAGA KERJA DAN TRANSMIGRASI,"Riau, Pekanbaru (Kota)",42972186
2422,Belanja Perjalanan Dinas Biasa,85944000,1,26-Jan,Provinsi Riau,DINAS TENAGA KERJA DAN TRANSMIGRASI,"Riau, Pekanbaru (Kota)",43011598
2423,Belanja Perjalanan Dinas Biasa,56210000,1,26-Jan,Provinsi Riau,DINAS TENAGA KERJA DAN TRANSMIGRASI,"Riau, Pekanbaru (Kota)",42981226
2424,Belanja Perjalanan Dinas Biasa,36340000,1,26-Jan,Provinsi Riau,CABANG DINAS PENDIDIKAN WILAYAH III,"Riau, Kampar (Kab.)",43182828
2425,Belanja Perjalanan Dinas Biasa,40130000,1,26-Oct,Provinsi Riau,DINAS KEBUDAYAAN,"Riau, Pekanbaru (Kota)",43294546
2426,Belanja Perjalanan Dinas Biasa,22580000,1,25-Feb,Provinsi Riau,UPT. KESATUAN PENGELOLAAN HUTAN SINGINGI,"Riau, Kuantan Singingi (Kab.)",43300300
2427,Belanja Perjalanan Dinas Biasa,45585000,1,26-Apr,Provinsi Riau,UPT. MUSEUM SANG NILA UTAMA DAN TAMAN BUDAYA,"Riau, Pekanbaru (Kota)",43317166
2428,Belanja Perjalanan Dinas Biasa,115379000,1,26-Apr,Provinsi Riau,UPT. MUSEUM SANG NILA UTAMA DAN TAMAN BUDAYA,"Riau, Pekanbaru (Kota)",43317495
2429,Belanja Perjalanan Dinas Biasa,34424000,1,26-Jan,Provinsi Riau,SEKRETARIAT DAERAH,"Riau, Pekanbaru (Kota)",43426085
2430,Belanja Perjalanan Dinas Biasa,7232000,1,26-Jan,Provinsi Riau,BADAN KESATUAN BANGSA DAN POLITIK,"Riau, Pekanbaru (Kota)",41418674
2431,Belanja Perjalanan Dinas Biasa,804136000,1,26-Jan,Provinsi Riau,DINAS KESEHATAN,"Riau, Pekanbaru (Kota)",43071778
2432,Belanja Perjalanan Dinas Biasa,1415130000,1,26-Jan,Provinsi Riau,SEKRETARIAT DEWAN PERWAKILAN RAKYAT DAERAH,"Riau, Pekanbaru (Kota)",41815689
2433,Belanja Perjalanan Dinas Biasa,19336624123,1,26-Jan,Provinsi Riau,SEKRETARIAT DEWAN PERWAKILAN RAKYAT DAERAH,"Riau, Pekanbaru (Kota)",41815851
2434,Belanja Perjalanan Dinas Biasa,66000000,1,26-Feb,Provinsi Riau,UPT. KESATUAN PENGELOLAAN HUTAN PRODUKSI MINAS TAHURA,"Riau, Pekanbaru (Kota)",41870051
2435,Belanja Perjalanan Dinas Biasa,38704000,1,26-Jan,Provinsi Riau,UPT. PENGAWASAN MUTU DAN KEAMANAN PANGAN,"Riau, Pekanbaru (Kota)",41911713
2436,Belanja Perjalanan Dinas Biasa,555654000,1,26-Jan,Provinsi Riau,BADAN PENGEMBANGAN SUMBERDAYA MANUSIA,"Riau, Pekanbaru (Kota)",42006415
2437,Belanja Perjalanan Dinas Biasa,41074000,4,26-Feb,Provinsi Riau,BADAN PENGEMBANGAN SUMBERDAYA MANUSIA,"Riau, Pekanbaru (Kota)",42008231
2438,Belanja Perjalanan Dinas Biasa,12832000,1,26-Jan,Provinsi Riau,"DINAS PANGAN, TANAMAN PANGAN DAN HORTIKULTURA","Riau, Pekanbaru (Kota)",42089252
2439,Belanja Perjalanan Dinas Biasa(Pembinaan dan penyelengaan dan pengelolaan rujukan dan rujuk balik di fasilitas pelayanan kesehatan tingkat lanjut),41830000,1,26-Jan,Provinsi Riau,DINAS KESEHATAN,"Riau, Pekanbaru (Kota)",42490326
2440,Belanja Perjalanan Dinas Biasa SEKSI PELAYANAN KESEHATAN PRIMER DAN KESTRAD,46710000,1,26-Jan,Provinsi Riau,DINAS KESEHATAN,"Riau, Pekanbaru (Kota)",42510392
2441,Belanja Perjalanan Dinas Biasa Monitoring dan Evaluasi Pelaksanaan Puskesmas Santun Lansia di Kab/Kota,53210000,1,26-Feb,Provinsi Riau,DINAS KESEHATAN,"Riau, Pekanbaru (Kota)",42510786
2442,Belanja Perjalanan Dinas Biasa Evaluasi dan Monitoring pembinaan provinsi ke tim penyelenggara kesehata haji kab/kota,40285000,1,26-Jul,Provinsi Riau,DINAS KESEHATAN,"Riau, Pekanbaru (Kota)",42511904
2443,Belanja Perjalanan Dinas Biasa MONEV imunisasi dan PD3I,1587000,1,26-Jul,Provinsi Riau,DINAS KESEHATAN,"Riau, Pekanbaru (Kota)",42515109
2444,Belanja Perjalanan Dinas Biasa,16400000,1,26-Oct,Provinsi Riau,DINAS LINGKUNGAN HIDUP DAN KEHUTANAN,"Riau, Kampar (Kab.)",42636746
2445,Belanja Perjalanan Dinas Biasa,4230000,1,26-Feb,Provinsi Riau,UPT. KESATUAN PENGELOLAAN HUTAN SULIGI BATU,"Riau, Kampar (Kab.)",42640801
2446,Belanja Perjalanan Dinas Biasa,6270000,1,26-Jan,Provinsi Riau,DINAS PETERNAKAN DAN KESEHATAN HEWAN,"Riau, Pekanbaru (Kota)",42740279
2447,Belanja Perjalanan Dinas Biasa,51559000,1,26-Jan,Provinsi Riau,"DINAS KOMUNIKASI, INFORMATIKA DAN STATISTIK","Riau, Pekanbaru (Kota)",42846348
2448,Belanja Perjalanan Dinas Biasa,22880000,1,26-Jan,Provinsi Riau,UPT. KESATUAN PENGELOLAAN HUTAN SOREK,"Riau, Pelalawan (Kab.)",42851015
2449,Belanja Perjalanan Dinas Biasa,93375000,1,26-Jan,Provinsi Riau,BADAN PERENCANAAN PEMBANGUNAN DAERAH,"Riau, Pekanbaru (Kota)",42862245
2450,Belanja Perjalanan Dinas Biasa,5575000,1,26-Feb,Provinsi Riau,UPT. KESATUAN PENGELOLAAN HUTAN INDRAGIRI,"Riau, Indragiri Hulu (Kab.)",42893165
2451,Belanja Perjalanan Dinas Biasa,125008000,1,26-Jan,Provinsi Riau,DINAS TENAGA KERJA DAN TRANSMIGRASI,"Riau, Pekanbaru (Kota)",42942443
2452,Belanja Perjalanan Dinas Biasa,5434000,1,26-Jan,Provinsi Riau,DINAS TENAGA KERJA DAN TRANSMIGRASI,"Riau, Pekanbaru (Kota)",42955615
2453,Belanja Perjalanan Dinas Biasa,45700000,1,26-Mar,Provinsi Riau,DINAS KESEHATAN,"Riau, Pekanbaru (Kota)",43231962
2454,Belanja Perjalanan Dinas Biasa,77986000,1,26-Jul,Provinsi Riau,DINAS KEBUDAYAAN,"Riau, Pekanbaru (Kota)",43290872
2455,Belanja Perjalanan Dinas Biasa,20822000,1,26-Oct,Provinsi Riau,DINAS KEBUDAYAAN,"Riau, Pekanbaru (Kota)",43294484
2456,Belanja Perjalanan Dinas Biasa,57677000,1,26-Jul,Provinsi Riau,DINAS KEBUDAYAAN,"Riau, Pekanbaru (Kota)",43294529
2457,Belanja Perjalanan Dinas Biasa,20864000,1,26-Jun,Provinsi Riau,"DINAS PEKERJAAN UMUM, PENATAAN RUANG, PERUMAHAN, KAWASAN PERMUKIMAN DAN PERTANAHAN","DKI Jakarta, Jakarta Selatan (Kota)",43311209
2458,Belanja Perjalanan Dinas Biasa,13156000,1,26-Mar,Provinsi Riau,DINAS KEBUDAYAAN,"Riau, Pekanbaru (Kota)",43321701
2459,Belanja Perjalanan Dinas Biasa,15345000,1,26-Jan,Provinsi Riau,UPT. KESATUAN PENGELOLAAN HUTAN BAGAN SIAPI-API,"Riau, Rokan Hilir (Kab.) | Riau, Dumai (Kota) | Riau, Rokan Hulu (Kab.) | Riau, Bengkalis (Kab.) | Riau, Pekanbaru (Kota)",43359481
2460,Belanja Perjalanan Dinas Biasa,515632000,1,26-Jan,Provinsi Riau,BADAN PENGHUBUNG,"DI Yogyakarta, Yogyakarta (Kota) | Jawa Barat, Bogor (Kota) | Jawa Barat, Bandung (Kota) | Riau, Pekanbaru (Kota) | Jawa Timur, Malang (Kota)",43428174
2461,Belanja Perjalanan Dinas Biasa ( Monitoring dan Evaluasi Pembentukan PSC 119),31930000,1,26-Jan,Provinsi Riau,DINAS KESEHATAN,"Riau, Pekanbaru (Kota)",42490405
2462,Belanja Perjalanan Dinas Biasa  Pelatihan Penanggulangan Tuberkulosis (TBC) bagi Tenaga Kesehatan di Fasilitas Pelayanan Kesehatan,18000000,1,26-Jun,Provinsi Riau,DINAS KESEHATAN,"Riau, Pekanbaru (Kota)",42499689
2463,Belanja Perjalanan Dinas Biasa Uang Harian Monitoring dan Evaluasi Pasca Pelatihan TBC,21460000,1,26-Jun,Provinsi Riau,DINAS KESEHATAN,"Riau, Pekanbaru (Kota)",42499782
2464,Belanja Perjalanan Dinas Biasa Monitoring dan Evaluasi Program Imunisasi,19780000,1,26-Feb,Provinsi Riau,DINAS KESEHATAN,"Riau, Pekanbaru (Kota)",42515135
2465,Belanja Perjalanan Dinas Biasa,44093000,1,26-Apr,Provinsi Riau,DINAS KEPEMUDAAN DAN OLAHRAGA,"Riau, Pekanbaru (Kota)",42540821
2466,Belanja perjalanan dinas biasa,66955000,1,26-Jul,Provinsi Riau,DINAS KESEHATAN,"Riau, Pekanbaru (Kota)",42544716
2467,Belanja Perjalanan Dinas Biasa,179126000,1,26-Jan,Provinsi Riau,DINAS KESEHATAN,"Riau, Pekanbaru (Kota)",42572283
2468,Belanja Perjalanan Dinas Biasa,9164000,1,26-Oct,Provinsi Riau,UPT. INSTALASI FARMASI DAN LOGISTIK KESEHATAN,"Riau, Pekanbaru (Kota)",42575279
2469,Belanja Perjalanan Dinas Biasa,34095000,1,26-Jan,Provinsi Riau,DINAS LINGKUNGAN HIDUP DAN KEHUTANAN,"Riau, Pekanbaru (Kota)",42634812
2470,Belanja Perjalanan Dinas Biasa,79365000,1,26-Jan,Provinsi Riau,DINAS LINGKUNGAN HIDUP DAN KEHUTANAN,"Riau, Pekanbaru (Kota)",42636656
2471,Belanja Perjalanan Dinas Biasa,323414000,1,26-Apr,Provinsi Riau,DINAS PETERNAKAN DAN KESEHATAN HEWAN,"Riau, Pekanbaru (Kota)",41778026
2472,Belanja Perjalanan Dinas Biasa,2491280000,1,26-Jan,Provinsi Riau,SEKRETARIAT DEWAN PERWAKILAN RAKYAT DAERAH,"Riau, Pekanbaru (Kota)",41815765
2473,Belanja Perjalanan Dinas Biasa,63255000,1,26-Aug,Provinsi Riau,"DINAS PEKERJAAN UMUM, PENATAAN RUANG, PERUMAHAN, KAWASAN PERMUKIMAN DAN PERTANAHAN","Riau, Bengkalis (Kab.) | Riau, Dumai (Kota) | Riau, Indragiri Hilir (Kab.) | Riau, Indragiri Hulu (Kab.) | Riau, Kampar (Kab.) | Riau, Kuantan Singingi (Kab.) | Riau, Meranti (Kab.) | Riau, Pekanbaru (Kota) | Riau, Pelalawan (Kab.) | Riau, Rokan Hilir (Kab.) | Riau, Rokan Hulu (Kab.) | Riau, Siak (Kab.)",41849787
2474,Belanja Perjalanan Dinas Biasa,103645000,1,26-Jan,Provinsi Riau,"DINAS KOMUNIKASI, INFORMATIKA DAN STATISTIK","Riau, Pekanbaru (Kota)",41870892
2475,Belanja Perjalanan Dinas Biasa,28184000,1,26-Jan,Provinsi Riau,"DINAS PERINDUSTRIAN, PERDAGANGAN, KOPERASI, USAHA KECIL DAN MENENGAH","Riau, Pekanbaru (Kota)",41884848
2476,Belanja Perjalanan Dinas Biasa,11015000,1,26-Jul,Provinsi Riau,DINAS PERKEBUNAN,"Riau, Pekanbaru (Kota)",41910595
2477,Belanja Perjalanan Dinas Biasa,25740000,1,26-Feb,Provinsi Riau,DINAS PERKEBUNAN,"Riau, Pekanbaru (Kota)",41910948
2478,Belanja Perjalanan Dinas Biasa,66905000,1,26-Jan,Provinsi Riau,"DINAS PANGAN, TANAMAN PANGAN DAN HORTIKULTURA","Riau, Pekanbaru (Kota)",41922822
2479,Belanja Perjalanan Dinas Biasa,32361000,1,26-Jan,Provinsi Riau,"DINAS PERINDUSTRIAN, PERDAGANGAN, KOPERASI, USAHA KECIL DAN MENENGAH","Riau, Pekanbaru (Kota)",41934535
2480,Belanja Perjalanan Dinas Biasa,23880000,1,26-Jan,Provinsi Riau,"DINAS KOMUNIKASI, INFORMATIKA DAN STATISTIK","Riau, Pekanbaru (Kota)",41955584
2481,Belanja Perjalanan Dinas Biasa,82539000,1,26-Jan,Provinsi Riau,"DINAS KOMUNIKASI, INFORMATIKA DAN STATISTIK","Riau, Pekanbaru (Kota)",42844694
2482,Belanja Perjalanan Dinas Biasa,39335000,1,26-Jan,Provinsi Riau,"DINAS KOMUNIKASI, INFORMATIKA DAN STATISTIK","Riau, Pekanbaru (Kota)",42847286
2483,Belanja Perjalanan Dinas Biasa,127472000,1,26-Feb,Provinsi Riau,BADAN PERENCANAAN PEMBANGUNAN DAERAH,"Riau, Pekanbaru (Kota)",42858141
2484,Belanja Perjalanan Dinas Biasa,11870000,1,26-Apr,Provinsi Riau,DINAS PARIWISATA,"Riau, Pekanbaru (Kota)",42262893
2485,Belanja Perjalanan Dinas Biasa,180420000,1,26-Feb,Provinsi Riau,BADAN PENGEMBANGAN SUMBERDAYA MANUSIA,"Riau, Pekanbaru (Kota)",42271400
2486,Belanja Perjalanan Dinas Biasa,15725000,1,26-Jan,Provinsi Riau,UPT. KESATUAN PENGELOLAAN HUTAN TASIK BESAR,"Riau, Pekanbaru (Kota)",42114989
2487,Belanja Perjalanan Dinas Biasa Sub Kegiatan Pemberdayaan dan Pembinaan Masyarakat untuk Pengembangan Pariwisata (Pelatihan Kelompok Sadar Wisata),34693000,1,26-Apr,Provinsi Riau,DINAS PARIWISATA,"DI Yogyakarta, Yogyakarta (Kota)",42288609
2488,Belanja Perjalanan Dinas Biasa Sub Kegiatan Pemberdayaan dan Pembinaan Masyarakat untuk Pengembangan Pariwisata (Penggantian Transportasi Peserta),10600000,1,26-Apr,Provinsi Riau,DINAS PARIWISATA,"Riau, Pekanbaru (Kota)",42293448
2489,Belanja Perjalanan Dinas Biasa,553537000,1,26-Jan,Provinsi Riau,BADAN KESATUAN BANGSA DAN POLITIK,"Riau, Pekanbaru (Kota)",41417746
2490,Belanja Perjalanan Dinas Biasa,32034000,1,26-Jan,Provinsi Riau,"DINAS KOMUNIKASI, INFORMATIKA DAN STATISTIK","Riau, Pekanbaru (Kota)",41558828
2491,Belanja Perjalanan Dinas Biasa,159630000,1,26-Feb,Provinsi Riau,DINAS KESEHATAN,"Riau, Pekanbaru (Kota)",43061061
2492,Belanja Perjalanan Dinas Biasa,71034000,1,26-Mar,Provinsi Riau,DINAS KEBUDAYAAN,"Riau, Pekanbaru (Kota)",43321687
2493,Belanja Perjalanan Dinas Biasa,49950000,1,26-Mar,Provinsi Riau,DINAS KEBUDAYAAN,"Riau, Pekanbaru (Kota)",43321712
2494,Belanja Perjalanan Dinas Biasa,609334000,1,26-Jan,Provinsi Riau,DINAS KESEHATAN,"Riau, Pekanbaru (Kota)",43045192
2495,Belanja Perjalanan Dinas Biasa,19920000,1,26-Jul,Provinsi Riau,DINAS KESEHATAN,"Riau, Pekanbaru (Kota)",43048362
2496,Belanja Perjalanan Dinas Biasa,97241000,1,26-Apr,Provinsi Riau,UPT. MUSEUM SANG NILA UTAMA DAN TAMAN BUDAYA,"Riau, Pekanbaru (Kota)",43317199
2497,Belanja Perjalanan Dinas Biasa,39820000,1,26-Jan,Provinsi Riau,DINAS TENAGA KERJA DAN TRANSMIGRASI,"Riau, Pekanbaru (Kota)",43011595
2498,Belanja Perjalanan Dinas Biasa,241071000,1,26-Feb,Provinsi Riau,DINAS KEBUDAYAAN,"Riau, Pekanbaru (Kota)",43288656
2499,Belanja Perjalanan Dinas Biasa,45277000,1,26-Aug,Provinsi Riau,DINAS KEBUDAYAAN,"Riau, Pekanbaru (Kota)",43294469
2500,Belanja Perjalanan Dinas Biasa,38700000,1,26-Apr,Provinsi Riau,"DINAS PEMBERDAYAAN PEREMPUAN DAN PERLINDUNGAN ANAK, PENGENDALIAN PENDUDUK DAN KELUARGA BERENCANA","Riau, Pekanbaru (Kota)",43297121
2501,Belanja Perjalanan Dinas Biasa,62760000,1,26-Jan,Provinsi Riau,SEKRETARIAT DAERAH,"Riau, Pekanbaru (Kota)",43425867
2502,Belanja Perjalanan Dinas Biasa,33868000,1,26-Feb,Provinsi Riau,BADAN PENGHUBUNG,"Jawa Barat, Bandung (Kota) | Jawa Barat, Bogor (Kota) | Riau, Pekanbaru (Kota)",43428958
2503,Belanja Perjalanan Dinas Biasa,7196000,1,26-Apr,Provinsi Riau,"DINAS PEMBERDAYAAN MASYARAKAT, DESA, KEPENDUDUKAN DAN PENCATATAN SIPIL","Riau, Pekanbaru (Kota)",43429636
2504,Belanja Perjalanan Dinas Biasa,29330000,1,26-Jan,Provinsi Riau,"DINAS PERINDUSTRIAN, PERDAGANGAN, KOPERASI, USAHA KECIL DAN MENENGAH","Riau, Pekanbaru (Kota)",42094504
2505,Belanja Perjalanan Dinas Biasa dan Belanja Perjalanan Dinas Paket Meeting Dalam Kota Sub Kegiatan Fasilitasi Sertifikasi Kompetensi bagi Tenaga Kerja Bidang Pariwisata,51760000,1,26-Jul,Provinsi Riau,DINAS PARIWISATA,"Riau, Pekanbaru (Kota)",42258240
2506,Belanja Perjalanan Dinas Biasa,36870000,1,26-Jan,Provinsi Riau,DINAS TENAGA KERJA DAN TRANSMIGRASI,"Riau, Pekanbaru (Kota)",42968509
2507,Belanja Perjalanan Dinas Biasa,124476000,1,26-Jan,Provinsi Riau,DINAS TENAGA KERJA DAN TRANSMIGRASI,"Riau, Pekanbaru (Kota)",43011620
2508,Belanja Perjalanan Dinas Biasa,161400000,1,26-Jan,Provinsi Riau,UPT. JALAN DAN JEMBATAN WILAYAH II,"Riau, Dumai (Kota) | Riau, Rokan Hilir (Kab.)",41890953
2509,Belanja Perjalanan Dinas Biasa,16410000,1,26-Jul,Provinsi Riau,"DINAS PANGAN, TANAMAN PANGAN DAN HORTIKULTURA","Riau, Pekanbaru (Kota)",41910923
2510,Belanja Perjalanan Dinas Biasa,11760000,1,26-Jan,Provinsi Riau,"DINAS PANGAN, TANAMAN PANGAN DAN HORTIKULTURA","Riau, Pekanbaru (Kota)",41930592
2511,Belanja Perjalanan Dinas Biasa,17636000,1,26-Jan,Provinsi Riau,"DINAS PERINDUSTRIAN, PERDAGANGAN, KOPERASI, USAHA KECIL DAN MENENGAH","Riau, Pekanbaru (Kota)",41932708
2512,Belanja Perjalanan Dinas Biasa,36448000,4,26-Feb,Provinsi Riau,BADAN PENGEMBANGAN SUMBERDAYA MANUSIA,"Riau, Pekanbaru (Kota)",41956320
2513,Belanja Perjalanan Dinas Biasa,26390000,1,26-Jan,Provinsi Riau,"DINAS PERINDUSTRIAN, PERDAGANGAN, KOPERASI, USAHA KECIL DAN MENENGAH","Riau, Pekanbaru (Kota)",41985356
2514,Belanja Perjalanan Dinas Biasa,19904000,4,26-Jan,Provinsi Riau,BADAN PENGEMBANGAN SUMBERDAYA MANUSIA,"Riau, Pekanbaru (Kota)",41986820
2515,Belanja Perjalanan Dinas Biasa,29295000,4,26-Feb,Provinsi Riau,BADAN PENGEMBANGAN SUMBERDAYA MANUSIA,"Riau, Pekanbaru (Kota)",42006051
2516,Belanja Perjalanan Dinas Biasa Transport Narasumber dan Peserta Pelatihan Penanggulangan KLB dan Wabah Untuk Tim Gerak Cepat (TGC) bagi Petugas Surveilans Dinas Kesehatan Provinsi Riau,37398000,1,26-Jul,Provinsi Riau,DINAS KESEHATAN,"Riau, Pekanbaru (Kota)",42514500
2517,Belanja Perjalanan Dinas Biasa SCK KLB PD3I,20780000,1,26-Jul,Provinsi Riau,DINAS KESEHATAN,"Riau, Pekanbaru (Kota)",42515245
2518,Belanja Perjalanan Dinas Biasa,318248000,1,26-Jan,Provinsi Riau,BADAN KEPEGAWAIAN DAERAH,"Riau, Pekanbaru (Kota)",42562797
2519,Belanja Perjalanan Dinas Biasa,27500000,1,26-Jul,Provinsi Riau,DINAS KESEHATAN,"Riau, Lainnya",42601854
2520,Belanja Perjalanan Dinas Biasa,29007000,1,26-Apr,Provinsi Riau,DINAS LINGKUNGAN HIDUP DAN KEHUTANAN,"Riau, Pekanbaru (Kota)",42636153
2521,Belanja Perjalanan Dinas Biasa,27920000,1,26-Apr,Provinsi Riau,"DINAS PEKERJAAN UMUM, PENATAAN RUANG, PERUMAHAN, KAWASAN PERMUKIMAN DAN PERTANAHAN","DKI Jakarta, Jakarta Selatan (Kota)",43313257
2522,Belanja Perjalanan Dinas Biasa,58550000,1,26-Jan,Provinsi Riau,CABANG DINAS PENDIDIKAN WILAYAH II,"Riau, Bengkalis (Kab.)",43317149
2523,Belanja Perjalanan Dinas Biasa,13500000,1,26-Apr,Provinsi Riau,UPT. MUSEUM SANG NILA UTAMA DAN TAMAN BUDAYA,"Riau, Pekanbaru (Kota)",43317224
2524,Belanja Perjalanan Dinas Biasa,2220000,1,25-Feb,Provinsi Riau,UPT. KESATUAN PENGELOLAAN HUTAN SINGINGI,"Riau, Kuantan Singingi (Kab.)",43300240
2525,Belanja Perjalanan Dinas Biasa,13560000,1,26-Jan,Provinsi Riau,UPT. KESATUAN PENGELOLAAN HUTAN BAGAN SIAPI-API,"Riau, Bengkalis (Kab.) | Riau, Dumai (Kota) | Riau, Rokan Hilir (Kab.) | Riau, Rokan Hulu (Kab.)",43362712
2526,Belanja Perjalanan Dinas Biasa,34424000,1,26-Jan,Provinsi Riau,SEKRETARIAT DAERAH,"Riau, Pekanbaru (Kota)",43426104
2527,Belanja Perjalanan Dinas Biasa,20843000,1,26-May,Provinsi Riau,BADAN PENGHUBUNG,"Riau, Pekanbaru (Kota)",43429073
2528,Belanja Perjalanan Dinas Biasa,46619000,1,26-Jan,Provinsi Riau,"DINAS KOMUNIKASI, INFORMATIKA DAN STATISTIK","Riau, Pekanbaru (Kota)",43341311
2529,5.1.02.04.001.00001 Belanja Perjalanan Dinas Biasa,14084000,1,26-Jan,Provinsi Riau,BADAN KESATUAN BANGSA DAN POLITIK,"Riau, Pekanbaru (Kota)",41409859
2530,Belanja Perjalanan Dinas Biasa,14084000,1,26-Jan,Provinsi Riau,BADAN KESATUAN BANGSA DAN POLITIK,"Riau, Pekanbaru (Kota)",41417690
2531,Belanja Perjalanan Dinas Biasa,118525000,1,26-Jan,Provinsi Riau,"DINAS PERINDUSTRIAN, PERDAGANGAN, KOPERASI, USAHA KECIL DAN MENENGAH","Riau, Pekanbaru (Kota)",42098793
2532,Belanja Perjalanan Dinas Biasa,17514000,1,26-Jan,Provinsi Riau,"DINAS KOMUNIKASI, INFORMATIKA DAN STATISTIK","Riau, Pekanbaru (Kota)",41841386
2533,Belanja Perjalanan Dinas Biasa,75006000,1,26-Apr,Provinsi Riau,"DINAS PEKERJAAN UMUM, PENATAAN RUANG, PERUMAHAN, KAWASAN PERMUKIMAN DAN PERTANAHAN","Aceh, Banda Aceh (Kota) | DKI Jakarta, Jakarta Pusat (Kota) | Riau, Pekanbaru (Kota)",41857931
2534,Belanja Perjalanan Dinas Biasa,80420000,1,26-Jan,Provinsi Riau,UPT. PELATIHAN DAN PENYULUHAN PERTANIAN,"Riau, Pekanbaru (Kota)",41873828
2535,Belanja Perjalanan Dinas Biasa,20215000,1,26-Jan,Provinsi Riau,UPT. PELATIHAN DAN PENYULUHAN PERTANIAN,"Riau, Pekanbaru (Kota)",41874005
2536,Belanja Perjalanan Dinas Biasa,2230000,1,26-Mar,Provinsi Riau,UPT. KESATUAN PENGELOLAAN HUTAN PRODUKSI MINAS TAHURA,"Riau, Pekanbaru (Kota)",41880335
2537,Belanja Perjalanan Dinas Biasa,588362000,1,26-Jan,Provinsi Riau,"DINAS PANGAN, TANAMAN PANGAN DAN HORTIKULTURA","Riau, Pekanbaru (Kota)",41880554
2538,Belanja Perjalanan Dinas Biasa,16500000,1,26-Mar,Provinsi Riau,UPT. KESATUAN PENGELOLAAN HUTAN PRODUKSI MINAS TAHURA,"Riau, Pekanbaru (Kota)",41882224
2539,Belanja Perjalanan Dinas Biasa,52380000,1,26-Jan,Provinsi Riau,"DINAS PANGAN, TANAMAN PANGAN DAN HORTIKULTURA","Riau, Pekanbaru (Kota)",41887354
2540,Belanja Perjalanan Dinas Biasa,85740000,1,26-Jan,Provinsi Riau,UPT. JALAN DAN JEMBATAN WILAYAH III,"Riau, Bengkalis (Kab.)",41894848
2541,Belanja Perjalanan Dinas Biasa,636684000,1,26-Jan,Provinsi Riau,DINAS PERKEBUNAN,"Riau, Pekanbaru (Kota)",41910208
2542,Belanja Perjalanan Dinas Biasa,27535000,1,26-Jan,Provinsi Riau,UPT. PENGAWASAN MUTU DAN KEAMANAN PANGAN,"Riau, Pekanbaru (Kota)",41916059
2543,Belanja Perjalanan Dinas Biasa,62435000,1,26-Feb,Provinsi Riau,"DINAS PANGAN, TANAMAN PANGAN DAN HORTIKULTURA","Riau, Bengkalis (Kab.) | Riau, Indragiri Hilir (Kab.) | Riau, Indragiri Hulu (Kab.) | Riau, Kampar (Kab.) | Riau, Meranti (Kab.) | Riau, Kuantan Singingi (Kab.) | Riau, Pelalawan (Kab.) | Riau, Rokan Hilir (Kab.) | Riau, Rokan Hulu (Kab.) | Riau, Siak (Kab.) | Riau, Pekanbaru (Kota) | Riau, Dumai (Kota)",41924332
2544,Belanja Perjalanan Dinas Biasa,102750000,1,26-Jan,Provinsi Riau,UPT. JALAN DAN JEMBATAN WILAYAH V,"Riau, Kampar (Kab.) | Riau, Kuantan Singingi (Kab.)",41927867
2545,Belanja Perjalanan Dinas Biasa,34145000,1,26-Jan,Provinsi Riau,"DINAS PERINDUSTRIAN, PERDAGANGAN, KOPERASI, USAHA KECIL DAN MENENGAH","Riau, Pekanbaru (Kota)",41936900
2546,Belanja perjalanan dinas biasa,48870000,1,26-Feb,Provinsi Riau,"DINAS PANGAN, TANAMAN PANGAN DAN HORTIKULTURA","Riau, Pekanbaru (Kota)",42049592
2547,Belanja Perjalanan Dinas Biasa Sub Kegiatan Pemberdayaan dan Pembinaan Masyarakat untuk Pengembangan Pariwisata (Transportasi Peserta dari Kabupaten-Kota),18750000,1,26-Apr,Provinsi Riau,DINAS PARIWISATA,"DI Yogyakarta, Yogyakarta (Kota)",42293414
2548,Belanja Perjalanan Dinas Biasa,480192000,1,26-Jan,Provinsi Riau,BADAN KEPEGAWAIAN DAERAH,"Riau, Pekanbaru (Kota)",42441854
2549,Belanja Perjalanan Dinas Biasa Upaya peningkatan pengendalian dan penanggulangan Vektor di kab/kota,39885000,1,26-Jul,Provinsi Riau,DINAS KESEHATAN,"Riau, Pekanbaru (Kota)",42490952
2550,Belanja Perjalanan Dinas Biasa Pelaksanaan Investigasi KIPI ke Kab/Kota,44320000,1,26-Jul,Provinsi Riau,DINAS KESEHATAN,"Riau, Pekanbaru (Kota)",42511885
2551,Belanja Perjalanan Dinas Biasa Investigasi/Penyelidikan Epidemiologi dan Penanggulangan KLB,48710000,1,26-Jul,Provinsi Riau,DINAS KESEHATAN,"Riau, Pekanbaru (Kota)",42511917
2552,"Belanja Perjalanan Dinas Biasa Verifikasi sinyal/Penyelidikan epidemiologi (PE) pelacakan kontak penyakit berpotensi KLB atau wabah/penyakit tidak lazim/investigasi kasus KIPIserta PE penyakit menular lainnya, PD3I dan keracunan makanan",79200000,1,26-Feb,Provinsi Riau,DINAS KESEHATAN,"Riau, Pekanbaru (Kota)",42515282
2553,Belanja Perjalanan Dinas Biasa,5820000,1,26-Jan,Provinsi Riau,UPT. KESATUAN PENGELOLAAN HUTAN MANDAH,"Riau, Indragiri Hilir (Kab.)",42547010
2554,Belanja Perjalanan Dinas Biasa,4760000,1,26-Jan,Provinsi Riau,UPT. KESATUAN PENGELOLAAN HUTAN MANDAH,"Riau, Indragiri Hilir (Kab.)",42549956
2555,Belanja Perjalanan Dinas Biasa,4760000,1,26-Jan,Provinsi Riau,UPT. KESATUAN PENGELOLAAN HUTAN MANDAH,"Riau, Indragiri Hilir (Kab.)",42550214
2556,Belanja Perjalanan Dinas Biasa,101466000,1,26-Apr,Provinsi Riau,DINAS LINGKUNGAN HIDUP DAN KEHUTANAN,"Riau, Pekanbaru (Kota)",42636000
2557,Belanja Perjalanan Dinas Biasa,83985000,1,26-Jan,Provinsi Riau,DINAS LINGKUNGAN HIDUP DAN KEHUTANAN,"Riau, Pekanbaru (Kota)",42636095
2558,Belanja Perjalanan Dinas Biasa,1040000,1,26-Feb,Provinsi Riau,UPT. KESATUAN PENGELOLAAN HUTAN SULIGI BATU,"Riau, Kampar (Kab.)",42638626
2559,Belanja Perjalanan Dinas Biasa,23114000,1,26-Jan,Provinsi Riau,"DINAS KOMUNIKASI, INFORMATIKA DAN STATISTIK","Riau, Pekanbaru (Kota)",42843459
2560,Belanja Perjalanan Dinas Biasa,88672000,1,26-Jan,Provinsi Riau,"DINAS KOMUNIKASI, INFORMATIKA DAN STATISTIK","Riau, Pekanbaru (Kota)",42845840
2561,Belanja Perjalanan Dinas Biasa,50820000,1,26-Jan,Provinsi Riau,DINAS TENAGA KERJA DAN TRANSMIGRASI,"Riau, Bengkalis (Kab.)",42971141
2562,Belanja Perjalanan Dinas Biasa,57601000,1,26-Jan,Provinsi Riau,DINAS TENAGA KERJA DAN TRANSMIGRASI,"Riau, Pekanbaru (Kota)",43011599
2563,Belanja Perjalanan Dinas Biasa,1785000,1,26-Jan,Provinsi Riau,UPT. KESATUAN PENGELOLAAN HUTAN BAGAN SIAPI-API,"Riau, Dumai (Kota) | Riau, Rokan Hilir (Kab.) | Riau, Pekanbaru (Kota)",43362747
2564,Belanja Perjalanan Dinas Biasa,410125000,1,26-Jan,Provinsi Riau,SEKRETARIAT DAERAH,"Riau, Pekanbaru (Kota)",43425974
2565,Belanja Perjalanan Dinas Biasa,30715000,1,26-Jan,Provinsi Riau,"DINAS PERINDUSTRIAN, PERDAGANGAN, KOPERASI, USAHA KECIL DAN MENENGAH","Riau, Pekanbaru (Kota)",41813721
2566,Belanja Perjalanan Dinas Biasa,3926427000,1,26-Jan,Provinsi Riau,SEKRETARIAT DEWAN PERWAKILAN RAKYAT DAERAH,"Riau, Pekanbaru (Kota)",41815905
2567,Belanja Perjalanan Dinas Biasa,3969074000,1,26-Jan,Provinsi Riau,SEKRETARIAT DEWAN PERWAKILAN RAKYAT DAERAH,"Riau, Pekanbaru (Kota)",41815936
2568,Belanja Perjalanan Dinas Biasa,10340000,1,26-Jan,Provinsi Riau,"DINAS KOMUNIKASI, INFORMATIKA DAN STATISTIK","Riau, Pekanbaru (Kota)",41843522
2569,Belanja Perjalanan Dinas Biasa,11390000,1,26-Jan,Provinsi Riau,UPT. PELATIHAN DAN PENYULUHAN PERTANIAN,"Riau, Pekanbaru (Kota)",41874198
2570,Belanja Perjalanan Dinas Biasa,122378000,1,26-Jan,Provinsi Riau,UPT. PERLINDUNGAN TANAMAN PANGAN DAN HORTIKULTURA,"Riau, Pekanbaru (Kota)",41877621
2571,Belanja Perjalanan Dinas Biasa,250872000,1,26-Jan,Provinsi Riau,"DINAS KOMUNIKASI, INFORMATIKA DAN STATISTIK","Riau, Pekanbaru (Kota)",41953896
2572,Belanja Perjalanan Dinas Biasa Sub Kegiatan Pemberdayaan dan Pembinaan Masyarakat untuk Pengembangan Pariwisata (Pelatihan Kreatifitas Masyarakat di sekitar Objek Wisata),18848000,1,24-Apr,Provinsi Riau,DINAS PARIWISATA,"Sumatera Barat, Bukit Tinggi (Kota)",42288743
2573,Belanja Perjalanan Dinas Biasa,128690000,1,26-Jan,Provinsi Riau,UPT. PENGELOLAAN PERHUBUNGAN WILAYAH II,"Riau, Siak (Kab.)",42451682
2574,Belanja Perjalanan Dinas Biasa,244245000,1,26-Jan,Provinsi Riau,DINAS KESEHATAN,"Riau, Pekanbaru (Kota)",42509831
2575,Belanja Perjalanan Dinas Biasa,35385000,1,26-Jan,Provinsi Riau,DINAS KESEHATAN,"Riau, Pekanbaru (Kota)",42510017
2576,Belanja Perjalanan Dinas Biasa SEKSI PELAYANAN KESEHATAN PRIMER DAN KESTRAD,162290000,1,26-Jan,Provinsi Riau,DINAS KESEHATAN,"Riau, Pekanbaru (Kota)",42510246
2577,Belanja Perjalanan Dinas Biasa Advokasi RS swasta,5250000,1,26-Jul,Provinsi Riau,DINAS KESEHATAN,"Riau, Pekanbaru (Kota)",42511912
2578,Belanja Perjalanan Dinas Biasa Evaluasi Program Imunisasi dan PD3I,16725000,1,26-Jul,Provinsi Riau,DINAS KESEHATAN,"Riau, Pekanbaru (Kota)",42515073
2579,Belanja Perjalanan Dinas Biasa,1269194000,1,26-Apr,Provinsi Riau,DINAS KEPEMUDAAN DAN OLAHRAGA,"Riau, Pekanbaru (Kota)",42539583
2580,Belanja Perjalanan Dinas Biasa,90060000,1,26-Feb,Provinsi Riau,DINAS KESEHATAN,"Riau, Pekanbaru (Kota)",42544880
2581,Belanja Perjalanan Dinas Biasa,94360000,1,26-Feb,Provinsi Riau,BADAN KEPEGAWAIAN DAERAH,"Riau, Pekanbaru (Kota)",42573403
2582,Belanja Perjalanan Dinas Biasa,59880000,1,26-Feb,Provinsi Riau,DINAS KESEHATAN,"Riau, Pekanbaru (Kota)",42610682
2583,Belanja Perjalanan Dinas Biasa,35510000,1,26-Feb,Provinsi Riau,BADAN KEPEGAWAIAN DAERAH,"Riau, Pekanbaru (Kota)",42631598
2584,Belanja Perjalanan Dinas Biasa,4230000,1,26-Feb,Provinsi Riau,UPT. KESATUAN PENGELOLAAN HUTAN SULIGI BATU,"Riau, Kampar (Kab.)",42640608
2585,Belanja Perjalanan Dinas Biasa,2080000,1,26-Feb,Provinsi Riau,UPT. KESATUAN PENGELOLAAN HUTAN SULIGI BATU,"Riau, Kampar (Kab.)",42640985
2586,Belanja Perjalanan Dinas Biasa,89437000,1,26-Jan,Provinsi Riau,UPT. SCIENCE TECHNO PARK,"Riau, Kampar (Kab.)",42645564
2587,Belanja Perjalanan Dinas Biasa,419311000,1,26-Feb,Provinsi Riau,BADAN PERENCANAAN PEMBANGUNAN DAERAH,"Riau, Pekanbaru (Kota)",42841355
2588,Belanja Perjalanan Dinas Biasa,20864000,1,26-Jan,Provinsi Riau,"DINAS KOMUNIKASI, INFORMATIKA DAN STATISTIK","Riau, Pekanbaru (Kota)",42845634
2589,Belanja Perjalanan Dinas Biasa,61598000,1,26-Jan,Provinsi Riau,"DINAS KOMUNIKASI, INFORMATIKA DAN STATISTIK","Riau, Pekanbaru (Kota)",42845995
2590,Belanja Perjalanan Dinas Biasa,98515000,1,26-Jan,Provinsi Riau,"DINAS KOMUNIKASI, INFORMATIKA DAN STATISTIK","Riau, Pekanbaru (Kota)",42847546
2591,Belanja Perjalanan Dinas Biasa,12240000,1,26-Jan,Provinsi Riau,UPT. KESATUAN PENGELOLAAN HUTAN SOREK,"Riau, Pelalawan (Kab.)",42851011
2592,Belanja Perjalanan Dinas Biasa,349475000,1,26-Jan,Provinsi Riau,"DINAS KOMUNIKASI, INFORMATIKA DAN STATISTIK","Riau, Pekanbaru (Kota)",42910883
2593,Belanja Perjalanan Dinas Biasa,39295000,1,26-Jan,Provinsi Riau,DINAS TENAGA KERJA DAN TRANSMIGRASI,"Riau, Pekanbaru (Kota)",43009202
2594,Belanja Perjalanan Dinas Biasa,113535000,1,26-Jan,Provinsi Riau,DINAS KESEHATAN,"Riau, Pekanbaru (Kota)",43009849
2595,Belanja Perjalanan Dinas Biasa,17814000,1,26-Jan,Provinsi Riau,DINAS TENAGA KERJA DAN TRANSMIGRASI,"Riau, Pekanbaru (Kota)",43011593
2596,Belanja Perjalanan Dinas Biasa,44870000,1,26-Jan,Provinsi Riau,BADAN RISET DAN INOVASI DAERAH,"Riau, Pekanbaru (Kota)",43019507
2597,Belanja Perjalanan Dinas Biasa,407636000,1,26-Jan,Provinsi Riau,BADAN RISET DAN INOVASI DAERAH,"Riau, Pekanbaru (Kota)",43047158
2598,Belanja Perjalanan Dinas Biasa,5221000,1,26-Feb,Provinsi Riau,BADAN PENGHUBUNG,"Riau, Pekanbaru (Kota)",43428902
2599,Belanja Perjalanan Dinas Biasa,23820000,1,26-Jan,Provinsi Riau,UPT. KESATUAN PENGELOLAAN HUTAN BAGAN SIAPI-API,"Riau, Rokan Hilir (Kab.) | Riau, Pekanbaru (Kota) | Riau, Pekanbaru (Kota) | Riau, Dumai (Kota) | Riau, Bengkalis (Kab.) | Riau, Rokan Hulu (Kab.)",43348172
2600,Belanja Perjalanan Dinas Biasa,14685000,1,26-Jan,Provinsi Riau,UPT. PERBENIHAN TANAMAN HUTAN,"Riau, Pekanbaru (Kota)",42108768
2601,Belanja Perjalanan Dinas Biasa,7900000,1,26-Jan,Provinsi Riau,"DINAS PERINDUSTRIAN, PERDAGANGAN, KOPERASI, USAHA KECIL DAN MENENGAH","Riau, Pekanbaru (Kota)",41816896
2602,Belanja Perjalanan Dinas Biasa,106503000,1,26-Jan,Provinsi Riau,"DINAS KOMUNIKASI, INFORMATIKA DAN STATISTIK","Riau, Pekanbaru (Kota)",41868766
2603,Belanja Perjalanan Dinas Biasa,60874000,1,26-Jan,Provinsi Riau,"DINAS KOMUNIKASI, INFORMATIKA DAN STATISTIK","Riau, Pekanbaru (Kota)",41870303
2604,Belanja Perjalanan Dinas Biasa,33754000,1,26-Jan,Provinsi Riau,"DINAS KOMUNIKASI, INFORMATIKA DAN STATISTIK","Riau, Pekanbaru (Kota)",41872024
2605,Belanja Perjalanan Dinas Biasa,59670000,1,26-Jul,Provinsi Riau,DINAS PERKEBUNAN,"Riau, Pekanbaru (Kota)",41910918
2606,Belanja Perjalanan Dinas Biasa,124005000,1,26-Feb,Provinsi Riau,DINAS PERKEBUNAN,"Riau, Pekanbaru (Kota)",41911005
2607,Belanja Perjalanan Dinas Biasa,26896000,1,26-Jan,Provinsi Riau,"DINAS KOMUNIKASI, INFORMATIKA DAN STATISTIK","Riau, Pekanbaru (Kota)",41956642
2608,Belanja Perjalanan Dinas Biasa Verifikasi Rumor/Sinyal SKDR KLB,11630000,1,26-Jul,Provinsi Riau,DINAS KESEHATAN,"Riau, Pekanbaru (Kota)",42514465
2609,Belanja Perjalanan Dinas Biasa Monitoring dan evaluasi untuk Kabupaten/kota dalam pelayanan Kesehatan dan Gizi Keluarga,53210000,1,26-Feb,Provinsi Riau,DINAS KESEHATAN,"Riau, Pekanbaru (Kota)",42529389
2610,Belanja Perjalanan Dinas Biasa,46964000,1,26-Feb,Provinsi Riau,BADAN KEPEGAWAIAN DAERAH,"Riau, Pekanbaru (Kota)",42573470
2611,Belanja Perjalanan Dinas Biasa,1190640000,1,26-Jan,Provinsi Riau,UPT. INSTALASI FARMASI DAN LOGISTIK KESEHATAN,"Riau, Pekanbaru (Kota)",42575116
2612,Belanja Perjalanan Dinas Biasa,34678000,1,26-Feb,Provinsi Riau,BADAN PENANGGULANGAN BENCANA DAERAH DAN PEMADAM KEBAKARAN,"Riau, Pekanbaru (Kota)",42600600
2613,Belanja Perjalanan Dinas Biasa,120295000,1,26-Feb,Provinsi Riau,DINAS KESEHATAN,"Riau, Pekanbaru (Kota)",42610737
2614,Belanja Perjalanan Dinas Biasa,33270000,1,26-Jan,Provinsi Riau,DINAS LINGKUNGAN HIDUP DAN KEHUTANAN,"Riau, Pekanbaru (Kota)",42633587
2615,Belanja Perjalanan Dinas Biasa,112845000,1,26-Jan,Provinsi Riau,"DINAS KOMUNIKASI, INFORMATIKA DAN STATISTIK","Riau, Pekanbaru (Kota)",42843588
2616,Belanja Perjalanan Dinas Biasa,13640000,1,26-Jan,Provinsi Riau,UPT. KESATUAN PENGELOLAAN HUTAN SOREK,"Riau, Lainnya",42850443
2617,Belanja Perjalanan Dinas Biasa,127843000,1,26-Jan,Provinsi Riau,BADAN PERENCANAAN PEMBANGUNAN DAERAH,"Riau, Pekanbaru (Kota)",42857373
2618,Belanja Perjalanan Dinas Biasa,5200000,1,26-Feb,Provinsi Riau,UPT. KESATUAN PENGELOLAAN HUTAN INDRAGIRI,"Riau, Indragiri Hulu (Kab.)",42893568
2619,Belanja Perjalanan Dinas Biasa,28632000,1,26-Jul,Provinsi Riau,DINAS PARIWISATA,"Riau, Pekanbaru (Kota)",42263806
2620,Belanja Perjalanan Dinas Biasa Sub Kegiatan Pemberdayaan dan Pembinaan Masyarakat untuk Pengembangan Pariwisata (Pelatihan Desa Wisata),37696000,1,26-Apr,Provinsi Riau,DINAS PARIWISATA,"Sumatera Barat, Bukit Tinggi (Kota)",42284843
2621,"Belanja Perjalanan Dinas Biasa (Monitoring dan Evaluasi dalam Kota Pekanbaru, Kabupaten Indragiri Hulu, Indragiri Hilir, Rokan Hulu, dan Kabupaten Kampar",30735000,1,26-Aug,Provinsi Riau,DINAS PARIWISATA,"Sumatera Barat, Lainnya | Riau, Indragiri Hulu (Kab.) | Riau, Kampar (Kab.) | Riau, Rokan Hulu (Kab.) | Riau, Pekanbaru (Kota)",42295510
2622,Belanja Perjalanan Dinas Biasa,14685000,1,26-Jan,Provinsi Riau,UPT. PERBENIHAN TANAMAN HUTAN,"Riau, Pekanbaru (Kota)",42108768
2623,Belanja Perjalanan Dinas Biasa,17110000,1,26-Jan,Provinsi Riau,BADAN RISET DAN INOVASI DAERAH,"Riau, Pekanbaru (Kota)",43035401
2624,Belanja Perjalanan Dinas Biasa,47920000,1,26-Feb,Provinsi Riau,DINAS KESEHATAN,"Riau, Pekanbaru (Kota)",43078078
2625,Belanja Perjalanan Dinas Biasa,12656000,1,26-Jan,Provinsi Riau,DINAS TENAGA KERJA DAN TRANSMIGRASI,"Riau, Pekanbaru (Kota)",43011613
2626,Belanja Perjalanan Dinas Biasa Pertemuan Koordinasi/Advokasi/Sosialisasi dalam rangka pencegahan dan pengendalian penyakit(surveilans(P2),19575000,1,26-Feb,Provinsi Riau,DINAS KESEHATAN,"Riau, Pekanbaru (Kota)",43280100
2627,Belanja Perjalanan Dinas Biasa,11100000,1,25-Feb,Provinsi Riau,UPT. KESATUAN PENGELOLAAN HUTAN SINGINGI,"Riau, Kuantan Singingi (Kab.)",43300243
2628,Belanja Perjalanan Dinas Biasa,5420000,1,26-Sep,Provinsi Riau,UPT. INSEMINASI BUATAN TERNAK,"Riau, Pekanbaru (Kota)",43300468
2629,Belanja Perjalanan Dinas Biasa,23820000,1,26-Jan,Provinsi Riau,UPT. KESATUAN PENGELOLAAN HUTAN BAGAN SIAPI-API,"Riau, Rokan Hilir (Kab.) | Riau, Pekanbaru (Kota) | Riau, Pekanbaru (Kota) | Riau, Dumai (Kota) | Riau, Bengkalis (Kab.) | Riau, Rokan Hulu (Kab.)",43348172
2630,Belanja perjalanan dinas biasa,105015000,1,26-Feb,Provinsi Riau,UPT. PELATIHAN KEHUTANAN DAN PEMBERDAYAAN MASYARAKAT,"Riau, Pekanbaru (Kota)",43363091
2631,Belanja Perjalanan Dinas Biasa,1028296000,1,26-Jan,Provinsi Riau,SEKRETARIAT DAERAH,"Riau, Pekanbaru (Kota)",43424711
2632,Belanja Perjalanan Dinas Biasa,52415000,1,26-Jan,Provinsi Riau,SEKRETARIAT DAERAH,"Riau, Pekanbaru (Kota)",43425851
2633,Belanja Perjalanan Dinas Biasa,23088000,1,26-Feb,Provinsi Riau,BADAN PENGHUBUNG,"Riau, Pekanbaru (Kota)",43428742
2634,Belanja Perjalanan Dinas Biasa,43370000,1,26-Apr,Provinsi Riau,BADAN PENGHUBUNG,"Jawa Timur, Malang (Kota) | DI Yogyakarta, Yogyakarta (Kota) | DI Yogyakarta, Yogyakarta (Kota) | Jawa Barat, Bogor (Kota)",43429099
2635,Belanja Perjalanan Dinas Biasa,63060000,1,26-Jan,Provinsi Riau,DINAS PETERNAKAN DAN KESEHATAN HEWAN,"Riau, Pekanbaru (Kota)",42475855
2636,Belanja Perjalanan Dinas Biasa (Monitoring dan Evaluasi Tata Kelala Rumah Sakit),21260000,1,26-Jan,Provinsi Riau,DINAS KESEHATAN,"Riau, Pekanbaru (Kota)",42489705
2637,Belanja Perjalanan Dinas Biasa Audiensi dan Evaluasi pengendalian dan penanggulangan penyakit menular di kab/kota,42245000,1,26-Jul,Provinsi Riau,DINAS KESEHATAN,"Riau, Pekanbaru (Kota)",42490385
2638,Belanja Perjalanan Dinas Biasa,12290000,1,26-Jan,Provinsi Riau,DINAS KESEHATAN,"Riau, Pekanbaru (Kota)",42509909
2639,Belanja Perjalanan Dinas Biasa SEKSI PELAYANAN KESEHATAN PRIMER DAN KESTRAD,29140000,1,26-Jan,Provinsi Riau,DINAS KESEHATAN,"Riau, Pekanbaru (Kota)",42510758
2640,Belanja Perjalanan Dinas Biasa sosialisasi pelaksanaan imunisasi heksavalent di RS swasta,7000000,1,26-Jul,Provinsi Riau,DINAS KESEHATAN,"Riau, Pekanbaru (Kota)",42515263
2641,Belanja Perjalanan Dinas Biasa,33435000,1,26-Feb,Provinsi Riau,BADAN KEPEGAWAIAN DAERAH,"Riau, Pekanbaru (Kota)",42573701
2642,Belanja Perjalanan Dinas Biasa,54550000,1,26-Apr,Provinsi Riau,DINAS LINGKUNGAN HIDUP DAN KEHUTANAN,"Riau, Pekanbaru (Kota)",42636396
2643,Belanja Perjalanan Dinas Biasa,47895000,1,26-Apr,Provinsi Riau,DINAS LINGKUNGAN HIDUP DAN KEHUTANAN,"Riau, Pekanbaru (Kota)",42636609
2644,Belanja Perjalanan Dinas Biasa,53865000,1,26-Jan,Provinsi Riau,UPT. SCIENCE TECHNO PARK,"Riau, Kampar (Kab.)",42649073
2645,Belanja Perjalanan Dinas Biasa,25875000,1,26-Jul,Provinsi Riau,DINAS PETERNAKAN DAN KESEHATAN HEWAN,"Riau, Pekanbaru (Kota)",42664988
2646,Belanja Perjalanan Dinas Biasa,68555000,1,26-Jan,Provinsi Riau,"DINAS PERINDUSTRIAN, PERDAGANGAN, KOPERASI, USAHA KECIL DAN MENENGAH","Riau, Pekanbaru (Kota)",41803686
2647,Belanja Perjalanan Dinas Biasa,1799217000,1,26-Jan,Provinsi Riau,SEKRETARIAT DEWAN PERWAKILAN RAKYAT DAERAH,"Riau, Pekanbaru (Kota)",41815332
2648,Belanja Perjalanan Dinas Biasa,62349000,1,26-Jan,Provinsi Riau,"DINAS KOMUNIKASI, INFORMATIKA DAN STATISTIK","Riau, Pekanbaru (Kota)",41842790
2649,Belanja Perjalanan Dinas Biasa,10584000,1,26-Jan,Provinsi Riau,"DINAS KOMUNIKASI, INFORMATIKA DAN STATISTIK","Riau, Pekanbaru (Kota)",41845436
2650,Belanja Perjalanan Dinas Biasa,27920000,1,26-Feb,Provinsi Riau,DINAS PERKEBUNAN,"Riau, Pekanbaru (Kota)",41911040
2651,Belanja Perjalanan Dinas Biasa,89740000,1,26-Jan,Provinsi Riau,DINAS PERKEBUNAN,"Riau, Indragiri Hilir (Kab.) | Riau, Siak (Kab.) | Riau, Rokan Hilir (Kab.) | Riau, Kuantan Singingi (Kab.) | Riau, Kampar (Kab.) | Riau, Pekanbaru (Kota)",41911129
2652,Belanja Perjalanan Dinas Biasa,206380000,1,26-Feb,Provinsi Riau,"DINAS PANGAN, TANAMAN PANGAN DAN HORTIKULTURA","Riau, Bengkalis (Kab.) | Riau, Indragiri Hilir (Kab.) | Riau, Indragiri Hulu (Kab.) | Riau, Kampar (Kab.) | Riau, Meranti (Kab.) | Riau, Kuantan Singingi (Kab.) | Riau, Pelalawan (Kab.) | Riau, Rokan Hilir (Kab.) | Riau, Rokan Hulu (Kab.) | Riau, Siak (Kab.) | Riau, Pekanbaru (Kota) | Riau, Dumai (Kota)",41911310
2653,Belanja Perjalanan Dinas Biasa,16250000,1,26-Jan,Provinsi Riau,"DINAS PANGAN, TANAMAN PANGAN DAN HORTIKULTURA","Riau, Pekanbaru (Kota)",41923839
2654,Belanja Perjalanan Dinas Biasa,120667000,1,26-Jan,Provinsi Riau,"DINAS KOMUNIKASI, INFORMATIKA DAN STATISTIK","Riau, Pekanbaru (Kota)",41953693
2655,Belanja Perjalanan Dinas Biasa,24298000,1,26-Jan,Provinsi Riau,"DINAS KOMUNIKASI, INFORMATIKA DAN STATISTIK","Riau, Pekanbaru (Kota)",41957521
2656,Belanja Perjalanan Dinas Biasa,20513000,1,26-Jan,Provinsi Riau,"DINAS KOMUNIKASI, INFORMATIKA DAN STATISTIK","Riau, Pekanbaru (Kota)",42846037
2657,Belanja Perjalanan Dinas Biasa,77064000,1,26-Jan,Provinsi Riau,"DINAS KOMUNIKASI, INFORMATIKA DAN STATISTIK","Riau, Pekanbaru (Kota)",42847029
2658,Belanja Perjalanan Dinas Biasa,80025000,1,26-Jan,Provinsi Riau,"DINAS KOMUNIKASI, INFORMATIKA DAN STATISTIK","Riau, Pekanbaru (Kota)",42864658
2659,Belanja Perjalanan Dinas Biasa,64455000,1,26-Feb,Provinsi Riau,UPT. PERBENIHAN TANAMAN HUTAN,"Riau, Pekanbaru (Kota)",42112145
2660,Belanja Perjalanan Dinas Biasa,6255000,1,26-Jan,Provinsi Riau,UPT. KESATUAN PENGELOLAAN HUTAN TASIK BESAR,"Riau, Pekanbaru (Kota)",42115609
2661,Belanja Perjalanan Dinas Biasa,23040000,1,26-Jan,Provinsi Riau,"DINAS PERINDUSTRIAN, PERDAGANGAN, KOPERASI, USAHA KECIL DAN MENENGAH","Riau, Pekanbaru (Kota)",42059599
2662,5.1.02.04.001.00001 Belanja Perjalanan Dinas Biasa,68270000,1,26-Jan,Provinsi Riau,BADAN KESATUAN BANGSA DAN POLITIK,"Riau, Pekanbaru (Kota)",41418586
2663,Belanja Perjalanan Dinas Biasa,62370000,1,26-Jan,Provinsi Riau,BADAN KESATUAN BANGSA DAN POLITIK,"Riau, Pekanbaru (Kota)",41418834
2664,Belanja Perjalanan Dinas Biasa,78480000,1,26-Jan,Provinsi Riau,BADAN KESATUAN BANGSA DAN POLITIK,"Riau, Pekanbaru (Kota)",41419002
2665,Belanja Perjalanan Dinas Biasa,71965000,1,26-Jan,Provinsi Riau,BADAN RISET DAN INOVASI DAERAH,"Riau, Pekanbaru (Kota)",43014275
2666,Belanja Perjalanan Dinas Biasa,23080000,1,26-Jan,Provinsi Riau,DINAS TENAGA KERJA DAN TRANSMIGRASI,"Riau, Pekanbaru (Kota)",43011610
2667,Belanja Perjalanan Dinas Biasa,20280000,1,26-Aug,Provinsi Riau,DINAS KEBUDAYAAN,"Riau, Pekanbaru (Kota)",43294499
2668,Belanja Perjalanan Dinas Biasa,6660000,1,25-Feb,Provinsi Riau,UPT. KESATUAN PENGELOLAAN HUTAN SINGINGI,"Riau, Kuantan Singingi (Kab.)",43300308
2669,Belanja Perjalanan Dinas Biasa,465886000,1,26-Jan,Provinsi Papua Tengah,"DINAS LINGKUNGAN HIDUP, KEHUTANAN DAN PERTANAHAN","Papua Tengah, Nabire (Kab.)",43067289
2670,Belanja Perjalanan Dinas Biasa,12750000,1,26-Jan,Provinsi Papua Tengah,"DINAS LINGKUNGAN HIDUP, KEHUTANAN DAN PERTANAHAN","Papua Tengah, Nabire (Kab.)",43079923
2671,Belanja Perjalanan Dinas Biasa,661620000,1,26-Apr,Provinsi Papua Tengah,DINAS SOSIAL,"Papua Tengah, Nabire (Kab.)",43205559
2672,Belanja Perjalanan Dinas Biasa,314288000,1,26-Apr,Provinsi Papua Tengah,DINAS PERHUBUNGAN,"Papua Tengah, Nabire (Kab.)",42966137
2673,Belanja Perjalanan Dinas Biasa,1056014000,1,26-Mar,Provinsi Papua Tengah,DINAS PERHUBUNGAN,"Papua Tengah, Nabire (Kab.)",42990550
2674,Belanja Perjalanan Dinas Biasa,148363000,1,26-Apr,Provinsi Papua Tengah,DINAS PERHUBUNGAN,"Papua Tengah, Nabire (Kab.)",42966148
2675,Belanja Perjalanan Dinas Biasa,277133000,1,26-Apr,Provinsi Papua Tengah,DINAS SOSIAL,"Papua Tengah, Nabire (Kab.)",43205509
2676,Belanja Perjalanan Dinas Biasa,167937000,1,26-Mar,Provinsi Papua Tengah,DINAS PERHUBUNGAN,"Papua Tengah, Nabire (Kab.)",42993243
2677,Belanja Perjalanan Dinas Biasa,429960000,1,26-Mar,Provinsi Papua Tengah,DINAS PERHUBUNGAN,"Papua Tengah, Nabire (Kab.)",42990575
2678,Belanja Perjalanan Dinas Biasa,1152668000,1,26-Apr,Provinsi Papua Tengah,DINAS SOSIAL,"Papua Tengah, Nabire (Kab.)",43205659
2679,Belanja Perjalanan Dinas Biasa,146690000,1,26-Mar,Provinsi Papua Tengah,DINAS PERHUBUNGAN,"Papua Tengah, Nabire (Kab.)",42966154
2680,Belanja Perjalanan Dinas Biasa,596845000,1,26-Mar,Provinsi Papua Tengah,DINAS PERHUBUNGAN,"Papua Tengah, Nabire (Kab.)",42966158
2681,Belanja Perjalanan Dinas Biasa,1471392000,1,26-Feb,Provinsi Papua Tengah,INSPEKTORAT,"Papua Tengah, Nabire (Kab.)",42981232
2682,Belanja Perjalanan Dinas Biasa,132319000,1,26-Feb,Provinsi Papua Selatan,"Dinas Koperasi, Usaha Kecil dan Menengah, Perindustrian dan Perdagangan","DKI Jakarta, Jakarta Pusat (Kota)",42766065
2683,Belanja Perjalanan Dinas Biasa,287264000,1,26-Feb,Provinsi Papua Selatan,"Dinas Koperasi, Usaha Kecil dan Menengah, Perindustrian dan Perdagangan","Jawa Barat, Bandung (Kota)",42767289
2684,Belanja Perjalanan Dinas Biasa,62195000,1,26-Mar,Provinsi Papua Selatan,Badan Kepegawaian dan Pengembangan Sumber Daya Manusia,"Papua Selatan, Merauke (Kab.)",42771478
2685,Belanja Perjalanan Dinas Biasa,106166000,1,26-Jan,Provinsi Papua Selatan,"Badan Perencanaan Pembangunan, Riset dan Inovasi Daerah","Papua Selatan, Merauke (Kab.)",42808499
2686,Belanja Perjalanan Dinas Biasa,314977000,1,26-Jan,Provinsi Papua Selatan,"Badan Perencanaan Pembangunan, Riset dan Inovasi Daerah","Papua Selatan, Merauke (Kab.)",42808519
2687,Belanja Perjalanan Dinas Biasa,128592000,1,26-Jan,Provinsi Papua Selatan,"Dinas Kepemudaan, Olahraga, Pariwisata dan Ekonomi Kreatif","Papua Selatan, Merauke (Kab.)",42870450
2688,Belanja Perjalanan Dinas Biasa,81784000,1,26-Jan,Provinsi Papua Selatan,"Badan Pengelolaan Pendapatan, Keuangan dan Aset Daerah","Papua Selatan, Merauke (Kab.)",42876345
2689,Belanja Perjalanan Dinas Biasa,27421000,1,26-Jan,Provinsi Papua Selatan,BIRO PEREKONOMIAN DAN ADMINISTRASI PEMBANGUNAN,"Papua, Jayapura (Kota)",42894124
2690,Belanja Perjalanan Dinas Biasa,177242000,1,26-Jan,Provinsi Papua Selatan,BIRO PEREKONOMIAN DAN ADMINISTRASI PEMBANGUNAN,"DKI Jakarta, Jakarta Pusat (Kota)",42894135
2691,Belanja Perjalanan Dinas Biasa,401626000,1,26-Jan,Provinsi Papua Selatan,Badan Kesatuan Bangsa dan Politik,"Papua Selatan, Merauke (Kab.)",43068604
2692,Belanja Perjalanan Dinas Biasa,14140000,1,26-Mar,Provinsi Papua Selatan,"Dinas Lingkungan Hidup, Kehutanan dan Pertanahan","Papua Selatan, Merauke (Kab.)",43002239
2693,Belanja Perjalanan Dinas Biasa,267400000,1,26-Mar,Provinsi Papua Selatan,"Dinas Lingkungan Hidup, Kehutanan dan Pertanahan","Papua Selatan, Merauke (Kab.)",43003378
2694,Belanja Perjalanan Dinas Biasa,26100000,1,26-Feb,Provinsi Papua Selatan,Dinas Pendidikan dan Kebudayaan,"Papua Selatan, Merauke (Kab.)",42732394
2695,Belanja Perjalanan Dinas Biasa,1222448000,1,26-Feb,Provinsi Papua Selatan,Dinas Pendidikan dan Kebudayaan,"Papua Selatan, Merauke (Kab.)",42732479
2696,Belanja Perjalanan Dinas Biasa,257656000,1,26-Feb,Provinsi Papua Selatan,"Dinas Kebakaran Dan Penyelamatan, Penanggulangan Bencana Dan Satuan Polisi Pamong Praja","Papua Selatan, Merauke (Kab.)",42392974
2697,Belanja Perjalanan Dinas Biasa,3250520000,1,26-Mar,Provinsi Papua Selatan,Sekretariat Dewan Perwakilan Rakyat Papua Selatan,"Papua Selatan, Merauke (Kab.)",42537461
2698,Belanja Perjalanan Dinas Biasa,118246000,1,26-Jan,Provinsi Papua Selatan,"Dinas Sosial, Pemberdayaan Perempuan Dan Perlindungan Anak","Papua Selatan, Merauke (Kab.)",42557998
2699,Belanja Perjalanan Dinas Biasa,6440000,1,26-Feb,Provinsi Papua Selatan,Dinas Pekerjaan Umum dan Perumahan Rakyat,"Papua Selatan, Merauke (Kab.)",43338372
2700,Belanja Perjalanan Dinas Biasa,187838000,1,26-Mar,Provinsi Papua Selatan,Sekretariat Dewan Perwakilan Rakyat Papua Selatan,"Papua Selatan, Merauke (Kab.)",42538713
Data yang terdapat pada berkas ini dipopulasi secara otomatis oleh SiRUP pada tanggal: 5-5-2026 1:27:15. Untuk melihat paket yang telah terumumkan dan lebih terbaru silakan kunjungi sirup.inaproc.id,,,,,,,,
No,Paket,Pagu (Rp),Tipe Swakelola,Pemilihan,K/L/PD,Satuan Kerja,Lokasi,ID
2701,Belanja Perjalanan Dinas Biasa,338809000,1,26-Jan,Provinsi Papua Selatan,Sekretariat Majelis Rakyat Papua Selatan,"Papua Selatan, Merauke (Kab.)",42762396
2702,Belanja Perjalanan Dinas Biasa,155991000,1,26-Jan,Provinsi Papua Selatan,"Badan Perencanaan Pembangunan, Riset dan Inovasi Daerah","Papua Selatan, Merauke (Kab.)",42808389
2703,Belanja Perjalanan Dinas Biasa,59820000,1,26-Jan,Provinsi Papua Selatan,"Badan Pengelolaan Pendapatan, Keuangan dan Aset Daerah","Papua Selatan, Merauke (Kab.)",42880476
2704,Belanja Perjalanan Dinas Biasa,62982000,1,26-Jan,Provinsi Papua Selatan,"Badan Pengelolaan Pendapatan, Keuangan dan Aset Daerah","Papua Selatan, Merauke (Kab.)",42880807
2705,Belanja Perjalanan Dinas Biasa,8420000,1,26-Jan,Provinsi Papua Selatan,"Dinas Tenaga Kerja, Transmigrasi, Energi dan Sumber Daya Mineral","Papua Selatan, Merauke (Kab.)",42890990
2706,Belanja Perjalanan Dinas Biasa,277120000,1,26-Jan,Provinsi Papua Selatan,"Badan Pengelolaan Pendapatan, Keuangan dan Aset Daerah","Papua Selatan, Merauke (Kab.)",42949014
2707,Belanja Perjalanan Dinas Biasa,32718000,1,26-Jan,Provinsi Papua Selatan,"Badan Pengelolaan Pendapatan, Keuangan dan Aset Daerah","Papua Selatan, Merauke (Kab.)",42951723
2708,Belanja Perjalanan Dinas Biasa,166698000,1,26-Jan,Provinsi Papua Selatan,BIRO PENGADAAN BARANG DAN JASA,"Papua Selatan, Merauke (Kab.)",42359268
2709,Belanja Perjalanan Dinas Biasa,74600000,1,26-Feb,Provinsi Papua Selatan,Dinas Pendidikan dan Kebudayaan,"Papua Selatan, Merauke (Kab.)",42732432
2710,Belanja Perjalanan Dinas Biasa,2572854000,1,26-Feb,Provinsi Papua Selatan,Dinas Pendidikan dan Kebudayaan,"Papua Selatan, Merauke (Kab.)",42736685
2711,Belanja Perjalanan Dinas Biasa,45492000,1,26-Mar,Provinsi Papua Selatan,"Dinas Lingkungan Hidup, Kehutanan dan Pertanahan","Papua Barat, Manokwari (Kab.)",43124902
2712,Belanja Perjalanan Dinas Biasa,1069641000,1,26-Feb,Provinsi Papua Selatan,Dinas Pendidikan dan Kebudayaan,"Papua Selatan, Merauke (Kab.)",42718391
2713,Belanja Perjalanan Dinas Biasa,151150000,1,26-Feb,Provinsi Papua Selatan,"Dinas Administrasi Kependudukan dan Pencatatan Sipil, Pemberdayaan Masyarakat dan Kampung","Papua Selatan, Merauke (Kab.)",42697529
2714,Belanja Perjalanan Dinas Biasa,1119534000,1,26-Mar,Provinsi Papua Selatan,"Dinas Lingkungan Hidup, Kehutanan dan Pertanahan","Papua Selatan, Mappi (Kab.)",43003078
2715,Belanja Perjalanan Dinas Biasa,65550000,1,26-Jan,Provinsi Papua Selatan,Dinas Pekerjaan Umum dan Perumahan Rakyat,"Papua Selatan, Merauke (Kab.)",43366904
2716,Belanja Perjalanan Dinas Biasa,462426000,1,26-Feb,Provinsi Papua Selatan,Dinas Pekerjaan Umum dan Perumahan Rakyat,"Papua Selatan, Merauke (Kab.)",43402405
2717,Belanja Perjalanan Dinas Biasa Pelatihan SPSE,77805000,1,26-Jan,Provinsi Papua Selatan,BIRO PENGADAAN BARANG DAN JASA,"Papua Selatan, Merauke (Kab.)",42369170
2718,Belanja Perjalanan Dinas Biasa,1622664916,1,26-Apr,Provinsi Papua Selatan,Sekretariat Dewan Perwakilan Rakyat Papua Selatan,"Papua Selatan, Merauke (Kab.)",42537349
2719,Belanja Perjalanan Dinas Biasa,3680000,1,26-Jan,Provinsi Papua Selatan,"Dinas Sosial, Pemberdayaan Perempuan Dan Perlindungan Anak","Papua Selatan, Merauke (Kab.)",42558261
2720,Belanja Perjalanan Dinas Biasa,9660000,1,26-Jan,Provinsi Papua Selatan,"Dinas Sosial, Pemberdayaan Perempuan Dan Perlindungan Anak","Papua Selatan, Merauke (Kab.)",42558442
2721,Belanja Perjalanan Dinas Biasa,4440000,1,26-Feb,Provinsi Papua Selatan,"Dinas Koperasi, Usaha Kecil dan Menengah, Perindustrian dan Perdagangan","Papua Selatan, Merauke (Kab.)",42764762
2722,Belanja Perjalanan Dinas Biasa,86578000,1,26-Mar,Provinsi Papua Selatan,Badan Kepegawaian dan Pengembangan Sumber Daya Manusia,"Papua Selatan, Merauke (Kab.)",42767274
2723,Belanja Perjalanan Dinas Biasa,175020000,1,26-Jan,Provinsi Papua Selatan,"Badan Perencanaan Pembangunan, Riset dan Inovasi Daerah","Papua Selatan, Merauke (Kab.)",42808461
2724,Belanja Perjalanan Dinas Biasa,209705000,1,26-Jan,Provinsi Papua Selatan,"Badan Perencanaan Pembangunan, Riset dan Inovasi Daerah","Papua Selatan, Merauke (Kab.)",42808504
2725,Belanja Perjalanan Dinas Biasa,284145000,1,26-Jan,Provinsi Papua Selatan,"Badan Perencanaan Pembangunan, Riset dan Inovasi Daerah","Papua Selatan, Merauke (Kab.)",42808508
2726,Belanja Perjalanan Dinas Biasa,39072000,1,26-Jan,Provinsi Papua Selatan,BIRO PEREKONOMIAN DAN ADMINISTRASI PEMBANGUNAN,"DKI Jakarta, Jakarta Pusat (Kota)",42894097
2727,Belanja Perjalanan Dinas Biasa,72920000,1,26-Jan,Provinsi Papua Selatan,BIRO PEREKONOMIAN DAN ADMINISTRASI PEMBANGUNAN,"Papua Selatan, Boven Digoel (Kab.)",42894108
2728,Belanja Perjalanan Dinas Biasa,96270000,1,26-Jan,Provinsi Papua Selatan,BIRO PEREKONOMIAN DAN ADMINISTRASI PEMBANGUNAN,"Papua Selatan, Boven Digoel (Kab.)",42894136
2729,Belanja Perjalanan Dinas Biasa,11600000,1,26-Mar,Provinsi Papua Selatan,"BIRO PEMERINTAHAN, OTONOMI KHUSUS, DAN KESEJAHTERAAN RAKYAT","Papua Selatan, Merauke (Kab.)",42352584
2730,Belanja Perjalanan Dinas Biasa,7441271000,1,26-Jan,Provinsi Papua Selatan,BIRO UMUM,"Papua Selatan, Merauke (Kab.)",42692878
2731,Belanja Perjalanan Dinas Biasa - Perjalanan dinas pelatihan dan pengembangan,20880000,1,26-Jan,Provinsi Papua Selatan,"Dinas Pangan, Pertanian, Kelautan dan Perikanan","Papua Selatan, Merauke (Kab.)",42998781
2732,Belanja Perjalanan Dinas Biasa,110060000,1,26-Mar,Provinsi Papua Selatan,"Dinas Lingkungan Hidup, Kehutanan dan Pertanahan","Papua Selatan, Merauke (Kab.) | Papua Selatan, Mappi (Kab.) | Papua Selatan, Boven Digoel (Kab.) | Papua Selatan, Asmat (Kab.)",43002215
2733,Belanja Perjalanan Dinas Biasa,62700000,1,26-Mar,Provinsi Papua Selatan,"Dinas Lingkungan Hidup, Kehutanan dan Pertanahan","Papua Selatan, Merauke (Kab.)",43002519
2734,Belanja Perjalanan Dinas Biasa,148240000,1,26-Mar,Provinsi Papua Selatan,"Dinas Lingkungan Hidup, Kehutanan dan Pertanahan","DKI Jakarta, Jakarta Selatan (Kota) | Papua Selatan, Boven Digoel (Kab.) | Papua Selatan, Asmat (Kab.)",43003590
2735,Belanja Perjalanan Dinas Biasa,236380000,1,26-Jan,Provinsi Papua Selatan,"Dinas Komunikasi dan Informatika, Statistik, dan Persandian","Papua Selatan, Merauke (Kab.)",43065471
2736,Belanja Perjalanan Dinas Biasa,388952000,1,26-Feb,Provinsi Papua Selatan,Dinas Pendidikan dan Kebudayaan,"Papua Selatan, Merauke (Kab.)",42736746
2737,Belanja Perjalanan Dinas Biasa,218268000,1,26-Jan,Provinsi Papua Selatan,Badan Kesatuan Bangsa dan Politik,"Papua Selatan, Merauke (Kab.)",43068701
2738,Belanja Perjalanan Dinas Biasa,7360000,1,26-Feb,Provinsi Papua Selatan,Dinas Pekerjaan Umum dan Perumahan Rakyat,"Papua Selatan, Merauke (Kab.)",43338401
2739,Belanja Perjalanan Dinas Biasa,434204000,1,26-Mar,Provinsi Papua Selatan,"Dinas Lingkungan Hidup, Kehutanan dan Pertanahan","Papua Selatan, Merauke (Kab.)",43003230
2740,Belanja Perjalanan Dinas Biasa - Koordinasi dan Konsultasi Bidang PKH,35738000,1,26-Jan,Provinsi Papua Selatan,"Dinas Pangan, Pertanian, Kelautan dan Perikanan","Papua Selatan, Merauke (Kab.)",43003388
2741,Belanja Perjalanan Dinas Biasa,314214000,1,26-Aug,Provinsi Papua Selatan,Badan Kepegawaian dan Pengembangan Sumber Daya Manusia,"Papua Selatan, Merauke (Kab.)",42761477
2742,Belanja Perjalanan Dinas Biasa,338309000,1,26-Jan,Provinsi Papua Selatan,Sekretariat Majelis Rakyat Papua Selatan,"Papua Selatan, Merauke (Kab.)",42762388
2743,Belanja Perjalanan Dinas Biasa,265900000,1,26-Jan,Provinsi Papua Selatan,"Dinas Kepemudaan, Olahraga, Pariwisata dan Ekonomi Kreatif","Papua Selatan, Merauke (Kab.)",42815789
2744,Belanja Perjalanan Dinas Biasa,74440000,1,26-Jan,Provinsi Papua Selatan,"Dinas Kepemudaan, Olahraga, Pariwisata dan Ekonomi Kreatif","Papua Selatan, Merauke (Kab.)",42870477
2745,Belanja Perjalanan Dinas Biasa,45830000,1,26-Jan,Provinsi Papua Selatan,"Dinas Komunikasi dan Informatika, Statistik, dan Persandian","Papua Selatan, Merauke (Kab.)",42728807
2746,Belanja Perjalanan Dinas Biasa,1534120996,1,26-Feb,Provinsi Papua Selatan,Dinas Pendidikan dan Kebudayaan,"Papua Selatan, Merauke (Kab.)",42736104
2747,Belanja Perjalanan Dinas Biasa,1882700000,1,26-Feb,Provinsi Papua Selatan,Dinas Pendidikan dan Kebudayaan,"Papua Selatan, Merauke (Kab.)",42737043
2748,Belanja Perjalanan Dinas Biasa,297762996,1,26-Apr,Provinsi Papua Selatan,Sekretariat Dewan Perwakilan Rakyat Papua Selatan,"Papua Selatan, Merauke (Kab.)",42535917
2749,Belanja Perjalanan Dinas Biasa,542852000,1,26-Apr,Provinsi Papua Selatan,Sekretariat Dewan Perwakilan Rakyat Papua Selatan,"Papua Selatan, Merauke (Kab.)",42537566
2750,Belanja Perjalanan Dinas Biasa,64160000,1,26-Jan,Provinsi Papua Selatan,"Dinas Sosial, Pemberdayaan Perempuan Dan Perlindungan Anak","Papua Selatan, Merauke (Kab.)",42557235
2751,Belanja Perjalanan Dinas Biasa,62100000,1,26-Jan,Provinsi Papua Selatan,Dinas Pekerjaan Umum dan Perumahan Rakyat,"Papua Selatan, Merauke (Kab.)",43366903
2752,Belanja Perjalanan Dinas Biasa,45830000,1,26-Feb,Provinsi Papua Selatan,"Dinas Kebakaran Dan Penyelamatan, Penanggulangan Bencana Dan Satuan Polisi Pamong Praja","Papua Selatan, Merauke (Kab.)",42393158
2753,Belanja Perjalanan Dinas Biasa,1150000,1,26-Jan,Provinsi Papua Selatan,"Dinas Sosial, Pemberdayaan Perempuan Dan Perlindungan Anak","Papua Selatan, Merauke (Kab.)",42557218
2754,Belanja Perjalanan Dinas Biasa,39150000,1,26-Jan,Provinsi Papua Selatan,"Dinas Sosial, Pemberdayaan Perempuan Dan Perlindungan Anak","Papua Selatan, Merauke (Kab.)",42560359
2755,Belanja Perjalanan Dinas Biasa,929527000,1,26-Jan,Provinsi Papua Selatan,Sekretariat Majelis Rakyat Papua Selatan,"Papua Selatan, Merauke (Kab.)",42762346
2756,Belanja Perjalanan Dinas Biasa,282115200,1,26-Feb,Provinsi Papua Selatan,"Dinas Koperasi, Usaha Kecil dan Menengah, Perindustrian dan Perdagangan","DKI Jakarta, Jakarta Pusat (Kota)",42765049
2757,Belanja Perjalanan Dinas Biasa,1003946000,1,26-Jan,Provinsi Papua Selatan,"Badan Perencanaan Pembangunan, Riset dan Inovasi Daerah","Papua Selatan, Merauke (Kab.)",42808487
2758,Belanja Perjalanan Dinas Biasa,6500000,1,26-Jan,Provinsi Papua Selatan,"Dinas Kepemudaan, Olahraga, Pariwisata dan Ekonomi Kreatif","Papua Selatan, Merauke (Kab.)",42815819
2759,Belanja Perjalanan Dinas Biasa - Perjalanan ke Asmat Pendampingan Distribusi Pangan ( Beras ) ke Daerah Rawan Pangan (Sharing OTSUS),33017000,1,26-Jan,Provinsi Papua Selatan,"Dinas Pangan, Pertanian, Kelautan dan Perikanan","Papua Selatan, Merauke (Kab.)",42879072
2760,Belanja Perjalanan Dinas Biasa - Perjalanan ke Mappi Pendampingan Distribusi Pangan ( Beras ) ke Daerah Rawan Pangan (Sharing OTSUS),28900000,1,26-Jan,Provinsi Papua Selatan,"Dinas Pangan, Pertanian, Kelautan dan Perikanan","Papua Selatan, Merauke (Kab.)",42879147
2761,Belanja Perjalanan Dinas Biasa,34167000,1,26-Jan,Provinsi Papua Selatan,"Dinas Tenaga Kerja, Transmigrasi, Energi dan Sumber Daya Mineral","Papua Selatan, Merauke (Kab.)",42891737
2762,Belanja Perjalanan Dinas Biasa,34714000,1,26-Jan,Provinsi Papua Selatan,BIRO PEREKONOMIAN DAN ADMINISTRASI PEMBANGUNAN,"DKI Jakarta, Jakarta Pusat (Kota)",42894102
2763,Belanja Perjalanan Dinas Biasa,247165000,1,26-Feb,Provinsi Papua Selatan,"Dinas Lingkungan Hidup, Kehutanan dan Pertanahan","Papua Selatan, Merauke (Kab.)",42945429
2764,Belanja Perjalanan Dinas Biasa,36762000,1,26-Feb,Provinsi Papua Selatan,"Dinas Lingkungan Hidup, Kehutanan dan Pertanahan","Papua Selatan, Merauke (Kab.)",42945459
2765,Belanja Perjalanan Dinas Biasa,138248000,1,26-Feb,Provinsi Papua Selatan,"Dinas Administrasi Kependudukan dan Pencatatan Sipil, Pemberdayaan Masyarakat dan Kampung","Papua Selatan, Merauke (Kab.)",42692336
2766,Belanja Perjalanan Dinas Biasa,816409992,1,26-Mar,Provinsi Papua Selatan,"Dinas Lingkungan Hidup, Kehutanan dan Pertanahan","Papua Selatan, Merauke (Kab.) | Papua Selatan, Mappi (Kab.) | Papua Selatan, Boven Digoel (Kab.) | DKI Jakarta, Jakarta Pusat (Kota)",43123963
2767,Belanja Perjalanan Dinas Biasa,144952000,1,26-Mar,Provinsi Papua Selatan,"Dinas Lingkungan Hidup, Kehutanan dan Pertanahan","DKI Jakarta, Jakarta Pusat (Kota)",43092960
2768,Belanja Perjalanan Dinas Biasa,40400000,1,26-Jan,Provinsi Papua Selatan,"Dinas Tenaga Kerja, Transmigrasi, Energi dan Sumber Daya Mineral","Papua Selatan, Merauke (Kab.)",43032897
2769,Belanja Perjalanan Dinas Biasa,239516000,1,26-Feb,Provinsi Papua Selatan,Dinas Pendidikan dan Kebudayaan,"Papua Selatan, Merauke (Kab.)",42715651
2770,Belanja Perjalanan Dinas Biasa Luar Negeri,339402600,1,26-Feb,Provinsi Papua Selatan,Dinas Pendidikan dan Kebudayaan,"Papua Selatan, Merauke (Kab.)",42718398
2771,Belanja Perjalanan Dinas Biasa,55200000,1,26-Feb,Provinsi Papua Selatan,Dinas Pekerjaan Umum dan Perumahan Rakyat,"Papua Selatan, Merauke (Kab.)",43338417
2772,Belanja Perjalanan Dinas Biasa,164224000,1,26-Mar,Provinsi Papua Selatan,"Dinas Lingkungan Hidup, Kehutanan dan Pertanahan","Papua, Jayapura (Kota) | DKI Jakarta, Jakarta Pusat (Kota)",43001102
2773,Belanja Perjalanan Dinas Biasa,5610000,1,26-Apr,Provinsi Papua Selatan,Badan Kepegawaian dan Pengembangan Sumber Daya Manusia,"Papua Selatan, Merauke (Kab.)",42763885
2774,Belanja Perjalanan Dinas Biasa,39792000,1,26-Feb,Provinsi Papua Selatan,"Dinas Koperasi, Usaha Kecil dan Menengah, Perindustrian dan Perdagangan","Papua Selatan, Merauke (Kab.)",42767676
2775,Belanja Perjalanan Dinas Biasa,825631992,1,26-Jan,Provinsi Papua Selatan,Badan Kepegawaian dan Pengembangan Sumber Daya Manusia,"Papua Selatan, Merauke (Kab.)",42790582
2776,Belanja Perjalanan Dinas Biasa,21396000,1,26-Jan,Provinsi Papua Selatan,"Badan Perencanaan Pembangunan, Riset dan Inovasi Daerah","Papua Selatan, Merauke (Kab.)",42808443
2777,Belanja Perjalanan Dinas Biasa,303847000,1,26-Jan,Provinsi Papua Selatan,"Dinas Administrasi Kependudukan dan Pencatatan Sipil, Pemberdayaan Masyarakat dan Kampung","Papua Selatan, Merauke (Kab.)",42706972
2778,Belanja Perjalanan Dinas Biasa Luar Negeri,505629200,1,26-Jan,Provinsi Papua Selatan,BIRO UMUM,"Papua Selatan, Merauke (Kab.)",42692879
2779,Belanja Perjalanan Dinas Biasa,528429000,1,26-Feb,Provinsi Papua Selatan,"Dinas Lingkungan Hidup, Kehutanan dan Pertanahan","Papua Selatan, Merauke (Kab.)",42977403
2780,Belanja Perjalanan Dinas Biasa,28796000,1,26-Feb,Provinsi Papua Selatan,Dinas Pendidikan dan Kebudayaan,"Papua Selatan, Merauke (Kab.)",42732420
2781,Belanja Perjalanan Dinas Biasa - Perjalanan Dinas Dalam Rangka Pendampingan Penyerahan Bantuan Sarana dan Prasarana Tangkap Kabupaten Mappi,8920000,1,26-Jan,Provinsi Papua Selatan,"Dinas Pangan, Pertanian, Kelautan dan Perikanan","Papua Selatan, Merauke (Kab.)",42977771
2782,Belanja Perjalanan Dinas Biasa,383400000,1,26-Jan,Provinsi Papua Selatan,BIRO HUKUM,"Papua Selatan, Merauke (Kab.)",42393800
2783,Belanja Perjalanan Dinas Biasa,2760000,1,26-Jan,Provinsi Papua Selatan,"Dinas Sosial, Pemberdayaan Perempuan Dan Perlindungan Anak","Papua Selatan, Merauke (Kab.)",42558304
2784,Belanja Perjalanan Dinas Biasa,19010000,1,26-Mar,Provinsi Papua Selatan,"Dinas Lingkungan Hidup, Kehutanan dan Pertanahan","Papua Selatan, Merauke (Kab.)",43061550
2785,Belanja Perjalanan Dinas Biasa,234318000,1,26-Mar,Provinsi Papua Selatan,"Dinas Lingkungan Hidup, Kehutanan dan Pertanahan","Papua Selatan, Asmat (Kab.) | Papua Selatan, Mappi (Kab.) | Papua Selatan, Merauke (Kab.)",43192947
2786,Belanja Perjalanan Dinas Biasa,4140000,1,26-Feb,Provinsi Papua Selatan,Dinas Pekerjaan Umum dan Perumahan Rakyat,"Papua Selatan, Merauke (Kab.)",43338438
2787,Belanja Perjalanan Dinas Biasa,110844000,1,26-Jan,Provinsi Papua Selatan,BIRO PENGADAAN BARANG DAN JASA,"Papua Selatan, Merauke (Kab.)",42367272
2788,Belanja Perjalanan Dinas Biasa,34940000,1,26-Mar,Provinsi Papua Selatan,Badan Kepegawaian dan Pengembangan Sumber Daya Manusia,"Papua Selatan, Merauke (Kab.)",42788989
2789,Belanja Perjalanan Dinas Biasa,282164000,1,26-Jan,Provinsi Papua Selatan,"Badan Perencanaan Pembangunan, Riset dan Inovasi Daerah","Papua Selatan, Merauke (Kab.)",42808510
2790,Belanja Perjalanan Dinas Biasa,16400000,1,26-Jan,Provinsi Papua Selatan,"Dinas Tenaga Kerja, Transmigrasi, Energi dan Sumber Daya Mineral","Papua Selatan, Merauke (Kab.)",42890936
2791,Belanja Perjalanan Dinas Biasa,9700000,1,26-Jan,Provinsi Papua Selatan,"Dinas Tenaga Kerja, Transmigrasi, Energi dan Sumber Daya Mineral","Papua Selatan, Merauke (Kab.)",42890961
2792,Belanja Perjalanan Dinas Biasa,32386000,1,26-Jan,Provinsi Papua Selatan,"Badan Pengelolaan Pendapatan, Keuangan dan Aset Daerah","Papua Selatan, Merauke (Kab.)",42951258
2793,Belanja Perjalanan Dinas Biasa,57629000,1,26-Jan,Provinsi Papua Selatan,BIRO UMUM,"Papua Selatan, Merauke (Kab.)",42692402
2794,Belanja Perjalanan Dinas Biasa - Perjalanan Rapat Koordinasi dan Konsultasi,47878000,1,26-Jan,Provinsi Papua Selatan,"Dinas Pangan, Pertanian, Kelautan dan Perikanan","Papua Selatan, Merauke (Kab.)",42765035
2795,Belanja Perjalanan Dinas Biasa,243103000,1,26-Mar,Provinsi Papua Selatan,"Dinas Lingkungan Hidup, Kehutanan dan Pertanahan","Papua, Jayapura (Kota) | Papua Selatan, Merauke (Kab.) | Papua Selatan, Mappi (Kab.) | Papua Selatan, Boven Digoel (Kab.) | Papua Selatan, Asmat (Kab.) | DKI Jakarta, Jakarta Pusat (Kota)",43124909
2796,Belanja Perjalanan Dinas Biasa,42844000,1,26-Jan,Provinsi Papua Selatan,"Dinas Komunikasi dan Informatika, Statistik, dan Persandian","Papua Selatan, Merauke (Kab.)",42729312
2797,Belanja Perjalanan Dinas Biasa,666782000,1,26-Feb,Provinsi Papua Selatan,Dinas Pendidikan dan Kebudayaan,"Papua Selatan, Merauke (Kab.)",42732455
2798,Belanja Perjalanan Dinas Biasa,543216000,1,26-Feb,Provinsi Papua Selatan,Dinas Pendidikan dan Kebudayaan,"Papua Selatan, Merauke (Kab.)",42733058
2799,Belanja Perjalanan Dinas Biasa - Perjalanan Dinas Dalam Rangka Pendampingan Penyerahan Bantuan Sarana dan Prasarana Tangkap Kabupaten Asmat,9920000,1,26-Jan,Provinsi Papua Selatan,"Dinas Pangan, Pertanian, Kelautan dan Perikanan","Papua Selatan, Merauke (Kab.)",42977719
2800,Belanja Perjalanan Dinas Biasa - Perjalanan Dinas dalam Rangka Koordinasi dan Konsultasi Bidang Perikanan Budidaya dengan Pusat,35190000,1,26-Jan,Provinsi Papua Selatan,"Dinas Pangan, Pertanian, Kelautan dan Perikanan","Papua Selatan, Merauke (Kab.)",42978036
2801,Belanja Perjalanan Dinas Biasa - Perjalanan dinas pendampingan distribusi pakan ikan kepada masyarakat di kabupaten Boven Digoel,23310000,1,26-Jan,Provinsi Papua Selatan,"Dinas Pangan, Pertanian, Kelautan dan Perikanan","Papua Selatan, Boven Digoel (Kab.)",42979213
2802,Belanja Perjalanan Dinas Biasa - Bantuan Bibit/Benih Tanaman Buah-Buahan,136200000,1,26-Jan,Provinsi Papua Selatan,"Dinas Pangan, Pertanian, Kelautan dan Perikanan","Papua Selatan, Boven Digoel (Kab.)",42999154
2803,Belanja Perjalanan Dinas Biasa,249120000,1,26-Mar,Provinsi Papua Selatan,"Dinas Lingkungan Hidup, Kehutanan dan Pertanahan","Papua Selatan, Asmat (Kab.) | Papua Selatan, Mappi (Kab.) | Papua, Jayapura (Kota)",43003170
2804,Belanja Perjalanan Dinas Biasa - Koordinasi konsultasi PHM dan Zoonosis,36786000,1,26-Jan,Provinsi Papua Selatan,"Dinas Pangan, Pertanian, Kelautan dan Perikanan","Papua Selatan, Merauke (Kab.)",43003471
2805,Belanja Perjalanan Dinas Biasa,151889000,1,26-Mar,Provinsi Papua Selatan,"Dinas Lingkungan Hidup, Kehutanan dan Pertanahan","Papua, Jayapura (Kota) | DKI Jakarta, Jakarta Selatan (Kota) | Papua Selatan, Boven Digoel (Kab.)",43003655
2806,Belanja Perjalanan Dinas Biasa,270648000,1,26-Feb,Provinsi Papua Selatan,Dinas Pekerjaan Umum dan Perumahan Rakyat,"Papua Selatan, Merauke (Kab.)",43352278
2807,Belanja Perjalanan Dinas Biasa,2063298000,1,26-Jan,Provinsi Papua Selatan,"Badan Pengelolaan Pendapatan, Keuangan dan Aset Daerah","Papua Selatan, Merauke (Kab.)",42875281
2808,Belanja Perjalanan Dinas Biasa (KIA),42960000,1,26-Jun,Provinsi Papua Selatan,"Dinas Kesehatan, Pengendalian Penduduk dan Keluarga Berencana","Papua Selatan, Merauke (Kab.)",42897364
2809,Belanja Perjalanan Dinas Biasa,63380000,1,26-Mar,Provinsi Papua Selatan,"Dinas Lingkungan Hidup, Kehutanan dan Pertanahan","Papua Selatan, Merauke (Kab.)",42945564
2810,Belanja Perjalanan Dinas Biasa,89405000,1,26-Jan,Provinsi Papua Selatan,"Badan Pengelolaan Pendapatan, Keuangan dan Aset Daerah","Papua Selatan, Merauke (Kab.)",42949125
2811,Belanja Perjalanan Dinas Biasa,108900000,1,26-Feb,Provinsi Papua Selatan,"Dinas Administrasi Kependudukan dan Pencatatan Sipil, Pemberdayaan Masyarakat dan Kampung","Papua Selatan, Merauke (Kab.)",42957938
2812,Belanja Perjalanan Dinas Biasa,71217000,1,26-Mar,Provinsi Papua Selatan,"Dinas Lingkungan Hidup, Kehutanan dan Pertanahan","Papua Selatan, Merauke (Kab.)",43060582
2813,Belanja Perjalanan Dinas Biasa,47208000,1,26-Jan,Provinsi Papua Selatan,Sekretariat Majelis Rakyat Papua Selatan,"Papua Selatan, Merauke (Kab.)",42762392
2814,Belanja Perjalanan Dinas Biasa,343809000,1,26-Jan,Provinsi Papua Selatan,Sekretariat Majelis Rakyat Papua Selatan,"Papua Selatan, Merauke (Kab.)",42762400
2815,Belanja Perjalanan Dinas Biasa,170283000,1,26-Mar,Provinsi Papua Selatan,"Dinas Lingkungan Hidup, Kehutanan dan Pertanahan","Papua Selatan, Merauke (Kab.) | Papua Selatan, Boven Digoel (Kab.) | Papua Selatan, Mappi (Kab.) | Papua Selatan, Asmat (Kab.)",43001237
2816,Belanja Perjalanan Dinas Biasa,1104750000,1,26-Apr,Provinsi Papua Selatan,Sekretariat Dewan Perwakilan Rakyat Papua Selatan,"Papua Selatan, Merauke (Kab.)",42538397
2817,Belanja Perjalanan Dinas Biasa,36750000,1,26-Jan,Provinsi Papua Selatan,"Dinas Sosial, Pemberdayaan Perempuan Dan Perlindungan Anak","Papua Selatan, Merauke (Kab.)",42557210
2818,Belanja Perjalanan Dinas Biasa,173566000,1,26-Mar,Provinsi Papua Selatan,Badan Kepegawaian dan Pengembangan Sumber Daya Manusia,"Papua Selatan, Merauke (Kab.)",42787941
2819,Belanja Perjalanan Dinas Biasa,121402000,1,26-Jan,Provinsi Papua Selatan,"Badan Perencanaan Pembangunan, Riset dan Inovasi Daerah","Papua Selatan, Merauke (Kab.)",42808437
2820,Belanja Perjalanan Dinas Biasa,166825000,1,26-Jan,Provinsi Papua Selatan,"Badan Perencanaan Pembangunan, Riset dan Inovasi Daerah","Papua Selatan, Merauke (Kab.)",42808466
2821,Belanja Perjalanan Dinas Biasa,13000000,1,26-Jan,Provinsi Papua Selatan,"Dinas Kepemudaan, Olahraga, Pariwisata dan Ekonomi Kreatif","Papua Selatan, Merauke (Kab.)",42815815
2822,Belanja Perjalanan Dinas Biasa - Koordinasi Penyelenggaraan Cadangan Pangan di Jakarta,19215000,1,26-Jan,Provinsi Papua Selatan,"Dinas Pangan, Pertanian, Kelautan dan Perikanan","Papua Selatan, Merauke (Kab.)",42878955
2823,Belanja Perjalanan Dinas Biasa,50590000,1,26-Jan,Provinsi Papua Selatan,BIRO PEREKONOMIAN DAN ADMINISTRASI PEMBANGUNAN,"Papua Barat, Manokwari (Kab.)",42894127
2824,Belanja Perjalanan Dinas Biasa,132988000,1,26-Jan,Provinsi Papua Selatan,"Badan Pengelolaan Pendapatan, Keuangan dan Aset Daerah","Papua Selatan, Merauke (Kab.)",42910168
2825,Belanja Perjalanan Dinas Biasa,451144000,1,26-Mar,Provinsi Papua Selatan,"Dinas Lingkungan Hidup, Kehutanan dan Pertanahan","Papua Selatan, Boven Digoel (Kab.)",42942862
2826,Belanja Perjalanan Dinas Biasa,17250000,1,26-Jan,Provinsi Papua Selatan,"Badan Pengelolaan Pendapatan, Keuangan dan Aset Daerah","Papua Selatan, Merauke (Kab.)",42951015
2827,Belanja Perjalanan Dinas Biasa,46505000,1,26-Jan,Provinsi Papua Selatan,"Dinas Komunikasi dan Informatika, Statistik, dan Persandian","Papua Selatan, Merauke (Kab.)",42729334
2828,Belanja Perjalanan Dinas Biasa - Perjalanan Dinas Dalam Rangka Pendampingan Penyerahan Bantuan Sarana dan Prasarana Tangkap Kabupaten Boven Digoel,8420000,1,26-Jan,Provinsi Papua Selatan,"Dinas Pangan, Pertanian, Kelautan dan Perikanan","Papua Selatan, Merauke (Kab.)",42977825
2829,Belanja Perjalanan Dinas Biasa - Perjalanan dinas pendampingan distribusi pakan ikan kepada masyarakat di kabupaten Asmat,21000000,1,26-Jan,Provinsi Papua Selatan,"Dinas Pangan, Pertanian, Kelautan dan Perikanan","Papua Selatan, Asmat (Kab.)",42979163
2830,Belanja Perjalanan Dinas Biasa - Penyebaran Ternak Babi di Kabupaten Boven Digoel,59430000,1,26-Jan,Provinsi Papua Selatan,"Dinas Pangan, Pertanian, Kelautan dan Perikanan","Papua Selatan, Boven Digoel (Kab.)",42994978
2831,Belanja Perjalanan Dinas Biasa,1033350000,1,26-Jan,Provinsi Papua Selatan,Sekretariat Majelis Rakyat Papua Selatan,"Papua Selatan, Merauke (Kab.)",42762379
2832,Belanja Perjalanan Dinas Biasa,376451000,1,26-Jan,Provinsi Papua Selatan,Badan Kesatuan Bangsa dan Politik,"Papua Selatan, Merauke (Kab.)",43068645
2833,Belanja Perjalanan Dinas Biasa,329222000,1,26-Jan,Provinsi Papua Selatan,Badan Kesatuan Bangsa dan Politik,"Papua Selatan, Merauke (Kab.)",43068675
2834,Belanja Perjalanan Dinas Biasa - Bantuan Alsintan di Kabupaten Merauke,3220000,1,26-Jan,Provinsi Papua Selatan,"Dinas Pangan, Pertanian, Kelautan dan Perikanan","Papua Selatan, Merauke (Kab.)",42998863
2835,Belanja Perjalanan Dinas Biasa,117688000,1,26-Mar,Provinsi Papua Selatan,"Dinas Lingkungan Hidup, Kehutanan dan Pertanahan","Papua Selatan, Boven Digoel (Kab.) | Papua, Jayapura (Kota)",43003670
2836,Belanja Perjalanan Dinas Biasa,9933312000,1,26-Jan,Provinsi Papua Selatan,BIRO UMUM,"Papua Selatan, Merauke (Kab.)",42693079
2837,Belanja Perjalanan Dinas Biasa,31108000,1,26-Jan,Provinsi Papua Selatan,"Dinas Sosial, Pemberdayaan Perempuan Dan Perlindungan Anak","Papua Selatan, Merauke (Kab.)",42557228
2838,Belanja Perjalanan Dinas Biasa,94628000,1,26-Mar,Provinsi Papua Selatan,Badan Kepegawaian dan Pengembangan Sumber Daya Manusia,"Papua Selatan, Merauke (Kab.)",42806089
2839,Belanja Perjalanan Dinas Biasa,343629000,1,26-Jan,Provinsi Papua Selatan,"Badan Perencanaan Pembangunan, Riset dan Inovasi Daerah","Papua Selatan, Merauke (Kab.)",42808410
2840,Belanja Perjalanan Dinas Biasa,98720000,1,26-Jan,Provinsi Papua Selatan,"Badan Perencanaan Pembangunan, Riset dan Inovasi Daerah","Papua Selatan, Merauke (Kab.)",42808422
2841,Belanja Perjalanan Dinas Biasa,181360000,1,26-Jan,Provinsi Papua Selatan,"Dinas Kepemudaan, Olahraga, Pariwisata dan Ekonomi Kreatif","Papua Selatan, Merauke (Kab.)",42870335
2842,Belanja Perjalanan Dinas Biasa - Perjalanan ke Boven Digoel Pendampingan Distribusi Pangan ( Beras ) ke Daerah Rawan Pangan (Sharing OTSUS),27400000,1,26-Jan,Provinsi Papua Selatan,"Dinas Pangan, Pertanian, Kelautan dan Perikanan","Papua Selatan, Merauke (Kab.)",42879185
2843,Belanja Perjalanan Dinas Biasa - Perjalanan Ke Merauke Pendampingan Keamanan Pangan,13920000,1,26-Jan,Provinsi Papua Selatan,"Dinas Pangan, Pertanian, Kelautan dan Perikanan","Papua Selatan, Merauke (Kab.)",42879597
2844,Belanja Perjalanan Dinas Biasa,70100000,1,26-Jan,Provinsi Papua Selatan,"Badan Pengelolaan Pendapatan, Keuangan dan Aset Daerah","Papua Selatan, Merauke (Kab.)",42880578
2845,Belanja Perjalanan Dinas Biasa,54456000,1,26-Jan,Provinsi Papua Selatan,BIRO PEREKONOMIAN DAN ADMINISTRASI PEMBANGUNAN,"DKI Jakarta, Jakarta Pusat (Kota) | Papua Selatan, Boven Digoel (Kab.)",42894286
2846,Belanja Perjalanan Dinas Biasa,168100000,1,26-Jan,Provinsi Papua Selatan,"Badan Pengelolaan Pendapatan, Keuangan dan Aset Daerah","Papua Selatan, Merauke (Kab.)",42910285
2847,Belanja Perjalanan Dinas Biasa,144195000,1,26-Feb,Provinsi Papua Selatan,"Dinas Administrasi Kependudukan dan Pencatatan Sipil, Pemberdayaan Masyarakat dan Kampung","Papua Selatan, Merauke (Kab.)",42693409
2848,Belanja Perjalanan Dinas Biasa,4440000,1,26-Feb,Provinsi Papua Selatan,"Dinas Koperasi, Usaha Kecil dan Menengah, Perindustrian dan Perdagangan","Papua Selatan, Merauke (Kab.)",42765684
2849,Belanja Perjalanan Dinas Biasa,4440000,1,26-Feb,Provinsi Papua Selatan,"Dinas Koperasi, Usaha Kecil dan Menengah, Perindustrian dan Perdagangan","Papua Selatan, Merauke (Kab.)",42768156
2850,Belanja Perjalanan Dinas Biasa,100840000,1,26-Mar,Provinsi Papua Selatan,"Dinas Lingkungan Hidup, Kehutanan dan Pertanahan","Papua Selatan, Asmat (Kab.) | Papua Selatan, Mappi (Kab.)",43124637
2851,Belanja Perjalanan Dinas Biasa,406972000,1,26-Feb,Provinsi Papua Selatan,Dinas Pendidikan dan Kebudayaan,"Papua Selatan, Merauke (Kab.)",42713635
2852,Belanja Perjalanan Dinas Biasa,438197000,1,26-Feb,Provinsi Papua Selatan,Dinas Pendidikan dan Kebudayaan,"Papua Selatan, Merauke (Kab.)",42716705
2853,Belanja Perjalanan Dinas Biasa,99564000,1,26-Mar,Provinsi Papua Selatan,"Dinas Lingkungan Hidup, Kehutanan dan Pertanahan","Sulawesi Utara, Minahasa (Kab.) | Papua Selatan, Merauke (Kab.)",42979627
2854,Belanja Perjalanan Dinas Biasa,147165000,1,26-Mar,Provinsi Papua Selatan,"Dinas Lingkungan Hidup, Kehutanan dan Pertanahan","Papua Selatan, Merauke (Kab.) | DKI Jakarta, Jakarta Pusat (Kota) | Papua, Jayapura (Kota)",43001327
2855,Belanja Perjalanan Dinas Biasa,567770000,1,26-Mar,Provinsi Papua Selatan,"Dinas Lingkungan Hidup, Kehutanan dan Pertanahan","Papua Selatan, Merauke (Kab.)",43003352
2856,Belanja Perjalanan Dinas Biasa,893095000,1,26-Mar,Provinsi Papua Selatan,"Dinas Lingkungan Hidup, Kehutanan dan Pertanahan","Papua Selatan, Merauke (Kab.) | Papua Selatan, Asmat (Kab.) | Papua Selatan, Boven Digoel (Kab.) | Papua Selatan, Mappi (Kab.) | Papua, Jayapura (Kota) | DKI Jakarta, Jakarta Selatan (Kota)",43003434
2857,Belanja Perjalanan Dinas Biasa,712205000,1,26-Feb,Provinsi Papua Pegunungan,"DINAS TENAGA KERJA, TRANSMIGRASI, ENERGI DAN SUMBER DAYA MINERAL","LAINNYA, Lainnya",42786286
2858,Belanja Perjalanan Dinas Biasa,120416000,1,26-Mar,Provinsi Papua Pegunungan,DINAS PETERNAKAN DAN PERIKANAN,"Papua Pegunungan, Jayawijaya (Kab.)",42811514
2859,Belanja Perjalanan Dinas Biasa,126954000,1,26-Feb,Provinsi Papua Pegunungan,SEKRETARIAT DEWAN PERWAKILAN RAKYAT DAERAH,"Papua Pegunungan, Jayawijaya (Kab.)",42826261
2860,Belanja Perjalanan Dinas Biasa,76842000,1,26-Feb,Provinsi Papua Pegunungan,SEKRETARIAT DEWAN PERWAKILAN RAKYAT DAERAH,"Papua Pegunungan, Jayawijaya (Kab.)",42826954
2861,Belanja perjalanan dinas biasa,733350000,1,26-Feb,Provinsi Papua Pegunungan,DINAS PARIWISATA DAN EKONOMI KREATIF,"Papua Pegunungan, Jayawijaya (Kab.)",42834224
2862,Belanja Perjalanan Dinas Biasa,16560000,1,26-Feb,Provinsi Papua Pegunungan,DINAS PERHUBUNGAN,"Papua Pegunungan, Jayawijaya (Kab.)",42841794
2863,Belanja Perjalanan Dinas Biasa,71094000,1,26-May,Provinsi Papua Pegunungan,DINAS PERHUBUNGAN,"Papua, Jayapura (Kota)",42851714
2864,Belanja Perjalanan Dinas Biasa,9278000,1,26-Feb,Provinsi Papua Pegunungan,DINAS PERHUBUNGAN,"Papua Pegunungan, Jayawijaya (Kab.)",42853655
2865,Belanja Perjalanan Dinas Biasa,336913000,1,26-Feb,Provinsi Papua Pegunungan,"BADAN PENGELOLAAN PENDAPATAN, KEUANGAN, DAN ASET DAERAH","Papua Pegunungan, Jayawijaya (Kab.)",42863891
2866,Belanja Perjalanan Dinas Biasa,39978000,1,26-Mar,Provinsi Papua Pegunungan,Biro Organisasi,"Papua Pegunungan, Jayawijaya (Kab.)",42884111
2867,Belanja Perjalanan Dinas Biasa,143866000,1,26-Mar,Provinsi Papua Pegunungan,Biro Organisasi,"Papua Pegunungan, Jayawijaya (Kab.)",42884190
2868,Belanja Perjalanan Dinas Biasa,700000000,1,26-Mar,Provinsi Papua Pegunungan,Biro Organisasi,"Papua Pegunungan, Jayawijaya (Kab.)",42884346
2869,Belanja Perjalanan Dinas Biasa,187876000,1,26-Feb,Provinsi Papua Pegunungan,"DINAS LINGKUNGAN HIDUP, KEHUTANAN DAN PERTANAHAN","Papua Pegunungan, Jayawijaya (Kab.)",42889114
2870,Belanja Perjalanan Dinas Biasa,71004000,1,26-Mar,Provinsi Papua Pegunungan,"BADAN PERENCANAAN PEMBANGUNAN, RISET DAN INOVASI DAERAH","Papua Pegunungan, Jayawijaya (Kab.)",42917337
2871,Belanja Perjalanan Dinas Biasa,140223000,1,26-Mar,Provinsi Papua Pegunungan,"BADAN PERENCANAAN PEMBANGUNAN, RISET DAN INOVASI DAERAH","Papua Pegunungan, Jayawijaya (Kab.)",42917355
2872,Belanja Perjalanan Dinas Biasa,204206000,1,26-Mar,Provinsi Papua Pegunungan,"BADAN PERENCANAAN PEMBANGUNAN, RISET DAN INOVASI DAERAH","Papua Pegunungan, Jayawijaya (Kab.)",42917358
2873,Belanja Perjalanan Dinas Biasa,25500000,1,26-Mar,Provinsi Papua Pegunungan,"BADAN PERENCANAAN PEMBANGUNAN, RISET DAN INOVASI DAERAH","Papua Pegunungan, Jayawijaya (Kab.)",42917403
2874,Belanja Perjalanan Dinas Biasa,71729000,1,26-Mar,Provinsi Papua Pegunungan,"BADAN PERENCANAAN PEMBANGUNAN, RISET DAN INOVASI DAERAH","Papua Pegunungan, Jayawijaya (Kab.)",42917414
2875,Belanja Perjalanan Dinas Biasa,77780000,1,26-Mar,Provinsi Papua Pegunungan,DINAS KEPENDUDUKAN DAN PENCATATAN SIPIL,"Papua Pegunungan, Jayawijaya (Kab.)",42943967
2876,Belanja Perjalanan Dinas Biasa,117561000,1,26-Mar,Provinsi Papua Pegunungan,"Biro Pemerintahan, Otonomi Khusus dan Kesejahteraan Rakyat","Papua Pegunungan, Jayawijaya (Kab.)",43101915
2877,Belanja Uang Representasi Pejabat Eselon II; Beban Sewa Kendaraan Bermotor Penumpang; Belanja Perjalanan Dinas Biasa - Dalam Negeri; Belanja Perjalanan Dinas Biasa;,350448000,1,26-Mar,Provinsi Papua Pegunungan,DINAS PEKERJAAN UMUM DAN PERUMAHAN RAKYAT,"Papua Pegunungan, Jayawijaya (Kab.)",43008793
2878,Belanja Perjalanan Dinas Biasa,115969000,1,26-Mar,Provinsi Papua Pegunungan,Biro Perekonomian dan Administrasi Pembangunan,"Papua Pegunungan, Jayawijaya (Kab.)",43019398
2879,Belanja Perjalanan Dinas Biasa,117991000,1,26-Mar,Provinsi Papua Pegunungan,Biro Perekonomian dan Administrasi Pembangunan,"Papua Pegunungan, Jayawijaya (Kab.)",43029231
2880,Belanja Perjalanan Dinas Biasa,130571000,1,26-Mar,Provinsi Papua Pegunungan,Biro Perekonomian dan Administrasi Pembangunan,"Papua Pegunungan, Jayawijaya (Kab.)",43042694
2881,Belanja Perjalanan Dinas Biasa,115927000,1,26-Mar,Provinsi Papua Pegunungan,Biro Perekonomian dan Administrasi Pembangunan,"Papua Pegunungan, Jayawijaya (Kab.)",43043748
2882,Belanja Perjalanan Dinas Biasa,307978000,1,26-Mar,Provinsi Papua Pegunungan,DINAS KOPERASI DAN USAHA KECIL DAN MENENGAH,"Papua Pegunungan, Jayawijaya (Kab.)",42965215
2883,Belanja Perjalanan Dinas Biasa,228348000,1,26-Mar,Provinsi Papua Pegunungan,"DINAS PANGAN, PERTANIAN DAN PERKEBUNAN","Papua Pegunungan, Jayawijaya (Kab.)",42671833
2884,Belanja Perjalanan Dinas Biasa,192816000,1,26-Feb,Provinsi Papua Pegunungan,Biro Hukum,"Papua Pegunungan, Jayawijaya (Kab.)",42699174
2885,Belanja Perjalanan Dinas Biasa,172803000,1,26-Feb,Provinsi Papua Pegunungan,Biro Hukum,"Papua Pegunungan, Jayawijaya (Kab.)",42699226
2886,Belanja Perjalanan Dinas Biasa,225508000,1,26-Jan,Provinsi Papua Pegunungan,BADAN KEPEGAWAIAN DAN PENGEMBANGAN SUMBER DAYA MANUSIA,"Papua Pegunungan, Lainnya",43221608
2887,Belanja Perjalanan Dinas Biasa,311358000,1,26-Feb,Provinsi Papua Pegunungan,Biro Pengadaan Barang dan Jasa,"Papua Pegunungan, Jayawijaya (Kab.)",42554677
2888,Belanja Perjalanan Dinas Biasa,108402000,1,26-Feb,Provinsi Papua Pegunungan,Biro Umum,"Papua Pegunungan, Jayawijaya (Kab.)",42651900
2889,Belanja Perjalanan Dinas Biasa,24800000,1,26-Mar,Provinsi Papua Pegunungan,BADAN KESATUAN BANGSA DAN POLITIK,"Papua Pegunungan, Jayawijaya (Kab.)",43150128
2890,Belanja Perjalanan Dinas Biasa,197460000,1,26-Jan,Provinsi Papua Pegunungan,DINAS PENDIDIKAN DAN KEBUDAYAAN,"Papua Pegunungan, Jayawijaya (Kab.)",43363347
2891,Belanja Perjalanan Dinas Biasa,168484000,1,26-Jan,Provinsi Papua Pegunungan,DINAS PENDIDIKAN DAN KEBUDAYAAN,"Papua Pegunungan, Jayawijaya (Kab.)",43363469
2892,Belanja Perjalanan Dinas Biasa,1363625000,1,26-Feb,Provinsi Papua Pegunungan,Biro Umum,"Papua Pegunungan, Jayawijaya (Kab.)",42651905
2893,Belanja Perjalanan Dinas Biasa,499741000,1,26-Feb,Provinsi Papua Pegunungan,DINAS PEMBERDAYAAN PEREMPUAN DAN PERLINDUNGAN ANAK,"Papua Pegunungan, Jayawijaya (Kab.)",42812753
2894,Belanja Perjalanan Dinas Biasa,499934000,1,26-Feb,Provinsi Papua Pegunungan,DINAS PERPUSTAKAAN DAN KEARSIPAN,"Papua Pegunungan, Jayawijaya (Kab.)",42833427
2895,BELANJA PERJALANAN DINAS BIASA,457278000,1,26-Feb,Provinsi Papua Pegunungan,INSPEKTORAT DAERAH,"Papua Pegunungan, Jayawijaya (Kab.)",42834206
2896,Belanja Perjalanan Dinas Biasa,678136000,1,26-Feb,Provinsi Papua Pegunungan,SEKRETARIAT DEWAN PERWAKILAN RAKYAT DAERAH,"Papua Pegunungan, Jayawijaya (Kab.)",42844187
2897,Belanja perjalanan dinas biasa,330915000,1,26-Feb,Provinsi Papua Pegunungan,DINAS PARIWISATA DAN EKONOMI KREATIF,"Papua Pegunungan, Jayawijaya (Kab.)",42848008
2898,Belanja Perjalanan Dinas Biasa,255760000,1,26-Feb,Provinsi Papua Pegunungan,"BADAN PENGELOLAAN PENDAPATAN, KEUANGAN, DAN ASET DAERAH","Papua Pegunungan, Jayawijaya (Kab.)",42863736
2899,Belanja Perjalanan Dinas Biasa,95500000,1,26-Feb,Provinsi Papua Pegunungan,"BADAN PENGELOLAAN PENDAPATAN, KEUANGAN, DAN ASET DAERAH","Papua Pegunungan, Jayawijaya (Kab.)",42863845
2900,Belanja Perjalanan Dinas Biasa,82160000,1,26-Feb,Provinsi Papua Pegunungan,"BADAN PENGELOLAAN PENDAPATAN, KEUANGAN, DAN ASET DAERAH","Papua Pegunungan, Jayawijaya (Kab.)",42863879
2901,Belanja Perjalanan Dinas Biasa,105702000,1,26-Feb,Provinsi Papua Pegunungan,"BADAN PENGELOLAAN PENDAPATAN, KEUANGAN, DAN ASET DAERAH","Papua Pegunungan, Jayawijaya (Kab.)",42864083
2902,Belanja Perjalanan Dinas Biasa,50600000,1,26-Jan,Provinsi Papua Pegunungan,DINAS PENANAMAN MODAL DAN PELAYANAN TERPADU SATU PINTU,"Papua Pegunungan, Jayawijaya (Kab.)",42874720
2903,Belanja Perjalanan Dinas Biasa,240043000,1,26-Mar,Provinsi Papua Pegunungan,"BADAN PERENCANAAN PEMBANGUNAN, RISET DAN INOVASI DAERAH","Papua Pegunungan, Jayawijaya (Kab.)",42917263
2904,Belanja Perjalanan Dinas Biasa,274927000,1,26-Mar,Provinsi Papua Pegunungan,"BADAN PERENCANAAN PEMBANGUNAN, RISET DAN INOVASI DAERAH","Papua Pegunungan, Jayawijaya (Kab.)",42917482
2905,Belanja Perjalanan Dinas Biasa,407569000,1,26-Mar,Provinsi Papua Pegunungan,DINAS KEPENDUDUKAN DAN PENCATATAN SIPIL,"Papua Pegunungan, Jayawijaya (Kab.)",42944600
2906,Belanja Perjalanan Dinas Biasa,3298000,1,26-May,Provinsi Papua Pegunungan,"DINAS PANGAN, PERTANIAN DAN PERKEBUNAN","Papua Pegunungan, Jayawijaya (Kab.)",42671780
2907,Belanja Perjalanan Dinas Biasa,24440000,1,26-Mar,Provinsi Papua Pegunungan,DINAS SOSIAL,"Papua Pegunungan, Jayawijaya (Kab.)",42966354
2908,Belanja Perjalanan Dinas Biasa,156135000,1,26-Feb,Provinsi Papua Pegunungan,Biro Hukum,"Papua Pegunungan, Jayawijaya (Kab.)",42699190
2909,Belanja Perjalanan Dinas Biasa,515463000,1,26-Mar,Provinsi Papua Pegunungan,BADAN PENANGGULANGAN BENCANA DAERAH,"Papua Pegunungan, Jayawijaya (Kab.)",42995606
2910,Belanja Perjalanan Dinas Biasa,40935000,1,26-Mar,Provinsi Papua Pegunungan,DINAS PERINDUSTRIAN DAN PERDAGANGAN,"Papua Pegunungan, Jayawijaya (Kab.)",43007171
2911,Belanja Perjalanan Dinas Biasa,483612000,1,26-Mar,Provinsi Papua Pegunungan,DINAS PERINDUSTRIAN DAN PERDAGANGAN,"Papua Pegunungan, Jayawijaya (Kab.)",43007198
2912,Belanja Perjalanan Dinas Biasa,433487000,1,26-Jan,Provinsi Papua Pegunungan,BADAN KEPEGAWAIAN DAN PENGEMBANGAN SUMBER DAYA MANUSIA,"Papua Pegunungan, Lainnya",43221567
2913,Belanja Perjalanan Dinas Biasa,95000000,1,26-Jan,Provinsi Papua Pegunungan,BADAN KEPEGAWAIAN DAN PENGEMBANGAN SUMBER DAYA MANUSIA,,43221644
2914,Belanja Perjalanan Dinas Biasa,462946000,1,26-Feb,Provinsi Papua Pegunungan,DINAS PENDIDIKAN DAN KEBUDAYAAN,"Papua Pegunungan, Jayawijaya (Kab.)",43361179
2915,Belanja Perjalanan Dinas Biasa,182355000,1,26-Apr,Provinsi Papua Pegunungan,DINAS PENDIDIKAN DAN KEBUDAYAAN,"Papua Pegunungan, Jayawijaya (Kab.)",43361184
2916,Belanja Perjalanan Dinas Biasa,294050000,1,26-Mar,Provinsi Papua Pegunungan,DINAS PETERNAKAN DAN PERIKANAN,"Papua Pegunungan, Jayawijaya (Kab.)",42811526
2917,Belanja Perjalanan Dinas Biasa Studi Banding Pemuda Pelopor,273131000,1,26-Jan,Provinsi Papua Pegunungan,DINAS KEPEMUDAAN DAN OLAHRAGA,,42812822
2918,Belanja Perjalanan Dinas Biasa,1199967000,1,26-Feb,Provinsi Papua Pegunungan,SEKRETARIAT DEWAN PERWAKILAN RAKYAT DAERAH,"Papua Pegunungan, Jayawijaya (Kab.)",42818480
2919,Belanja Perjalanan Dinas Biasa,13034520000,1,26-Feb,Provinsi Papua Pegunungan,SEKRETARIAT DEWAN PERWAKILAN RAKYAT DAERAH,"Papua Pegunungan, Jayawijaya (Kab.)",42823497
2920,Belanja Perjalanan Dinas Biasa,314800000,1,26-Feb,Provinsi Papua Pegunungan,SEKRETARIAT DEWAN PERWAKILAN RAKYAT DAERAH,"Papua Pegunungan, Jayawijaya (Kab.)",42825833
2921,Belanja Perjalanan Dinas Biasa,192340000,1,26-Feb,Provinsi Papua Pegunungan,"BADAN PENGELOLAAN PENDAPATAN, KEUANGAN, DAN ASET DAERAH","Papua Pegunungan, Jayawijaya (Kab.)",42863863
2922,Belanja Perjalanan Dinas Biasa,332040000,1,26-Feb,Provinsi Papua Pegunungan,"BADAN PENGELOLAAN PENDAPATAN, KEUANGAN, DAN ASET DAERAH","Papua Pegunungan, Jayawijaya (Kab.)",42863974
2923,Belanja Perjalanan Dinas Biasa,77800000,1,26-Feb,Provinsi Papua Pegunungan,"BADAN PENGELOLAAN PENDAPATAN, KEUANGAN, DAN ASET DAERAH","Papua Pegunungan, Jayawijaya (Kab.)",42864022
2924,Belanja Perjalanan Dinas Biasa,27600000,1,26-Jan,Provinsi Papua Pegunungan,DINAS PENANAMAN MODAL DAN PELAYANAN TERPADU SATU PINTU,"Papua Pegunungan, Jayawijaya (Kab.)",42874707
2925,Belanja Perjalanan Dinas Biasa,240043000,1,26-Mar,Provinsi Papua Pegunungan,"BADAN PERENCANAAN PEMBANGUNAN, RISET DAN INOVASI DAERAH","Papua Pegunungan, Jayawijaya (Kab.)",42917345
2926,Belanja Perjalanan Dinas Biasa,36502000,1,26-Mar,Provinsi Papua Pegunungan,"BADAN PERENCANAAN PEMBANGUNAN, RISET DAN INOVASI DAERAH","Papua Pegunungan, Jayawijaya (Kab.)",42917375
2927,Belanja Perjalanan Dinas Biasa,643054000,1,26-Mar,Provinsi Papua Pegunungan,"BADAN PERENCANAAN PEMBANGUNAN, RISET DAN INOVASI DAERAH","Papua Pegunungan, Jayawijaya (Kab.)",42917398
2928,Belanja Perjalanan Dinas Biasa,89591000,1,26-Mar,Provinsi Papua Pegunungan,"BADAN PERENCANAAN PEMBANGUNAN, RISET DAN INOVASI DAERAH","Papua Pegunungan, Jayawijaya (Kab.)",42917422
2929,Belanja Perjalanan Dinas Biasa,26120000,1,26-Mar,Provinsi Papua Pegunungan,DINAS KOPERASI DAN USAHA KECIL DAN MENENGAH,"Papua Pegunungan, Jayawijaya (Kab.)",42928735
2930,Belanja Perjalanan Dinas Biasa,138245000,1,26-Feb,Provinsi Papua Pegunungan,Biro Hukum,"Papua Pegunungan, Jayawijaya (Kab.)",42699278
2931,Belanja Perjalanan Dinas Biasa,224130000,1,26-Feb,Provinsi Papua Pegunungan,DINAS KOPERASI DAN USAHA KECIL DAN MENENGAH,"Papua Pegunungan, Jayawijaya (Kab.)",42965577
2932,Belanja Perjalanan Dinas Biasa,213261000,1,26-Jan,Provinsi Papua Pegunungan,DINAS PERINDUSTRIAN DAN PERDAGANGAN,"Papua Pegunungan, Jayawijaya (Kab.)",43007150
2933,Belanja Perjalanan Dinas Biasa,308302000,1,26-Feb,Provinsi Papua Pegunungan,DINAS PEKERJAAN UMUM DAN PERUMAHAN RAKYAT,"Papua Pegunungan, Jayawijaya (Kab.)",43009008
2934,Belanja Perjalanan Dinas Biasa,617074000,1,26-Mar,Provinsi Papua Pegunungan,BADAN KESATUAN BANGSA DAN POLITIK,"Papua Pegunungan, Jayawijaya (Kab.)",43150187
2935,Belanja Perjalanan Dinas Biasa,656327000,1,26-Feb,Provinsi Papua Pegunungan,"Biro Pemerintahan, Otonomi Khusus dan Kesejahteraan Rakyat","Papua Pegunungan, Jayawijaya (Kab.)",43101776
2936,Belanja Perjalanan Dinas Biasa,5980000,1,26-Mar,Provinsi Papua Pegunungan,DINAS SOSIAL,"Papua Pegunungan, Jayawijaya (Kab.)",42987715
2937,Belanja Perjalanan Dinas Biasa,13910000,1,26-Mar,Provinsi Papua Pegunungan,DINAS SOSIAL,"Papua Pegunungan, Jayawijaya (Kab.)",42987769
2938,Belanja Perjalanan Dinas Biasa,96326000,1,26-Mar,Provinsi Papua Pegunungan,Biro Perekonomian dan Administrasi Pembangunan,"Papua Pegunungan, Jayawijaya (Kab.)",43042653
2939,Belanja Perjalanan Dinas Biasa,181270000,1,26-Mar,Provinsi Papua Pegunungan,"DINAS KOMUNIKASI, INFORMATIKA, PERSANDIAN DAN STATISTIK","Papua Pegunungan, Jayawijaya (Kab.)",43048426
2940,Belanja Perjalanan Dinas Biasa,127576000,1,26-Jan,Provinsi Papua Pegunungan,BADAN KEPEGAWAIAN DAN PENGEMBANGAN SUMBER DAYA MANUSIA,"Papua Pegunungan, Lainnya",43221571
2941,Belanja Perjalanan Dinas Biasa,150760000,1,26-Jan,Provinsi Papua Pegunungan,BADAN KEPEGAWAIAN DAN PENGEMBANGAN SUMBER DAYA MANUSIA,"Papua Pegunungan, Lainnya",43221602
2942,Belanja Perjalanan Dinas Biasa,179705000,1,26-Jan,Provinsi Papua Pegunungan,DINAS PENDIDIKAN DAN KEBUDAYAAN,"Papua Pegunungan, Jayawijaya (Kab.)",43363446
2943,Belanja Perjalanan Dinas Biasa,865085000,1,26-Mar,Provinsi Papua Pegunungan,DINAS KOPERASI DAN USAHA KECIL DAN MENENGAH,"Papua Pegunungan, Jayawijaya (Kab.)",42964986
2944,Belanja Perjalanan Dinas Biasa dalam kota lebih dari 8 jam,1840000,1,26-Mar,Provinsi Papua Pegunungan,DINAS PEKERJAAN UMUM DAN PERUMAHAN RAKYAT,"Papua Pegunungan, Jayawijaya (Kab.)",42990815
2945,Belanja Perjalanan Dinas Biasa,273170000,1,26-Feb,Provinsi Papua Pegunungan,DINAS PENGENDALIAN PENDUDUK DAN KELUARGA BERENCANA,"Papua Pegunungan, Jayawijaya (Kab.)",42993188
2946,Belanja Perjalanan Dinas Biasa  singkronisasi dan evaluasi rencana kebutuhan oabt (RKO) dan monev instalasi farnasi  kaupaten,643240000,1,26-Mar,Provinsi Papua Pegunungan,DINAS KESEHATAN,"Papua Pegunungan, Jayawijaya (Kab.)",42999236
2947,Belanja Perjalanan Dinas Biasa,134782000,1,26-Feb,Provinsi Papua Pegunungan,"BADAN PENGELOLAAN PENDAPATAN, KEUANGAN, DAN ASET DAERAH","Papua Pegunungan, Jayawijaya (Kab.)",42863825
2948,Belanja Perjalanan Dinas Biasa,238699000,1,26-Feb,Provinsi Papua Pegunungan,"BADAN PENGELOLAAN PENDAPATAN, KEUANGAN, DAN ASET DAERAH","Papua Pegunungan, Jayawijaya (Kab.)",42863962
2949,Belanja Perjalanan Dinas Biasa,213690000,1,26-Feb,Provinsi Papua Pegunungan,"BADAN PENGELOLAAN PENDAPATAN, KEUANGAN, DAN ASET DAERAH","Papua Pegunungan, Jayawijaya (Kab.)",42864057
2950,Belanja Perjalanan Dinas Biasa,92860000,1,26-Feb,Provinsi Papua Pegunungan,"BADAN PENGELOLAAN PENDAPATAN, KEUANGAN, DAN ASET DAERAH","Papua Pegunungan, Jayawijaya (Kab.)",42864070
2951,Belanja Perjalanan Dinas Biasa,64436000,1,26-Jan,Provinsi Papua Pegunungan,DINAS PENANAMAN MODAL DAN PELAYANAN TERPADU SATU PINTU,"Papua Pegunungan, Jayawijaya (Kab.)",42874700
2952,Belanja Perjalanan Dinas Biasa,36800000,1,26-Jan,Provinsi Papua Pegunungan,DINAS PENANAMAN MODAL DAN PELAYANAN TERPADU SATU PINTU,"Papua Pegunungan, Jayawijaya (Kab.)",42874718
2953,Belanja Perjalanan Dinas Biasa,157820000,1,26-Mar,Provinsi Papua Pegunungan,Biro Organisasi,"Papua Pegunungan, Jayawijaya (Kab.)",42884144
2954,Belanja Perjalanan Dinas Biasa - Dalam Negeri,114620000,1,26-Feb,Provinsi Papua Pegunungan,DINAS PEKERJAAN UMUM DAN PERUMAHAN RAKYAT,"Papua Pegunungan, Jayawijaya (Kab.)",42909011
2955,Belanja Perjalanan Dinas Biasa,1083029000,1,26-Mar,Provinsi Papua Pegunungan,"BADAN PERENCANAAN PEMBANGUNAN, RISET DAN INOVASI DAERAH","Papua Pegunungan, Jayawijaya (Kab.)",42917383
2956,Belanja Perjalanan Dinas Biasa,169483000,1,26-Feb,Provinsi Papua Pegunungan,Biro Umum,"Papua Pegunungan, Jayawijaya (Kab.)",42918154
2957,Belanja Perjalanan Dinas Biasa,429798000,1,26-Mar,Provinsi Papua Pegunungan,DINAS KEPENDUDUKAN DAN PENCATATAN SIPIL,"Papua Pegunungan, Jayawijaya (Kab.)",42943102
2958,Belanja Perjalanan Dinas Biasa,298502000,1,26-Mar,Provinsi Papua Pegunungan,DINAS KOPERASI DAN USAHA KECIL DAN MENENGAH,"Papua Pegunungan, Jayawijaya (Kab.)",42953906
2959,Belanja Perjalanan Dinas Biasa,19665000,1,26-Feb,Provinsi Papua Pegunungan,Biro Pengadaan Barang dan Jasa,"Papua Pegunungan, Jayawijaya (Kab.)",42554700
2960,Belanja Perjalanan Dinas Biasa,243209000,1,26-Jan,Provinsi Papua Pegunungan,BADAN KEPEGAWAIAN DAN PENGEMBANGAN SUMBER DAYA MANUSIA,"Papua Pegunungan, Lainnya",43221585
2961,Belanja Perjalanan Dinas Biasa,941334000,1,26-Feb,Provinsi Papua Pegunungan,SEKRETARIAT DEWAN PERWAKILAN RAKYAT DAERAH,"Papua Pegunungan, Jayawijaya (Kab.)",42793557
2962,Belanja Perjalanan Dinas Biasa,41000000,1,26-Jun,Provinsi Papua Pegunungan,DINAS PETERNAKAN DAN PERIKANAN,"Papua Pegunungan, Jayawijaya (Kab.)",42809371
2963,BELANJA PERJALANAN DINAS BIASA,1571308000,1,26-Feb,Provinsi Papua Pegunungan,INSPEKTORAT DAERAH,"Papua Pegunungan, Jayawijaya (Kab.)",42833543
2964,Belanja Perjalanan Dinas Biasa,1522850000,1,26-Feb,Provinsi Papua Pegunungan,SEKRETARIAT DEWAN PERWAKILAN RAKYAT DAERAH,"Papua Pegunungan, Jayawijaya (Kab.)",42841824
2965,Belanja Perjalanan Dinas Biasa,9200000,1,26-Feb,Provinsi Papua Pegunungan,DINAS PERHUBUNGAN,"Papua Pegunungan, Jayawijaya (Kab.)",42842853
2966,Belanja perjalanan dinas biasa,150964000,1,26-Feb,Provinsi Papua Pegunungan,DINAS PARIWISATA DAN EKONOMI KREATIF,"Papua Pegunungan, Jayawijaya (Kab.)",42848967
2967,Belanja Perjalanan Dinas Biasa,62794000,1,26-Feb,Provinsi Papua Pegunungan,DINAS PERHUBUNGAN,"Papua Pegunungan, Jayawijaya (Kab.)",42851621
2968,Belanja Perjalanan Dinas Biasa,71094000,1,26-May,Provinsi Papua Pegunungan,DINAS PERHUBUNGAN,"Papua, Jayapura (Kota)",42853698
2969,Belanja Perjalanan Dinas Biasa,194534000,1,26-Feb,Provinsi Papua Pegunungan,"BADAN PENGELOLAAN PENDAPATAN, KEUANGAN, DAN ASET DAERAH","Papua Pegunungan, Jayawijaya (Kab.)",42863951
2970,Belanja Perjalanan Dinas Biasa,124400000,1,26-Feb,Provinsi Papua Pegunungan,"DINAS LINGKUNGAN HIDUP, KEHUTANAN DAN PERTANAHAN","Papua Pegunungan, Jayawijaya (Kab.)",42888945
2971,Belanja Perjalanan Dinas Biasa,165181000,1,26-Feb,Provinsi Papua Pegunungan,"DINAS LINGKUNGAN HIDUP, KEHUTANAN DAN PERTANAHAN","Papua Pegunungan, Jayawijaya (Kab.)",42888994
2972,Belanja Perjalanan Dinas Biasa - Dalam Negeri,36500000,1,26-Feb,Provinsi Papua Pegunungan,DINAS PEKERJAAN UMUM DAN PERUMAHAN RAKYAT,"Papua Pegunungan, Jayawijaya (Kab.)",42909004
2973,Belanja Perjalanan Dinas Biasa,118320000,1,26-Feb,Provinsi Papua Pegunungan,DINAS PEKERJAAN UMUM DAN PERUMAHAN RAKYAT,"Papua Pegunungan, Jayawijaya (Kab.)",42909014
2974,Belanja Perjalanan Dinas Biasa,140223000,1,26-Mar,Provinsi Papua Pegunungan,"BADAN PERENCANAAN PEMBANGUNAN, RISET DAN INOVASI DAERAH","Papua Pegunungan, Jayawijaya (Kab.)",42917353
2975,Belanja Perjalanan Dinas Biasa,399782000,1,26-Mar,Provinsi Papua Pegunungan,DINAS PEMBERDAYAAN MASYAKAT DAN KAMPUNG,"Papua Pegunungan, Jayawijaya (Kab.)",42921618
2976,Belanja Perjalanan Dinas Biasa,49906000,1,26-Mar,Provinsi Papua Pegunungan,DINAS KEPENDUDUKAN DAN PENCATATAN SIPIL,"Papua Pegunungan, Jayawijaya (Kab.)",42943775
2977,Belanja Perjalanan Dinas Biasa,123306000,1,26-Mar,Provinsi Papua Pegunungan,DINAS KOPERASI DAN USAHA KECIL DAN MENENGAH,"Papua Pegunungan, Jayawijaya (Kab.)",42946010
2978,Belanja Perjalanan Dinas Biasa,391532000,1,26-Feb,Provinsi Papua Pegunungan,DINAS PENGENDALIAN PENDUDUK DAN KELUARGA BERENCANA,"Papua Pegunungan, Jayawijaya (Kab.)",42993190
2979,Belanja Perjalanan Dinas Biasa,6500000,1,26-Mar,Provinsi Papua Pegunungan,"DINAS KOMUNIKASI, INFORMATIKA, PERSANDIAN DAN STATISTIK","Papua Pegunungan, Lainnya",43052988
2980,Belanja Perjalanan Dinas Biasa,264660000,1,26-Mar,Provinsi Papua Pegunungan,"DINAS KOMUNIKASI, INFORMATIKA, PERSANDIAN DAN STATISTIK","Papua Pegunungan, Jayawijaya (Kab.)",43049642
2981,Belanja Perjalanan Dinas Biasa,6596000,1,26-Jan,Provinsi Papua Pegunungan,BADAN KEPEGAWAIAN DAN PENGEMBANGAN SUMBER DAYA MANUSIA,"Papua Pegunungan, Lainnya",43221581
2982,Belanja Perjalanan Dinas Biasa,349885000,1,26-Feb,Provinsi Papua Pegunungan,DINAS PEKERJAAN UMUM DAN PERUMAHAN RAKYAT,"Papua Pegunungan, Jayawijaya (Kab.)",43010754
2983,Belanja Perjalanan Dinas Biasa,46000000,1,26-Mar,Provinsi Papua Pegunungan,DINAS PEKERJAAN UMUM DAN PERUMAHAN RAKYAT,"Papua Pegunungan, Jayawijaya (Kab.)",43011047
2984,Belanja Perjalanan Dinas Biasa,161030000,1,26-Mar,Provinsi Papua Pegunungan,Biro Perekonomian dan Administrasi Pembangunan,"Papua Pegunungan, Jayawijaya (Kab.)",43028624
2985,Belanja Perjalanan Dinas Biasa,97040000,1,26-Feb,Provinsi Papua Pegunungan,DINAS PERHUBUNGAN,"Papua Pegunungan, Jayawijaya (Kab.)",42840449
2986,Belanja Perjalanan Dinas Biasa,7707000,1,26-Feb,Provinsi Papua Pegunungan,DINAS PERHUBUNGAN,"Papua Pegunungan, Jayawijaya (Kab.)",42851609
2987,Belanja Perjalanan Dinas Biasa,71094000,1,26-May,Provinsi Papua Pegunungan,DINAS PERHUBUNGAN,"Papua, Jayapura (Kota)",42853711
2988,Belanja Perjalanan Dinas Biasa,199999622,1,26-Feb,Provinsi Papua Pegunungan,DINAS PENANAMAN MODAL DAN PELAYANAN TERPADU SATU PINTU,"Papua Pegunungan, Jayawijaya (Kab.)",42874698
2989,Belanja Perjalanan Dinas Biasa,97820000,1,26-Jan,Provinsi Papua Pegunungan,DINAS PENANAMAN MODAL DAN PELAYANAN TERPADU SATU PINTU,"Papua Pegunungan, Jayawijaya (Kab.)",42874709
2990,Belanja Perjalanan Dinas Biasa,86882000,1,26-Feb,Provinsi Papua Pegunungan,DINAS PENANAMAN MODAL DAN PELAYANAN TERPADU SATU PINTU,"Papua Pegunungan, Jayawijaya (Kab.)",42874711
2991,Belanja Perjalanan Dinas Biasa,136046000,1,26-Feb,Provinsi Papua Pegunungan,"DINAS LINGKUNGAN HIDUP, KEHUTANAN DAN PERTANAHAN","Papua Pegunungan, Jayawijaya (Kab.)",42889071
2992,Belanja Perjalanan Dinas Biasa,20300000,1,26-Feb,Provinsi Papua Pegunungan,DINAS PEKERJAAN UMUM DAN PERUMAHAN RAKYAT,"Papua Pegunungan, Jayawijaya (Kab.)",42909746
2993,Belanja Perjalanan Dinas Biasa,148064000,1,26-Mar,Provinsi Papua Pegunungan,"BADAN PERENCANAAN PEMBANGUNAN, RISET DAN INOVASI DAERAH","Papua Pegunungan, Jayawijaya (Kab.)",42917237
2994,Belanja Perjalanan Dinas Biasa,240043000,1,26-Mar,Provinsi Papua Pegunungan,"BADAN PERENCANAAN PEMBANGUNAN, RISET DAN INOVASI DAERAH","Papua Pegunungan, Jayawijaya (Kab.)",42917341
2995,Belanja Perjalanan Dinas Biasa,203857000,1,26-Mar,Provinsi Papua Pegunungan,"BADAN PERENCANAAN PEMBANGUNAN, RISET DAN INOVASI DAERAH","Papua Pegunungan, Jayawijaya (Kab.)",42917362
2996,Belanja Perjalanan Dinas Biasa,159800000,1,26-Mar,Provinsi Papua Pegunungan,DINAS PEMBERDAYAAN MASYAKAT DAN KAMPUNG,"Papua Pegunungan, Jayawijaya (Kab.)",42921554
2997,Belanja Perjalanan Dinas Biasa,100374000,1,26-Feb,Provinsi Papua Pegunungan,"DINAS LINGKUNGAN HIDUP, KEHUTANAN DAN PERTANAHAN","Papua Pegunungan, Jayawijaya (Kab.)",42929384
2998,Belanja Perjalanan Dinas Biasa,505569000,1,26-Feb,Provinsi Papua Pegunungan,Biro Perekonomian dan Administrasi Pembangunan,"Papua Pegunungan, Jayawijaya (Kab.)",42932104
2999,Belanja Perjalanan Dinas Biasa,499934000,1,26-Jan,Provinsi Papua Pegunungan,DINAS PERINDUSTRIAN DAN PERDAGANGAN,"Papua Pegunungan, Jayawijaya (Kab.)",43006587
3000,Belanja Perjalanan Dinas Biasa,5220000,1,26-Mar,Provinsi Papua Pegunungan,DINAS PEKERJAAN UMUM DAN PERUMAHAN RAKYAT,"Papua Pegunungan, Jayawijaya (Kab.)",42990607
301,Satuan Biaya Tiket Pesawat Udara Perjalanan Dinas Dalam Negeri Pergi Pulang (PP) - Ekonomi - Jakarta ke Medan,76160000,1,26-Mar,Provinsi Sumatera Utara,Dinas Pertanian dan Ketahanan Pangan,,43276047
302,"Belanja Perjalanan Dinas Biasa (Perjalanan dalam Rangka Monitoring, Supervisi, Pendampingan dan Pengawalan Gerdal OPT) UPTD PTPH dan PMKP",232220000,1,26-Mar,Provinsi Sumatera Utara,Dinas Pertanian dan Ketahanan Pangan,"Sumatera Utara, Medan (Kota)",43276246
303,Belanja Perjalanan Dinas Biasa,100000000,1,26-Jan,Provinsi Sumatera Utara,"Dinas Perindustrian, Perdagangan, Energi dan Sumber Daya Mineral","Sumatera Utara, Medan (Kota)",43279076
304,Belanja Perjalanan Dinas Biasa (Bidang HMB),55980000,1,26-Jan,Provinsi Sumatera Utara,"Dinas Perindustrian, Perdagangan, Energi dan Sumber Daya Mineral","Sumatera Utara, Medan (Kota)",43279249
305,Belanja Perjalanan Dinas Biasa (Cabang Dinas I),41750000,1,26-Jan,Provinsi Sumatera Utara,"Dinas Perindustrian, Perdagangan, Energi dan Sumber Daya Mineral","Sumatera Utara, Deli Serdang (Kab.)",43281667
306,Belanja Perjalanan Dinas Biasa Penelitian dan Pengembangan Pekerjaan Umum,41912000,1,26-Jan,Provinsi Sumatera Utara,"Badan Perencanaan Pembangunan, Riset dan Inovasi  Daerah","Sumatera Utara, Medan (Kota)",43284839
307,Belanja Perjalanan Dinas Biasa,19896000,1,26-Feb,Provinsi Sumatera Utara,"Dinas Perindustrian, Perdagangan, Energi dan Sumber Daya Mineral","Sumatera Utara, Medan (Kota)",43287084
308,Belanja Perjalanan Dinas Biasa (Cabang Dinas IV),39554000,1,26-Jan,Provinsi Sumatera Utara,"Dinas Perindustrian, Perdagangan, Energi dan Sumber Daya Mineral","Sumatera Utara, Labuhan Batu (Kab.)",43291484
309,Belanja Perjalanan Dinas Biasa (Cabang Dinas IV),5506000,1,26-Jan,Provinsi Sumatera Utara,"Dinas Perindustrian, Perdagangan, Energi dan Sumber Daya Mineral","Sumatera Utara, Labuhan Batu (Kab.)",43291848
310,Belanja Perjalanan Dinas Biasa,468365000,1,26-Feb,Provinsi Sumatera Utara,"Dinas Pemberdayaan Masyarakat dan Desa, Kependudukan dan Catatan Sipil","Sumatera Utara, Medan (Kota)",43292628
311,Belanja Perjalanan Dinas Dalam Daerah Penatausahaan Keuangan,135744000,1,26-Jan,Provinsi Sumatera Utara,Badan Pendapatan Daerah,"Sumatera Utara, Medan (Kota)",43294090
312,Belanja Perjalanan Dinas Biasa,40950000,1,26-Jan,Provinsi Sumatera Utara,Satuan Polisi Pamong Praja,"Sumatera Utara, Medan (Kota)",43245399
313,Belanja Perjalanan Dinas Paket Meeting Dalam Kota,17100000,1,26-Jan,Provinsi Sumatera Utara,Badan Kesatuan Bangsa dan Politik,"Sumatera Utara, Medan (Kota)",43247537
314,Belanja Perjalanan Dinas Biasa - Pelatihan SKKNI KJK Bagi Pengurus/Kepala Cabang Koperasi,8232000,1,26-Feb,Provinsi Sumatera Utara,Dinas Koperasi dan Usaha Kecil Menengah,"Sumatera Utara, Medan (Kota)",43258936
315,Belanja Perjalanan Dinas Biasa,163124000,1,26-Jan,Provinsi Sumatera Utara,Badan Keuangan dan Aset Daerah,"Sumatera Utara, Medan (Kota)",43303376
316,Belanja Perjalanan Dinas Paket Meeting Dalam Kota,181980000,1,26-Jan,Provinsi Sumatera Utara,Badan Keuangan dan Aset Daerah,"Sumatera Utara, Medan (Kota)",43303439
317,Belanja Perjalanan Dinas Biasa Belanja Perjalanan Dinas Dalam Daerah UPTD Pependa Gunung Sitoli,70064000,1,26-Jan,Provinsi Sumatera Utara,Badan Pendapatan Daerah,"Sumatera Utara, Gunung Sitoli (Kota)",43308062
318,Belanja Perjalanan Dinas Biasa Belanja Perjalanan Dinas Dalam Daerah UPTD Pependa Salak,40948000,1,26-Jan,Provinsi Sumatera Utara,Badan Pendapatan Daerah,"Sumatera Utara, Pakpak Bharat (Kab.)",43314255
319,Belanja Perjalanan Dinas Biasa,59212000,1,26-Apr,Provinsi Sumatera Utara,"Dinas Pemberdayaan Perempuan, Perlindungan Anak dan Keluarga Berencana","Sumatera Utara, Medan (Kota)",43264198
320,Belanja Perjalanan Dinas Paket Meeting Dalam Kota,20045000,1,26-Apr,Provinsi Sumatera Utara,"Dinas Pemberdayaan Perempuan, Perlindungan Anak dan Keluarga Berencana","Sumatera Utara, Medan (Kota)",43264661
321,Belanja Perjalanan Dinas Biasa Pengelolaan Sarana dan Prasarana Spiritual,2058954000,1,26-Jan,Provinsi Sumatera Utara,Biro Kesejahteraan Rakyat,"Sumatera Utara, Medan (Kota)",43265220
322,Belanja Perjalanan Dinas Biasa dalam rangka Kegiatan Peringatan Hari Ikan Nasional,74198000,1,26-Sep,Provinsi Sumatera Utara,Dinas Kelautan dan Perikanan,"Sumatera Utara, Medan (Kota)",43266214
323,Belanja Perjalanan Dinas Paket Meeting Dalam Kota,2850000,1,26-Apr,Provinsi Sumatera Utara,"Dinas Pemberdayaan Perempuan, Perlindungan Anak dan Keluarga Berencana","Sumatera Utara, Medan (Kota)",43267212
324,Belanja Perjalanan Dinas Dalam Kota Fasilitasi Kelembagaan Bina Spiritual,90000000,1,26-Jan,Provinsi Sumatera Utara,Biro Kesejahteraan Rakyat,"Sumatera Utara, Medan (Kota)",43269934
325,Belanja Perjalanan Dinas Biasa,25208000,1,26-Jan,Provinsi Sumatera Utara,Dinas Ketenagakerjaan,"Sumatera Utara, Medan (Kota)",43273727
326,Belanja Perjalanan Dinas Dalam Kota,5500000,1,26-Jan,Provinsi Sumatera Utara,Dinas Ketenagakerjaan,"Sumatera Utara, Medan (Kota)",43273744
327,Belanja Perjalanan Dinas Biasa,301611000,1,26-Jan,Provinsi Sumatera Utara,Biro Hukum,"Sumatera Utara, Medan (Kota)",42485273
328,Belanja Perjalanan Dinas Biasa BIAYA TIKET KAPAL PENYEBERANGAN,101250000,1,26-Jan,Provinsi Sumatera Utara,Dinas Perhubungan,"Sumatera Utara, Medan (Kota)",42523046
329,Belanja Perjalanan Dinas Biasa,69510000,1,26-Apr,Provinsi Sumatera Utara,Dinas Kelautan dan Perikanan,"Sumatera Utara, Langkat (Kab.)",42549731
330,Belanja Perjalanan Dinas Biasa,70760000,1,26-Jan,Provinsi Sumatera Utara,Dinas Kelautan dan Perikanan,"Sumatera Utara, Samosir (Kab.)",42553565
331,Belanja Perjalanan Dinas Biasa UPTD PSP WIL I BINJAI,107425000,1,26-Jan,Provinsi Sumatera Utara,Dinas Perhubungan,"Sumatera Utara, Binjai (Kota)",42594019
332,Belanja Perjalanan Dinas Biasa Pengelolaan Kawasan Konservasi,66359000,1,26-Jun,Provinsi Sumatera Utara,Dinas Kelautan dan Perikanan,"Sumatera Utara, Batubara (Kab.)",42603127
333,Belanja Perjalanan Dinas,58360000,1,26-Jan,Provinsi Sumatera Utara,Dinas Kelautan dan Perikanan,"Sumatera Utara, Medan (Kota)",42618519
334,Belanja Perjalanan Dinas Biasa,10500000,1,26-Jan,Provinsi Sumatera Utara,Badan Penghubung,"DKI Jakarta, Jakarta Pusat (Kota)",42665173
335,Belanja Perjalanan Dinas Biasa,187290000,1,26-Jan,Provinsi Sumatera Utara,Dinas Komunikasi dan Informatika,"Sumatera Utara, Medan (Kota)",42668830
336,Belanja Perjalanan Dinas Biasa,1050000,1,26-Jan,Provinsi Sumatera Utara,Dinas Ketenagakerjaan,"Sumatera Utara, Medan (Kota)",42749902
337,Belanja Perjalanan Dinas Biasa - Koordinasi Penyusunan Dokumen RKA-SKPD,15000000,1,26-Feb,Provinsi Sumatera Utara,Inspektorat Daerah Provinsi,"Sumatera Utara, Medan (Kota)",42818402
338,Belanja Perjalanan Dinas Biasa - Koordinasi Penyusunan Dokumen DPA-SKPD,18750000,1,26-Feb,Provinsi Sumatera Utara,Inspektorat Daerah Provinsi,"Sumatera Utara, Medan (Kota)",42822266
339,Belanja Perjalanan Dinas Biasa - Pelatihan Kantor Sendiri,21300000,1,26-Feb,Provinsi Sumatera Utara,Inspektorat Daerah Provinsi,"Sumatera Utara, Medan (Kota)",42825712
340,Belanja Perjalanan Dinas Biasa - pada kegiatan Rapat Koordinasi dan Konsultasi SKPD,322414000,1,26-Jan,Provinsi Sumatera Utara,Dinas Koperasi dan Usaha Kecil Menengah,"Sumatera Utara, Medan (Kota)",42827358
341,"Belanja Perjalanan Dinas Biasa - pada kegiatan Koordinasi, Konsultasi dan Kerjasama Dalam Maupun Luar Provinsi (UPTD.PLUT)",44491000,1,26-Jan,Provinsi Sumatera Utara,Dinas Koperasi dan Usaha Kecil Menengah,"Sumatera Utara, Medan (Kota)",42827398
342,Belanja Perjalanan Dinas Biasa - Pemeriksaan Non Dumas,609953000,1,26-Feb,Provinsi Sumatera Utara,Inspektorat Daerah Provinsi,"Sumatera Utara, Medan (Kota)",42831013
343,Belanja Perjalanan Dinas Biasa - PEMBINAAN DAN PENGAWASAN REFORMASI BIROKRASI PERANGKAT DAERAH,118200000,1,26-Feb,Provinsi Sumatera Utara,Inspektorat Daerah Provinsi,"Sumatera Utara, Medan (Kota)",42831207
344,Belanja Perjalanan Dinas Biasa - Pengelolaan Stranas PK,20400000,1,26-Feb,Provinsi Sumatera Utara,Inspektorat Daerah Provinsi,"Sumatera Utara, Medan (Kota)",42831911
345,Belanja PerjalananDinas Biasa - Koordinasi Penanganan Pascabencana,153434000,1,26-Jan,Provinsi Sumatera Utara,Badan Penanggulangan Bencana Daerah,"Sumatera Utara, Medan (Kota)",42955513
346,Belanja Perjalanan Dinas Biasa,38014000,1,26-Jan,Provinsi Sumatera Utara,Dinas Ketenagakerjaan,"Sumatera Utara, Medan (Kota)",43019531
347,Belanja Perjalanan Dinas Dalam Kota sub kegiatan Sosialisasi Budaya Baca dan Literasi pada Satuan Pendidikan Tingkat Menengah dan Pendidikan Khusus serta Masyarakat,43200000,1,26-Apr,Provinsi Sumatera Utara,Dinas Perpustakaan dan Arsip,"Sumatera Utara, Medan (Kota)",43141664
348,Belanja Perjalanan Dinas Biasa,163304000,1,26-Jan,Provinsi Sumatera Utara,Biro Perekonomian,"Sumatera Utara, Medan (Kota)",43176869
349,Belanja Perjalanan Dinas Biasa,114772000,1,26-Jan,Provinsi Sumatera Utara,Biro Perekonomian,"Sumatera Utara, Medan (Kota)",43178441
350,"Belanja Perjalanan Dinas Biasa - Pengawasan, Pemeriksaan dan Tindak Lanjut Kesehatan Koperasi",249005000,1,26-Feb,Provinsi Sumatera Utara,Dinas Koperasi dan Usaha Kecil Menengah,"Sumatera Utara, Medan (Kota)",43236943
351,"Belanja Perjalanan Dinas Dalam Kota - Pengawasan, Pemeriksaan dan Tindak Lanjut Kesehatan Koperasi",14250000,1,26-Feb,Provinsi Sumatera Utara,Dinas Koperasi dan Usaha Kecil Menengah,"Sumatera Utara, Medan (Kota)",43236947
352,Belanja Perjalanan Dinas Biasa,2465346000,1,26-Jan,Provinsi Sumatera Utara,Sekretariat DPRD,"Sumatera Utara, Medan (Kota)",43322339
353,Belanja Perjalanan Dinas Biasa  (PSD 6) LIGA SEPAKBOLA PELAJAR PIALA GUBERNUR PROVINSI SUMATERA UTARA,39750000,1,26-Apr,Provinsi Sumatera Utara,Dinas Kepemudaan dan Keolahragaan,"Sumatera Utara, Medan (Kota)",43334910
354,Belanja Perjalanan Dinas Biasa,255519051,1,26-Jan,Provinsi Sumatera Utara,Dinas Pertanian dan Ketahanan Pangan,"Sumatera Utara, Deli Serdang (Kab.)",43274936
355,"Belanja Perjalanan Dinas Dalam Kota- PENGEMBANGAN BUDIDAYA BAWANG MERAH, CABAI MERAH DAN KENTANG",105000000,1,26-Feb,Provinsi Sumatera Utara,Dinas Pertanian dan Ketahanan Pangan,"Sumatera Utara, Medan (Kota)",43274962
356,belanja perjalanan dinas  perbanyakan benih bersertifkan hortikultura berbentuk batang,25836000,1,26-Jan,Provinsi Sumatera Utara,Dinas Pertanian dan Ketahanan Pangan,"Sumatera Utara, Karo (Kab.)",43275123
357,Belanja Perjalanan Dinas Biasa,29970000,1,26-Jan,Provinsi Sumatera Utara,"Dinas Pemberdayaan Perempuan, Perlindungan Anak dan Keluarga Berencana","Sumatera Utara, Medan (Kota)",43275539
358,Belanja Perjalanan Dinas Biasa (Pengambilan Sampel/Pengawasan Keamanan PSAT) UPTD PTPH dan PMKP,46196000,1,26-May,Provinsi Sumatera Utara,Dinas Pertanian dan Ketahanan Pangan,"Sumatera Utara, Medan (Kota)",43275618
359,"Biaya Penginapan Perjalanan Dinas Dalam Negeri - Pejabat Eselon IV/ Golongan III, II Dan I -  Sumatera Utara",2796000,1,26-Mar,Provinsi Sumatera Utara,Dinas Pertanian dan Ketahanan Pangan,"Sumatera Utara, Lainnya",43276014
360,Belanja Perjalanan Dinas Biasa,60237000,1,26-Jan,Provinsi Sumatera Utara,Dinas Kesehatan,"Sumatera Utara, Medan (Kota)",43278728
361,Belanja Perjalanan Dinas Paket Meeting Dalam Kota,51690000,1,26-Apr,Provinsi Sumatera Utara,Dinas Kesehatan,"Sumatera Utara, Medan (Kota)",43278758
362,Belanja Perjalanan Dinas Biasa  - Fasilitasi dan pembinaan untuk penguatan kelembagaan Riset dan Inovasi  di daerah,13996000,1,26-Jan,Provinsi Sumatera Utara,"Badan Perencanaan Pembangunan, Riset dan Inovasi  Daerah","Sumatera Utara, Medan (Kota)",43285996
363,Belanja Perjalanan Dinas Biasa,128151000,1,26-Jan,Provinsi Sumatera Utara,"Dinas Perindustrian, Perdagangan, Energi dan Sumber Daya Mineral","Sumatera Utara, Medan (Kota)",43286129
364,Perjalanan Dinas Luar Provinsi (UPTD Perbenihan),15972000,1,26-Jan,Provinsi Sumatera Utara,Dinas Pertanian dan Ketahanan Pangan,"DKI Jakarta, Jakarta Pusat (Kota)",43286954
365,Belanja Perjalanan Dinas Biasa,26340000,1,26-Jan,Provinsi Sumatera Utara,"Dinas Perindustrian, Perdagangan, Energi dan Sumber Daya Mineral","Sumatera Utara, Medan (Kota)",43287522
366,Belanja Perjalanan Dinas Biasa,50036000,1,26-Mar,Provinsi Sumatera Utara,Badan Kesatuan Bangsa dan Politik,"Sumatera Utara, Medan (Kota)",43248655
367,Belanja Perjalanan Dinas Biasa,59913000,1,26-Apr,Provinsi Sumatera Utara,Dinas Kelautan dan Perikanan,"Sumatera Utara, Tapanuli Tengah (Kab.)",43254884
368,Perjalanan Dinas Biasa,27940000,1,26-Apr,Provinsi Sumatera Utara,Dinas Kelautan dan Perikanan,"Sumatera Utara, Tapanuli Tengah (Kab.) | Sumatera Utara, Langkat (Kab.)",43254993
369,Belanja Perjalanan Dinas Paket Meeting Dalam Kota,19475000,1,26-Apr,Provinsi Sumatera Utara,"Dinas Pemberdayaan Perempuan, Perlindungan Anak dan Keluarga Berencana","Sumatera Utara, Medan (Kota)",43255194
370,Belanja Perjalanan Dinas Biasa,92398000,1,26-Jan,Provinsi Sumatera Utara,Badan Keuangan dan Aset Daerah,"Sumatera Utara, Medan (Kota)",43303839
371,Belanja Perjalanan Dinas Sub Kegiatan Pengembangan Usaha Perhutanan Sosial pada Dinas Lingkungan Hidup dan Kehutanan Provsu serta Lingkup UPTD,757578101,1,26-Jan,Provinsi Sumatera Utara,Dinas Lingkungan Hidup dan Kehutanan,"Sumatera Utara, Medan (Kota)",43304035
372,Belanja Perjalanan Dinas Dalam Kota - Sumut digital market dan galeri virtual produk UMKM kreatif,15000000,1,26-Feb,Provinsi Sumatera Utara,Dinas Koperasi dan Usaha Kecil Menengah,"Sumatera Utara, Medan (Kota)",43260625
373,Belanja Perjalanan Dinas Paket Meeting Dalam Kota,28525000,1,26-Apr,Provinsi Sumatera Utara,"Dinas Pemberdayaan Perempuan, Perlindungan Anak dan Keluarga Berencana","Sumatera Utara, Medan (Kota)",43266771
374,Belanja Perjalanan Dinas Biasa,45564000,1,26-Jan,Provinsi Sumatera Utara,Dinas Pertanian dan Ketahanan Pangan,"Sumatera Utara, Lainnya",43271053
375,Belanja Perjalanan Dinas Biasa,108778000,1,26-Mar,Provinsi Sumatera Utara,Dinas Pertanian dan Ketahanan Pangan,"Sumatera Utara, Deli Serdang (Kab.)",43271445
376,Belanja Perjalanan Dinas Biasa,87960000,1,26-Mar,Provinsi Sumatera Utara,Dinas Pertanian dan Ketahanan Pangan,"Sumatera Utara, Medan (Kota)",43271983
377,Belanja Perjalanan Dinas Biasa,146567000,1,26-Feb,Provinsi Sumatera Utara,Dinas Pertanian dan Ketahanan Pangan,,43272533
378,Belanja Perjalanan Dinas Biasa - Dukungan Inovasi Daerah,18216000,1,26-May,Provinsi Sumatera Utara,Dinas Koperasi dan Usaha Kecil Menengah,"Sumatera Utara, Medan (Kota)",43236938
379,Belanja Perjalanan Dinas Biasa,224504000,1,26-Jan,Provinsi Sumatera Utara,Satuan Polisi Pamong Praja,"Sumatera Utara, Medan (Kota)",43241721
380,Belanja Perjalanan Dinas Biasa (Pemdes),622800000,1,26-Feb,Provinsi Sumatera Utara,"Dinas Pemberdayaan Masyarakat dan Desa, Kependudukan dan Catatan Sipil","Sumatera Utara, Medan (Kota)",43242669
381,Belanja Perjalanan Dinas Biasa,52212000,1,26-Jan,Provinsi Sumatera Utara,"Badan Perencanaan Pembangunan, Riset dan Inovasi  Daerah","Sumatera Utara, Medan (Kota)",42483200
382,Belanja Perjalanan Dinas Biasa,268921000,1,26-Jan,Provinsi Sumatera Utara,"Badan Perencanaan Pembangunan, Riset dan Inovasi  Daerah","Sumatera Utara, Medan (Kota)",42484714
383,Belanja Perjalanan Dinas Biasa PENGAWASAN ANGKUTAN PENUMPANG DAN BARANG,55192000,1,26-Jan,Provinsi Sumatera Utara,Dinas Perhubungan,"Sumatera Utara, Medan (Kota)",42522963
384,Belanja Perjalanan Dinas Biasa SURVEI PRASARANA ANGKUTAN LEBARAN DAN NATARU,91095000,1,26-Jan,Provinsi Sumatera Utara,Dinas Perhubungan,"Sumatera Utara, Medan (Kota)",42523016
385,Belanja Perjalanan Dinas Biasa PAM LALIN,83800000,1,26-Jan,Provinsi Sumatera Utara,Dinas Perhubungan,"Sumatera Utara, Medan (Kota)",42523152
386,Belanja Perjalanan Dinas Biasa,20628000,1,26-Jan,Provinsi Sumatera Utara,Dinas Ketenagakerjaan,"Sumatera Utara, Medan (Kota)",42526175
387,Belanja Perjalanan Dinas Biasa,91950000,1,26-Apr,Provinsi Sumatera Utara,Dinas Kelautan dan Perikanan,"Sumatera Utara, Medan (Kota)",42553689
388,Belanja Perjalanan Dinas Biasa Subsidi Transportasi Bus Perintis untuk Daerah-Daerah Terpencil (Kab. Nias Utara),32970000,1,26-Jan,Provinsi Sumatera Utara,Dinas Perhubungan,"Sumatera Utara, Nias Utara (Kab.)",42594010
389,Belanja Perjalanan Dinas Biasa,119624000,1,26-Jan,Provinsi Sumatera Utara,Dinas Kesehatan,"Sumatera Utara, Medan (Kota)",42739452
390,Belanja Perjalanan Dinas Biasa,385834000,1,26-Feb,Provinsi Sumatera Utara,Dinas Kesehatan,"Sumatera Utara, Medan (Kota)",42741817
391,Belanja Perjalanan Dinas Biasa,2400000,1,26-Jan,Provinsi Sumatera Utara,Dinas Ketenagakerjaan,"Sumatera Utara, Medan (Kota)",42749872
392,Belanja Perjalanan Dinas Biasa,900000,1,26-Jan,Provinsi Sumatera Utara,Dinas Ketenagakerjaan,"Sumatera Utara, Medan (Kota)",42749950
393,Belanja Perjalanan Dinas Biasa - Penyusunan Laporan Capaian Kinerja dan Ikhtisar Realiasi Kinerja SKPD,15000000,1,26-Feb,Provinsi Sumatera Utara,Inspektorat Daerah Provinsi,"Sumatera Utara, Medan (Kota)",42822648
394,Belanja Perjalanan Dinas Biasa - Pendidikan dan Pelatihan Teknis dan Fungsional,137814000,1,26-Feb,Provinsi Sumatera Utara,Inspektorat Daerah Provinsi,"Sumatera Utara, Medan (Kota)",42825904
395,Belanja Perjalanan Dinas Biasa - Perjalanan Dinas Biasa,189950000,1,26-Feb,Provinsi Sumatera Utara,Inspektorat Daerah Provinsi,"Sumatera Utara, Medan (Kota)",42828132
396,Belanja Perjalanan Dinas Biasa - Pengawasan Kinerja Pemerintah Daerah,1804616000,1,26-Feb,Provinsi Sumatera Utara,Inspektorat Daerah Provinsi,"Sumatera Utara, Medan (Kota)",42829145
397,Belanja Perjalanan Dinas Biasa - TLHP Inspektorat Provinsi Sumatera Utara terhadap Pengelolaan Dana BOSP,285750000,1,26-Feb,Provinsi Sumatera Utara,Inspektorat Daerah Provinsi,"Sumatera Utara, Medan (Kota)",42830762
398,Belanja Perjalanan Dinas Biasa - Probity Audit (Mencapai PSD),1625850000,1,26-Feb,Provinsi Sumatera Utara,Inspektorat Daerah Provinsi,"Sumatera Utara, Medan (Kota)",42831028
399,"Belanja Perjalanan Dinas Biasa - MONITORING, EVALUASI DAN PENILAIAN ZONA INTEGRITAS MENUJU WBK DAN WBBM",101510000,1,26-Feb,Provinsi Sumatera Utara,Inspektorat Daerah Provinsi,"Sumatera Utara, Medan (Kota)",42831193
400,Belanja Perjalanan Dinas Biasa - PENGEMBANGAN MATURITAS SPIP,100500000,1,26-Feb,Provinsi Sumatera Utara,Inspektorat Daerah Provinsi,"Sumatera Utara, Medan (Kota)",42831721
401,Belanja Perjalanan Dinas Biasa - Pengawasan Kinerja Pemerintah Daerah,1804616000,1,26-Feb,Provinsi Sumatera Utara,Inspektorat Daerah Provinsi,"Sumatera Utara, Medan (Kota)",42829145
402,Belanja Perjalanan Dinas Biasa - TLHP Inspektorat Provinsi Sumatera Utara terhadap Pengelolaan Dana BOSP,285750000,1,26-Feb,Provinsi Sumatera Utara,Inspektorat Daerah Provinsi,"Sumatera Utara, Medan (Kota)",42830762
403,Belanja Perjalanan Dinas Biasa - Probity Audit (Mencapai PSD),1625850000,1,26-Feb,Provinsi Sumatera Utara,Inspektorat Daerah Provinsi,"Sumatera Utara, Medan (Kota)",42831028
404,"Belanja Perjalanan Dinas Biasa - MONITORING, EVALUASI DAN PENILAIAN ZONA INTEGRITAS MENUJU WBK DAN WBBM",101510000,1,26-Feb,Provinsi Sumatera Utara,Inspektorat Daerah Provinsi,"Sumatera Utara, Medan (Kota)",42831193
405,Belanja Perjalanan Dinas Biasa - PENGEMBANGAN MATURITAS SPIP,100500000,1,26-Feb,Provinsi Sumatera Utara,Inspektorat Daerah Provinsi,"Sumatera Utara, Medan (Kota)",42831721
406,Belanja Perjalanan Dinas Dalam Negeri (Penguatan Kapasitas),75896000,1,26-May,Provinsi Sumatera Utara,Badan Penanggulangan Bencana Daerah,"Sumatera Utara, Medan (Kota)",42901714
407,Belanja Perjalanan Dinas Dalam Negeri Kegiatan Bimbingan Teknis,33000000,1,26-Jan,Provinsi Sumatera Utara,Sekretariat DPRD,"Sumatera Utara, Medan (Kota)",42925498
408,"Belanja Perjalanan Dinas Biasa kegiatan Koordinasi, Rapat Luar Daerah dan Rapat Evaluasi Dana Alokasi Khusus",66294000,1,26-Jan,Provinsi Sumatera Utara,"Dinas Kebudayaan, Pariwisata dan Ekonomi Kreatif","Sumatera Utara, Medan (Kota)",42934823
409,Belanja Perjalanan Dinas Biasa,127980000,1,26-Jan,Provinsi Sumatera Utara,Dinas Ketenagakerjaan,"Sumatera Utara, Medan (Kota)",43019667
410,Belanja Perjalanan Dinas Biasa,378350000,1,26-Jan,Provinsi Sumatera Utara,"Dinas Perindustrian, Perdagangan, Energi dan Sumber Daya Mineral","Sumatera Utara, Medan (Kota)",43090415
411,Belanja Perjalanan Dinas Biasa (Dana BLUD),79130000,1,26-Jan,Provinsi Sumatera Utara,UPTD Khusus Rumah Sakit Umum Haji Medan,"Sumatera Utara, Deli Serdang (Kab.)",43211174
412,Belanja Perjalanan Dinas Biasa,8792000,1,26-May,Provinsi Sumatera Utara,"Dinas Perindustrian, Perdagangan, Energi dan Sumber Daya Mineral","Sumatera Utara, Medan (Kota)",43291915
413,Belanja Perjalanan Dinas Biasa,292728000,1,26-Jan,Provinsi Sumatera Utara,Badan Keuangan dan Aset Daerah,"Sumatera Utara, Medan (Kota)",43302031
414,Belanja Perjalanan Dinas Biasa,115416000,1,26-Jan,Provinsi Sumatera Utara,Badan Keuangan dan Aset Daerah,"Sumatera Utara, Medan (Kota)",43302306
415,Belanja Perjalanan Dinas Paket Meeting Dalam Kota,294680000,1,26-Apr,Provinsi Sumatera Utara,Dinas Pertanian dan Ketahanan Pangan,"Sumatera Utara, Medan (Kota)",43273910
416,"Biaya Penginapan Perjalanan Dinas Dalam Negeri - Pejabat Eselon IV/ Golongan III, II Dan I -  Sumatera Utara",27960000,1,26-Mar,Provinsi Sumatera Utara,Dinas Pertanian dan Ketahanan Pangan,"Sumatera Utara, Medan (Kota)",43276012
417,Uang Harian Perjalanan Dinas Dalam Negeri - Luar Kota -  Gorontalo,44400000,1,26-Mar,Provinsi Sumatera Utara,Dinas Pertanian dan Ketahanan Pangan,"Gorontalo, Gorontalo (Kota)",43276040
418,Perjalanan Dinas Biasa,401782500,1,26-Jan,Provinsi Sumatera Utara,Dinas Pertanian dan Ketahanan Pangan,"Sumatera Utara, Medan (Kota)",43277712
419,Belanja Perjalanan Dinas Biasa (Bidang HMB),73502000,1,26-Jan,Provinsi Sumatera Utara,"Dinas Perindustrian, Perdagangan, Energi dan Sumber Daya Mineral","Sumatera Utara, Medan (Kota)",43279310
420,Belanja Perjalanan Dinas Biasa Penelitian dan Pengembangan Kesehatan,37114000,1,26-Jan,Provinsi Sumatera Utara,"Badan Perencanaan Pembangunan, Riset dan Inovasi  Daerah","Sumatera Utara, Medan (Kota)",43283340
421,Belanja Perjalanan Dinas Biasa,2260000,1,26-Mar,Provinsi Sumatera Utara,"Dinas Perindustrian, Perdagangan, Energi dan Sumber Daya Mineral","Sumatera Utara, Medan (Kota)",43285045
422,Belanja Perjalanan Dinas Biasa (Program),46796000,1,26-Feb,Provinsi Sumatera Utara,"Dinas Pemberdayaan Masyarakat dan Desa, Kependudukan dan Catatan Sipil","Sumatera Utara, Medan (Kota)",43286344
423,Belanja Perjalanan Dinas Biasa (BID. II),54522000,1,26-Jan,Provinsi Sumatera Utara,"Dinas Pemberdayaan Masyarakat dan Desa, Kependudukan dan Catatan Sipil","Sumatera Utara, Medan (Kota)",43286459
424,Belanja Perjalanan Dinas Dalam Negeri,100099000,1,26-Jan,Provinsi Sumatera Utara,Sekretariat DPRD,"Sumatera Utara, Medan (Kota)",43308903
425,Belanja Perjalanan Dinas Biasa - Sumut digital market dan galeri virtual produk UMKM kreatif,82110000,1,26-Feb,Provinsi Sumatera Utara,Dinas Koperasi dan Usaha Kecil Menengah,"Sumatera Utara, Medan (Kota)",43260597
426,Belanja Perjalanan Dinas Biasa,36366000,1,26-Apr,Provinsi Sumatera Utara,"Dinas Pemberdayaan Perempuan, Perlindungan Anak dan Keluarga Berencana","Sumatera Utara, Medan (Kota)",43264630
427,Belanja Perjalanan Dinas Biasa,80584000,1,26-Apr,Provinsi Sumatera Utara,"Dinas Pemberdayaan Perempuan, Perlindungan Anak dan Keluarga Berencana","Sumatera Utara, Medan (Kota)",43267163
428,Belanja Perjalanan Dinas Biasa,111993000,1,26-Jan,Provinsi Sumatera Utara,Biro Organisasi,"Sumatera Utara, Medan (Kota)",43269570
429,Belanja Perjalanan Dinas Biasa Kebijakan Kesejahteraan Rakyat Bidang Pendidikan,1635898000,1,26-Jan,Provinsi Sumatera Utara,Biro Kesejahteraan Rakyat,"Sumatera Utara, Medan (Kota)",43270051
430,Belanja Perjalanan Dinas Biasa UPTD. BIAT Arse Sipirok,124808200,1,26-Feb,Provinsi Sumatera Utara,Dinas Pertanian dan Ketahanan Pangan,"Sumatera Utara, Tapanuli Selatan (Kab.)",43271807
431,Belanja Perjalanan Dinas Biasa - Dukungan Supervisi & Monev TP.PKK,125465000,1,26-Mar,Provinsi Sumatera Utara,Dinas Koperasi dan Usaha Kecil Menengah,"Sumatera Utara, Medan (Kota)",43272591
432,Belanja Perjalanan Dinas Biasa,52170000,1,26-Jan,Provinsi Sumatera Utara,"Dinas Perindustrian, Perdagangan, Energi dan Sumber Daya Mineral","Sumatera Utara, Medan (Kota)",43273378
433,Belanja Perjalanan Dinas Biasa,636264000,1,26-Jan,Provinsi Sumatera Utara,Satuan Polisi Pamong Praja,"Sumatera Utara, Medan (Kota)",43245652
434,Belanja Perjalanan Dinas Biasa Tata Usaha,568467000,1,26-Jan,Provinsi Sumatera Utara,Biro Kesejahteraan Rakyat,"Sumatera Utara, Medan (Kota)",43246113
435,Perjalanan Dinas Biasa,97101000,1,26-Jan,Provinsi Sumatera Utara,Badan Kesatuan Bangsa dan Politik,"Sumatera Utara, Medan (Kota)",43247044
436,Belanja Perjalanan Dinas Biasa (Adminduk),28404000,1,26-Feb,Provinsi Sumatera Utara,"Dinas Pemberdayaan Masyarakat dan Desa, Kependudukan dan Catatan Sipil","Sumatera Utara, Medan (Kota)",43243745
437,Belanja Perjalanan Dinas Biasa,91890000,1,26-Jan,Provinsi Sumatera Utara,Biro Administrasi Pembangunan,"Sumatera Utara, Medan (Kota)",41860733
438,Belanja Perjalanan Dinas Biasa,96604000,1,26-Jan,Provinsi Sumatera Utara,Biro Administrasi Pembangunan,"Sumatera Utara, Medan (Kota)",41860806
439,Belanja Perjalanan Dinas Biasa,183400000,1,26-Jan,Provinsi Sumatera Utara,Biro Pengadaan Barang dan Jasa,"Sumatera Utara, Medan (Kota)",42356995
440,Belanja Perjalanan Dinas Biasa,218174000,1,26-Jan,Provinsi Sumatera Utara,"Badan Perencanaan Pembangunan, Riset dan Inovasi  Daerah","Sumatera Utara, Medan (Kota)",42376756
441,Belanja Perjalanan Dinas Biasa,48964000,1,26-Feb,Provinsi Sumatera Utara,"Badan Perencanaan Pembangunan, Riset dan Inovasi  Daerah","Sumatera Utara, Medan (Kota)",42379453
442,Belanja Perjalanan Dinas Biasa,64817000,1,26-Jan,Provinsi Sumatera Utara,"Badan Perencanaan Pembangunan, Riset dan Inovasi  Daerah","Sumatera Utara, Medan (Kota)",42478374
443,Belanja Perjalanan Dinas Biasa,35872000,1,26-Jan,Provinsi Sumatera Utara,Biro Hukum,"Sumatera Utara, Medan (Kota)",42486004
444,Belanja Perjalanan Dinas Biasa,81960000,1,26-Jan,Provinsi Sumatera Utara,Dinas Kelautan dan Perikanan,"Sumatera Utara, Medan (Kota)",42549862
445,Belanja Perjalanan Dinas Biasa,51374000,1,26-Oct,Provinsi Sumatera Utara,Dinas Kelautan dan Perikanan,"Sumatera Utara, Medan (Kota)",42551559
446,Belanja Perjalanan Dinas Biasa UPTD PSP WILAYAH II KABANJAHE,35608000,1,26-Jan,Provinsi Sumatera Utara,Dinas Perhubungan,"Sumatera Utara, Karo (Kab.)",42576004
447,Belanja Perjalanan Dinas Paket Meeting Dalam Kota (Penyusunan Dokumen Monev),1140000,1,26-Jan,Provinsi Sumatera Utara,UPTD Khusus Rumah Sakit Jiwa Prof. Dr. M. Ildrem,"Sumatera Utara, Medan (Kota)",42584645
448,Belanja Perjalanan Dinas Biasa,494860800,1,26-Jan,Provinsi Sumatera Utara,Dinas Kesehatan,"Sumatera Utara, Medan (Kota)",42738455
449,Belanja Perjalanan Dinas Biasa,238374000,1,26-Jan,Provinsi Sumatera Utara,UPTD Laboratorium Kesehatan,"Sumatera Utara, Medan (Kota)",42764260
450,Belanja Perjalanan Dinas Biasa - Penyusunan Laporan Kinerja Inspektorat Provinsi Sumatera Utara,15000000,1,26-Feb,Provinsi Sumatera Utara,Inspektorat Daerah Provinsi,"Sumatera Utara, Medan (Kota)",42822735
451,Belanja Perjalanan Dinas Biasa - laporan aset,24000000,1,26-Feb,Provinsi Sumatera Utara,Inspektorat Daerah Provinsi,"Sumatera Utara, Medan (Kota)",42824359
452,Belanja Perjalanan Dinas Biasa - Tiket Pesawat,152320000,1,26-Feb,Provinsi Sumatera Utara,Inspektorat Daerah Provinsi,"Sumatera Utara, Medan (Kota)",42828161
453,Belanja Perjalanan Dinas Biasa - Pelayanan Pemeriksaan Dumas,2927990000,1,26-Feb,Provinsi Sumatera Utara,Inspektorat Daerah Provinsi,"Sumatera Utara, Medan (Kota)",42830968
454,Belanja Perjalanan Dinas Biasa,1100000,1,26-Apr,Provinsi Sumatera Utara,Biro Perekonomian,"Sumatera Utara, Medan (Kota)",42835338
455,Belanja Perjalanan Dinas Biasa (KIE),80890000,1,26-Apr,Provinsi Sumatera Utara,Badan Penanggulangan Bencana Daerah,"Sumatera Utara, Medan (Kota)",42945227
456,Belanja Perjalanan Dinas (Bimtek Pasca Bencana),13116000,1,26-Jul,Provinsi Sumatera Utara,Badan Penanggulangan Bencana Daerah,"Sumatera Utara, Medan (Kota)",42947425
457,Belanja PerjalananDinas Biasa - SPM,22122000,1,26-Feb,Provinsi Sumatera Utara,Badan Penanggulangan Bencana Daerah,"Sumatera Utara, Medan (Kota)",42961668
458,Belanja Perjalanan Dinas Biasa,86449000,1,26-Jan,Provinsi Sumatera Utara,Dinas Ketenagakerjaan,"Sumatera Utara, Medan (Kota)",43017229
459,Belanja Perjalanan Dinas Biasa,4452000,1,26-Jan,Provinsi Sumatera Utara,Dinas Ketenagakerjaan,"Sumatera Utara, Medan (Kota)",43041493
460,Belanja Perjalanan Dinas Biasa,24858000,1,26-Mar,Provinsi Sumatera Utara,Dinas Perpustakaan dan Arsip,"Sumatera Utara, Medan (Kota)",43176125
461,Belanja Perjalanan Dinas Biasa,110108000,1,26-Feb,Provinsi Sumatera Utara,Biro Perekonomian,"Sumatera Utara, Medan (Kota)",43177391
462,Belanja Perjalanan Dinas Biasa,136734000,1,26-Jan,Provinsi Sumatera Utara,Biro Perekonomian,"Sumatera Utara, Medan (Kota)",43177758
463,Belanja Perjalanan Dinas Biasa,124852000,1,26-Jan,Provinsi Sumatera Utara,Biro Perekonomian,"Sumatera Utara, Medan (Kota)",43178162
464,Belanja Perjalanan Dinas Biasa (Cabang Dinas III),44281600,1,26-Jan,Provinsi Sumatera Utara,"Dinas Perindustrian, Perdagangan, Energi dan Sumber Daya Mineral","Sumatera Utara, Pematang Siantar (Kota)",43288862
465,Belanja Perjalanan Dinas Biasa (Cabang Dinas V),53257800,1,26-Jan,Provinsi Sumatera Utara,"Dinas Perindustrian, Perdagangan, Energi dan Sumber Daya Mineral","Sumatera Utara, Padang Sidempuan (Kota)",43296754
466,Belanja Perjalanan Dinas Biasa (Cabang Dinas V),17508000,1,26-Jan,Provinsi Sumatera Utara,"Dinas Perindustrian, Perdagangan, Energi dan Sumber Daya Mineral","Sumatera Utara, Padang Sidempuan (Kota)",43297199
467,Belanja Perjalanan Dinas Paket Meeting Luar Kota,303000000,1,26-Jan,Provinsi Sumatera Utara,Badan Keuangan dan Aset Daerah,"Sumatera Utara, Medan (Kota)",43301931
468,Belanja Perjalanan Dinas Biasa,156974000,1,26-Jan,Provinsi Sumatera Utara,"Badan Perencanaan Pembangunan, Riset dan Inovasi  Daerah","Sumatera Utara, Medan (Kota)",43181424
469,Uang Harian Perjalanan Dinas Dalam Negeri - Luar Kota -  Sumatera Utara,24050000,1,26-Apr,Provinsi Sumatera Utara,Dinas Pertanian dan Ketahanan Pangan,"Sumatera Utara, Medan (Kota)",43275930
470,Belanja Perjalanan Dinas Biasa (Bidang HMB),49723000,1,26-Jan,Provinsi Sumatera Utara,"Dinas Perindustrian, Perdagangan, Energi dan Sumber Daya Mineral","Sumatera Utara, Medan (Kota)",43279281
471,Belanja Perjalanan Dinas Biasa Penelitian dan Pengembangan Perindustrian dan Perdagangan,35736000,1,26-Jan,Provinsi Sumatera Utara,"Badan Perencanaan Pembangunan, Riset dan Inovasi  Daerah","Sumatera Utara, Medan (Kota)",43284333
472,Belanja Perjalanan Dinas Biasa Koordinasi sistem ilmu pengetahuan dan teknologi di daerah,143804000,1,26-Jan,Provinsi Sumatera Utara,"Badan Perencanaan Pembangunan, Riset dan Inovasi  Daerah","Sumatera Utara, Medan (Kota)",43285093
473,Belanja Perjalanan Dinas Biasa,30000000,1,26-Jan,Provinsi Sumatera Utara,Satuan Polisi Pamong Praja,"Sumatera Utara, Medan (Kota)",43245481
474,Belanja Perjalanan Dinas Biasa,218232000,1,26-Jan,Provinsi Sumatera Utara,Satuan Polisi Pamong Praja,"Sumatera Utara, Medan (Kota)",43247688
475,Belanja Perjalanan Dinas Dalam Kota,15000000,1,26-Jan,Provinsi Sumatera Utara,Satuan Polisi Pamong Praja,"Sumatera Utara, Medan (Kota)",43247768
476,Belanja Perjalanan Dinas Biasa,25474000,1,26-Mar,Provinsi Sumatera Utara,Badan Kesatuan Bangsa dan Politik,"Sumatera Utara, Medan (Kota)",43247983
477,Belanja Perjalanan Dinas Biasa Dalam Kota (Pemanfaatan Data Kependudukan),4200000,1,26-Mar,Provinsi Sumatera Utara,"Dinas Pemberdayaan Masyarakat dan Desa, Kependudukan dan Catatan Sipil","Sumatera Utara, Medan (Kota)",43250311
478,Perjalanan Dinas Biasa,66108000,1,26-Apr,Provinsi Sumatera Utara,Dinas Kelautan dan Perikanan,"Sumatera Utara, Mandailing Natal (Kab.)",43254922
479,Belanja Perjalanan Dinas Biasa,26934000,1,26-Mar,Provinsi Sumatera Utara,"Dinas Pemberdayaan Perempuan, Perlindungan Anak dan Keluarga Berencana","Sumatera Utara, Medan (Kota)",43258066
480,Belanja Perjalanan Dinas Biasa,14448000,1,26-Apr,Provinsi Sumatera Utara,"Dinas Pemberdayaan Perempuan, Perlindungan Anak dan Keluarga Berencana","Sumatera Utara, Medan (Kota)",43264843
481,Belanja Perjalanan Dinas Biasa,425721000,1,26-Jan,Provinsi Sumatera Utara,Dinas Kepemudaan dan Keolahragaan,"Sumatera Utara, Medan (Kota)",43265466
482,Belanja Perjalanan Dinas Biasa dalam rangka Pengembangan Kawasan Unggulan Perikanan,429987000,1,26-Jan,Provinsi Sumatera Utara,Dinas Kelautan dan Perikanan,"Sumatera Utara, Asahan (Kab.)",43266199
483,Belanja Perjalanan Dinas Biasa Luar Negeri Fasilitasi Kelembagaan Bina Spiritual,5670000000,1,26-Jan,Provinsi Sumatera Utara,Biro Kesejahteraan Rakyat,"Sumatera Utara, Medan (Kota)",43269954
484,Belanja Perjalanan Dinas Paket Meeting Luar Kota,72940000,1,26-Jul,Provinsi Sumatera Utara,Dinas Pertanian dan Ketahanan Pangan,"Sumatera Utara, Lainnya",43272238
485,Belanja Perjalanan Dinas Dalam Kota - Mall UMKM (Optimalisasi PLUT),9750000,1,26-Mar,Provinsi Sumatera Utara,Dinas Koperasi dan Usaha Kecil Menengah,"Sumatera Utara, Medan (Kota)",43272676
486,Belanja Perjalanan Dinas Biasa,40849000,1,26-Jan,Provinsi Sumatera Utara,"Dinas Perindustrian, Perdagangan, Energi dan Sumber Daya Mineral","Sumatera Utara, Medan (Kota)",43273313
487,Belanja Perjalanan Dinas Dalam Kota,4000000,1,26-Jan,Provinsi Sumatera Utara,Dinas Ketenagakerjaan,"Sumatera Utara, Medan (Kota)",43273632
488,Belanja Perjalanan Dinas Biasa,622894000,1,26-Jan,Provinsi Sumatera Utara,Satuan Polisi Pamong Praja,"Sumatera Utara, Medan (Kota)",43240563
489,Belanja Perjalanan Dinas Biasa,212382000,1,26-Jan,Provinsi Sumatera Utara,Biro Administrasi Pembangunan,"Sumatera Utara, Medan (Kota)",41858625
490,Belanja Perjalanan Dinas Biasa,15618000,1,26-Jan,Provinsi Sumatera Utara,Biro Pengadaan Barang dan Jasa,"Sumatera Utara, Medan (Kota)",42356834
491,Belanja Perjalanan Dinas Biasa,53046000,1,26-Jan,Provinsi Sumatera Utara,"Badan Perencanaan Pembangunan, Riset dan Inovasi  Daerah","Sumatera Utara, Medan (Kota)",42479213
492,"Belanja Perjalanan Dinas Biasa KOORDINASI, MONITORING, PEMERIKSAAN DAN PENGAWASAN DI BIDANG PELAYARAN",97180000,1,26-Jan,Provinsi Sumatera Utara,Dinas Perhubungan,"Sumatera Utara, Medan (Kota)",42523062
493,Belanja Perjalanan Dinas Biasa Penyelenggaraan Rapat Koordinasi dan Konsultasi SKPD,1152095000,1,26-Jan,Provinsi Sumatera Utara,Dinas Perhubungan,"Sumatera Utara, Medan (Kota)",42523626
494,Belanja Perjalanan Dinas Biasa (Penumbuhan dan Pengembangan POKMASWAS),75892000,1,26-Feb,Provinsi Sumatera Utara,Dinas Kelautan dan Perikanan,"Sumatera Utara, Medan (Kota)",42533173
495,Belanja Perjalanan Dinas Paket Meeting Dalam Kota,1140000,1,26-Jan,Provinsi Sumatera Utara,UPTD Khusus Rumah Sakit Jiwa Prof. Dr. M. Ildrem,"Sumatera Utara, Medan (Kota)",42545658
496,Belanja Perjalanan Dinas Biasa,75560000,1,26-Jan,Provinsi Sumatera Utara,Dinas Kelautan dan Perikanan,"Sumatera Utara, Pematang Siantar (Kota)",42553676
497,Belanja Perjalanan Dinas Biasa UPTD ADP PARAPAT,77425000,1,26-Jan,Provinsi Sumatera Utara,Dinas Perhubungan,"Sumatera Utara, Medan (Kota)",42572873
498,"Belanja Perjalanan Dinas Biasa Kebutuhan Akreditasi, RS. Pendidikan dan Konsultasi",327366000,1,26-Jan,Provinsi Sumatera Utara,UPTD Khusus Rumah Sakit Jiwa Prof. Dr. M. Ildrem,"Sumatera Utara, Medan (Kota)",42583044
499,Belanja Perjalanan Dinas Biasa Subsidi Transportasi Bus Perintis untuk Daerah-Daerah Terpencil (Kab. Padang Lawas Utara),34368000,1,26-Feb,Provinsi Sumatera Utara,Dinas Perhubungan,"Sumatera Utara, Padang Lawas Utara (Kab.)",42593514
500,Belanja Perjalanan Dinas Biasa Pengintegrasian Materi Teknis,96758000,1,26-Jan,Provinsi Sumatera Utara,Dinas Kelautan dan Perikanan,"DKI Jakarta, Jakarta Pusat (Kota) | Sumatera Utara, Batubara (Kab.) | Sumatera Utara, Langkat (Kab.) | Sumatera Utara, Tapanuli Tengah (Kab.)",42618184
501,Belanja Perjalanan Dinas Biasa Rehabilitasi Wilayah Perairan,64372000,1,26-Apr,Provinsi Sumatera Utara,Dinas Kelautan dan Perikanan,"Sumatera Utara, Tapanuli Tengah (Kab.)",42695945
502,Belanja Perjalanan Dinas Biasa,74456000,1,26-Apr,Provinsi Sumatera Utara,Dinas Kesehatan,"Sumatera Utara, Medan (Kota)",42738509
503,Belanja Perjalanan Dinas Biasa,2275930000,1,26-Jan,Provinsi Sumatera Utara,Dinas Kesehatan,"Sumatera Utara, Medan (Kota)",42740457
504,Belanja Perjalanan Dinas Biasa - Koordinasi Penyusunan Dokumen Perubahan RKA-SKPD,15000000,1,26-Feb,Provinsi Sumatera Utara,Inspektorat Daerah Provinsi,"Sumatera Utara, Medan (Kota)",42818589
505,Belanja Perjalanan Dinas Biasa - Uang Harian,300900000,1,26-Feb,Provinsi Sumatera Utara,Inspektorat Daerah Provinsi,"Sumatera Utara, Medan (Kota)",42828346
506,Belanja Perjalanan Dinas Biasa - Reviu Laporan Keuangan,110000000,1,26-Feb,Provinsi Sumatera Utara,Inspektorat Daerah Provinsi,"Sumatera Utara, Medan (Kota)",42829461
507,Belanja Perjalanan Dinas Biasa - PENGAWASAN UMUM DAN TEKNIS,1230052000,1,26-Feb,Provinsi Sumatera Utara,Inspektorat Daerah Provinsi,"Sumatera Utara, Medan (Kota)",42829709
508,Belanja Perjalanan Dinas Biasa - Pengelolaan SPI,19600000,1,26-Feb,Provinsi Sumatera Utara,Inspektorat Daerah Provinsi,"Sumatera Utara, Medan (Kota)",42831907
509,Belanja Perjalanan Dinas Dalam Negeri Kegiatan Kunkungan Kerja Dalam Daerah,8736952000,1,26-Jan,Provinsi Sumatera Utara,Sekretariat DPRD,"Sumatera Utara, Medan (Kota)",42900995
510,Belanja Perjalanan Dinas Paket Meeting Dalam Kota,729600000,1,26-Jan,Provinsi Sumatera Utara,Dinas Komunikasi dan Informatika,"Sumatera Utara, Medan (Kota)",42923198
511,Belanja Perjalanan Dinas Biasa,146346000,1,26-Jan,Provinsi Sumatera Utara,Badan Pengembangan Sumber Daya Manusia,"Sumatera Utara, Medan (Kota)",42936921
512,Belanja Perjalanan Dinas- Pembentukan desa/keluarahan tangguh bencana,107438000,1,26-Jun,Provinsi Sumatera Utara,Badan Penanggulangan Bencana Daerah,"Sumatera Utara, Medan (Kota)",42956258
513,Belanja Perjalanan Dinas Biasa  Kebutuhan UPTD Rumah Sakit Khusus Paru,45000000,1,26-Jan,Provinsi Sumatera Utara,UPTD Rumah Sakit Khusus Paru,"Sumatera Utara, Medan (Kota)",42967867
514,Belanja Perjalanan Dinas Biasa,3000000,1,26-Jan,Provinsi Sumatera Utara,Dinas Ketenagakerjaan,"Sumatera Utara, Medan (Kota)",43041340
515,Belanja Perjalanan Dinas Biasa,72750000,1,26-Jan,Provinsi Sumatera Utara,Dinas Ketenagakerjaan,"Sumatera Utara, Medan (Kota)",43043330
516,Belanja Perjalanan Dinas Biasa sub kegiatan Sosialisasi Budaya Baca dan Literasi pada Satuan Pendidikan Tingkat Menengah dan Pendidikan Khusus serta Masyarakat,97047000,1,26-Apr,Provinsi Sumatera Utara,Dinas Perpustakaan dan Arsip,"Sumatera Utara, Medan (Kota)",43141665
517,Belanja Perjalanan Dinas Biasa,50846000,1,26-Jan,Provinsi Sumatera Utara,Badan Keuangan dan Aset Daerah,"Sumatera Utara, Medan (Kota)",43303267
518,Belanja Perjalanan Dinas Biasa,152520000,1,26-Jan,Provinsi Sumatera Utara,Badan Keuangan dan Aset Daerah,"Sumatera Utara, Medan (Kota)",43303306
519,Belanja Perjalanan Dinas Biasa - Koperasi Role Model Koperasi Desa/Kelurahan Merah Putih,70308000,1,26-Feb,Provinsi Sumatera Utara,Dinas Koperasi dan Usaha Kecil Menengah,"Sumatera Utara, Medan (Kota)",43259826
520,Belanja Perjalanan Dinas Dalam Kota,16830000,1,26-Apr,Provinsi Sumatera Utara,"Dinas Pemberdayaan Perempuan, Perlindungan Anak dan Keluarga Berencana","Sumatera Utara, Medan (Kota)",43263007
521,Belanja Perjalanan Dinas Biasa,247469000,1,26-Sep,Provinsi Sumatera Utara,"Dinas Pemberdayaan Perempuan, Perlindungan Anak dan Keluarga Berencana","Sumatera Utara, Medan (Kota)",43267359
522,Belanja Perjalanan Dinas Biasa Kebijakan Kesejahteraan Rakyat Bidang Porabudpar,180066000,1,26-Jan,Provinsi Sumatera Utara,Biro Kesejahteraan Rakyat,"Sumatera Utara, Medan (Kota)",43270761
523,"Belanja Perjalanan Dinas Biasa Kebijakan Kesejahteraan Rakyat Bidang PPPA, PPKB, Mindukcapil, PMD, dan Transnaker",298240000,1,26-Jan,Provinsi Sumatera Utara,Biro Kesejahteraan Rakyat,"Sumatera Utara, Medan (Kota)",43270818
524,Belanja Perjalanan Dinas Dalam Kota - Dukungan Supervisi & Monev TP.PKK,450000,1,26-Aug,Provinsi Sumatera Utara,Dinas Koperasi dan Usaha Kecil Menengah,"Sumatera Utara, Medan (Kota)",43272601
525,Belanja Perjalanan Dinas Biasa,503884000,1,26-Jan,Provinsi Sumatera Utara,Dinas Pertanian dan Ketahanan Pangan,"Sumatera Utara, Medan (Kota)",43273665
526,Belanja Perjalanan Dinas Paket Meeting Dalam Kota,13300000,1,26-Jan,Provinsi Sumatera Utara,Dinas Ketenagakerjaan,"Sumatera Utara, Medan (Kota)",43273677
527,Belanja Perjalanan Dinas Paket Meeting Dalam Kota,5225000,1,26-Jan,Provinsi Sumatera Utara,Dinas Ketenagakerjaan,"Sumatera Utara, Medan (Kota)",43273745
528,Belanja Perjalanan Dinas Biasa,661100950,1,26-Apr,Provinsi Sumatera Utara,Dinas Pertanian dan Ketahanan Pangan,"Sumatera Utara, Medan (Kota)",43273909
529,Belanja Perjalanan Dinas Biasa,172886000,1,26-Feb,Provinsi Sumatera Utara,Biro Perekonomian,"Sumatera Utara, Medan (Kota)",43176699
530,Belanja Perjalanan Dinas Biasa,30000000,1,26-Jan,Provinsi Sumatera Utara,Satuan Polisi Pamong Praja,"Sumatera Utara, Medan (Kota)",43245567
531,Belanja Perjalanan Dinas Paket Meeting Luar Kota,19000000,1,26-Mar,Provinsi Sumatera Utara,Badan Kesatuan Bangsa dan Politik,"Sumatera Utara, Medan (Kota)",43248213
532,Belanja Perjalanan Dinas Paket Meeting Dalam Kota,9500000,1,26-Mar,Provinsi Sumatera Utara,Badan Kesatuan Bangsa dan Politik,"Sumatera Utara, Medan (Kota)",43248691
533,Belanja Perjalanan Dinas Paket Meeting Dalam Kota,51240000,1,26-Jan,Provinsi Sumatera Utara,Badan Kesatuan Bangsa dan Politik,"Sumatera Utara, Medan (Kota)",43255245
534,Belanja Perjalanan Dinas Biasa,155528000,1,26-Mar,Provinsi Sumatera Utara,Badan Kesatuan Bangsa dan Politik,"Sumatera Utara, Medan (Kota)",43255972
535,Belanja Perjalanan Dinas Biasa (Fasilitasi terkait Pencatatan Sipil),31102000,1,26-Jan,Provinsi Sumatera Utara,"Dinas Pemberdayaan Masyarakat dan Desa, Kependudukan dan Catatan Sipil","Sumatera Utara, Medan (Kota)",43240001
536,Belanja Perjalanan Dinas Biasa,10357000,1,26-Mar,Provinsi Sumatera Utara,Satuan Polisi Pamong Praja,"Sumatera Utara, Medan (Kota)",43240267
537,Belanja Perjalanan Dinas Biasa,170388000,1,26-Jan,Provinsi Sumatera Utara,Satuan Polisi Pamong Praja,"Sumatera Utara, Medan (Kota)",43242628
538,Belanja Perjalanan Dinas Biasa,149534000,1,26-Jan,Provinsi Sumatera Utara,Biro Administrasi Pembangunan,"Sumatera Utara, Medan (Kota)",41860426
539,"Belanja Perjalanan Dinas Biasa (Pengawasan usaha pemasaran , pengolahan hasil perikanan)",89685000,1,26-Jan,Provinsi Sumatera Utara,Dinas Kelautan dan Perikanan,"Sumatera Utara, Medan (Kota)",42534895
540,Belanja Perjalanan Dinas Biasa,191846000,1,26-Jan,Provinsi Sumatera Utara,"Badan Perencanaan Pembangunan, Penelitian dan Pengembangan","Sumatera Utara, Medan (Kota)",42537494
541,Belanja Perjalanan Dinas Biasa,25875000,1,26-Oct,Provinsi Sumatera Utara,Dinas Kelautan dan Perikanan,"Sumatera Utara, Samosir (Kab.)",42551353
542,Belanja Perjalanan Dinas Paket Meeting Dalam Kota (Konsultasi dalam kota),19000000,1,26-Jan,Provinsi Sumatera Utara,UPTD Khusus Rumah Sakit Jiwa Prof. Dr. M. Ildrem,"Sumatera Utara, Medan (Kota)",42583828
543,Belanja Perjalanan Dinas Biasa UPTD PSP WIL IV TARUTUNG,95420000,1,26-Jan,Provinsi Sumatera Utara,Dinas Perhubungan,"Sumatera Utara, Asahan (Kab.)",42593310
544,Belanja Perjalanan Dinas Biasa UPTD PSP WIL VI GUNUNG SITOLI,124475000,1,26-Jan,Provinsi Sumatera Utara,Dinas Perhubungan,"Sumatera Utara, Gunung Sitoli (Kota)",42593527
545,Belanja Perjalanan Dinas Biasa,79695000,1,26-Jan,Provinsi Sumatera Utara,Dinas Kelautan dan Perikanan,"Sumatera Utara, Medan (Kota)",42707805
546,Belanja Perjalanan Dinas Biasa,79836000,1,26-Feb,Provinsi Sumatera Utara,Dinas Kesehatan,"Sumatera Utara, Medan (Kota)",42739056
547,Belanja Perjalanan Dinas Biasa,211438000,1,26-Jan,Provinsi Sumatera Utara,Dinas Kesehatan,"Sumatera Utara, Medan (Kota)",42741170
548,Belanja Perjalanan Dinas Biasa,3000000,1,26-Jan,Provinsi Sumatera Utara,Dinas Ketenagakerjaan,"Sumatera Utara, Medan (Kota)",42765834
549,Belanja Perjalanan Dinas Biasa - TLHP Inspektorat Jenderal Kemendagri,111680000,1,26-Feb,Provinsi Sumatera Utara,Inspektorat Daerah Provinsi,"Sumatera Utara, Medan (Kota)",42830578
550,Belanja Perjalanan Dinas Biasa - TLHP Inspektorat Jenderal Kemendagri dan Kementerian/Lembaga Lainnya,37500000,1,26-Feb,Provinsi Sumatera Utara,Inspektorat Daerah Provinsi,"Sumatera Utara, Medan (Kota)",42830620
551,Belanja Perjalanan Dinas Biasa (KRB),22266000,1,26-Jun,Provinsi Sumatera Utara,Badan Penanggulangan Bencana Daerah,"Sumatera Utara, Medan (Kota)",42899411
552,Belanja Perjalanan Dinas Penguatan Kelembagaan Bencana Daerah,125462000,1,26-Feb,Provinsi Sumatera Utara,Badan Penanggulangan Bencana Daerah,"Sumatera Utara, Medan (Kota)",42902514
553,Belanja Perjalanan Dinas Biasa (UPTD Pelatihan Kesehatan Provsu),145323000,1,26-Apr,Provinsi Sumatera Utara,UPTD Pelatihan Kesehatan,"Sumatera Utara, Medan (Kota)",42929765
554,"Belanja Perjalanan Dinas Biasa kegiatan Monitoring, Koordinasi dan Evaluasi",59484000,1,26-Jan,Provinsi Sumatera Utara,"Dinas Kebudayaan, Pariwisata dan Ekonomi Kreatif","Sumatera Utara, Medan (Kota)",42934921
555,Belanja Perjalanan Dinas Biasa (Respon Cepat penanganan darurat bencana),294236000,1,26-Jan,Provinsi Sumatera Utara,Badan Penanggulangan Bencana Daerah,"Sumatera Utara, Medan (Kota)",42944705
556,Belanja Perjalanan Dinas Kegiatan Pengumpulan dan Pengolahan Data Koleksi,49640000,1,26-Mar,Provinsi Sumatera Utara,"Dinas Kebudayaan, Pariwisata dan Ekonomi Kreatif","Sumatera Utara, Medan (Kota)",42948046
557,1 Belanja Perjalanan Dinas Biasa- - Gladi Kesiapsiagaan,77069000,1,26-Feb,Provinsi Sumatera Utara,Badan Penanggulangan Bencana Daerah,"Sumatera Utara, Medan (Kota)",42951510
558,Belanja Perjalanan Dinas Biasa,2400000,1,26-Jan,Provinsi Sumatera Utara,Dinas Ketenagakerjaan,"Sumatera Utara, Medan (Kota)",43020155
559,Belanja Perjalanan Dinas Paket Meeting Dalam Kota,61320000,1,26-Jan,Provinsi Sumatera Utara,Dinas Ketenagakerjaan,"Sumatera Utara, Medan (Kota)",43043331
560,Belanja Perjalanan Dinas Biasa sub kegiatan Pengembangan Perpustakaan di Tingkat Daerah Provinsi,85219000,1,26-Jan,Provinsi Sumatera Utara,Dinas Perpustakaan dan Arsip,"Sumatera Utara, Medan (Kota)",43136206
561,Belanja Perjalanan Dinas Paket Meeting Dalam Kota,78000000,1,26-Feb,Provinsi Sumatera Utara,Dinas Pertanian dan Ketahanan Pangan,"Sumatera Utara, Medan (Kota)",43274971
562,Biaya Penginapan Perjalanan Dinas Dalam Negeri - Pejabat Eselon III/ Golongan IV -  Sumatera Utara,6600000,1,26-Apr,Provinsi Sumatera Utara,Dinas Pertanian dan Ketahanan Pangan,"Sumatera Utara, Medan (Kota)",43275933
563,"Biaya Penginapan Perjalanan Dinas Dalam Negeri - Pejabat Eselon IV/ Golongan III, II Dan I -  Sumatera Utara",38445000,1,26-Apr,Provinsi Sumatera Utara,Dinas Pertanian dan Ketahanan Pangan,"Sumatera Utara, Medan (Kota)",43275936
564,"Biaya Penginapan Perjalanan Dinas Dalam Negeri - Pejabat Eselon IV/ Golongan III, II Dan I -  Sumatera Utara",13980000,1,26-Mar,Provinsi Sumatera Utara,Dinas Pertanian dan Ketahanan Pangan,"Sumatera Utara, Lainnya",43276020
565,Perjalanan Dinas Biasa,175680000,1,26-Mar,Provinsi Sumatera Utara,Dinas Pertanian dan Ketahanan Pangan,"Sumatera Utara, Medan (Kota)",43277722
566,Belanja Perjalanan Dinas Paket Meeting Luar Kota,16352000,1,26-Apr,Provinsi Sumatera Utara,Dinas Kesehatan,"Sumatera Utara, Medan (Kota)",43278869
567,Belanja Perjalanan Dinas Dalam Daerah,248619000,1,26-Jan,Provinsi Sumatera Utara,Badan Pendapatan Daerah,"Sumatera Utara, Medan (Kota)",43285150
568,Belanja Perjalanan Dinas Dalam Daerah,281462000,1,26-Jan,Provinsi Sumatera Utara,Badan Pendapatan Daerah,"Sumatera Utara, Medan (Kota)",43287554
569,Belanja Perjalanan Dinas Biasa (Cabang Dinas IV),67146000,1,26-Jan,Provinsi Sumatera Utara,"Dinas Perindustrian, Perdagangan, Energi dan Sumber Daya Mineral","Sumatera Utara, Labuhan Batu (Kab.)",43290516
570,Belanja Perjalanan Dinas Biasa (Cabang Dinas II),41170200,1,26-Jan,Provinsi Sumatera Utara,"Dinas Perindustrian, Perdagangan, Energi dan Sumber Daya Mineral","Sumatera Utara, Dairi (Kab.)",43292621
571,Belanja Perjalanan dinas biasa,1480894000,1,26-Jan,Provinsi Sumatera Utara,Biro Administrasi Pimpinan,"Sumatera Utara, Medan (Kota)",43294667
572,Belanja Perjalanan Dinas Biasa,211036000,1,26-Jan,Provinsi Sumatera Utara,Dinas Pertanian dan Ketahanan Pangan,"Sumatera Utara, Tapanuli Utara (Kab.)",43297451
573,Belanja Perjalanan Dinas Biasa,89042000,1,26-Jan,Provinsi Sumatera Utara,Badan Keuangan dan Aset Daerah,"Sumatera Utara, Medan (Kota)",43302159
574,Belanja Perjalanan Dinas Biasa,20674000,1,26-Jan,Provinsi Sumatera Utara,Badan Keuangan dan Aset Daerah,"Sumatera Utara, Medan (Kota)",43302613
575,Belanja Perjalanan Dinas Biasa Kegiatan Fasilitasi Pelaksanaan Tugas Badan Musyawarah,3355229000,1,26-Jan,Provinsi Sumatera Utara,Sekretariat DPRD,"Sumatera Utara, Medan (Kota)",43323428
576,Belanja Perjalanan Dinas Biasa,28000000,1,26-Apr,Provinsi Sumatera Selatan,Dinas Pemberdayaan Perempuan dan Perlindungan Anak,"Sumatera Selatan, Palembang (Kota)",41979413
577,Belanja Perjalanan Dinas Biasa,128180000,1,26-Jan,Provinsi Sumatera Selatan,Dinas Pemuda dan Olahraga,"Sumatera Selatan, Palembang (Kota)",41986887
578,Belanja Perjalanan Dinas Biasa,78500000,1,26-Feb,Provinsi Sumatera Selatan,Dinas Pemberdayaan Perempuan dan Perlindungan Anak,"Sumatera Selatan, Palembang (Kota)",41990931
579,Belanja Perjalanan Dinas Biasa,32200000,1,26-Feb,Provinsi Sumatera Selatan,Dinas Komunikasi dan Informatika,"Sumatera Selatan, Palembang (Kota)",42002519
580,BELANJA PERJALANAN DINAS DALAM DAERAH,19200000,1,26-Jan,Provinsi Sumatera Selatan,Dinas Ketahanan Pangan dan Peternakan,"Sumatera Selatan, Palembang (Kota)",42221182
581,Belanja Perjalanan Dinas Biasa,100000000,1,26-Jan,Provinsi Sumatera Selatan,Dinas Ketahanan Pangan dan Peternakan,"Sumatera Selatan, Palembang (Kota)",42221703
582,Belanja Perjalanan Dinas Biasa,26000000,1,26-Jan,Provinsi Sumatera Selatan,Dinas Ketahanan Pangan dan Peternakan,"Sumatera Selatan, Palembang (Kota)",42228348
583,Belanja Perjalanan Dinas Biasa,90000000,1,26-Jan,Provinsi Sumatera Selatan,Dinas Kesehatan,"Sumatera Selatan, Palembang (Kota)",42229854
584,Belanja Perjalanan Dinas Biasa,220920000,1,26-Jan,Provinsi Sumatera Selatan,Dinas Perumahan dan Kawasan Permukiman,"Sumatera Selatan, Lainnya",42232466
585,Belanja Perjalanan Dinas Biasa Sinkronisasi dan Koordinasi Pembinaan Pengelolaan dan Pengembangan Sistem Penyediaan Air Minum (SPAM) Kabupaten/Kota,34272000,1,26-Jan,Provinsi Sumatera Selatan,Dinas Perumahan dan Kawasan Permukiman,"DKI Jakarta, Lainnya | Sumatera Selatan, Muara Enim (Kab.) | Sumatera Selatan, Banyuasin (Kab.) | Sumatera Selatan, Empat Lawang (Kab.) | Sumatera Selatan, Lahat (Kab.) | Sumatera Selatan, Lubuk Linggau (Kota) | Sumatera Selatan, Musi Banyu Asin (Kab.) | Sumatera Selatan, Musi Rawas (Kab.) | Sumatera Selatan, Musi Rawas Utara (Kab.) | Sumatera Selatan, Ogan Ilir (Kab.) | Sumatera Selatan, Ogan Komering Ilir (Kab.) | Sumatera Selatan, Ogan Komering Ulu (Kab.) | Sumatera Selatan, Ogan Komering Ulu Selatan (Kab.) | Sumatera Selatan, Ogan Komering Ulu Timur (Kab.) | Sumatera Selatan, Pagar Alam (Kota) | Sumatera Selatan, Palembang (Kota) | Sumatera Selatan, Pali (Kab.) | Sumatera Selatan, Prabumulih (Kota)",42363329
586,Belanja Perjalanan Dinas Biasa,20963000,1,26-Feb,Provinsi Sumatera Selatan,Dinas Perumahan dan Kawasan Permukiman,"Sumatera Selatan, Ogan Komering Ulu (Kab.)",42404147
587,Belanja Perjalanan Dinas Biasa,20963000,1,26-Feb,Provinsi Sumatera Selatan,Dinas Perumahan dan Kawasan Permukiman,"Sumatera Selatan, Ogan Komering Ulu (Kab.)",42493931
588,Belanja Perjalanan Dinas Biasa,30000000,1,26-Jan,Provinsi Sumatera Selatan,Dinas Perhubungan,"Sumatera Selatan, Palembang (Kota)",42608030
589,Belanja Perjalanan Dinas Biasa,29721600,1,26-Feb,Provinsi Sumatera Selatan,Dinas Kesehatan,"Sumatera Selatan, Palembang (Kota)",42670589
590,Belanja Perjalanan Dinas Biasa,30000000,1,26-Jan,Provinsi Sumatera Selatan,Dinas Ketahanan Pangan dan Peternakan,"Sumatera Selatan, Palembang (Kota)",42687052
591,Belanja Perjalanan Dinas Biasa,34000000,1,26-Feb,Provinsi Sumatera Selatan,Dinas Kesehatan,"Sumatera Selatan, Palembang (Kota)",42693707
592,Belanja Perjalanan Dinas Biasa,40000000,1,26-Feb,Provinsi Sumatera Selatan,Dinas Perhubungan,"Sumatera Selatan, Palembang (Kota)",42694584
593,Belanja Perjalanan Dinas Paket Meeting Dalam Kota,7950000,1,26-Feb,Provinsi Sumatera Selatan,Dinas Kesehatan,"Sumatera Selatan, Palembang (Kota)",42706040
594,Belanja Perjalanan Dinas Biasa,60120000,1,26-Feb,Provinsi Sumatera Selatan,Dinas Perumahan dan Kawasan Permukiman,"Sumatera Selatan, Palembang (Kota)",42739050
595,Belanja Perjalanan Dinas Biasa,140000000,1,26-Mar,Provinsi Sumatera Selatan,Dinas Pemuda dan Olahraga,"Sumatera Selatan, Palembang (Kota)",43053456
596,Belanja Perjalanan Dinas Biasa,16648800,1,26-Mar,Provinsi Sumatera Selatan,Dinas Pemuda dan Olahraga,"Sumatera Selatan, Palembang (Kota)",43053534
597,Belanja Perjalanan Dinas Dalam Kota,208000000,1,26-Apr,Provinsi Sumatera Selatan,Dinas Pemuda dan Olahraga,"Sumatera Selatan, Palembang (Kota)",43227980
598,Belanja Perjalanan Dinas Biasa,27000000,1,26-Jan,Provinsi Sumatera Selatan,Dinas Perhubungan,"Sumatera Selatan, Palembang (Kota)",43284695
599,Perjalanan Dinas Biasa Pendidikan dan Pelatihan Pegawai Berdasarkan Tugas dan Fungsi,169000000,1,26-Jan,Provinsi Sumatera Selatan,Dinas Pengelolaan Sumber Daya Air,"Sumatera Selatan, Palembang (Kota)",43250734
600,Perjalanan Dinas Biasa Koordinasi dan Penyusunan Capaian Kinerja,100000000,1,26-Jan,Provinsi Sumatera Selatan,Dinas Pengelolaan Sumber Daya Air,"Sumatera Selatan, Palembang (Kota)",43251366
601,Belanja Perjalanan Dinas Biasa,34425220,1,26-Feb,Provinsi Sumatera Selatan,Dinas Komunikasi dan Informatika,"Sumatera Selatan, Palembang (Kota)",42155229
602,Perjalanan Dinas Luar Daerah,10000000,1,26-Jan,Provinsi Sumatera Selatan,Dinas Ketahanan Pangan dan Peternakan,"Sumatera Selatan, Palembang (Kota)",42221558
603,Perjalanan Dinas dalam daerah,10600000,1,26-Jan,Provinsi Sumatera Selatan,Dinas Ketahanan Pangan dan Peternakan,"Sumatera Selatan, Palembang (Kota)",42227621
604,Biaya Perjalanan Dinas Penyelenggaraan Rapat Koordinasi dan Konsultasi SKPD,720000000,1,26-Jan,Provinsi Sumatera Selatan,Dinas Kesehatan,"Sumatera Selatan, Palembang (Kota)",42229439
605,Belanja Perjalanan Dinas Biasa,69570000,1,26-Jan,Provinsi Sumatera Selatan,Dinas Perumahan dan Kawasan Permukiman,"Sumatera Selatan, Lainnya",42231249
606,Belanja Perjalanan Dinas Paket Meeting Dalam Kota,51100000,1,26-Feb,Provinsi Sumatera Selatan,Dinas Komunikasi dan Informatika,"Sumatera Selatan, Palembang (Kota)",42239190
607,Belanja Perjalanan Dinas Biasa,121010000,1,26-Jan,Provinsi Sumatera Selatan,Dinas Perumahan dan Kawasan Permukiman,"Sumatera Selatan, Lainnya",42240821
608,Belanja Perjalanan Dinas Biasa Pembinaan Pengelolaan dan Pengembangan Sistem Penyediaan Air Minum (SPAM) Kabupaten/Kota,21784000,1,26-Jan,Provinsi Sumatera Selatan,Dinas Perumahan dan Kawasan Permukiman,"DKI Jakarta, Lainnya",42363330
609,Belanja Perjalanan Dinas Biasa Kegiatan Feasibility Study Sistem Air Limbah Domestik Regional Provinsi Sumatera Selatan,23352000,1,26-Feb,Provinsi Sumatera Selatan,Dinas Perumahan dan Kawasan Permukiman,"Sumatera Selatan, Palembang (Kota)",42446022
610,Belanja Perjalanan Dinas Biasa,55613260,1,26-Feb,Provinsi Sumatera Selatan,Dinas Perumahan dan Kawasan Permukiman,"Sumatera Selatan, Lahat (Kab.) | Sumatera Selatan, Empat Lawang (Kab.) | Sumatera Selatan, Muara Enim (Kab.) | Sumatera Selatan, Lubuk Linggau (Kota)",42559510
611,Belanja Perjalanan Dinas Biasa,70000000,1,26-Jan,Provinsi Sumatera Selatan,Dinas Kehutanan,"Sumatera Selatan, Palembang (Kota)",42607257
612,Belanja Perjalanan Dinas Biasa,120000000,1,26-Jan,Provinsi Sumatera Selatan,Dinas Kehutanan,"Sumatera Selatan, Palembang (Kota)",42607451
613,Belanja Perjalanan Dinas Biasa,53250000,1,26-Jan,Provinsi Sumatera Selatan,Dinas Kehutanan,"Sumatera Selatan, Palembang (Kota)",42607544
614,Belanja Perjalanan Dinas Biasa,33280000,1,26-Feb,Provinsi Sumatera Selatan,Dinas Kesehatan,"Sumatera Selatan, Palembang (Kota)",42668527
615,Belanja Perjalanan Dinas Dalam Kota,7920000,1,26-Feb,Provinsi Sumatera Selatan,Dinas Kesehatan,"Sumatera Selatan, Palembang (Kota)",42668528
616,Belanja Perjalanan Dinas Dalam Kota,21000000,1,26-Feb,Provinsi Sumatera Selatan,Dinas Kesehatan,"Sumatera Selatan, Palembang (Kota)",42668963
617,Belanja Perjalanan Dinas Biasa,17500000,1,26-Feb,Provinsi Sumatera Selatan,Dinas Perumahan dan Kawasan Permukiman,"Sumatera Selatan, Palembang (Kota)",42739193
618,Belanja Perjalanan Dinas Biasa,8000000,1,26-Jan,Provinsi Sumatera Selatan,Dinas Perhubungan,"Sumatera Selatan, Palembang (Kota)",42862467
619,Perjalanan Dinas Biasa Pendidikan dan Pelatihan Pegawai Berdasarkan Tugas dan Fungsi,169000000,1,26-Jan,Provinsi Sumatera Selatan,Dinas Pengelolaan Sumber Daya Air,"Sumatera Selatan, Palembang (Kota)",43250734
620,Perjalanan Dinas Biasa Koordinasi dan Penyusunan Capaian Kinerja,100000000,1,26-Jan,Provinsi Sumatera Selatan,Dinas Pengelolaan Sumber Daya Air,"Sumatera Selatan, Palembang (Kota)",43251366
621,Belanja Perjalanan Dinas Biasa,124000000,1,26-Jan,Provinsi Sumatera Selatan,Dinas Pemuda dan Olahraga,"Sumatera Selatan, Palembang (Kota)",43171851
622,Perjalanan Dinas Biasa Penyelenggaraan Rapat Koordinasi dan Konsultasi SKPD,280000000,1,26-Jan,Provinsi Sumatera Selatan,Dinas Pengelolaan Sumber Daya Air,"Sumatera Selatan, Palembang (Kota)",43224465
623,Belanja Belanja Perjalanan Dinas Dalam Daerah,70000000,1,26-Jan,Provinsi Sumatera Selatan,RS Ernaldi Bahar,"Sumatera Selatan, Palembang (Kota)",41670169
624,Belanja Perjalanan Dinas Biasa,25200000,1,26-Apr,Provinsi Sumatera Selatan,Dinas Pemberdayaan Perempuan dan Perlindungan Anak,"Sumatera Selatan, Palembang (Kota)",41987500
625,Belanja Perjalanan Dinas Biasa,22870000,1,26-Mar,Provinsi Sumatera Selatan,Dinas Pemberdayaan Perempuan dan Perlindungan Anak,"Sumatera Selatan, Palembang (Kota)",41995497
626,Belanja Perjalanan Dinas Biasa,12000000,1,26-Feb,Provinsi Sumatera Selatan,Dinas Pemberdayaan Perempuan dan Perlindungan Anak,"Sumatera Selatan, Palembang (Kota)",41998113
627,Belanja Perjalanan Dinas Paket Meeting Dalam Kota,29300000,1,26-Feb,Provinsi Sumatera Selatan,Dinas Komunikasi dan Informatika,"Sumatera Selatan, Palembang (Kota)",42111252
628,Perjalanan Dinas Dalam Daerah,15160000,1,26-Jan,Provinsi Sumatera Selatan,Dinas Ketahanan Pangan dan Peternakan,"Sumatera Selatan, Palembang (Kota)",42220772
629,Belanja Perjalanan Dinas Biasa,45200000,1,26-Jan,Provinsi Sumatera Selatan,Dinas Ketahanan Pangan dan Peternakan,"Sumatera Selatan, Palembang (Kota)",42224757
630,Belanja Perjalanan Dinas Biasa,50200000,1,26-Jan,Provinsi Sumatera Selatan,Dinas Ketahanan Pangan dan Peternakan,"Sumatera Selatan, Palembang (Kota)",42224842
631,Belanja Perjalanan Dinas Biasa,120000000,1,26-Jan,Provinsi Sumatera Selatan,Dinas Ketahanan Pangan dan Peternakan,"Sumatera Selatan, Palembang (Kota)",42226401
632,Belanja Perjalanan Dinas Biasa,35000000,1,26-Jan,Provinsi Sumatera Selatan,Dinas Ketahanan Pangan dan Peternakan,"Sumatera Selatan, Palembang (Kota)",42228899
633,Belanja Perjalanan Dinas Dalam Kota,10140000,1,26-Jan,Provinsi Sumatera Selatan,Dinas Kesehatan,"Sumatera Selatan, Palembang (Kota)",42445532
634,Perjalanan Dinas Pengujian dan Pembinaan Hama Penyakit Ikan,12000000,1,26-Feb,Provinsi Sumatera Selatan,Dinas Kelautan dan Perikanan,"Sumatera Selatan, Ogan Komering Ilir (Kab.) | Sumatera Selatan, Palembang (Kota)",42462490
635,Belanja Perjalanan Dinas Biasa,45000000,1,26-Jan,Provinsi Sumatera Selatan,Dinas Kehutanan,"Sumatera Selatan, Palembang (Kota)",42606697
636,Belanja Perjalanan Dinas Biasa,77500000,1,26-Feb,Provinsi Sumatera Selatan,Dinas Kehutanan,"Sumatera Selatan, Palembang (Kota)",42606712
637,Belanja Perjalanan Dinas Biasa,700000000,1,26-Feb,Provinsi Sumatera Selatan,Dinas Kehutanan,"Sumatera Selatan, Palembang (Kota)",42607423
638,Belanja Perjalanan Dinas Biasa,49800000,1,26-Feb,Provinsi Sumatera Selatan,Dinas Kesehatan,"Sumatera Selatan, Palembang (Kota)",42670207
639,Belanja Perjalanan Dinas Biasa,31080000,1,26-Feb,Provinsi Sumatera Selatan,Dinas Kesehatan,"Sumatera Selatan, Palembang (Kota)",42670641
640,Belanja Perjalanan Dinas Biasa,106920000,1,26-Feb,Provinsi Sumatera Selatan,Dinas Kesehatan,"Sumatera Selatan, Palembang (Kota)",42705385
641,Belanja Perjalanan Dinas Biasa,139830000,1,26-Feb,Provinsi Sumatera Selatan,Dinas Kesehatan,"Sumatera Selatan, Palembang (Kota)",42705911
642,Belanja Perjalanan Dinas Biasa,24220000,1,26-Feb,Provinsi Sumatera Selatan,Dinas Perumahan dan Kawasan Permukiman,"Sumatera Selatan, Palembang (Kota)",42739297
643,Belanja Perjalanan Dinas Biasa,689098000,1,26-Jan,Provinsi Sumatera Selatan,Dinas Pertanian Tanaman Pangan dan Hortikultura,"Sumatera Selatan, Palembang (Kota)",42781905
644,Belanja Perjalanan Dinas Dalam Negeri,90000000,1,26-Jan,Provinsi Sumatera Selatan,Dinas Perhubungan,"Sumatera Selatan, Palembang (Kota)",42930305
645,Belanja Perjalanan Dinas Dalam Negeri,71982000,1,26-Jan,Provinsi Sumatera Selatan,Dinas Perhubungan,"Sumatera Selatan, Palembang (Kota)",42936228
646,Belanja Perjalanan Dinas Biasa,15000000,1,26-Jan,Provinsi Sumatera Selatan,Dinas Kependudukan dan Pencatatan Sipil,"Sumatera Selatan, Palembang (Kota)",42956819
647,Belanja Perjalanan Dinas Dalam Kota,5920000,1,26-Apr,Provinsi Sumatera Selatan,Dinas Pemuda dan Olahraga,"Sumatera Selatan, Palembang (Kota)",43052733
648,Belanja Perjalanan Dinas Biasa,4000000,1,26-Mar,Provinsi Sumatera Selatan,Dinas Pemuda dan Olahraga,"Sumatera Selatan, Palembang (Kota)",43112271
649,Belanja Perjalanan Dinas Dalam Kota,1200000,1,26-Mar,Provinsi Sumatera Selatan,Dinas Pemuda dan Olahraga,"Sumatera Selatan, Palembang (Kota)",43112272
650,Belanja Perjalanan Dinas Paket Meeting Dalam Kota,49800000,1,26-Mar,Provinsi Sumatera Selatan,Dinas Pemuda dan Olahraga,"Sumatera Selatan, Palembang (Kota)",43112273
651,Perjalanan Dinas Biasa Penyusunan Dokumen Perangkat Perencanaan Daerah,88800000,1,26-Jan,Provinsi Sumatera Selatan,Dinas Pengelolaan Sumber Daya Air,"Sumatera Selatan, Palembang (Kota)",43251340
652,Belanja Perjalanan Dinas Biasa,60000000,1,26-Jan,Provinsi Sumatera Selatan,Dinas Perhubungan,"Sumatera Selatan, Palembang (Kota)",43289609
653,Belanja Perjalanan Dinas Biasa,13400000,1,26-Mar,Provinsi Sumatera Selatan,Dinas Pemberdayaan Perempuan dan Perlindungan Anak,"Sumatera Selatan, Palembang (Kota)",41996199
654,Belanja PerjalananDinas Biasa,64500000,1,26-Jan,Provinsi Sumatera Selatan,Dinas Pemberdayaan Perempuan dan Perlindungan Anak,"Sumatera Selatan, Palembang (Kota)",42002238
655,Belanja Perjalanan Dinas Biasa,30576000,1,26-Jan,Provinsi Sumatera Selatan,Dinas Ketahanan Pangan dan Peternakan,"Sumatera Selatan, Palembang (Kota)",42220700
656,Belanja Perjalanan Dinas Biasa,30410000,1,26-Jan,Provinsi Sumatera Selatan,Dinas Perumahan dan Kawasan Permukiman,"Sumatera Selatan, Lainnya",42240781
657,Belanja Perjalanan Dinas Biasa,20423000,1,26-Feb,Provinsi Sumatera Selatan,Dinas Perumahan dan Kawasan Permukiman,"Sumatera Selatan, Banyuasin (Kab.)",42404150
658,Perjalanan Dinas Pendataan Data dan Informasi Usaha Perikanan pada Bidang Budidaya,10000000,1,26-Feb,Provinsi Sumatera Selatan,Dinas Kelautan dan Perikanan,"Sumatera Selatan, Banyuasin (Kab.) | Sumatera Selatan, Lahat (Kab.) | Sumatera Selatan, Musi Banyu Asin (Kab.) | Sumatera Selatan, Ogan Ilir (Kab.) | Sumatera Selatan, Ogan Komering Ulu (Kab.) | Sumatera Selatan, Ogan Komering Ulu Timur (Kab.) | Sumatera Selatan, Pagar Alam (Kota) | Sumatera Selatan, Prabumulih (Kota)",42462397
659,Belanja Perjalanan Dinas Dalam Kota,118500000,1,26-Apr,Provinsi Sumatera Selatan,Dinas Pemuda dan Olahraga,"Sumatera Selatan, Palembang (Kota)",42462483
660,Belanja Perjalanan Dinas,30000000,1,26-Feb,Provinsi Sumatera Selatan,Dinas Kelautan dan Perikanan,"Sumatera Selatan, Palembang (Kota) | Sumatera Selatan, Ogan Komering Ilir (Kab.)",42462534
661,Belanja Perjalanan Dinas Biasa,22901616,1,26-Feb,Provinsi Sumatera Selatan,Dinas Perumahan dan Kawasan Permukiman,"DKI Jakarta, Jakarta Pusat (Kota)",42560011
662,Perjalanan Dinas Biasa,75000000,1,26-Feb,Provinsi Sumatera Selatan,Dinas Kehutanan,"Sumatera Selatan, Palembang (Kota)",42606152
663,Belanja Perjalanan Dinas Biasa,140840000,1,26-Feb,Provinsi Sumatera Selatan,Dinas Kesehatan,"Sumatera Selatan, Palembang (Kota)",42642826
664,Belanja Perjalanan Dinas Dalam Kota,3900000,1,26-Feb,Provinsi Sumatera Selatan,Dinas Kesehatan,"Sumatera Selatan, Palembang (Kota)",42668647
665,Belanja Perjalanan Dinas Dalam Kota,11700000,1,26-Feb,Provinsi Sumatera Selatan,Dinas Kesehatan,"Sumatera Selatan, Palembang (Kota)",42670477
666,Belanja Perjalanan Dinas Dalam Kota,30000000,1,26-Feb,Provinsi Sumatera Selatan,Dinas Kesehatan,"Sumatera Selatan, Palembang (Kota)",42705912
667,Belanja Perjalanan Dinas Biasa,35000000,1,26-Feb,Provinsi Sumatera Selatan,Dinas Perumahan dan Kawasan Permukiman,"Sumatera Selatan, Palembang (Kota)",42739251
668,Belanja Perjalanan Dinas Biasa,8800000,1,26-Mar,Provinsi Sumatera Selatan,Dinas Pemuda dan Olahraga,"Sumatera Selatan, Palembang (Kota)",43213670
669,Perjalanan Dinas Biasa Monitoring dan Evaluasi (MONEV),238000000,1,26-Jan,Provinsi Sumatera Selatan,Dinas Pengelolaan Sumber Daya Air,"Sumatera Selatan, Palembang (Kota)",43251363
670,Belanja Perjalanan Dinas Luar Daerah,120000000,1,26-Jan,Provinsi Sumatera Selatan,RS Ernaldi Bahar,"Sumatera Selatan, Palembang (Kota)",41670211
671,Belanja PerjalananDinas Biasa,38520000,1,26-Jan,Provinsi Sumatera Selatan,Dinas Pemberdayaan Perempuan dan Perlindungan Anak,"Sumatera Selatan, Palembang (Kota)",42001407
672,Belanja PerjalananDinas Biasa,15000000,1,26-Feb,Provinsi Sumatera Selatan,Dinas Pemberdayaan Perempuan dan Perlindungan Anak,"Sumatera Selatan, Palembang (Kota)",42013279
673,Belanja Perjalanan Dinas Biasa,19655480,1,26-Jan,Provinsi Sumatera Selatan,Dinas Ketahanan Pangan dan Peternakan,"Sumatera Selatan, Palembang (Kota)",42221013
674,BELANJA PERJALANAN DINAS LUAR DAERAH,20000000,1,26-Jan,Provinsi Sumatera Selatan,Dinas Ketahanan Pangan dan Peternakan,"Sumatera Selatan, Palembang (Kota)",42221181
675,Perjalanan Dinas Dalam Daerah,32000000,1,26-Jan,Provinsi Sumatera Selatan,Dinas Ketahanan Pangan dan Peternakan,"Sumatera Selatan, Palembang (Kota)",42221249
676,Perjalanan Dinas Dalam Daerah,23160000,1,26-Jan,Provinsi Sumatera Selatan,Dinas Ketahanan Pangan dan Peternakan,"Sumatera Selatan, Palembang (Kota)",42228063
677,Belanja Perjalanan Dinas Biasa,57540000,1,26-Jan,Provinsi Sumatera Selatan,Dinas Kesehatan,"Sumatera Selatan, Palembang (Kota)",42230541
678,Belanja Perjalanan Dinas Biasa,69570000,1,26-Jan,Provinsi Sumatera Selatan,Dinas Perumahan dan Kawasan Permukiman,"Sumatera Selatan, Lainnya",42231401
679,Belanja Perjalanan Dinas Biasa,20807000,1,26-Feb,Provinsi Sumatera Selatan,Dinas Perumahan dan Kawasan Permukiman,"Sumatera Selatan, Muara Enim (Kab.)",42404153
680,Belanja Perjalanan Dinas Biasa,67264025,1,26-Feb,Provinsi Sumatera Selatan,Dinas Perumahan dan Kawasan Permukiman,"DKI Jakarta, Jakarta Pusat (Kota) | Sumatera Selatan, Banyuasin (Kab.) | Sumatera Selatan, Empat Lawang (Kab.) | Sumatera Selatan, Lahat (Kab.) | Sumatera Selatan, Prabumulih (Kota)",42559934
681,Belanja Perjalanan Dinas Biasa,60910000,1,26-Jan,Provinsi Sumatera Selatan,Dinas Kehutanan,"Sumatera Selatan, Palembang (Kota)",42606673
682,Belanja Perjalanan Dinas Biasa,60000000,1,26-Jan,Provinsi Sumatera Selatan,Dinas Kehutanan,"Sumatera Selatan, Palembang (Kota)",42606675
683,Belanja Perjalanan Dinas Biasa,37677400,1,26-Jan,Provinsi Sumatera Selatan,Dinas Kehutanan,"Sumatera Selatan, Palembang (Kota)",42607206
684,Belanja Perjalanan Dinas Biasa,80000000,1,26-Jan,Provinsi Sumatera Selatan,Dinas Kehutanan,"Sumatera Selatan, Palembang (Kota)",42607424
685,Belanja Perjalanan Dinas Biasa,64544551,1,26-Jan,Provinsi Sumatera Selatan,Dinas Kehutanan,"Sumatera Selatan, Palembang (Kota)",42607425
686,Belanja Perjalanan Dinas Biasa,12000000,1,26-Feb,Provinsi Sumatera Selatan,Dinas Perhubungan,"Sumatera Selatan, Palembang (Kota)",42616470
687,Belanja Perjalanan Dinas Biasa,104080000,1,26-Feb,Provinsi Sumatera Selatan,Dinas Kesehatan,"Sumatera Selatan, Palembang (Kota)",42670472
688,Belanja Perjalanan Dinas Biasa,27800000,1,26-Jan,Provinsi Sumatera Selatan,Dinas Ketahanan Pangan dan Peternakan,"Sumatera Selatan, Palembang (Kota)",42686868
689,Belanja Perjalanan Dinas Biasa,400000000,1,26-Feb,Provinsi Sumatera Selatan,Dinas Kesehatan,"Sumatera Selatan, Palembang (Kota)",42692006
690,Belanja Perjalanan Dinas Biasa,29988000,1,26-Feb,Provinsi Sumatera Selatan,Dinas Kesehatan,"Sumatera Selatan, Palembang (Kota)",42706191
691,Belanja Perjalanan Dinas Biasa,20000000,1,26-Feb,Provinsi Sumatera Selatan,Dinas Perhubungan,"Sumatera Selatan, Palembang (Kota)",42707327
692,Belanja Perjalanan Dinas Biasa,9040000,1,26-Feb,Provinsi Sumatera Selatan,Dinas Perumahan dan Kawasan Permukiman,"Sumatera Selatan, Palembang (Kota)",42739088
693,Belanja Perjalanan Dinas Biasa,14000000,1,26-Apr,Provinsi Sumatera Selatan,Dinas Perhubungan,"Sumatera Selatan, Palembang (Kota)",43284851
694,Belanja Perjalanan Dinas Biasa,24000000,1,26-Jan,Provinsi Sumatera Selatan,Dinas Perhubungan,"Sumatera Selatan, Palembang (Kota)",43289706
695,Belanja Perjalanan Dinas Biasa,24000000,1,26-Jan,Provinsi Sumatera Selatan,Dinas Perhubungan,"Sumatera Selatan, Palembang (Kota)",43289791
696,Belanja PerjalananDinas Biasa,33000000,1,26-Feb,Provinsi Sumatera Selatan,Dinas Pemberdayaan Perempuan dan Perlindungan Anak,"Sumatera Selatan, Palembang (Kota)",41962460
697,Belanja PerjalananDinas Biasa,35000000,1,26-Feb,Provinsi Sumatera Selatan,Dinas Pemberdayaan Perempuan dan Perlindungan Anak,"Sumatera Selatan, Palembang (Kota)",41980982
698,Belanja Perjalanan Dinas Biasa,35000000,1,26-Mar,Provinsi Sumatera Selatan,Dinas Pemberdayaan Perempuan dan Perlindungan Anak,"Sumatera Selatan, Palembang (Kota)",41981757
699,Belanja Perjalanan Dinas Biasa,51000000,1,26-Apr,Provinsi Sumatera Selatan,Dinas Pemberdayaan Perempuan dan Perlindungan Anak,"Sumatera Selatan, Palembang (Kota)",41991770
700,Belanja Perjalanan Dinas Biasa,67476000,1,26-Feb,Provinsi Sumatera Selatan,Dinas Pemberdayaan Perempuan dan Perlindungan Anak,"Sumatera Selatan, Palembang (Kota)",41993607
Data yang terdapat pada berkas ini dipopulasi secara otomatis oleh SiRUP pada tanggal: 4-5-2026 14:15:58. Untuk melihat paket yang telah terumumkan dan lebih terbaru silakan kunjungi sirup.inaproc.id,,,,,,,,
No,Paket,Pagu (Rp),Tipe Swakelola,Pemilihan,K/L/PD,Satuan Kerja,Lokasi,ID
701,Belanja Perjalanan Dinas Biasa,30000000,1,26-Feb,Provinsi Sumatera Selatan,Dinas Pemberdayaan Perempuan dan Perlindungan Anak,"Sumatera Selatan, Palembang (Kota)",42013863
702,PERJALANAN DINAS DALAM DAERAH,13000000,1,26-Jan,Provinsi Sumatera Selatan,Dinas Ketahanan Pangan dan Peternakan,"Sumatera Selatan, Palembang (Kota)",42221614
703,Belanja Perjalanan Dinas Paket Meeting Dalam Kota,29300000,1,26-Feb,Provinsi Sumatera Selatan,Dinas Komunikasi dan Informatika,"Sumatera Selatan, Palembang (Kota)",42239548
704,Belanja Perjalanan Dinas Biasa,16824000,1,26-Jan,Provinsi Sumatera Selatan,Dinas Perumahan dan Kawasan Permukiman,"DKI Jakarta, Lainnya",42363749
705,Biaya Perjalanan Dinas Biasa,60000000,1,26-Jan,Provinsi Sumatera Selatan,Dinas Kesehatan,"Sumatera Selatan, Palembang (Kota)",42446392
706,Belanja Perjalanan Dinas Biasa,41160000,1,26-Feb,Provinsi Sumatera Selatan,Dinas Kesehatan,"Sumatera Selatan, Palembang (Kota)",42669635
707,Belanja Perjalanan Dinas Biasa,16860000,1,26-Feb,Provinsi Sumatera Selatan,Dinas Perumahan dan Kawasan Permukiman,"Sumatera Selatan, Palembang (Kota)",42739166
708,Belanja Perjalanan Dinas Biasa,6020000,1,26-Feb,Provinsi Sumatera Selatan,Dinas Perumahan dan Kawasan Permukiman,"Sumatera Selatan, Palembang (Kota)",42739415
709,Belanja Perjalanan Dinas Dalam Kota,1800000,1,26-Mar,Provinsi Sumatera Selatan,Dinas Pemuda dan Olahraga,"Sumatera Selatan, Palembang (Kota)",43213673
710,Belanja Perjalanan Dinas Biasa,350000000,1,26-Apr,Provinsi Sumatera Selatan,Dinas Pemuda dan Olahraga,"Sumatera Selatan, Palembang (Kota)",43227972
711,Belanja Perjalanan Dinas Biasa,21000000,1,26-Jan,Provinsi Sumatera Selatan,Badan Perencanaan Pembangunan Daerah,"Sumatera Selatan, Palembang (Kota)",43310710
712,Belanja PerjalananDinas Biasa,9750000,1,26-Feb,Provinsi Sumatera Selatan,Dinas Pemberdayaan Perempuan dan Perlindungan Anak,"Sumatera Selatan, Palembang (Kota)",41979883
713,Belanja PerjalananDinas Biasa,5000000,1,26-Oct,Provinsi Sumatera Selatan,Dinas Pemberdayaan Perempuan dan Perlindungan Anak,"Sumatera Selatan, Palembang (Kota)",42000664
714,Belanja Perjalanan Dinas Biasa,200000000,1,26-Feb,Provinsi Sumatera Selatan,Dinas Pemberdayaan Perempuan dan Perlindungan Anak,"Sumatera Selatan, Palembang (Kota)",42014467
715,Belanja Perjalanan Dinas Biasa,20001540,1,26-Feb,Provinsi Sumatera Selatan,Dinas Komunikasi dan Informatika,"Sumatera Selatan, Palembang (Kota)",42130700
716,Belanja Perjalanan Dinas Biasa,27567000,1,26-Jan,Provinsi Sumatera Selatan,Dinas Ketahanan Pangan dan Peternakan,"Sumatera Selatan, Palembang (Kota)",42220870
717,Biaya Perjalanan Dinas Biasa,112040000,1,26-Jan,Provinsi Sumatera Selatan,Dinas Kesehatan,"Sumatera Selatan, Palembang (Kota)",42228809
718,Biaya Perjalanan Dinas Biasa,200000000,1,26-Jan,Provinsi Sumatera Selatan,Dinas Kesehatan,"Sumatera Selatan, Palembang (Kota)",42228812
719,Belanja Perjalanan Dinas Biasa,7560000,1,26-Jan,Provinsi Sumatera Selatan,Dinas Kesehatan,"Sumatera Selatan, Palembang (Kota)",42229966
720,Belanja Perjalanan Dinas Biasa,55550000,1,26-Jan,Provinsi Sumatera Selatan,Dinas Perumahan dan Kawasan Permukiman,"Sumatera Selatan, Lainnya",42230831
721,Belanja Perjalanan Dinas Biasa,146150000,1,26-Feb,Provinsi Sumatera Selatan,Dinas Perumahan dan Kawasan Permukiman,"Sumatera Selatan, Lainnya",42231663
722,Belanja Perjalanan Dinas Biasa,24640000,1,26-Feb,Provinsi Sumatera Selatan,Dinas Perumahan dan Kawasan Permukiman,"Sumatera Selatan, Banyuasin (Kab.) | Sumatera Selatan, Empat Lawang (Kab.) | Sumatera Selatan, Lahat (Kab.) | Sumatera Selatan, Lubuk Linggau (Kota) | Sumatera Selatan, Muara Enim (Kab.) | Sumatera Selatan, Musi Banyu Asin (Kab.) | Sumatera Selatan, Musi Rawas (Kab.) | Sumatera Selatan, Musi Rawas Utara (Kab.) | Sumatera Selatan, Ogan Ilir (Kab.) | Sumatera Selatan, Ogan Komering Ilir (Kab.) | Sumatera Selatan, Ogan Komering Ulu (Kab.) | Sumatera Selatan, Ogan Komering Ulu Selatan (Kab.) | Sumatera Selatan, Ogan Komering Ulu Timur (Kab.) | Sumatera Selatan, Pagar Alam (Kota) | Sumatera Selatan, Palembang (Kota) | Sumatera Selatan, Penukal Abab Lematang Ilir (Kab.) | Sumatera Selatan, Prabumulih (Kota)",42363822
723,Belanja Perjalanan Dinas Biasa,27652000,1,26-Feb,Provinsi Sumatera Selatan,Dinas Perumahan dan Kawasan Permukiman,"Sumatera Selatan, Empat Lawang (Kab.)",42404151
724,Belanja Perjalanan Dinas Biasa,412509000,1,26-Apr,Provinsi Sumatera Selatan,Dinas Pemuda dan Olahraga,"Sumatera Selatan, Palembang (Kota)",42462481
725,Perjalanan Dinas Biasa,8291732,1,26-Jan,Provinsi Sumatera Selatan,Dinas Kearsipan,"Sumatera Selatan, Palembang (Kota)",42528516
726,Perjalanan Dinas Biasa,25000000,1,26-Jan,Provinsi Sumatera Selatan,Dinas Kehutanan,"Sumatera Selatan, Palembang (Kota)",42606399
727,Belanja Perjalanan Dinas Biasa,65000000,1,26-Jan,Provinsi Sumatera Selatan,Dinas Kehutanan,"Sumatera Selatan, Palembang (Kota)",42606461
728,Belanja Perjalanan Dinas Biasa,26800000,1,26-Jan,Provinsi Sumatera Selatan,Dinas Kehutanan,"Sumatera Selatan, Palembang (Kota)",42607543
729,Belanja Perjalanan Dinas Biasa,215936000,1,26-Jan,Provinsi Sumatera Selatan,Dinas Perhubungan,"Sumatera Selatan, Palembang (Kota)",42648964
730,Belanja Perjalanan Dinas Biasa,274380000,1,26-Feb,Provinsi Sumatera Selatan,Dinas Kesehatan,"Sumatera Selatan, Palembang (Kota)",42669883
731,Belanja Perjalanan Dinas Biasa,79500000,1,26-Feb,Provinsi Sumatera Selatan,Dinas Kesehatan,"Sumatera Selatan, Palembang (Kota)",42670606
732,Biaya Perjalanan Dinas,31020000,1,26-Feb,Provinsi Sumatera Selatan,Dinas Kesehatan,"Sumatera Selatan, Palembang (Kota)",42705593
733,Belanja Perjalanan Dinas Biasa,28000000,1,26-Feb,Provinsi Sumatera Selatan,Dinas Kesehatan,"Sumatera Selatan, Palembang (Kota)",42706039
734,Belanja Perjalanan Dinas Biasa,15800000,1,26-Feb,Provinsi Sumatera Selatan,Dinas Kesehatan,"Sumatera Selatan, Palembang (Kota)",42706108
735,Belanja Perjalanan Dinas Biasa,111480000,1,26-Feb,Provinsi Sumatera Selatan,Dinas Kesehatan,"Sumatera Selatan, Palembang (Kota)",42706253
736,Belanja Perjalanan Dinas Biasa,5640000,1,26-Jan,Provinsi Sumatera Selatan,Dinas Kependudukan dan Pencatatan Sipil,"Sumatera Selatan, Palembang (Kota)",42956696
737,Belanja Perjalanan Dinas Biasa,59850000,1,26-Feb,Provinsi Sumatera Selatan,Dinas Pemberdayaan Perempuan dan Perlindungan Anak,"Sumatera Selatan, Palembang (Kota)",41989793
738,Belanja Perjalanan Dinas Paket Meeting Dalam Kota,29300000,1,26-Feb,Provinsi Sumatera Selatan,Dinas Komunikasi dan Informatika,"Sumatera Selatan, Palembang (Kota)",42155319
739,Perjalanan dinas Dalam Daerah,8000000,1,26-Jan,Provinsi Sumatera Selatan,Dinas Ketahanan Pangan dan Peternakan,"Sumatera Selatan, Palembang (Kota)",42221651
740,Belanja Perjalanan Dinas Biasa,27800000,1,26-Jan,Provinsi Sumatera Selatan,Dinas Ketahanan Pangan dan Peternakan,"Sumatera Selatan, Palembang (Kota)",42228139
741,Belanja Perjalanan Dinas Biasa Perluasan SPAM JP Kecamatan Air Sugihan Kab. OKI,13540000,1,26-May,Provinsi Sumatera Selatan,Dinas Perumahan dan Kawasan Permukiman,"Sumatera Selatan, Ogan Komering Ilir (Kab.)",42364031
742,Belanja Perjalanan Dinas Biasa Kegiatan Legalisasi Roadmap Sanitasi Provinsi Sumatera Selatan,33478000,1,26-Feb,Provinsi Sumatera Selatan,Dinas Perumahan dan Kawasan Permukiman,"Sumatera Selatan, Palembang (Kota)",42446024
743,Belanja Perjalanan Dinas Biasa Kegiatan Legalisasi Rencana Induk Sistem Pengelolaan Air Limbah Domestik Provinsi Sumatera Selatan,33478000,1,26-Feb,Provinsi Sumatera Selatan,Dinas Perumahan dan Kawasan Permukiman,"Sumatera Selatan, Palembang (Kota)",42446026
744,Belanja Perjalanan Dinas,65000000,1,26-Feb,Provinsi Sumatera Selatan,Dinas Kehutanan,"Sumatera Selatan, Palembang (Kota)",42606218
745,Belanja Perjalanan Dinas,30000000,1,26-Jan,Provinsi Sumatera Selatan,Dinas Kehutanan,"Sumatera Selatan, Palembang (Kota)",42606420
746,Belanja Perjalanan Dinas,90000000,1,26-Jan,Provinsi Sumatera Selatan,Dinas Kehutanan,"Sumatera Selatan, Palembang (Kota)",42607240
747,Belanja Perjalanan Dinas Biasa,27000000,1,26-Jan,Provinsi Sumatera Selatan,Dinas Kehutanan,"Sumatera Selatan, Palembang (Kota)",42607241
748,Belanja Perjalanan Dinas Biasa,57000000,1,26-Jan,Provinsi Sumatera Selatan,Dinas Kehutanan,"Sumatera Selatan, Palembang (Kota)",42607398
749,Belanja Perjalanan Dinas Biasa,601700000,1,26-Feb,Provinsi Sumatera Selatan,Dinas Kesehatan,"Sumatera Selatan, Palembang (Kota)",42613984
750,Belanja Perjalanan Dinas Biasa,160000000,1,26-Jan,Provinsi Sumatera Selatan,Dinas Perhubungan,"Sumatera Selatan, Palembang (Kota)",42624568
751,Belanja Perjalanan Dinas Biasa,30000000,1,26-Jan,Provinsi Sumatera Selatan,Dinas Perhubungan,"Sumatera Selatan, Palembang (Kota)",42624698
752,Belanja Perjalanan Dinas Biasa,40000000,1,26-Jan,Provinsi Sumatera Selatan,Dinas Perhubungan,"Sumatera Selatan, Palembang (Kota)",42628152
753,Belanja Perjalanan Dinas Biasa,16532000,1,26-Mar,Provinsi Sumatera Selatan,Dinas Perhubungan,"Sumatera Selatan, Palembang (Kota)",42635046
754,Belanja Perjalanan Dinas Biasa,36300000,1,26-Feb,Provinsi Sumatera Selatan,Dinas Perhubungan,"Sumatera Selatan, Palembang (Kota)",42639174
755,Belanja Perjalanan Dinas Biasa,36618600,1,26-Mar,Provinsi Sumatera Selatan,Dinas Perhubungan,"Sumatera Selatan, Palembang (Kota)",42645042
756,Belanja Perjalanan Dinas,580000000,1,26-Feb,Provinsi Sumatera Selatan,Dinas Kehutanan,"Sumatera Selatan, Palembang (Kota)",42646906
757,Belanja Perjalanan Dinas Biasa,100939000,1,26-Jan,Provinsi Sumatera Selatan,Dinas Kehutanan,"Sumatera Selatan, Palembang (Kota)",42663253
758,Belanja Perjalanan Dinas Biasa,16400000,1,26-Jan,Provinsi Sumatera Selatan,Dinas Ketahanan Pangan dan Peternakan,"Sumatera Selatan, Palembang (Kota)",42686817
759,Belanja Perjalanan Dinas Biasa,39000000,1,26-Feb,Provinsi Sumatera Selatan,Dinas Kesehatan,"Sumatera Selatan, Palembang (Kota)",42693691
760,Belanja Perjalanan Dinas Biasa,58540000,1,26-Feb,Provinsi Sumatera Selatan,Dinas Kesehatan,"Sumatera Selatan, Palembang (Kota)",42705741
761,Belanja Perjalanan Dinas Biasa,17300000,1,26-Feb,Provinsi Sumatera Selatan,Dinas Perumahan dan Kawasan Permukiman,"Sumatera Selatan, Palembang (Kota)",42739132
762,Belanja Perjalanan Dinas Dalam Kota,15000000,1,26-Jul,Provinsi Sumatera Selatan,Dinas Sosial,"Sumatera Selatan, Palembang (Kota)",42865681
763,Belanja Perjalanan Dinas Paket Meeting Dalam Kota,166500000,1,26-Apr,Provinsi Sumatera Selatan,Dinas Pemuda dan Olahraga,"Sumatera Selatan, Palembang (Kota)",43052730
764,Belanja Perjalanan Dinas Biasa,38660000,1,26-Mar,Provinsi Sumatera Selatan,Dinas Perhubungan,"Sumatera Selatan, Palembang (Kota)",43289877
765,Perjalanan Dinas Biasa,69624800,1,26-Apr,Provinsi Sumatera Selatan,Dinas Pemuda dan Olahraga,"Sumatera Selatan, Palembang (Kota)",43226877
766,Perjalanan Dinas Dalam Kota,19400000,1,26-Apr,Provinsi Sumatera Selatan,Dinas Pemuda dan Olahraga,"Sumatera Selatan, Palembang (Kota)",43226880
767,Belanja  Perjalanan Dinas Biasa Luar Negeri,108000000,1,26-Apr,Provinsi Sumatera Selatan,Dinas Pemuda dan Olahraga,"Sumatera Selatan, Palembang (Kota)",43226886
768,Belanja PerjalananDinas Biasa,5000000,1,26-Apr,Provinsi Sumatera Selatan,Dinas Pemberdayaan Perempuan dan Perlindungan Anak,"Sumatera Selatan, Palembang (Kota)",41980121
769,Belanja Perjalanan Dinas Dalam Kota,8000000,1,26-Jan,Provinsi Sumatera Selatan,Dinas Pemuda dan Olahraga,"Sumatera Selatan, Palembang (Kota)",42001186
770,Belanja Perjalanan Dinas Biasa,17608770,1,26-Feb,Provinsi Sumatera Selatan,Dinas Komunikasi dan Informatika,"Sumatera Selatan, Palembang (Kota)",42016972
771,Perjalanan Dinas Luar Daerah,5200000,1,26-Jan,Provinsi Sumatera Selatan,Dinas Ketahanan Pangan dan Peternakan,"Sumatera Selatan, Palembang (Kota)",42221250
772,Perjalanan dinas luar daerah,16991064,1,26-Jan,Provinsi Sumatera Selatan,Dinas Ketahanan Pangan dan Peternakan,"Sumatera Selatan, Palembang (Kota)",42221556
773,Belanja Perjalanan Dinas Biasa,239550000,1,26-Feb,Provinsi Sumatera Selatan,Dinas Perumahan dan Kawasan Permukiman,"Sumatera Selatan, Lainnya",42232280
774,Belanja Perjalanan Dinas Biasa,20423000,1,26-Feb,Provinsi Sumatera Selatan,Dinas Perumahan dan Kawasan Permukiman,"Sumatera Selatan, Banyuasin (Kab.)",42404148
775,Belanja Perjalanan Dinas Biasa,200520000,1,26-Jan,Provinsi Sumatera Selatan,Dinas Kesehatan,"Sumatera Selatan, Palembang (Kota)",42445535
776,Perjalanan Dinas Pendataan dan Audit CBIB di Kabupaten/Kota,50000000,1,26-Feb,Provinsi Sumatera Selatan,Dinas Kelautan dan Perikanan,"Sumatera Selatan, Banyuasin (Kab.) | Sumatera Selatan, Empat Lawang (Kab.) | Sumatera Selatan, Lahat (Kab.) | Sumatera Selatan, Lubuk Linggau (Kota) | Sumatera Selatan, Muara Enim (Kab.) | Sumatera Selatan, Musi Banyu Asin (Kab.) | Sumatera Selatan, Musi Rawas (Kab.) | Sumatera Selatan, Musi Rawas Utara (Kab.) | Sumatera Selatan, Ogan Ilir (Kab.) | Sumatera Selatan, Ogan Komering Ilir (Kab.) | Sumatera Selatan, Ogan Komering Ulu (Kab.) | Sumatera Selatan, Ogan Komering Ulu Selatan (Kab.) | Sumatera Selatan, Ogan Komering Ulu Timur (Kab.) | Sumatera Selatan, Pagar Alam (Kota) | Sumatera Selatan, Palembang (Kota) | Sumatera Selatan, Penukal Abab Lematang Ilir (Kab.) | Sumatera Selatan, Prabumulih (Kota)",42462386
777,Belanja Perjalanan Dinas Biasa,6440000,1,26-Jan,Provinsi Sumatera Selatan,Dinas Perhubungan,"Sumatera Selatan, Palembang (Kota)",42624525
778,Belanja Perjalanan Dinas Biasa,12800000,1,26-Jan,Provinsi Sumatera Selatan,Dinas Perhubungan,"Sumatera Selatan, Palembang (Kota)",42628401
779,Belanja Perjalanan Dinas Dalam Kota,3120000,1,26-Feb,Provinsi Sumatera Selatan,Dinas Kesehatan,"Sumatera Selatan, Palembang (Kota)",42642822
780,Belanja Perjalanan Dinas Dalam Kota,33210000,1,26-Feb,Provinsi Sumatera Selatan,Dinas Kesehatan,"Sumatera Selatan, Palembang (Kota)",42643369
781,Belanja Perjalanan Dinas Biasa,67480000,1,26-Feb,Provinsi Sumatera Selatan,Dinas Kesehatan,"Sumatera Selatan, Palembang (Kota)",42643374
782,Belanja Perjalanan Dinas Biasa,7520000,1,26-Feb,Provinsi Sumatera Selatan,Dinas Kesehatan,"Sumatera Selatan, Palembang (Kota)",42668646
783,Belanja Perjalanan Dinas Dalam Kota,200000,1,26-Feb,Provinsi Sumatera Selatan,Dinas Kesehatan,"Sumatera Selatan, Palembang (Kota)",42670208
784,Belanja Perjalanan Dinas Dalam Kota,18000000,1,26-Feb,Provinsi Sumatera Selatan,Dinas Kesehatan,"Sumatera Selatan, Palembang (Kota)",42693947
785,Belanja Perjalanan Dinas Dalam Kota,9000000,1,26-Feb,Provinsi Sumatera Selatan,Dinas Kesehatan,"Sumatera Selatan, Palembang (Kota)",42705386
786,Belanja Perjalanan Dinas Biasa,9640000,1,26-Feb,Provinsi Sumatera Selatan,Dinas Perumahan dan Kawasan Permukiman,"Sumatera Selatan, Palembang (Kota)",42739109
787,Belanja Perjalanan Dinas Paket Meeting Dalam Kota,29300000,1,26-Apr,Provinsi Sumatera Selatan,Dinas Komunikasi dan Informatika,"Sumatera Selatan, Palembang (Kota)",42004255
788,Belanja Perjalanan Dinas Biasa,53925500,1,26-Feb,Provinsi Sumatera Selatan,Dinas Komunikasi dan Informatika,"Sumatera Selatan, Palembang (Kota)",42111114
789,Belanja Perjalanan Dinas Biasa,31309750,1,26-Feb,Provinsi Sumatera Selatan,Dinas Komunikasi dan Informatika,"Sumatera Selatan, Palembang (Kota)",42128560
790,Belanja Perjalanan Dinas Biasa,192000000,1,26-Jan,Provinsi Sumatera Selatan,Dinas Ketahanan Pangan dan Peternakan,"Sumatera Selatan, Palembang (Kota)",42221068
791,Belanja Perjalanan Dinas Luar Daerah,10800000,1,26-Jan,Provinsi Sumatera Selatan,Dinas Ketahanan Pangan dan Peternakan,"Sumatera Selatan, Palembang (Kota)",42221310
792,Belanja Perjalanan Dinas Biasa,37556000,1,26-Feb,Provinsi Sumatera Selatan,Dinas Perumahan dan Kawasan Permukiman,"Sumatera Selatan, Ogan Komering Ulu Selatan (Kab.)",42404149
793,Belanja Perjalanan Dinas Biasa,55000000,1,26-Jan,Provinsi Sumatera Selatan,Dinas Kehutanan,"Sumatera Selatan, Palembang (Kota)",42606696
794,Belanja Perjalanan Dinas Biasa,70000000,1,26-Jan,Provinsi Sumatera Selatan,Dinas Kehutanan,"Sumatera Selatan, Palembang (Kota)",42607290
795,Belanja Perjalanan Dinas Biasa,51500000,1,26-Jan,Provinsi Sumatera Selatan,Dinas Kehutanan,"Sumatera Selatan, Palembang (Kota)",42607411
796,Belanja Perjalanan Dinas Dalam Kota,900000,1,26-Feb,Provinsi Sumatera Selatan,Dinas Kesehatan,"Sumatera Selatan, Palembang (Kota)",42613990
797,Belanja Perjalanan Dinas Biasa,27680000,1,26-Jan,Provinsi Sumatera Selatan,Dinas Perhubungan,"Sumatera Selatan, Palembang (Kota)",42624308
798,Belanja Perjalanan Dinas Biasa,16000000,1,26-Jan,Provinsi Sumatera Selatan,Dinas Perhubungan,"Sumatera Selatan, Palembang (Kota)",42624396
799,Belanja Perjalanan Dinas Biasa,84000000,1,26-Feb,Provinsi Sumatera Selatan,Dinas Kesehatan,"Sumatera Selatan, Palembang (Kota)",42668962
800,Belanja Perjalanan Dinas Biasa,27174000,1,26-Feb,Provinsi Sumatera Selatan,Dinas Kesehatan,"Sumatera Selatan, Palembang (Kota)",42670342
801,Belanja Perjalanan Dinas Dalam Kota,300000,1,26-Feb,Provinsi Sumatera Selatan,Dinas Kesehatan,"Sumatera Selatan, Palembang (Kota)",42670642
802,Belanja Perjalanan Dinas Biasa,239966000,1,26-Feb,Provinsi Sumatera Selatan,Dinas Kesehatan,"Sumatera Selatan, Palembang (Kota)",42693946
803,Belanja Perjalanan Dinas Biasa,36450000,1,26-Feb,Provinsi Sumatera Selatan,Dinas Kesehatan,"Sumatera Selatan, Palembang (Kota)",42705561
804,Belanja Perjalanan Dinas,40000000,1,26-Jan,Provinsi Sumatera Selatan,Dinas Perhubungan,"Sumatera Selatan, Palembang (Kota)",42863042
805,Belanja Perjalanan Dinas Biasa,24486341,1,26-Mar,Provinsi Sumatera Selatan,Dinas Perhubungan,"Sumatera Selatan, Palembang (Kota)",42867047
806,Belanja Perjalanan Dinas Biasa,12000000,1,26-Feb,Provinsi Sumatera Selatan,Dinas Perhubungan,"Sumatera Selatan, Palembang (Kota)",42926219
807,Belanja Perjalanan Dinas Biasa,12000000,1,26-Jan,Provinsi Sumatera Selatan,Dinas Kependudukan dan Pencatatan Sipil,"Sumatera Selatan, Palembang (Kota)",42956722
808,Belanja Perjalanan Dinas Biasa,21780000,1,26-Apr,Provinsi Sumatera Selatan,Dinas Pemuda dan Olahraga,"Sumatera Selatan, Palembang (Kota)",43052729
809,Belanja Perjalanan Dinas Biasa,16500000,1,26-Apr,Provinsi Sumatera Selatan,Dinas Pemuda dan Olahraga,"Sumatera Selatan, Palembang (Kota)",43052751
810,Perjalanan Dinas (Pemeliharaan rutin Jalan)) UPTD Jalan dan Jembatan Wilayah II,51624000,1,26-Jan,Provinsi Sumatera Barat,"DINAS BINA MARGA, CIPTA KARYA DAN TATA RUANG","Sumatera Barat, Payakumbuh (Kota)",43278033
811,Belanja Perjalanan Dinas Biasa,474517000,1,26-Jan,Provinsi Sumatera Barat,BIRO PEMERINTAHAN DAN OTONOMI DAERAH,"Sumatera Barat, Padang (Kota)",41533500
812,Belanja Perjalanan Dinas Biasa Narasumber Pendampingan Penyusunan Penilaian Indeks KAMI,5904000,1,26-Jan,Provinsi Sumatera Barat,"DINAS KOMUNIKASI, INFORMATIKA DAN STATISTIK","Sumatera Barat, Lainnya",41587356
813,Belanja Perjalanan Dinas Biasa (Narasumber Sosialisasi Smartcity dan SmartProvince),3844000,1,26-Mar,Provinsi Sumatera Barat,"DINAS KOMUNIKASI, INFORMATIKA DAN STATISTIK","Sumatera Barat, Padang (Kota)",41689922
814,Belanja Perjalanan Dinas Biasa,86400000,1,26-Jan,Provinsi Sumatera Barat,DINAS PENDIDIKAN,"Sumatera Barat, Solok (Kab.)",41695281
815,Belanja Perjalanan Dinas Biasa,268053000,1,26-Jan,Provinsi Sumatera Barat,DINAS TENAGA KERJA DAN TRANSMIGRASI,"Sumatera Barat, Padang (Kota)",41720112
816,Belanja Perjalanan Dinas Biasa,127956225,1,26-Jan,Provinsi Sumatera Barat,DINAS PENDIDIKAN,"Sumatera Barat, Pesisir Selatan (Kab.)",41723546
817,Belanja Perjalanan Dinas Biasa dalam rangka Pelatihan Pembuatan Produk Hilirisasi Minyak Atsiri,5794000,1,26-Aug,Provinsi Sumatera Barat,DINAS PERINDUSTRIAN DAN PERDAGANGAN,"Sumatera Barat, Padang (Kota)",41727710
818,FARMASI - Belanja Perjalanan Dinas Distribusi Obat ke Kab/Kota,105292000,1,26-Feb,Provinsi Sumatera Barat,DINAS KESEHATAN,"Sumatera Barat, Padang (Kota)",42704754
819,Belanja Perjalanan Dinas Kegiatan Pembangunan Sumur Air Tanah Untuk Air Baku,18165800,1,26-Jan,Provinsi Sumatera Barat,DINAS SUMBER DAYA AIR DAN BINA KONSTRUKSI,"Sumatera Barat, Padang (Kota)",42721745
820,Belanja Perjalanan Dinas Kegiatan Pembangunan Embung,54352600,1,26-Jan,Provinsi Sumatera Barat,DINAS SUMBER DAYA AIR DAN BINA KONSTRUKSI,"Sumatera Barat, Padang (Kota)",42721837
821,Belanja Perjalanan Dinas Paket Meeting dalam Kota -BINKON,52500000,1,26-Feb,Provinsi Sumatera Barat,DINAS SUMBER DAYA AIR DAN BINA KONSTRUKSI,"Sumatera Barat, Padang (Kota)",42786848
822,Belanja Perjalanan Dinas Biasa -BINKON,8198000,1,26-Feb,Provinsi Sumatera Barat,DINAS SUMBER DAYA AIR DAN BINA KONSTRUKSI,"Sumatera Barat, Padang (Kota)",42786926
823,Belanja Perjalanan Dinas dan Belanja Jasa Kantor (Fasilitasi Kerja Sama Penyelenggaraan Sistem Penyediaan Air Minum (SPAM) Lintas Kabupaten/Kota),37869000,1,26-Jan,Provinsi Sumatera Barat,"DINAS BINA MARGA, CIPTA KARYA DAN TATA RUANG","Sumatera Barat, Agam (Kab.) | Sumatera Barat, Bukit Tinggi (Kota) | Sumatera Barat, Lima Puluh Kota (Kab.) | Sumatera Barat, Payakumbuh (Kota) | Sumatera Barat, Padang (Kota) | Sumatera Barat, Padang Pariaman (Kab.) | Sumatera Barat, Pariaman (Kota) | Sumatera Barat, Solok (Kab.) | Sumatera Barat, Solok (Kota)",42853352
824,Perjalanan Dinas Penyelesaian dan Pemeliharaan Tribun Barat Stadion Utama Sumatera Barat,17700000,1,26-Jan,Provinsi Sumatera Barat,"DINAS BINA MARGA, CIPTA KARYA DAN TATA RUANG","Sumatera Barat, Padang (Kota)",42860172
825,Belanja perjalanan Dinas Biasa,2778001000,1,26-Jan,Provinsi Sumatera Barat,DINAS PENDIDIKAN,"Sumatera Barat, Padang (Kota)",43038902
826,Penyelenggaraan Rapat Koordinasi dan Konsultasi SKPD berupa Belanja Perjalanan Dinas,1606749000,1,26-Feb,Provinsi Sumatera Barat,DINAS PEMBERDAYAAN MASYARAKAT DAN DESA,"Sumatera Barat, Padang (Kota)",43181684
827,Belanja Perjalanan Dinas Biasa,988804000,1,26-Jan,Provinsi Sumatera Barat,DINAS PERHUBUNGAN,"Sumatera Barat, Padang (Kota)",43429336
828,Perjalanan Dinas Rapat Koordinasi UPTD Jalan dan Jembatan Wilayah III,11856000,1,26-Jan,Provinsi Sumatera Barat,"DINAS BINA MARGA, CIPTA KARYA DAN TATA RUANG","Sumatera Barat, Padang (Kota)",43279514
829,Belanja Perjalanan Dinas Biasa,82050000,1,26-Jan,Provinsi Sumatera Barat,DINAS PENDIDIKAN,"Sumatera Barat, Bukit Tinggi (Kota)",41671785
830,Belanja Perjalanan Dinas Paket Meeting Dalam Kota,458400000,1,26-Jan,Provinsi Sumatera Barat,DINAS PENDIDIKAN,"Sumatera Barat, Padang (Kota)",41681232
831,Penyelenggaraan Rapat Koordinasi dan Konsultasi SKPD berupa  Belanja Perjalanan Dinas Survei dan instalasi server co-location,57844000,1,26-Jan,Provinsi Sumatera Barat,DINAS PENDIDIKAN,"Kepulauan Riau, Batam (Kota) | DKI Jakarta, Jakarta Pusat (Kota)",41681291
832,Belanja Perjalanan Dinas Biasa,498372000,1,26-Jan,Provinsi Sumatera Barat,BADAN PENELITIAN DAN PENGEMBANGAN,"Sumatera Barat, Padang (Kota)",41887832
833,Perjalanan Dinas Penyelenggaraan Rapat Koordinasi dan Konsultasi SKPD),471351000,1,26-Jan,Provinsi Sumatera Barat,DINAS LINGKUNGAN HIDUP,"Sumatera Barat, Padang (Kota)",42628026
834,"Kegiatan Penunjang (Perencanaan, Pengawasan, Perjalanan Dinas dalam rangka Pengendalian Kegiatan)",30000000,1,26-Mar,Provinsi Sumatera Barat,DINAS PENDIDIKAN,"Sumatera Barat, Padang (Kota)",42699022
835,"Kegiatan Penunjang (Perencanaan, Pengawasan, Perjalanan Dinas dalam rangka Pengendalian Kegiatan)",21250000,1,26-Mar,Provinsi Sumatera Barat,DINAS PENDIDIKAN,"Sumatera Barat, Padang (Kota)",42699611
836,"Kegiatan Penunjang (Perencanaan, Pengawasan, Perjalanan Dinas dalam rangka Pengendalian Kegiatan)",15500000,1,26-Mar,Provinsi Sumatera Barat,DINAS PENDIDIKAN,"Sumatera Barat, Padang (Kota)",42700474
837,"Kegiatan Penunjang (Perencanaan, Pengawasan, Perjalanan Dinas dalam rangka Pengendalian Kegiatan)",5000000,1,26-Mar,Provinsi Sumatera Barat,DINAS PENDIDIKAN,"Sumatera Barat, Padang (Kota)",42704701
838,"Kegiatan Penunjang (Perencanaan, Pengawasan, Perjalanan Dinas dalam rangka Pengendalian Kegiatan)",7500000,1,26-Mar,Provinsi Sumatera Barat,DINAS PENDIDIKAN,"Sumatera Barat, Padang (Kota)",42704899
839,Bid Yankes-Subkeg Jamkes-Belanja Perjalanan Dinas Biasa,81480000,1,26-Feb,Provinsi Sumatera Barat,DINAS KESEHATAN,"Sumatera Barat, Padang (Kota)",42730720
840,"Belanja Perjalanan Dinas dan Belanja Jasa Kantor (Penyusunan Rencana, Kebijakan, Strategi dan Teknis Sistem Pengelolaan Persampahan)",35340000,1,26-Jan,Provinsi Sumatera Barat,"DINAS BINA MARGA, CIPTA KARYA DAN TATA RUANG","Sumatera Barat, Solok Selatan (Kab.) | Sumatera Barat, Sijunjung(Kab) | Sumatera Barat, Payakumbuh (Kota)",42853390
841,Belanja Perjalanan Dinas Biasa/FESTIVAL TAMBUA TANSA (KOTA PARIAMAN) ENDARMY,25530000,1,26-Mar,Provinsi Sumatera Barat,DINAS KEBUDAYAAN,"Sumatera Barat, Padang (Kota)",43004423
842,Penyelenggaraan Rapat Koordinasi dan Konsultasi SKPD (Belanja Perjalanan Dinas Biasa) 02,2020282735,1,26-Jan,Provinsi Sumatera Barat,DINAS KESEHATAN,"Sumatera Barat, Padang (Kota)",43324972
843,Belanja Perjalanan Dinas,384442000,1,26-Jan,Provinsi Sumatera Barat,DINAS KEPENDUDUKAN DAN PENCATATAN SIPIL,"Sumatera Barat, Padang (Kota)",41479653
844,Belanja Perjalanan Dinas Biasa,731280000,1,26-Jan,Provinsi Sumatera Barat,BADAN PERENCANAAN PEMBANGUNAN DAERAH,"Sumatera Barat, Padang (Kota)",41530186
845,Penyelenggaraan Rapat Koordinasi dan Konsultasi SKPD berupa  Belanja Perjalanan Dinas Pembekalan Pembiasaan Kandidat Sekolah Rujukan Google,18816000,1,26-Jan,Provinsi Sumatera Barat,DINAS PENDIDIKAN,"Sumatera Barat, Lainnya",41680894
846,Perjalanan Dinas Biasa,43209287500,1,26-Jan,Provinsi Sumatera Barat,SEKRETARIAT DPRD,"Sumatera Barat, Padang (Kota)",41682650
847,Belanja Perjalanan Dinas Biasa,20520000,1,26-Feb,Provinsi Sumatera Barat,DINAS PETERNAKAN DAN KESEHATAN HEWAN,"Sumatera Barat, Pasaman Barat (Kab.)",41937217
848,Belanja Perjalanan Dinas Biasa,54720000,1,26-Jan,Provinsi Sumatera Barat,DINAS TENAGA KERJA DAN TRANSMIGRASI,"Sumatera Barat, Padang (Kota)",41986137
849,Belanja Perjalanan Dinas Biasa,50540000,1,26-Jan,Provinsi Sumatera Barat,DINAS TENAGA KERJA DAN TRANSMIGRASI,"Sumatera Barat, Padang (Kota)",41990143
850,Belanja Perjalanan Dinas Biasa,558027000,1,26-Jan,Provinsi Sumatera Barat,BIRO PEREKONOMIAN,"Sumatera Barat, Padang (Kota)",42115069
851,"Pengadaan BBM, ATK, Kertas dan Cover, Bahan Komputer, Makan Minum Lapangan, Penggantian Transport Peserta, Perjalanan Dinas Dalam Daerah kegiatan Gerakan Nyata Inflasi dan Screen House",48000000,1,26-Jan,Provinsi Sumatera Barat,"DINAS PERKEBUNAN, TANAMAN PANGAN DAN HOLTIKULTURA","Sumatera Barat, Agam (Kab.) | Sumatera Barat, Tanah Datar (Kab.) | Sumatera Barat, Bukit Tinggi (Kota) | Sumatera Barat, Pasaman (Kab.)",42147601
852,belanja perjalanan dinas biasa (Kesmas) Sub Keg. Ibu dan Anak,49700000,1,26-Feb,Provinsi Sumatera Barat,DINAS KESEHATAN,"Sumatera Barat, Padang (Kota)",42537757
853,Belanja Perjalanan Dinas Biasa,28282000,1,26-Mar,Provinsi Sumatera Barat,DINAS PERINDUSTRIAN DAN PERDAGANGAN,"Sumatera Barat, Padang (Kota)",42580186
854,Belanja Perjalanan Dinas Luar Daerah Kegiatan Pembangunan RS Mata,53480000,1,26-Apr,Provinsi Sumatera Barat,DINAS KESEHATAN,"Sumatera Barat, Padang (Kota)",42618650
855,Bid Yankes-Subkeg Bencana-Belanja Perjalanan Dinas Biasa,672808000,1,26-Apr,Provinsi Sumatera Barat,DINAS KESEHATAN,"Sumatera Barat, Padang (Kota)",42711000
856,"Kegiatan Penunjang (Perencanaan, Pengawasan, Perjalanan Dinas dalam rangka Pengendalian Kegiatan)",1046450000,1,26-Mar,Provinsi Sumatera Barat,DINAS PENDIDIKAN,"Sumatera Barat, Padang (Kota)",42752129
857,Perjalanan Penyusunan Dokumen Lingkungan Kelok 9,30681000,1,26-Feb,Provinsi Sumatera Barat,"DINAS BINA MARGA, CIPTA KARYA DAN TATA RUANG","Sumatera Barat, Lima Puluh Kota (Kab.)",42860908
858,Perjalanan Dinas Sosialisasi Pergub no.14 Tahun 2025,14846000,1,26-Jan,Provinsi Sumatera Barat,"DINAS PERKEBUNAN, TANAMAN PANGAN DAN HOLTIKULTURA","Sumatera Barat, Lima Puluh Kota (Kab.) | Sumatera Barat, Pesisir Selatan (Kab.)",43141760
859,Belanja Perjalanan Dinas Biasa (Kegiatan),351218000,1,26-Jan,Provinsi Sumatera Barat,"DINAS PERKEBUNAN, TANAMAN PANGAN DAN HOLTIKULTURA","Sumatera Barat, Dharmas Raya (Kab.) | Sumatera Barat, Lima Puluh Kota (Kab.) | Sumatera Barat, Sijunjung(Kab)",43169393
860,Belanja Perjalanan Dinas (Sekretariat DPTPH),1563195000,1,26-Jan,Provinsi Sumatera Barat,"DINAS PERKEBUNAN, TANAMAN PANGAN DAN HOLTIKULTURA","Sumatera Barat, Padang (Kota)",43189901
861,Belanja Perjalanan Dinas Biasa,249070000,1,26-Mar,Provinsi Sumatera Barat,DINAS KEBUDAYAAN,"Sumatera Barat, Padang (Kota)",43211301
862,Belanja Perjalanan Dinas Biasa,43177494,1,26-Jul,Provinsi Sumatera Barat,DINAS KEBUDAYAAN,"Sumatera Barat, Padang (Kota)",43211859
863,Perjalanan Dinas Pemeliharaan Rutin Jalan UPTD Jalan dan Jembatan Wilayah III,4674000,1,26-Jan,Provinsi Sumatera Barat,"DINAS BINA MARGA, CIPTA KARYA DAN TATA RUANG","Sumatera Barat, Agam (Kab.) | Sumatera Barat, Lima Puluh Kota (Kab.) | Sumatera Barat, Padang Pariaman (Kab.)",43279556
864,Belanja Perjalanan Dinas Biasa,127300000,1,26-Jan,Provinsi Sumatera Barat,DINAS PENDIDIKAN,"Sumatera Barat, Sijunjung(Kab)",43399813
865,Penyelenggaraan Rapat Koordinasi dan Konsultasi SKPD berupa  Belanja Perjalanan Dinas Pengembangan konten digital untuk pendidikan,46816000,1,26-Jan,Provinsi Sumatera Barat,DINAS PENDIDIKAN,"Sumatera Barat, Bukit Tinggi (Kota)",41681102
866,Belanja Perjalanan Dinas Biasa (Tiket Narasumber Pelatihan DevOPS dan Docker),2952000,1,26-Mar,Provinsi Sumatera Barat,"DINAS KOMUNIKASI, INFORMATIKA DAN STATISTIK","Sumatera Barat, Padang (Kota)",41686281
867,Belanja Perjalanan Dinas,4400913400,1,26-Jan,Provinsi Sumatera Barat,SEKRETARIAT DPRD,"Sumatera Barat, Padang (Kota)",41730165
868,Belanja Perjalanan Dinas,869234733,1,26-Jan,Provinsi Sumatera Barat,SEKRETARIAT DPRD,"Sumatera Barat, Padang (Kota)",41730525
869,Belanja Perjalanan Dinas Biasa Penyelenggaraan Rapat Koordinasi dan Konsultasi SKPD (BPPP),399350000,1,26-Jan,Provinsi Sumatera Barat,"DINAS PERKEBUNAN, TANAMAN PANGAN DAN HOLTIKULTURA","Sumatera Barat, Padang (Kota)",41731815
870,Belanja Perjalanan Dinas UPTD PSBGHI Padang,6840000,1,26-Jan,Provinsi Sumatera Barat,DINAS SOSIAL,"Sumatera Barat, Padang (Kota)",41826448
871,Belanja Perjalanan Dinas Biasa Workshop Nasional Geopark Sianok Maninjau,15032000,1,26-Jan,Provinsi Sumatera Barat,BADAN PERENCANAAN PEMBANGUNAN DAERAH,"Sumatera Barat, Padang (Kota)",42029471
872,Belanja Perjalanan Dinas Biasa,22220000,1,26-Feb,Provinsi Sumatera Barat,DINAS PETERNAKAN DAN KESEHATAN HEWAN,"Sumatera Barat, Payakumbuh (Kota)",42161720
873,Belanja Perjalanan Dinas Biasa (SURVIM) Sub.Keg Pengelolaan Pelayanan Kesehatan bagi Penduduk pada Kondisi Kejadian Luar Biasa (KLB),293642000,1,26-Feb,Provinsi Sumatera Barat,DINAS KESEHATAN,"Sumatera Barat, Padang (Kota)",42558466
874,Belanja Perjalanan Dinas Biasa,2479179000,1,26-Jan,Provinsi Sumatera Barat,INSPEKTORAT DAERAH PROVINSI,"Sumatera Barat, Padang (Kota)",42640343
875,Belanja Perjalanan Dinas Kegiatan Pembangunan Bangunan Pengaman Pantai,42393000,1,26-Jan,Provinsi Sumatera Barat,DINAS SUMBER DAYA AIR DAN BINA KONSTRUKSI,"Sumatera Barat, Padang (Kota)",42721993
876,Bid Yankes-Subkeg Jamkes-Belanja Perjalanan Dinas Dalam Kota,900000,1,26-Apr,Provinsi Sumatera Barat,DINAS KESEHATAN,"Sumatera Barat, Padang (Kota)",42730836
877,Perjalanan Dinas,1130219000,1,26-Jan,Provinsi Sumatera Barat,DINAS PETERNAKAN DAN KESEHATAN HEWAN,"Sumatera Barat, Lainnya",42742488
878,Belanja Perjalanan Dinas Biasa -BINKON,49686000,1,26-Feb,Provinsi Sumatera Barat,DINAS SUMBER DAYA AIR DAN BINA KONSTRUKSI,"Sumatera Barat, Padang (Kota)",42786684
879,Belanja Perjalanan Dinas Biasa,272940000,1,26-Jan,Provinsi Sumatera Barat,DINAS TENAGA KERJA DAN TRANSMIGRASI,"Sumatera Barat, Padang (Kota)",42805386
880,Penatausahaan Barang Milik Daerah pada SKPD (Sekretariat) Belanja Perjalanan Dinas Biasa,20380800,1,26-Jan,Provinsi Sumatera Barat,"DINAS BINA MARGA, CIPTA KARYA DAN TATA RUANG","Sumatera Barat, Padang (Kota)",42832672
881,"Pendidikan dan Pelatihan Pegawai Berdasarkan Tugas dan Fungsi (Sekretariat) Belanja Kursus Singkat/Pelatihan, Belanja Perjalanan Dinas Biasa",133672000,1,26-Feb,Provinsi Sumatera Barat,"DINAS BINA MARGA, CIPTA KARYA DAN TATA RUANG","Sumatera Barat, Padang (Kota)",42832675
882,Belanja Perjalanan Dinas dan Belanja Jasa Kantor(Pembinaan dan Pengawasan Pengembangan dan Pengelolaan TPA/TPST/SPA/TPS-3R/TPS Kabupaten/Kota),24320000,1,26-Jan,Provinsi Sumatera Barat,"DINAS BINA MARGA, CIPTA KARYA DAN TATA RUANG","Sumatera Barat, Agam (Kab.) | Sumatera Barat, Bukit Tinggi (Kota) | Sumatera Barat, Dharmas Raya (Kab.) | Sumatera Barat, Kepulauan Mentawai (Kab.) | Sumatera Barat, Lima Puluh Kota (Kab.) | Sumatera Barat, Padang (Kota) | Sumatera Barat, Padang Panjang (Kota) | Sumatera Barat, Padang Pariaman (Kab.) | Sumatera Barat, Pariaman (Kota) | Sumatera Barat, Pasaman Barat (Kab.) | Sumatera Barat, Pasaman (Kab.) | Sumatera Barat, Payakumbuh (Kota) | Sumatera Barat, Pesisir Selatan (Kab.) | Sumatera Barat, Sawahlunto | Sumatera Barat, Sijunjung(Kab) | Sumatera Barat, Solok (Kab.) | Sumatera Barat, Solok (Kota) | Sumatera Barat, Solok Selatan (Kab.) | Sumatera Barat, Tanah Datar (Kab.)",42853410
883,"Belanja Perjalanan Dinas Biasa/"" PEMBIMBING KESENIAN  ANAK NAGARI - AGAM & BUKITINGGI ASRIL """,28650000,1,26-Mar,Provinsi Sumatera Barat,DINAS KEBUDAYAAN,"Sumatera Barat, Padang (Kota)",43003973
884,"Belanja Perjalanan Dinas Biasa/"" PEMBINAAN KESENIAN ANAK NAGARI - PADANG GANTIANG,KAB. TANAH DATAR Neldaswenti """,17560000,1,26-Mar,Provinsi Sumatera Barat,DINAS KEBUDAYAAN,"Sumatera Barat, Padang (Kota)",43004054
885,Belanja Perjalanan Dinas Dalam Daerah (UPTD BPSB),203984000,1,26-Jan,Provinsi Sumatera Barat,"DINAS PERKEBUNAN, TANAMAN PANGAN DAN HOLTIKULTURA","Sumatera Barat, Bukit Tinggi (Kota)",43146399
886,Perjalanan Dinas Narasumber Bimtek Aplikasi Perbenihan (UPTD BPSB),18960000,1,26-Jan,Provinsi Sumatera Barat,"DINAS PERKEBUNAN, TANAMAN PANGAN DAN HOLTIKULTURA","Sumatera Barat, Bukit Tinggi (Kota)",43146598
887,"Pengadaan BBM, ATK, Kertas dan Cover, Bahan Cetak, Bahan Komputer, Bahan Kantor Lainnya, Makan minum lapangan, Penggantian transpor peserta, Perjalanan dinas dalam daerah kegiatan Pengembangan Tanaman Bawang Merah, Cabai dan Kentang",453569400,1,26-Jan,Provinsi Sumatera Barat,"DINAS PERKEBUNAN, TANAMAN PANGAN DAN HOLTIKULTURA","Sumatera Barat, Agam (Kab.) | Sumatera Barat, Bukit Tinggi (Kota) | Sumatera Barat, Tanah Datar (Kab.) | Sumatera Barat, Solok (Kab.) | Sumatera Barat, Pasaman (Kab.) | Sumatera Barat, Padang (Kota)",43181066
888,Belanja BBM dan Perjalanan Dinas Untuk Kegiatan  Rehabilitasi Jaringan Irigasi Permukaan,744234500,1,26-Jan,Provinsi Sumatera Barat,DINAS SUMBER DAYA AIR DAN BINA KONSTRUKSI,"Sumatera Barat, Padang (Kota)",43194833
889,Belanja Perjalanan Dinas Biasa,54470000,1,26-Jan,Provinsi Sumatera Barat,DINAS PERHUBUNGAN,"Sumatera Barat, Padang (Kota)",43428890
890,Penyelenggaraan Rapat Koordinasi dan Konsultasi SKPD berupa  Belanja Perjalanan Dinas Pelatihan Penggunaan Aplikasi Bidang Pendidikan,57774000,1,26-Jan,Provinsi Sumatera Barat,DINAS PENDIDIKAN,"Sumatera Barat, Bukit Tinggi (Kota)",41680442
891,Penyelenggaraan Rapat Koordinasi dan Konsultasi SKPD Belanja Perjalanan dinas dalam dan luar daerah,102490000,1,26-Jan,Provinsi Sumatera Barat,DINAS TENAGA KERJA DAN TRANSMIGRASI,"Sumatera Barat, Payakumbuh (Kota)",41699636
892,"Belanja Belanja Perjalanan Dinas Biasa Sub Kegiatan Pembinaan Minat, Bakat dan Kreativitas Siswa",170868000,1,26-Jan,Provinsi Sumatera Barat,DINAS PENDIDIKAN,"Sumatera Barat, Padang (Kota)",41706341
893,Belanja Perjalanan Dinas,12748354000,1,26-Jan,Provinsi Sumatera Barat,SEKRETARIAT DPRD,"Sumatera Barat, Padang (Kota)",41707176
894,Belanja Perjalanan Dinas Dalam Kota,4500000,1,26-Jan,Provinsi Sumatera Barat,DINAS TENAGA KERJA DAN TRANSMIGRASI,"Sumatera Barat, Padang (Kota)",41720229
895,Rapat koordinasi dan konsultasi SKPD Belanja Perjalanan Dinas Biasa UPTD PSAABR Budi Utama Lubuk Alung,18240000,1,26-Jan,Provinsi Sumatera Barat,DINAS SOSIAL,"Sumatera Barat, Padang Pariaman (Kab.)",41990116
896,belanja perjalanan dinas biasa (Kesmas) Sub Keg. UKBM,52704000,1,26-Feb,Provinsi Sumatera Barat,DINAS KESEHATAN,"Sumatera Barat, Padang (Kota)",42691171
897,"Kegiatan Penunjang (Perencanaan, Pengawasan, Perjalanan Dinas dalam rangka Pengendalian Kegiatan)",10000000,1,26-Mar,Provinsi Sumatera Barat,DINAS PENDIDIKAN,"Sumatera Barat, Padang (Kota)",42699905
898,FARMASI - Belanja Perjalanan Dinas Narasumber Pertemuan Pengelolaan Sistem Informasi Kesehatan,23064000,1,26-Apr,Provinsi Sumatera Barat,DINAS KESEHATAN,"Sumatera Barat, Padang (Kota)",42704836
899,SDMK- belanja perjalanan dinas/ penggantian transpor peserta pelatihan penanggulangan tuberkulosis bagi tenaga kesehatan di fasilitas pelayanan kesehatan,27176000,1,26-Jun,Provinsi Sumatera Barat,DINAS KESEHATAN,"Sumatera Barat, Padang (Kota)",42709461
900,Bid Yankes-Subkeg Mutu-Belanja Perjalanan Dinas Biasa,248562000,1,26-Feb,Provinsi Sumatera Barat,DINAS KESEHATAN,"Sumatera Barat, Padang (Kota)",42711158
901,Belanja Perjalanan Dinas Kegiatan Pembangunan Tanggul Sungai,830781610,1,26-Jan,Provinsi Sumatera Barat,DINAS SUMBER DAYA AIR DAN BINA KONSTRUKSI,"Sumatera Barat, Padang (Kota)",42721634
902,Belanja Perjalanan Dinas dan Belanja Jasa Kantor (Fasilitasi Kerja Sama Penyelenggaraan Sistem Pengelolaan Persampahan Lintas Kabupaten/Kota),20166000,1,26-Jan,Provinsi Sumatera Barat,"DINAS BINA MARGA, CIPTA KARYA DAN TATA RUANG","Sumatera Barat, Agam (Kab.) | Sumatera Barat, Bukit Tinggi (Kota) | Sumatera Barat, Dharmas Raya (Kab.) | Sumatera Barat, Kepulauan Mentawai (Kab.) | Sumatera Barat, Lima Puluh Kota (Kab.) | Sumatera Barat, Padang (Kota) | Sumatera Barat, Padang Panjang (Kota) | Sumatera Barat, Padang Pariaman (Kab.) | Sumatera Barat, Pariaman (Kota) | Sumatera Barat, Pasaman Barat (Kab.) | Sumatera Barat, Pasaman (Kab.) | Sumatera Barat, Payakumbuh (Kota) | Sumatera Barat, Pesisir Selatan (Kab.) | Sumatera Barat, Sawahlunto | Sumatera Barat, Sijunjung(Kab) | Sumatera Barat, Solok (Kab.) | Sumatera Barat, Solok (Kota) | Sumatera Barat, Solok Selatan (Kab.) | Sumatera Barat, Tanah Datar (Kab.)",42851098
903,"Belanja Perjalanan Dinas dan Belanja Jasa Kantor (Penyusunan Rencana, Kebijakan, Strategi dan Teknis Sistem Pengelolaan Air Limbah Domestik (SPALD))",12186000,1,26-Jan,Provinsi Sumatera Barat,"DINAS BINA MARGA, CIPTA KARYA DAN TATA RUANG","Sumatera Barat, Agam (Kab.) | Sumatera Barat, Bukit Tinggi (Kota) | Sumatera Barat, Dharmas Raya (Kab.) | Sumatera Barat, Kepulauan Mentawai (Kab.) | Sumatera Barat, Lima Puluh Kota (Kab.) | Sumatera Barat, Padang (Kota) | Sumatera Barat, Padang Panjang (Kota) | Sumatera Barat, Padang Pariaman (Kab.) | Sumatera Barat, Pariaman (Kota) | Sumatera Barat, Pasaman Barat (Kab.) | Sumatera Barat, Pasaman (Kab.) | Sumatera Barat, Payakumbuh (Kota) | Sumatera Barat, Pesisir Selatan (Kab.) | Sumatera Barat, Sawahlunto | Sumatera Barat, Sijunjung(Kab) | Sumatera Barat, Solok (Kab.) | Sumatera Barat, Solok (Kota) | Sumatera Barat, Solok Selatan (Kab.) | Sumatera Barat, Tanah Datar (Kab.)",42851213
904,Belanja Perjalanan Dinas Biasa/ Temu Karya Taman Budaya,22370408,1,26-Mar,Provinsi Sumatera Barat,DINAS KEBUDAYAAN,"Sumatera Barat, Padang (Kota)",43003721
905,"Belanja Perjalanan Dinas Biasa/"" FESTIVAL SIPAK RAGO(KOTA PADANG) EVI YANDRI """,17340000,1,26-Mar,Provinsi Sumatera Barat,DINAS KEBUDAYAAN,"Sumatera Barat, Padang (Kota)",43004558
906,Belanja Perjalanan Dinas dalam Kota,20250000,1,26-Mar,Provinsi Sumatera Barat,DINAS KEBUDAYAAN,"Sumatera Barat, Padang (Kota)",43210465
907,Perjalanan Dinas (Rakor) UPTD Jalan dan Jembatan Wilayah II,27960000,1,26-Jan,Provinsi Sumatera Barat,"DINAS BINA MARGA, CIPTA KARYA DAN TATA RUANG","Sumatera Barat, Payakumbuh (Kota)",43278070
908,Belanja Perjalanan Dinas Biasa,1133551000,1,26-Jan,Provinsi Sumatera Barat,BIRO ADMINISTRASI PIMPINAN,"Sumatera Barat, Padang (Kota)",43331523
909,Belanja Perjalanan Dinas Biasa UPTD 1,21145000,1,26-Jan,Provinsi Sumatera Barat,DINAS PERHUBUNGAN,"Sumatera Barat, Padang (Kota)",43428886
910,Belanja Perjalanan Dinas Dalam Kota,127500000,1,26-Jan,Provinsi Sumatera Barat,DINAS PERHUBUNGAN,"Sumatera Barat, Padang (Kota)",43429344
911,Belanja Perjalanan Dinas (alsin pra panen),493912000,1,26-Jan,Provinsi Sumatera Barat,"DINAS PERKEBUNAN, TANAMAN PANGAN DAN HOLTIKULTURA","Sumatera Barat, Padang (Kota)",43297521
912,Perjalanan Dinas Perencanaan Main Building Kantor Gubernur Sumatera Barat,28256000,1,26-Feb,Provinsi Sumatera Barat,"DINAS BINA MARGA, CIPTA KARYA DAN TATA RUANG","Sumatera Barat, Padang (Kota)",43304108
913,Belanja Perjalanan Dinas Biasa,1864749600,1,26-Feb,Provinsi Sumatera Barat,BIRO UMUM,"Sumatera Barat, Padang (Kota)",43266075
914,Perjalanan Dinas Diskominfotik,2029514000,1,26-Mar,Provinsi Sumatera Barat,"DINAS KOMUNIKASI, INFORMATIKA DAN STATISTIK","Sumatera Barat, Padang (Kota)",43236559
915,Penyelenggaraan Rapat Koordinasi dan Konsultasi SKPD berupa  Belanja Perjalanan Dinas Pelatihan Sertifikasi Google Workspace for Education (GWE) untuk Guru,19532000,1,26-Jan,Provinsi Sumatera Barat,DINAS PENDIDIKAN,"Sumatera Barat, Dharmas Raya (Kab.)",41680666
916,Belanja Perjalanan Dinas Biasa Sub Kegiatan Pelatihan Penyusunan Kurikulum Muatan Lokal Pendidikan Menengah,43200000,1,26-Jan,Provinsi Sumatera Barat,DINAS PENDIDIKAN,"Sumatera Barat, Padang (Kota)",41729209
917,Belanja Perjalanan Dinas Dalam Negeri,3623889600,1,26-Jan,Provinsi Sumatera Barat,SEKRETARIAT DPRD,"Sumatera Barat, Padang (Kota)",41821948
918,Belanja perjalanan dinas dalam provinsi UPTD Ternak Unggas,13503000,1,26-Feb,Provinsi Sumatera Barat,DINAS PETERNAKAN DAN KESEHATAN HEWAN,"Sumatera Barat, Pasaman Barat (Kab.)",42015149
919,Belanja Perjalanan Dinas Biasa Konsultasi Regional PDRB Wilayah Sumatera,56440000,1,26-Jan,Provinsi Sumatera Barat,BADAN PERENCANAAN PEMBANGUNAN DAERAH,"Sumatera Barat, Padang (Kota)",42026956
920,Belanja BBM dan Perjalanan Dinas Untuk Kegiatan Rehabilitasi Bendung Irigasi,128884100,1,26-Jan,Provinsi Sumatera Barat,DINAS SUMBER DAYA AIR DAN BINA KONSTRUKSI,"Sumatera Barat, Padang (Kota)",42269491
921,Belanja Perjalanan Dinas Biasa RS Paru,106400000,1,26-Jan,Provinsi Sumatera Barat,DINAS KESEHATAN,"Sumatera Barat, Padang Pariaman (Kab.)",42381158
922,Belanja Perjalanan Dinas Dalam Daerah Kegiatan Pembangunan RS Mata,7600000,1,26-Apr,Provinsi Sumatera Barat,DINAS KESEHATAN,"Sumatera Barat, Padang (Kota)",42618542
923,Belanja Perjalanan Dinas Dalam Kota,1013400000,1,26-Jan,Provinsi Sumatera Barat,INSPEKTORAT DAERAH PROVINSI,"Sumatera Barat, Padang (Kota)",42639224
924,Belanja Perjalanan Dinas Biasa,1879846000,1,26-Jan,Provinsi Sumatera Barat,"DINAS KOPERASI, USAHA KECIL DAN MENENGAH","Sumatera Barat, Padang (Kota)",42657207
925,"Kegiatan Penunjang (Perencanaan, Pengawasan, Perjalanan Dinas dalam rangka Pengendalian Kegiatan)",56000000,1,26-Mar,Provinsi Sumatera Barat,DINAS PENDIDIKAN,"Sumatera Barat, Padang (Kota)",42702220
926,"Kegiatan Penunjang (Perencanaan, Pengawasan, Perjalanan Dinas dalam rangka Pengendalian Kegiatan)",122845000,1,26-Mar,Provinsi Sumatera Barat,DINAS PENDIDIKAN,"Sumatera Barat, Padang (Kota)",42705607
927,Belanja Perjalanan Dinas Kegiatan Rehabilitasi Tanggul Sungai,42393000,1,26-Jan,Provinsi Sumatera Barat,DINAS SUMBER DAYA AIR DAN BINA KONSTRUKSI,"Sumatera Barat, Padang (Kota)",42721912
928,Belanja Perjalanan Dinas Biasa,1997760000,1,26-Feb,Provinsi Sumatera Barat,DINAS KEBUDAYAAN,"Sumatera Barat, Padang (Kota)",42767959
929,Belanja Perjalanan Dinas Biasa -BINKON,23788000,1,26-Feb,Provinsi Sumatera Barat,DINAS SUMBER DAYA AIR DAN BINA KONSTRUKSI,"Sumatera Barat, Padang (Kota)",42786876
930,"Belanja Perjalanan Dinas Biasa/ INVENTARISASI KARYA BUDAYA / REVITALISASI DAN RESTORASI KARYA BUDAYA / WORKSHOP SENI RUPA /"" ALEK TEATER  LAB ""/"" SUMBAR  ART LAB ""/"" WEST SUMATRA  VISUAL ART EXHIBITION  (WESVAE) "" MARAH FEST 2",111532000,1,26-Mar,Provinsi Sumatera Barat,DINAS KEBUDAYAAN,"Sumatera Barat, Padang (Kota)",42804397
931,"Belanja Jasa Kantor dan Perjalanan Dinas (Pembangunan, Pemanfaatan, Pelestarian dan Pembongkaran Bangunan Gedung untuk Kepentingan Strategis Daerah Provinsi)",102968692,1,26-Jan,Provinsi Sumatera Barat,"DINAS BINA MARGA, CIPTA KARYA DAN TATA RUANG","Sumatera Barat, Padang (Kota)",42844368
932,"Belanja Perjalanan Dinas Biasa/"" Pembinaan Kesenian Anak Nagari  Benny Saswin",33700100,1,26-Mar,Provinsi Sumatera Barat,DINAS KEBUDAYAAN,"Sumatera Barat, Padang (Kota)",43003858
933,Belanja Perjalanan Dinas,1591394000,1,26-Jan,Provinsi Sumatera Barat,SATUAN POLISI PAMONG PRAJA,"Sumatera Barat, Padang (Kota)",43145763
934,Perjalanan Dinas Biasa Rakoor UPTD Jalan dan Jembatan Wilayah VI,48784000,1,26-Jan,Provinsi Sumatera Barat,"DINAS BINA MARGA, CIPTA KARYA DAN TATA RUANG","Sumatera Barat, Pariaman (Kota)",43283865
935,Belanja Perjalanan Dinas,13680000,1,26-Feb,Provinsi Sumatera Barat,"DINAS BINA MARGA, CIPTA KARYA DAN TATA RUANG","Sumatera Barat, Padang (Kota)",43287982
936,Belanja Perjalanan Dinas Biasa (Penggantian Transportasi Dalam Kota),33750000,1,26-Feb,Provinsi Sumatera Barat,"DINAS KOMUNIKASI, INFORMATIKA DAN STATISTIK","Sumatera Barat, Padang (Kota)",43232237
937,Belanja Perjalanan Dinas Paket Meeting Dalam Kota,172200000,1,26-Aug,Provinsi Sumatera Barat,BIRO KESEJAHTERAAN RAKYAT,"Sumatera Barat, Padang (Kota)",43314312
938,Perjalanan Dinas Luar Derah Kegiatan Pengembangan Tanaman Kentang,14836000,1,26-Feb,Provinsi Sumatera Barat,"DINAS PERKEBUNAN, TANAMAN PANGAN DAN HOLTIKULTURA","Jawa Barat, Bandung (Kab.)",41651072
939,Penyelenggaraan Rapat Koordinasi dan Konsultasi SKPD berupa  Belanja  Perjalanan Dinas Biasa Koordinasi dan Konsultasi e-Layanan Pendidikan,37424000,1,26-Jan,Provinsi Sumatera Barat,DINAS PENDIDIKAN,"DKI Jakarta, Jakarta Selatan (Kota)",41680359
940,Penyelenggaraan Rapat Koordinasi dan Konsultasi SKPD berupa  Belanja Perjalanan Dinas Rapat - rapat Koordinasi,18910000,1,26-Jan,Provinsi Sumatera Barat,DINAS PENDIDIKAN,"Sumatera Barat, Bukit Tinggi (Kota)",41681242
941,Belanja Perjalanan Dinas Biasa (Biaya Taksi Narasumber Pendampingan Nagari Creative Hub),2676000,1,26-Mar,Provinsi Sumatera Barat,"DINAS KOMUNIKASI, INFORMATIKA DAN STATISTIK","Sumatera Barat, Padang (Kota)",41688655
942,Belanja Perjalanan Dinas Biasa,7688000,1,26-Mar,Provinsi Sumatera Barat,BIRO PEREKONOMIAN,"Sumatera Barat, Padang (Kota)",41952916
943,"Penyelenggaraan Perjalanan Dinas Kegiatan, Rapat Koordinasi dan Konsultasi SKPD",1659433388,1,26-Feb,Provinsi Sumatera Barat,DINAS SUMBER DAYA AIR DAN BINA KONSTRUKSI,"Sumatera Barat, Solok (Kab.)",42147336
944,Perjalanan Dinas,28024000,1,26-Jan,Provinsi Sumatera Barat,DINAS LINGKUNGAN HIDUP,"Sumatera Barat, Padang (Kota)",42609262
945,"Kegiatan Penunjang (Perencanaan, Pengawasan, Perjalanan Dinas dalam rangka Pengendalian Kegiatan)",123000000,1,26-Mar,Provinsi Sumatera Barat,DINAS PENDIDIKAN,"Sumatera Barat, Padang (Kota)",42704354
946,Bid Yankes-Subkeg Pembinaan-Belanja Perjalanan Dinas Paket Meeting Dalam Kota,36000000,1,26-Feb,Provinsi Sumatera Barat,DINAS KESEHATAN,"Sumatera Barat, Padang (Kota)",42711080
947,Bid Yankes-Subkeg Tata Kelola-Belanja Perjalanan Dinas Biasa,61936000,1,26-Feb,Provinsi Sumatera Barat,DINAS KESEHATAN,"Sumatera Barat, Padang (Kota)",42711126
948,Belanja Perjalanan Dinas Kegiatan Peningkatan Pajak Air Permukaan,130077360,1,26-Jan,Provinsi Sumatera Barat,DINAS SUMBER DAYA AIR DAN BINA KONSTRUKSI,"Sumatera Barat, Padang (Kota)",42722207
949,Bid Yankes-Subkeg Kestrad-Belanja Perjalanan Dinas Biasa,256676000,1,26-Mar,Provinsi Sumatera Barat,DINAS KESEHATAN,"Sumatera Barat, Padang (Kota)",42725574
950,Bid Yankes-Subkeg Kestrad-Belanja Perjalanan Dinas Dalam Kota,2250000,1,26-Oct,Provinsi Sumatera Barat,DINAS KESEHATAN,"Sumatera Barat, Padang (Kota)",42725658
951,Belanja Perjalanan Dinas Biasa,559757000,1,26-Feb,Provinsi Sumatera Barat,DINAS PERINDUSTRIAN DAN PERDAGANGAN,"Sumatera Barat, Padang (Kota)",42758753
952,Bid Yankes-Subkeg DTPK-Belanja Perjalanan Dinas Biasa,510140000,1,26-Feb,Provinsi Sumatera Barat,DINAS KESEHATAN,"Sumatera Barat, Padang (Kota)",42759483
953,Belanja Perjalanan Dinas Biasa -BINKON,5246000,1,26-Feb,Provinsi Sumatera Barat,DINAS SUMBER DAYA AIR DAN BINA KONSTRUKSI,"Sumatera Barat, Padang (Kota)",42786839
954,Belanja Perjalanan Dinas Biasa Cabdin 2,118928000,1,26-Jan,Provinsi Sumatera Barat,DINAS PENDIDIKAN,"Sumatera Barat, Padang Pariaman (Kab.)",42789250
955,Belanja Perjalanan Dinas Biasa,1731270000,1,26-Jan,Provinsi Sumatera Barat,BIRO UMUM,"Sumatera Barat, Padang (Kota)",42805222
956,"Belanja Perjalanan Dinas dan Belanja Jasa Kantor (Penyusunan Rencana, Kebijakan, Strategi dan Teknis Sistem Penyediaan Air Minum (SPAM) Lintas Kabupaten/Kota)",19380000,1,26-Jan,Provinsi Sumatera Barat,"DINAS BINA MARGA, CIPTA KARYA DAN TATA RUANG","Sumatera Barat, Padang Pariaman (Kab.) | Sumatera Barat, Padang (Kota) | Sumatera Barat, Pariaman (Kota) | Sumatera Barat, Solok (Kab.) | Sumatera Barat, Solok (Kota) | Sumatera Barat, Pesisir Selatan (Kab.)",42853354
957,Belanja Perjalanan Dinas Biasa dalam rangka Akreditasi Laboratorium Pengujian Minyak Atsiri sesuai SNI ISO/IEC 17025:2017,18846000,1,26-Jul,Provinsi Sumatera Barat,DINAS PERINDUSTRIAN DAN PERDAGANGAN,"Sumatera Barat, Padang (Kota)",43281803
958,Belanja Perjalanan Dinas Biasa (Registrasi Lahan Hortikultura),33485000,1,26-Jan,Provinsi Sumatera Barat,"DINAS PERKEBUNAN, TANAMAN PANGAN DAN HOLTIKULTURA","Sumatera Barat, Lainnya",43284320
959,Belanja Perjalanan Dinas Biasa,1457698000,1,26-Feb,Provinsi Sumatera Barat,BIRO UMUM,"Sumatera Barat, Padang (Kota)",43271322
960,Perjalanan Dinas Kegiatan DBHCHT,31711000,1,26-Jan,Provinsi Sumatera Barat,"DINAS PERKEBUNAN, TANAMAN PANGAN DAN HOLTIKULTURA","Sumatera Barat, Agam (Kab.)",41579453
961,Penyelenggaraan Rapat Koordinasi dan Konsultasi SKPD berupa  Belanja Perjalanan Dinas Rapat Koordinasi BTIKP Se Indonesia,22436000,1,26-Jan,Provinsi Sumatera Barat,DINAS PENDIDIKAN,"Sulawesi Utara, Manado (Kota)",41681192
962,Belanja Perjalanan Dinas Paket Meeting Luar Kota,34500000,1,26-Jan,Provinsi Sumatera Barat,BADAN PENELITIAN DAN PENGEMBANGAN,"Sumatera Barat, Padang (Kota)",41973428
963,Belanja Perjalanan Dinas,190577000,1,26-Jan,Provinsi Sumatera Barat,"DINAS PERUMAHAN RAKYAT, KAWASAN PERMUKIMAN DAN PERTANAHAN","Sumatera Barat, Padang (Kota)",42436536
964,belanja perjalanan dinas biasa (Kesmas) Sub Keg. Gizi Masyarakat,377420000,1,26-Feb,Provinsi Sumatera Barat,DINAS KESEHATAN,"Sumatera Barat, Padang (Kota)",42625452
965,belanja perjalanan dinas biasa (Kesmas) Sub Kegiatan Promosi Kesehatan,33678000,1,26-Feb,Provinsi Sumatera Barat,DINAS KESEHATAN,"Sumatera Barat, Padang (Kota)",42654896
966,Bid Yankes-Subkeg Pembinaan-Belanja Perjalanan Dinas Biasa,51300000,1,26-Feb,Provinsi Sumatera Barat,DINAS KESEHATAN,"Sumatera Barat, Padang (Kota)",42711078
967,Belanja Perjalanan Dinas (Penyelenggaraan Rapat Koordinasi dan Konsultasi SKPD),26923500,1,26-Jan,Provinsi Sumatera Barat,"DINAS BINA MARGA, CIPTA KARYA DAN TATA RUANG","Sumatera Barat, Padang (Kota)",42842898
968,Belanja Perjalanan Dinas dan Belanja Jasa Kantor (Pembinaan Pengelolaan dan Pengembangan Sistem Pengelolaan Air Limbah Domestik (SPALD) Kabupaten/Kota),22097000,1,26-Jan,Provinsi Sumatera Barat,"DINAS BINA MARGA, CIPTA KARYA DAN TATA RUANG","Sumatera Barat, Kepulauan Mentawai (Kab.) | Sumatera Barat, Solok (Kab.) | Sumatera Barat, Solok Selatan (Kab.) | Sumatera Barat, Pesisir Selatan (Kab.) | Sumatera Barat, Sijunjung(Kab) | Sumatera Barat, Sawahlunto",42859771
969,Belanja Perjalanan Dinas,7012735000,1,26-Apr,Provinsi Sumatera Barat,SEKRETARIAT DPRD,"Sumatera Barat, Lainnya",43100205
970,Perjalanan Dinas Luar Daerah Dalam Negeri (UPTD BPSB),9423000,1,26-Jan,Provinsi Sumatera Barat,"DINAS PERKEBUNAN, TANAMAN PANGAN DAN HOLTIKULTURA","Sumatera Barat, Bukit Tinggi (Kota)",43146548
971,Belanja Perjalanan Dinas Biasa Kegiatan Pengembangan Tanaman Tahunan,274980000,1,26-Jan,Provinsi Sumatera Barat,"DINAS PERKEBUNAN, TANAMAN PANGAN DAN HOLTIKULTURA","Sumatera Barat, Dharmas Raya (Kab.) | Sumatera Barat, Padang (Kota) | Sumatera Barat, Padang Pariaman (Kab.) | Sumatera Barat, Pasaman (Kab.) | Sumatera Barat, Pasaman Barat (Kab.) | Sumatera Barat, Pesisir Selatan (Kab.) | Sumatera Barat, Sijunjung(Kab) | Sumatera Barat, Solok Selatan (Kab.)",43169728
972,Belanja Perjalanan Dinas Dalam Kota (Sekretariat DPTPH),3000000,1,26-Jan,Provinsi Sumatera Barat,"DINAS PERKEBUNAN, TANAMAN PANGAN DAN HOLTIKULTURA","Sumatera Barat, Padang (Kota)",43189905
973,Belanja Perjalanan Dinas Biasa (Bibit/Benih Hortikultura),66762000,1,26-Mar,Provinsi Sumatera Barat,"DINAS PERKEBUNAN, TANAMAN PANGAN DAN HOLTIKULTURA","Sumatera Barat, Padang (Kota)",41407383
974,Perjalanan Dinas Kegiatan Tanaman Rempah,182030000,1,26-Jan,Provinsi Sumatera Barat,"DINAS PERKEBUNAN, TANAMAN PANGAN DAN HOLTIKULTURA","Sumatera Barat, Lima Puluh Kota (Kab.) | Sumatera Barat, Padang Pariaman (Kab.) | Sumatera Barat, Solok (Kab.) | Sumatera Barat, Solok Selatan (Kab.) | Sumatera Barat, Sawahlunto | Sumatera Barat, Pesisir Selatan (Kab.)",43166822
975,Perjalanan Dinas Biasa Pemel Rutin Jalan UPTD Jalan dan Jembatan Wilayah VI,60000000,1,26-Jan,Provinsi Sumatera Barat,"DINAS BINA MARGA, CIPTA KARYA DAN TATA RUANG","Sumatera Barat, Pariaman (Kota)",43283834
976,Belanja Perjalanan Dinas Dalam Kota (Registrasi Lahan Hortikultura),3000000,1,26-Jan,Provinsi Sumatera Barat,"DINAS PERKEBUNAN, TANAMAN PANGAN DAN HOLTIKULTURA","Sumatera Barat, Lainnya",43284566
977,belanja perjalanan dinas,230740000,1,26-Mar,Provinsi Sumatera Barat,BADAN PENANGGULANGAN BENCANA DAERAH,"Sumatera Barat, Padang (Kota)",43288044
978,Belanja Perjalanan Dinas Biasa,443085000,1,26-Jan,Provinsi Sumatera Barat,BIRO PENGADAAN BARANG DAN JASA,"Sumatera Barat, Padang (Kota)",41642307
979,Perjalanan Dinas Luar Daerah Kegiatan Pengembangan Tanaman Durian dan Alpukat,29672000,1,26-Feb,Provinsi Sumatera Barat,"DINAS PERKEBUNAN, TANAMAN PANGAN DAN HOLTIKULTURA","Sumatera Utara, Deli Serdang (Kab.) | Jawa Barat, Majalengka (Kab.)",41657217
980,Penyelenggaraan Rapat Koordinasi dan Konsultasi SKPD Belanja Perjalanan dinas dalam dan luar daerah,211838000,1,26-Jan,Provinsi Sumatera Barat,DINAS TENAGA KERJA DAN TRANSMIGRASI,"Sumatera Barat, Padang (Kota) | Sumatera Barat, Tanah Datar (Kab.) | Sumatera Barat, Solok Selatan (Kab.)",41690258
981,Belanja Perjalanan Dinas Biasa (Rapat Koordinasi dan Konsultasi SKPD),12690000,1,26-Jan,Provinsi Sumatera Barat,DINAS PERINDUSTRIAN DAN PERDAGANGAN,"Sumatera Barat, Padang (Kota)",41727414
982,"Belanja Perjalanan Dinas Biasa Sub Kegiatan Koordinasi, Perencanaan, Supervisi dan Evaluasi Layanan di Bidang Pendidikan",198415000,1,26-Jan,Provinsi Sumatera Barat,DINAS PENDIDIKAN,"Sumatera Barat, Padang (Kota)",41730415
983,Belanja Perjalanan Dinas Dalam Kota,14700000,1,26-Jan,Provinsi Sumatera Barat,DINAS TENAGA KERJA DAN TRANSMIGRASI,"Sumatera Barat, Padang (Kota)",41986299
984,Belanja Perjalanan Dinas Biasa Bimbingan Teknis Pengelasan bagi IKM Logam Mesin,4500000,1,26-Mar,Provinsi Sumatera Barat,DINAS PERINDUSTRIAN DAN PERDAGANGAN,"Sumatera Barat, Padang (Kota)",42426868
985,belanja perjalanan dinas biasa (Kesmas) Sub Keg. Advokasi,168560000,1,26-Feb,Provinsi Sumatera Barat,DINAS KESEHATAN,"Sumatera Barat, Padang (Kota)",42688140
986,belanja perjalanan dinas biasa (Kesmas) Sub Keg. PHBS,41658000,1,26-Feb,Provinsi Sumatera Barat,DINAS KESEHATAN,"Sumatera Barat, Padang (Kota)",42690018
987,"Kegiatan Penunjang (Perencanaan, Pengawasan, Perjalanan Dinas dalam rangka Pengendalian Kegiatan)",171917500,1,26-Mar,Provinsi Sumatera Barat,DINAS PENDIDIKAN,"Sumatera Barat, Padang (Kota)",42698407
988,Belanja Perjalanan Dinas Paket Meeting dalam Kota -BINKON,7500000,1,26-Feb,Provinsi Sumatera Barat,DINAS SUMBER DAYA AIR DAN BINA KONSTRUKSI,"Sumatera Barat, Padang (Kota)",42786885
989,Belanja Perjalanan Dinas Paket Meeting Dalam Kota Kegiatan Penguatan Kapasitas Kelembagaan Pengelola Irigasi Kewenangan Provinsi,55000000,1,26-Jan,Provinsi Sumatera Barat,DINAS SUMBER DAYA AIR DAN BINA KONSTRUKSI,"Sumatera Barat, Padang (Kota)",42801435
990,Belanja Perjalanan Dinas dan Belanja Jasa Kantor (Pembinaan Pengelolaan dan Pengembangan Sistem Penyediaan Air Minum (SPAM) Kabupaten/Kota),89241000,1,26-Jan,Provinsi Sumatera Barat,"DINAS BINA MARGA, CIPTA KARYA DAN TATA RUANG","Sumatera Barat, Agam (Kab.) | Sumatera Barat, Bukit Tinggi (Kota) | Sumatera Barat, Lima Puluh Kota (Kab.) | Sumatera Barat, Payakumbuh (Kota) | Sumatera Barat, Padang (Kota) | Sumatera Barat, Padang Pariaman (Kab.) | Sumatera Barat, Pariaman (Kota) | Sumatera Barat, Solok (Kab.) | Sumatera Barat, Solok (Kota)",42850951
991,Belanja Perjalanan Dinas dan Belanja Jasa Kantor (Peningkatan Sistem Penyediaan Air Minum (SPAM) Lintas Kabupaten/Kota),13464000,1,26-Jan,Provinsi Sumatera Barat,"DINAS BINA MARGA, CIPTA KARYA DAN TATA RUANG","Sumatera Barat, Agam (Kab.) | Sumatera Barat, Bukit Tinggi (Kota) | Sumatera Barat, Dharmas Raya (Kab.) | Sumatera Barat, Kepulauan Mentawai (Kab.) | Sumatera Barat, Lima Puluh Kota (Kab.) | Sumatera Barat, Padang (Kota) | Sumatera Barat, Padang Panjang (Kota) | Sumatera Barat, Padang Pariaman (Kab.) | Sumatera Barat, Pariaman (Kota) | Sumatera Barat, Pasaman Barat (Kab.) | Sumatera Barat, Pasaman (Kab.) | Sumatera Barat, Payakumbuh (Kota) | Sumatera Barat, Pesisir Selatan (Kab.) | Sumatera Barat, Sawahlunto | Sumatera Barat, Sijunjung(Kab) | Sumatera Barat, Solok (Kab.) | Sumatera Barat, Solok (Kota) | Sumatera Barat, Solok Selatan (Kab.) | Sumatera Barat, Tanah Datar (Kab.)",42853285
992,Belanja Perjalanan Dinas dan Belanja Jasa Kantor (Peningkatan Kapasitas Kelembagaan Penyelenggara Sistem Penyediaan Air Minum (SPAM)),12740000,1,26-Jan,Provinsi Sumatera Barat,"DINAS BINA MARGA, CIPTA KARYA DAN TATA RUANG","Sumatera Barat, Agam (Kab.) | Sumatera Barat, Bukit Tinggi (Kota) | Sumatera Barat, Dharmas Raya (Kab.) | Sumatera Barat, Kepulauan Mentawai (Kab.) | Sumatera Barat, Lima Puluh Kota (Kab.) | Sumatera Barat, Padang (Kota) | Sumatera Barat, Padang Panjang (Kota) | Sumatera Barat, Padang Pariaman (Kab.) | Sumatera Barat, Pariaman (Kota) | Sumatera Barat, Pasaman Barat (Kab.) | Sumatera Barat, Pasaman (Kab.) | Sumatera Barat, Payakumbuh (Kota) | Sumatera Barat, Pesisir Selatan (Kab.) | Sumatera Barat, Sawahlunto | Sumatera Barat, Sijunjung(Kab) | Sumatera Barat, Solok (Kab.) | Sumatera Barat, Solok (Kota) | Sumatera Barat, Solok Selatan (Kab.) | Sumatera Barat, Tanah Datar (Kab.)",42853380
993,Belanja Perjalanan Dinas dan Belanja Jasa Kantor (Fasilitasi Kerja Sama Penyelenggaraan Sistem Pengelolaan Air Limbah Domestik (SPALD) Lintas Kabupaten/Kota),18738000,1,26-Jan,Provinsi Sumatera Barat,"DINAS BINA MARGA, CIPTA KARYA DAN TATA RUANG","Sumatera Barat, Agam (Kab.) | Sumatera Barat, Bukit Tinggi (Kota) | Sumatera Barat, Dharmas Raya (Kab.) | Sumatera Barat, Kepulauan Mentawai (Kab.) | Sumatera Barat, Lima Puluh Kota (Kab.) | Sumatera Barat, Padang (Kota) | Sumatera Barat, Padang Panjang (Kota) | Sumatera Barat, Padang Pariaman (Kab.) | Sumatera Barat, Pariaman (Kota) | Sumatera Barat, Pasaman Barat (Kab.) | Sumatera Barat, Pasaman (Kab.) | Sumatera Barat, Payakumbuh (Kota) | Sumatera Barat, Pesisir Selatan (Kab.) | Sumatera Barat, Sawahlunto | Sumatera Barat, Sijunjung(Kab) | Sumatera Barat, Solok (Kab.) | Sumatera Barat, Solok (Kota) | Sumatera Barat, Solok Selatan (Kab.) | Sumatera Barat, Tanah Datar (Kab.)",42859421
994,Perjalanan Dinas Rehab Gedung Belakang Kantor Gubernur,51712000,1,26-Jan,Provinsi Sumatera Barat,"DINAS BINA MARGA, CIPTA KARYA DAN TATA RUANG","Sumatera Barat, Padang (Kota)",42859983
995,"Belanja Perjalanan Dinas Biasa/PEMBINAAN KESENIAN ANAK NAGARI - KAB, SOLOK SELATAN YogiPratama",17560000,1,26-Mar,Provinsi Sumatera Barat,DINAS KEBUDAYAAN,"Sumatera Barat, Padang (Kota)",43004174
996,Evaluasi Kinerja Perangkat Daerah (Sekretariat) Belanja Perjalanan Dinas Biasa,131568001,1,26-Feb,Provinsi Sumatera Barat,"DINAS BINA MARGA, CIPTA KARYA DAN TATA RUANG","Sumatera Barat, Padang (Kota)",43273904
997,Belanja Perjalanan Dinas Luar Daerah Kegiatan Fasilitasi Sarana Pascapanen Hortikultura,28100000,1,26-Jan,Provinsi Sumatera Barat,"DINAS PERKEBUNAN, TANAMAN PANGAN DAN HOLTIKULTURA","DKI Jakarta, Jakarta Pusat (Kota)",41617596
998,Belanja Perjalanan Dinas Biasa,142700000,1,26-Jan,Provinsi Sumatera Barat,DINAS PENDIDIKAN,"Sumatera Barat, Payakumbuh (Kota)",41671823
999,Belanja Perjalanan Dinas Biasa,3100789000,1,26-Feb,Provinsi Sumatera Barat,BIRO KESEJAHTERAAN RAKYAT,"Sumatera Barat, Padang (Kota)",41672049
1000,Belanja Perjalanan Dinas Biasa,88560000,1,26-Aug,Provinsi Sumatera Barat,BIRO KESEJAHTERAAN RAKYAT,"Sumatera Barat, Padang (Kota)",41672058
1,Belanja Perjalanan Dinas Biasa,105720000,1,26-Jan,Provinsi Sumatera Utara,UPTD Khusus Rumah Sakit Umum Haji Medan,"Sumatera Utara, Deli Serdang (Kab.)",43209078
2,"Belanja Perjalanan Dinas Biasa ( Kegiatan Monitoring, Supervisi, Pendampingan dan Pengawalan Gerakan Penanganan DPI) UPTD PTPH dan PMKP",85732000,1,26-Mar,Provinsi Sumatera Utara,Dinas Pertanian dan Ketahanan Pangan,"Sumatera Utara, Medan (Kota)",43275870
3,Belanja Perjalanan Dinas Paket Meeting Dalam Kota (Kegiatan Gernang DPI) UPTD PTPH dan PMKP,4680000,1,26-Mar,Provinsi Sumatera Utara,Dinas Pertanian dan Ketahanan Pangan,"Sumatera Utara, Medan (Kota)",43275875
4,"Biaya Penginapan Perjalanan Dinas Dalam Negeri - Pejabat Eselon IV/ Golongan III, II Dan I -  Sumatera Utara",11883000,1,26-Apr,Provinsi Sumatera Utara,Dinas Pertanian dan Ketahanan Pangan,"Sumatera Utara, Medan (Kota)",43275937
5,"Biaya Penginapan Perjalanan Dinas Dalam Negeri - Pejabat Eselon IV/ Golongan III, II Dan I -  Gorontalo",95500000,1,26-Mar,Provinsi Sumatera Utara,Dinas Pertanian dan Ketahanan Pangan,"Gorontalo, Gorontalo (Kota)",43276017
6,Perjalanan Dinas Biasa,674964000,1,26-Apr,Provinsi Sumatera Utara,Dinas Pertanian dan Ketahanan Pangan,"Sumatera Utara, Medan (Kota)",43276052
7,Belanja Perjalanan Dinas Biasa,50096000,1,26-Jan,Provinsi Sumatera Utara,Dinas Pertanian dan Ketahanan Pangan,"Sumatera Utara, Lainnya",43276453
8,Perjalanan Dinas Biasa,30240000,1,26-Apr,Provinsi Sumatera Utara,Dinas Pertanian dan Ketahanan Pangan,"Sumatera Utara, Medan (Kota)",43277736
9,Belanja Perjalanan Dinas Biasa,28332800,1,26-Apr,Provinsi Sumatera Utara,Dinas Kesehatan,"Sumatera Utara, Medan (Kota)",43278730
10,Belanja Perjalanan Dinas Biasa,97372000,1,26-Jan,Provinsi Sumatera Utara,Dinas Kesehatan,"Sumatera Utara, Medan (Kota)",43278757
11,Belanja Perjalanan Dinas Biasa,431744487,1,26-Jan,Provinsi Sumatera Utara,"Dinas Perindustrian, Perdagangan, Energi dan Sumber Daya Mineral","Sumatera Utara, Medan (Kota)",43279066
12,Belanja Perjalanan Dinas Biasa (Bidang HMB),52336000,1,26-Jan,Provinsi Sumatera Utara,"Dinas Perindustrian, Perdagangan, Energi dan Sumber Daya Mineral","Sumatera Utara, Medan (Kota)",43279297
13,Belanja Perjalanan Dinas Biasa (Cabang Dinas I),37563000,1,26-Jan,Provinsi Sumatera Utara,"Dinas Perindustrian, Perdagangan, Energi dan Sumber Daya Mineral","Sumatera Utara, Deli Serdang (Kab.)",43281320
14,Belanja Perjalanan Dinas Biasa Penelitian dan Pengembangan Bidang Aspek- Aspek Sosial,32016000,1,26-Jan,Provinsi Sumatera Utara,"Badan Perencanaan Pembangunan, Riset dan Inovasi  Daerah","Sumatera Utara, Medan (Kota)",43281702
15,Belanja Perjalanan Dinas Biasa (Cabang Dinas I),62788000,1,26-Jan,Provinsi Sumatera Utara,"Dinas Perindustrian, Perdagangan, Energi dan Sumber Daya Mineral","Sumatera Utara, Deli Serdang (Kab.)",43281754
16,Belanja Perjalanan Dinas Biasa (Cabang Dinas II),42230000,1,26-Jan,Provinsi Sumatera Utara,"Dinas Perindustrian, Perdagangan, Energi dan Sumber Daya Mineral","Sumatera Utara, Dairi (Kab.)",43284955
17,Belanja Perjalanan Dinas Biasa Fasilitasi dan pembinaan untuk apresiasi prestasi Inovasi,118675000,1,26-Jan,Provinsi Sumatera Utara,"Badan Perencanaan Pembangunan, Riset dan Inovasi  Daerah","Sumatera Utara, Medan (Kota)",43285575
18,Belanja Perjalanan Dinas Biasa,58308000,1,26-Mar,Provinsi Sumatera Utara,"Dinas Perindustrian, Perdagangan, Energi dan Sumber Daya Mineral","Sumatera Utara, Medan (Kota)",43285844
19,Belanja Perjalanan Dinas Biasa (Sekret),326034000,1,26-Jan,Provinsi Sumatera Utara,"Dinas Pemberdayaan Masyarakat dan Desa, Kependudukan dan Catatan Sipil","Sumatera Utara, Medan (Kota)",43286007
20,Belanja Perjalanan Dinas Biasa (UPTD Perbenihan),109305000,1,26-Jan,Provinsi Sumatera Utara,Dinas Pertanian dan Ketahanan Pangan,"Sumatera Utara, Simalungun (Kab.) | Sumatera Utara, Deli Serdang (Kab.) | Sumatera Utara, Labuhan Batu (Kab.) | Sumatera Utara, Langkat (Kab.) | Sumatera Utara, Batubara (Kab.) | Sumatera Utara, Asahan (Kab.) | Sumatera Utara, Karo (Kab.) | Sumatera Utara, Tapanuli Selatan (Kab.) | Sumatera Utara, Tapanuli Tengah (Kab.) | Sumatera Utara, Tapanuli Tengah (Kab.)",43286751
21,Belanja Perjalanan Dinas Biasa Fasilitasi dan pembinaan untuk peningkatan difusi Inovasi,48544000,1,26-Jan,Provinsi Sumatera Utara,"Badan Perencanaan Pembangunan, Riset dan Inovasi  Daerah","Sumatera Utara, Medan (Kota)",43286947
22,Belanja Perjalanan Dinas Biasa (Cabang Dinas III),57242400,1,26-Jan,Provinsi Sumatera Utara,"Dinas Perindustrian, Perdagangan, Energi dan Sumber Daya Mineral","Sumatera Utara, Pematang Siantar (Kota)",43287559
23,Belanja Perjalanan Dinas Paket Meeting Dalam Kota,13320000,1,26-Mar,Provinsi Sumatera Utara,Badan Kesatuan Bangsa dan Politik,"Sumatera Utara, Medan (Kota)",43247103
24,Perjalanan Dinas Biasa,50191000,1,26-Jan,Provinsi Sumatera Utara,Badan Kesatuan Bangsa dan Politik,"Sumatera Utara, Medan (Kota)",43247807
25,Perjalanan Dinas Biasa,69918000,1,26-Apr,Provinsi Sumatera Utara,Dinas Kelautan dan Perikanan,"Sumatera Utara, Sibolga (Kota)",43255023
26,Belanja Perjalanan Dinas Biasa,86292000,1,26-Jan,Provinsi Sumatera Utara,Badan Kesatuan Bangsa dan Politik,"Sumatera Utara, Medan (Kota)",43255100
27,Belanja Perjalanan Dinas Biasa,490709000,1,26-Jan,Provinsi Sumatera Utara,Badan Kesatuan Bangsa dan Politik,"Sumatera Utara, Medan (Kota)",43255131
28,Belanja Perjalanan Dinas Biasa,15624000,1,26-Apr,Provinsi Sumatera Utara,"Dinas Pemberdayaan Perempuan, Perlindungan Anak dan Keluarga Berencana","Sumatera Utara, Medan (Kota)",43255895
29,Belanja Perjalanan Dinas Dalam Kota - Fasilitasi Penguatan Kelembagaan Koperasi,8700000,1,26-Feb,Provinsi Sumatera Utara,Dinas Koperasi dan Usaha Kecil Menengah,"Sumatera Utara, Medan (Kota)",43258646
30,Belanja Perjalanan Dinas Paket Meeting Luar Kota,82940000,1,26-Jan,Provinsi Sumatera Utara,Dinas Kepemudaan dan Keolahragaan,"Sumatera Utara, Medan (Kota)",43265485
31,Belanja Perjalanan Dinas Paket Meeting Dalam Kota,18050000,1,26-Apr,Provinsi Sumatera Utara,"Dinas Pemberdayaan Perempuan, Perlindungan Anak dan Keluarga Berencana","Sumatera Utara, Medan (Kota)",43266688
32,Belanja Perjalanan Dinas Biasa,122936000,1,26-Jan,Provinsi Sumatera Utara,Biro Organisasi,"Sumatera Utara, Medan (Kota)",43269591
33,Belanja Perjalanan Dinas Biasa,2410445000,1,26-Mar,Provinsi Sumatera Utara,Dinas Pertanian dan Ketahanan Pangan,"Sumatera Utara, Medan (Kota)",43270752
34,"Belanja Perjalanan Dinas Biasa - Event, Expo dan Pameran Produk Unggulan KUMKM Sumatera Utara",130186000,1,26-Mar,Provinsi Sumatera Utara,Dinas Koperasi dan Usaha Kecil Menengah,"Sumatera Utara, Medan (Kota)",43272621
35,Belanja Perjalanan Dinas Paket Meeting Dalam Kota,20800000,1,26-Mar,Provinsi Sumatera Utara,Dinas Pertanian dan Ketahanan Pangan,"Sumatera Utara, Karo (Kab.) | Sumatera Utara, Batubara (Kab.)",43272940
36,Belanja Perjalanan Dinas Biasa,1340019000,1,26-Jan,Provinsi Sumatera Utara,"Dinas Perindustrian, Perdagangan, Energi dan Sumber Daya Mineral","Sumatera Utara, Medan (Kota)",43273182
37,Belanja Perjalanan Dinas Biasa,124234000,1,26-Jan,Provinsi Sumatera Utara,"Dinas Perindustrian, Perdagangan, Energi dan Sumber Daya Mineral","Sumatera Utara, Medan (Kota)",43273523
38,Belanja Perjalanan Dinas Biasa,170605000,1,26-Apr,Provinsi Sumatera Utara,Dinas Pertanian dan Ketahanan Pangan,"Sumatera Utara, Medan (Kota)",43273893
39,Belanja Perjalanan Dinas Biasa,188148000,1,26-Jan,Provinsi Sumatera Utara,Badan Keuangan dan Aset Daerah,"Sumatera Utara, Medan (Kota)",43302984
40,Belanja Perjalanan Dinas Sub Kegiatan Penguatan dan Pendampingan Kelembagaan Kelompok Tani Hutan pada Dinas Lingkungan Hidup dan Kehutanan Provsu serta Lingkup UPTD,1582588089,1,26-Jan,Provinsi Sumatera Utara,Dinas Lingkungan Hidup dan Kehutanan,"Sumatera Utara, Medan (Kota)",43304057
41,Belanja Perjalanan Dinas Biasa (Cabang Dinas V),8754000,1,26-Jan,Provinsi Sumatera Utara,"Dinas Perindustrian, Perdagangan, Energi dan Sumber Daya Mineral","Sumatera Utara, Padang Sidempuan (Kota)",43297166
42,Belanja Perjalanan Dinas Biasa,42630000,1,26-Jan,Provinsi Sumatera Utara,Badan Keuangan dan Aset Daerah,"Sumatera Utara, Medan (Kota)",43301859
43,Belanja Perjalanan Dinas Paket Meeting Dalam Kota,81760000,1,26-Jan,Provinsi Sumatera Utara,Badan Keuangan dan Aset Daerah,"Sumatera Utara, Medan (Kota)",43302762
44,"Belanja Perjalanan Dinas Biasa (Komunikasi, Informasi dan Edukasi Pendaftaran Penduduk)",25002000,1,26-Jan,Provinsi Sumatera Utara,"Dinas Pemberdayaan Masyarakat dan Desa, Kependudukan dan Catatan Sipil","Sumatera Utara, Medan (Kota)",43240111
45,Belanja Perjalanan Dinas Biasa,205090000,1,26-Jan,Provinsi Sumatera Utara,Dinas Kelautan dan Perikanan,"Sumatera Utara, Nias Selatan (Kab.)",43243080
46,Belanja Perjalanan Dinas Biasa,787348000,1,26-Jan,Provinsi Sumatera Utara,Biro Hukum,"Sumatera Utara, Medan (Kota)",42497439
47,Belanja Perjalanan Dinas Biasa KOORDINASI DAN MONITORING PERLINTASAN SEBIDANG PADA BIDANG PERKERETAAPIAN DAN PENGEMBANGAN,88240000,1,26-Jan,Provinsi Sumatera Utara,Dinas Perhubungan,"Sumatera Utara, Medan (Kota)",42523219
48,"Belanja Perjalanan Dinas Biasa (Uang harian Nakhoda,ABK dan pengawas perikanan)",37000000,1,26-Feb,Provinsi Sumatera Utara,Dinas Kelautan dan Perikanan,"Sumatera Utara, Medan (Kota)",42530580
49,Belanja Perjalanan Dinas Biasa ( Penyusunan Dokumen Monev),37770000,1,26-Jan,Provinsi Sumatera Utara,UPTD Khusus Rumah Sakit Jiwa Prof. Dr. M. Ildrem,"Sumatera Utara, Medan (Kota)",42584497
50,Belanja Perjalanan Dinas Biasa (Penyusunan Dokumen Perencanaan),37770000,1,26-Jan,Provinsi Sumatera Utara,UPTD Khusus Rumah Sakit Jiwa Prof. Dr. M. Ildrem,"Sumatera Utara, Medan (Kota)",42584932
51,Belanja Perjalanan Dinas Biasa,129910000,1,26-Mar,Provinsi Sumatera Utara,Dinas Kelautan dan Perikanan,"Sumatera Utara, Asahan (Kab.)",42618531
52,Belanja Perjalanan Dinas Biasa,831662000,1,26-Jan,Provinsi Sumatera Utara,Dinas Kesehatan,"Sumatera Utara, Medan (Kota)",42738678
53,Belanja Perjalanan Dinas Biasa,526914000,1,26-Feb,Provinsi Sumatera Utara,Dinas Kesehatan,"Sumatera Utara, Medan (Kota)",42739575
54,Belanja Perjalanan Dinas Biasa,809984000,1,26-Jan,Provinsi Sumatera Utara,Badan Penanggulangan Bencana Daerah,"Sumatera Utara, Medan (Kota)",42826372
55,Belanja Perjalanan Dinas Biasa - pada kegiatan Monev Bantuan Sarana dan Prasarana KUMKM,74080000,1,26-Jan,Provinsi Sumatera Utara,Dinas Koperasi dan Usaha Kecil Menengah,"Sumatera Utara, Medan (Kota)",42827382
56,Belanja Perjalanan Dinas Biasa - Reviu Laporan Kinerja,836657000,1,26-Feb,Provinsi Sumatera Utara,Inspektorat Daerah Provinsi,"Sumatera Utara, Medan (Kota)",42829415
57,Belanja Perjalanan Dinas Biasa - TLHP terhadap Pengarusutamaan Gender,88750000,1,26-Feb,Provinsi Sumatera Utara,Inspektorat Daerah Provinsi,"Sumatera Utara, Medan (Kota)",42830864
58,Belanja Perjalanan Dinas Biasa - PENGEMBANGAN KAPABILITAS APIP,30300000,1,26-Feb,Provinsi Sumatera Utara,Inspektorat Daerah Provinsi,"Sumatera Utara, Medan (Kota)",42831709
59,Belanja Perjalanan Dinas Biasa,130182000,1,26-Jan,Provinsi Sumatera Utara,Dinas Ketenagakerjaan,"Sumatera Utara, Medan (Kota)",43021116
60,Belanja Perjalanan Dinas Dalam Kota,10800000,1,26-Jan,Provinsi Sumatera Utara,Dinas Ketenagakerjaan,"Sumatera Utara, Medan (Kota)",43031567
61,Belanja Perjalanan Dinas Biasa,275768000,1,26-Jan,Provinsi Sumatera Utara,"Badan Perencanaan Pembangunan, Riset dan Inovasi  Daerah","Sumatera Utara, Medan (Kota)",43181362
62,Belanja Perjalanan Dinas Paket Meeting Dalam Kota,87580000,1,26-Apr,Provinsi Sumatera Utara,Dinas Pertanian dan Ketahanan Pangan,"Sumatera Utara, Medan (Kota)",43273925
63,Belanja Perjalanan Dinas Biasa,316341279,1,26-Apr,Provinsi Sumatera Utara,Dinas Pertanian dan Ketahanan Pangan,"Sumatera Utara, Medan (Kota)",43273928
64,Belanja Perjalanan Dinas Biasa (Operasional Kegiatan) UPTD PTPH dan PMKP,57685094,1,26-Mar,Provinsi Sumatera Utara,Dinas Pertanian dan Ketahanan Pangan,"Sumatera Utara, Medan (Kota)",43275146
65,"Biaya Penginapan Perjalanan Dinas Dalam Negeri - Pejabat Eselon IV/ Golongan III, II Dan I -  Sumatera Utara",43796400,1,26-Mar,Provinsi Sumatera Utara,Dinas Pertanian dan Ketahanan Pangan,"Sumatera Utara, Lainnya",43276045
66,Satuan Biaya Tiket Pesawat Udara Perjalanan Dinas Dalam Negeri Pergi Pulang (PP) - Ekonomi - Jakarta ke Gorontalo,96480000,1,26-Mar,Provinsi Sumatera Utara,Dinas Pertanian dan Ketahanan Pangan,"Gorontalo, Gorontalo (Kota)",43276046
67,Belanja Perjalanan Dinas Biasa (Bidang HMB),71564000,1,26-Jan,Provinsi Sumatera Utara,"Dinas Perindustrian, Perdagangan, Energi dan Sumber Daya Mineral","Sumatera Utara, Medan (Kota)",43279349
68,Belanja Perjalanan Dinas Biasa Penelitian dan Pengembangan Tenaga Kerja,30938000,1,26-Jan,Provinsi Sumatera Utara,"Badan Perencanaan Pembangunan, Riset dan Inovasi  Daerah","Sumatera Utara, Medan (Kota)",43283987
69,Belanja Perjalanan Dinas Biasa,119910000,1,26-Apr,Provinsi Sumatera Utara,Dinas Pertanian dan Ketahanan Pangan,"Sumatera Utara, Medan (Kota)",43284510
70,"Belanja Perjalanan Dinas Biasa Penelitian dan Pengembangan Pertanian, Perkebunan dan Pangan",34404000,1,26-Jan,Provinsi Sumatera Utara,"Badan Perencanaan Pembangunan, Riset dan Inovasi  Daerah","Sumatera Utara, Medan (Kota)",43284539
71,Belanja Perjalanan Dinas Biasa,35620000,1,26-Jun,Provinsi Sumatera Utara,"Dinas Perindustrian, Perdagangan, Energi dan Sumber Daya Mineral","Sumatera Utara, Medan (Kota)",43287184
72,Belanja Perjalanan Dinas Biasa Luar Negeri Pengelolaan Sarana dan Prasarana Spiritual,415000000,1,26-Mar,Provinsi Sumatera Utara,Biro Kesejahteraan Rakyat,"Sumatera Utara, Medan (Kota)",43265223
73,Belanja Perjalanan Dinas Paket Meeting Dalam Kota - PEMBULATAN BELANJA,31700,1,26-Jan,Provinsi Sumatera Utara,Dinas Kepemudaan dan Keolahragaan,"Sumatera Utara, Medan (Kota)",43265480
74,Belanja Perjalanan Dinas Biasa,51780000,1,26-Feb,Provinsi Sumatera Utara,Dinas Pertanian dan Ketahanan Pangan,"Sumatera Utara, Labuhan Batu (Kab.)",43267331
75,Belanja Perjalanan Dinas Biasa,81331000,1,26-Jan,Provinsi Sumatera Utara,Biro Organisasi,"Sumatera Utara, Medan (Kota)",43269580
76,Belanja Perjalanan Dinas Biasa,202522000,1,26-Jan,Provinsi Sumatera Utara,Biro Organisasi,"Sumatera Utara, Medan (Kota)",43269585
77,Belanja Perjalanan Dinas Biasa,171672000,1,26-Jan,Provinsi Sumatera Utara,Biro Organisasi,"Sumatera Utara, Medan (Kota)",43269589
78,Belanja Perjalanan Dinas Biasa,128138000,1,26-Feb,Provinsi Sumatera Utara,Dinas Pertanian dan Ketahanan Pangan,"Sumatera Utara, Lainnya",43271736
79,Belanja Perjalanan Dinas Biasa,192557000,1,26-Jan,Provinsi Sumatera Utara,"Dinas Pemberdayaan Perempuan, Perlindungan Anak dan Keluarga Berencana","Sumatera Utara, Medan (Kota)",43271969
80,"Belanja Perjalanan Dinas Dalam Kota - Event, Expo dan Pameran Produk Unggulan KUMKM Sumatera Utara",30000000,1,26-Mar,Provinsi Sumatera Utara,Dinas Koperasi dan Usaha Kecil Menengah,"Sumatera Utara, Medan (Kota)",43272627
81,Belanja Perjalanan Dinas Paket Meeting Dalam Kota,87600000,1,26-Apr,Provinsi Sumatera Utara,Dinas Pertanian dan Ketahanan Pangan,"Sumatera Utara, Medan (Kota)",43273894
82,Belanja Perjalanan Dinas Biasa (Cabang Dinas V),18276000,1,26-Jan,Provinsi Sumatera Utara,"Dinas Perindustrian, Perdagangan, Energi dan Sumber Daya Mineral","Sumatera Utara, Padang Sidempuan (Kota)",43297117
83,Belanja Perjalanan Dinas Biasa,202630000,1,26-Jan,Provinsi Sumatera Utara,Badan Keuangan dan Aset Daerah,"Sumatera Utara, Medan (Kota)",43301825
84,Belanja Perjalanan Dinas Biasa,315974000,1,26-Jan,Provinsi Sumatera Utara,Badan Keuangan dan Aset Daerah,"Sumatera Utara, Medan (Kota)",43302011
85,Belanja Perjalanan Dinas Biasa,61396000,1,26-Jan,Provinsi Sumatera Utara,Badan Keuangan dan Aset Daerah,"Sumatera Utara, Medan (Kota)",43302649
86,Belanja Perjalanan Dinas Biasa (Cabang Dinas III),40259000,1,26-Jan,Provinsi Sumatera Utara,"Dinas Perindustrian, Perdagangan, Energi dan Sumber Daya Mineral","Sumatera Utara, Pematang Siantar (Kota)",43289070
87,Belanja Perjalanan dinas biasa,612364000,1,26-Jan,Provinsi Sumatera Utara,Biro Administrasi Pimpinan,"Sumatera Utara, Medan (Kota)",43289878
88,Belanja Perjalanan Dinas Biasa (Cabang Dinas IV),16112000,1,26-Jan,Provinsi Sumatera Utara,"Dinas Perindustrian, Perdagangan, Energi dan Sumber Daya Mineral","Sumatera Utara, Labuhan Batu (Kab.)",43291710
89,Belanja Perjalanan Dinas Biasa Pendidikan dan Pelatihan Pegawai Berdasarkan Tugas dan Fungsi,80374000,1,26-Jan,Provinsi Sumatera Utara,Dinas Perhubungan,"Sumatera Utara, Medan (Kota)",42523196
90,Belanja Perjalanan Dinas Biasa,1650000,1,26-Jan,Provinsi Sumatera Utara,UPTD Khusus Rumah Sakit Jiwa Prof. Dr. M. Ildrem,"Sumatera Utara, Medan (Kota)",42540805
91,Belanja Perjalanan Dinas Paket Meeting Dalam Kota,1140000,1,26-Jan,Provinsi Sumatera Utara,UPTD Khusus Rumah Sakit Jiwa Prof. Dr. M. Ildrem,"Sumatera Utara, Medan (Kota)",42540890
92,Belanja Perjalanan Dinas Biasa,53730000,1,26-Jan,Provinsi Sumatera Utara,Dinas Kelautan dan Perikanan,"Sumatera Utara, Simalungun (Kab.)",42553648
93,Belanja Perjalanan Dinas Biasa,1708602000,1,26-Jan,Provinsi Sumatera Utara,Dinas Komunikasi dan Informatika,"Sumatera Utara, Medan (Kota)",42563135
94,Belanja Perjalanan Dinas Biasa UPTD PSP WIL II KABANJAHE,93440000,1,26-Jan,Provinsi Sumatera Utara,Dinas Perhubungan,"Sumatera Utara, Karo (Kab.)",42576688
95,Belanja Perjalanan Dinas Biasa Subsidi Transportasi Bus Perintis untuk Daerah-Daerah Terpencil (Kab. Batubara ) UPTD Wilayah III Kisaran,23188000,1,26-Feb,Provinsi Sumatera Utara,Dinas Perhubungan,"Sumatera Utara, Asahan (Kab.)",42588714
96,Belanja Perjalanan Dinas Biasa UPTD PSP WIL V PADANGSIDEMPUAN,93830000,1,26-Jan,Provinsi Sumatera Utara,Dinas Perhubungan,"Sumatera Utara, Padang Sidempuan (Kota)",42593387
97,Belanja Perjalanan Dinas Biasa,205996000,1,26-Jan,Provinsi Sumatera Utara,Dinas Kesehatan,"Sumatera Utara, Medan (Kota)",42738629
98,Belanja Perjalanan Dinas Biasa,631544000,1,26-Jan,Provinsi Sumatera Utara,Dinas Kesehatan,"Sumatera Utara, Medan (Kota)",42739030
99,Belanja Perjalanan Dinas Dalam Kota,97950000,1,26-Jan,Provinsi Sumatera Utara,Dinas Kesehatan,"Sumatera Utara, Medan (Kota)",42740456
100,Belanja Perjalanan Dinas Biasa,1050000,1,26-Jan,Provinsi Sumatera Utara,Dinas Ketenagakerjaan,"Sumatera Utara, Medan (Kota)",42749926
