idx1,idx2,similarity,nama_1,nama_2
0,1698,1.0,Belanja Perjalanan Dinas Biasa,Belanja Perjalanan Dinas Biasa
0,1696,1.0,Belanja Perjalanan Dinas Biasa,Belanja Perjalanan Dinas Biasa
0,1699,1.0,Belanja Perjalanan Dinas Biasa,Belanja Perjalanan Dinas Biasa
0,1701,1.0,Belanja Perjalanan Dinas Biasa,Belanja Perjalanan Dinas Biasa
0,1697,1.0,Belanja Perjalanan Dinas Biasa,Belanja Perjalanan Dinas Biasa
1,2411,0.8025786625932425,Belanja Perjalanan Dinas Biasa - laporan keuangan,Belanja Perjalanan Dinas Biasa - Reviu Laporan Keuangan
6,1698,1.0,Belanja Perjalanan Dinas Biasa,Belanja Perjalanan Dinas Biasa
6,1696,1.0,Belanja Perjalanan Dinas Biasa,Belanja Perjalanan Dinas Biasa
6,1699,1.0,Belanja Perjalanan Dinas Biasa,Belanja Perjalanan Dinas Biasa
6,1701,1.0,Belanja Perjalanan Dinas Biasa,Belanja Perjalanan Dinas Biasa
6,1697,1.0,Belanja Perjalanan Dinas Biasa,Belanja Perjalanan Dinas Biasa
7,1698,1.0,Belanja Perjalanan Dinas Biasa,Belanja Perjalanan Dinas Biasa
7,1696,1.0,Belanja Perjalanan Dinas Biasa,Belanja Perjalanan Dinas Biasa
7,1699,1.0,Belanja Perjalanan Dinas Biasa,Belanja Perjalanan Dinas Biasa
7,1701,1.0,Belanja Perjalanan Dinas Biasa,Belanja Perjalanan Dinas Biasa
7,1697,1.0,Belanja Perjalanan Dinas Biasa,Belanja Perjalanan Dinas Biasa
9,1698,1.0,Belanja Perjalanan Dinas Biasa,Belanja Perjalanan Dinas Biasa
9,1696,1.0,Belanja Perjalanan Dinas Biasa,Belanja Perjalanan Dinas Biasa
9,1699,1.0,Belanja Perjalanan Dinas Biasa,Belanja Perjalanan Dinas Biasa
9,1701,1.0,Belanja Perjalanan Dinas Biasa,Belanja Perjalanan Dinas Biasa
9,1697,1.0,Belanja Perjalanan Dinas Biasa,Belanja Perjalanan Dinas Biasa
10,1698,1.0,Belanja Perjalanan Dinas Biasa,Belanja Perjalanan Dinas Biasa
10,1696,1.0,Belanja Perjalanan Dinas Biasa,Belanja Perjalanan Dinas Biasa
10,1699,1.0,Belanja Perjalanan Dinas Biasa,Belanja Perjalanan Dinas Biasa
10,1701,1.0,Belanja Perjalanan Dinas Biasa,Belanja Perjalanan Dinas Biasa
10,1697,1.0,Belanja Perjalanan Dinas Biasa,Belanja Perjalanan Dinas Biasa
11,2869,1.0,Belanja perjalanan dinas paket meeting luar kota,Belanja Perjalanan Dinas Paket Meeting Luar Kota
11,2372,1.0,Belanja perjalanan dinas paket meeting luar kota,Belanja Perjalanan Dinas Paket Meeting Luar Kota
11,1195,1.0,Belanja perjalanan dinas paket meeting luar kota,Belanja Perjalanan Dinas Paket Meeting Luar Kota
11,1149,1.0,Belanja perjalanan dinas paket meeting luar kota,Belanja Perjalanan Dinas Paket Meeting Luar Kota
11,2389,1.0,Belanja perjalanan dinas paket meeting luar kota,Belanja Perjalanan Dinas Paket Meeting Luar Kota
13,359,0.9349386442969595,Belanja Perjalanan Dinas Biasa sub kegiatan Penyelenggaraan Rapat Koordinasi dan Konsultasi SKPD,Belanja Perjalanan Dinas Biasa Pada Sub Kegiatan Penyelenggaraan Rapat Koordinasi dan Konsultasi SKPD
13,1521,0.9349386442969595,Belanja Perjalanan Dinas Biasa sub kegiatan Penyelenggaraan Rapat Koordinasi dan Konsultasi SKPD,Belanja Perjalanan Dinas Biasa - Pada Sub Kegiatan Penyelenggaraan Rapat Koordinasi dan Konsultasi SKPD
13,2850,0.9306961265213232,Belanja Perjalanan Dinas Biasa sub kegiatan Penyelenggaraan Rapat Koordinasi dan Konsultasi SKPD,"Penyelenggaraan Perjalanan Dinas Kegiatan, Rapat Koordinasi dan Konsultasi SKPD"
13,2398,0.8864384100544187,Belanja Perjalanan Dinas Biasa sub kegiatan Penyelenggaraan Rapat Koordinasi dan Konsultasi SKPD,Belanja Perjalanan Dinas Biasa Penyelenggaraan Rapat Koordinasi dan Konsultasi SKPD
14,1698,1.0,Belanja Perjalanan Dinas Biasa,Belanja Perjalanan Dinas Biasa
14,1696,1.0,Belanja Perjalanan Dinas Biasa,Belanja Perjalanan Dinas Biasa
14,1699,1.0,Belanja Perjalanan Dinas Biasa,Belanja Perjalanan Dinas Biasa
14,1701,1.0,Belanja Perjalanan Dinas Biasa,Belanja Perjalanan Dinas Biasa
14,1697,1.0,Belanja Perjalanan Dinas Biasa,Belanja Perjalanan Dinas Biasa
15,1698,1.0,Belanja Perjalanan Dinas Biasa,Belanja Perjalanan Dinas Biasa
15,1696,1.0,Belanja Perjalanan Dinas Biasa,Belanja Perjalanan Dinas Biasa
15,1699,1.0,Belanja Perjalanan Dinas Biasa,Belanja Perjalanan Dinas Biasa
15,1701,1.0,Belanja Perjalanan Dinas Biasa,Belanja Perjalanan Dinas Biasa
15,1697,1.0,Belanja Perjalanan Dinas Biasa,Belanja Perjalanan Dinas Biasa
16,1698,1.0,Belanja Perjalanan Dinas Biasa,Belanja Perjalanan Dinas Biasa
16,1696,1.0,Belanja Perjalanan Dinas Biasa,Belanja Perjalanan Dinas Biasa
16,1699,1.0,Belanja Perjalanan Dinas Biasa,Belanja Perjalanan Dinas Biasa
16,1701,1.0,Belanja Perjalanan Dinas Biasa,Belanja Perjalanan Dinas Biasa
16,1697,1.0,Belanja Perjalanan Dinas Biasa,Belanja Perjalanan Dinas Biasa
17,1698,1.0,Belanja Perjalanan Dinas Biasa,Belanja Perjalanan Dinas Biasa
17,1696,1.0,Belanja Perjalanan Dinas Biasa,Belanja Perjalanan Dinas Biasa
17,1699,1.0,Belanja Perjalanan Dinas Biasa,Belanja Perjalanan Dinas Biasa
17,1701,1.0,Belanja Perjalanan Dinas Biasa,Belanja Perjalanan Dinas Biasa
17,1697,1.0,Belanja Perjalanan Dinas Biasa,Belanja Perjalanan Dinas Biasa
18,1698,1.0,Belanja Perjalanan Dinas Biasa,Belanja Perjalanan Dinas Biasa
18,1696,1.0,Belanja Perjalanan Dinas Biasa,Belanja Perjalanan Dinas Biasa
18,1699,1.0,Belanja Perjalanan Dinas Biasa,Belanja Perjalanan Dinas Biasa
18,1701,1.0,Belanja Perjalanan Dinas Biasa,Belanja Perjalanan Dinas Biasa
18,1697,1.0,Belanja Perjalanan Dinas Biasa,Belanja Perjalanan Dinas Biasa
20,1698,1.0,Belanja Perjalanan Dinas Biasa,Belanja Perjalanan Dinas Biasa
20,1696,1.0,Belanja Perjalanan Dinas Biasa,Belanja Perjalanan Dinas Biasa
20,1699,1.0,Belanja Perjalanan Dinas Biasa,Belanja Perjalanan Dinas Biasa
20,1701,1.0,Belanja Perjalanan Dinas Biasa,Belanja Perjalanan Dinas Biasa
20,1697,1.0,Belanja Perjalanan Dinas Biasa,Belanja Perjalanan Dinas Biasa
21,1698,1.0,Belanja Perjalanan Dinas Biasa,Belanja Perjalanan Dinas Biasa
21,1696,1.0,Belanja Perjalanan Dinas Biasa,Belanja Perjalanan Dinas Biasa
21,1699,1.0,Belanja Perjalanan Dinas Biasa,Belanja Perjalanan Dinas Biasa
21,1701,1.0,Belanja Perjalanan Dinas Biasa,Belanja Perjalanan Dinas Biasa
21,1697,1.0,Belanja Perjalanan Dinas Biasa,Belanja Perjalanan Dinas Biasa
22,2334,0.8073970807710833,Belanja Perjalanan Dinas Biasa Kebijakan Kesejahteraan Rakyat Bidang Sosial,Belanja Perjalanan Dinas Biasa Kebijakan Kesejahteraan Rakyat Bidang Pendidikan
23,2869,1.0,Belanja Perjalanan Dinas Paket Meeting Luar Kota,Belanja Perjalanan Dinas Paket Meeting Luar Kota
23,2372,1.0,Belanja Perjalanan Dinas Paket Meeting Luar Kota,Belanja Perjalanan Dinas Paket Meeting Luar Kota
23,1195,1.0,Belanja Perjalanan Dinas Paket Meeting Luar Kota,Belanja Perjalanan Dinas Paket Meeting Luar Kota
23,1149,1.0,Belanja Perjalanan Dinas Paket Meeting Luar Kota,Belanja Perjalanan Dinas Paket Meeting Luar Kota
23,2389,1.0,Belanja Perjalanan Dinas Paket Meeting Luar Kota,Belanja Perjalanan Dinas Paket Meeting Luar Kota
24,1698,1.0,Belanja Perjalanan Dinas Biasa,Belanja Perjalanan Dinas Biasa
24,1696,1.0,Belanja Perjalanan Dinas Biasa,Belanja Perjalanan Dinas Biasa
24,1699,1.0,Belanja Perjalanan Dinas Biasa,Belanja Perjalanan Dinas Biasa
24,1701,1.0,Belanja Perjalanan Dinas Biasa,Belanja Perjalanan Dinas Biasa
24,1697,1.0,Belanja Perjalanan Dinas Biasa,Belanja Perjalanan Dinas Biasa
25,1698,1.0,Belanja Perjalanan Dinas Biasa,Belanja Perjalanan Dinas Biasa
25,1696,1.0,Belanja Perjalanan Dinas Biasa,Belanja Perjalanan Dinas Biasa
25,1699,1.0,Belanja Perjalanan Dinas Biasa,Belanja Perjalanan Dinas Biasa
25,1701,1.0,Belanja Perjalanan Dinas Biasa,Belanja Perjalanan Dinas Biasa
25,1697,1.0,Belanja Perjalanan Dinas Biasa,Belanja Perjalanan Dinas Biasa
26,1698,1.0,Belanja Perjalanan Dinas Biasa,Belanja Perjalanan Dinas Biasa
26,1696,1.0,Belanja Perjalanan Dinas Biasa,Belanja Perjalanan Dinas Biasa
26,1699,1.0,Belanja Perjalanan Dinas Biasa,Belanja Perjalanan Dinas Biasa
26,1701,1.0,Belanja Perjalanan Dinas Biasa,Belanja Perjalanan Dinas Biasa
26,1697,1.0,Belanja Perjalanan Dinas Biasa,Belanja Perjalanan Dinas Biasa
27,1145,1.0,Belanja Perjalanan Dinas Dalam Kota,Belanja Perjalanan Dinas Dalam Kota
27,1147,1.0,Belanja Perjalanan Dinas Dalam Kota,Belanja Perjalanan Dinas Dalam Kota
27,1144,1.0,Belanja Perjalanan Dinas Dalam Kota,Belanja Perjalanan Dinas Dalam Kota
27,1141,1.0,Belanja Perjalanan Dinas Dalam Kota,Belanja Perjalanan Dinas Dalam Kota
27,1148,1.0,Belanja Perjalanan Dinas Dalam Kota,Belanja Perjalanan Dinas Dalam Kota
28,1698,1.0,Belanja Perjalanan Dinas Biasa,Belanja Perjalanan Dinas Biasa
28,1696,1.0,Belanja Perjalanan Dinas Biasa,Belanja Perjalanan Dinas Biasa
28,1699,1.0,Belanja Perjalanan Dinas Biasa,Belanja Perjalanan Dinas Biasa
28,1701,1.0,Belanja Perjalanan Dinas Biasa,Belanja Perjalanan Dinas Biasa
28,1697,1.0,Belanja Perjalanan Dinas Biasa,Belanja Perjalanan Dinas Biasa
29,1698,1.0,Belanja Perjalanan Dinas Biasa,Belanja Perjalanan Dinas Biasa
29,1696,1.0,Belanja Perjalanan Dinas Biasa,Belanja Perjalanan Dinas Biasa
29,1699,1.0,Belanja Perjalanan Dinas Biasa,Belanja Perjalanan Dinas Biasa
29,1701,1.0,Belanja Perjalanan Dinas Biasa,Belanja Perjalanan Dinas Biasa
29,1697,1.0,Belanja Perjalanan Dinas Biasa,Belanja Perjalanan Dinas Biasa
30,1698,1.0,Belanja Perjalanan Dinas Biasa,Belanja Perjalanan Dinas Biasa
30,1696,1.0,Belanja Perjalanan Dinas Biasa,Belanja Perjalanan Dinas Biasa
30,1699,1.0,Belanja Perjalanan Dinas Biasa,Belanja Perjalanan Dinas Biasa
30,1701,1.0,Belanja Perjalanan Dinas Biasa,Belanja Perjalanan Dinas Biasa
30,1697,1.0,Belanja Perjalanan Dinas Biasa,Belanja Perjalanan Dinas Biasa
31,1698,1.0,Belanja Perjalanan Dinas Biasa,Belanja Perjalanan Dinas Biasa
31,1696,1.0,Belanja Perjalanan Dinas Biasa,Belanja Perjalanan Dinas Biasa
31,1699,1.0,Belanja Perjalanan Dinas Biasa,Belanja Perjalanan Dinas Biasa
31,1701,1.0,Belanja Perjalanan Dinas Biasa,Belanja Perjalanan Dinas Biasa
31,1697,1.0,Belanja Perjalanan Dinas Biasa,Belanja Perjalanan Dinas Biasa
32,1698,1.0,Belanja Perjalanan Dinas Biasa,Belanja Perjalanan Dinas Biasa
32,1696,1.0,Belanja Perjalanan Dinas Biasa,Belanja Perjalanan Dinas Biasa
32,1699,1.0,Belanja Perjalanan Dinas Biasa,Belanja Perjalanan Dinas Biasa
32,1701,1.0,Belanja Perjalanan Dinas Biasa,Belanja Perjalanan Dinas Biasa
32,1697,1.0,Belanja Perjalanan Dinas Biasa,Belanja Perjalanan Dinas Biasa
33,1698,1.0,Belanja Perjalanan Dinas Biasa,Belanja Perjalanan Dinas Biasa
33,1696,1.0,Belanja Perjalanan Dinas Biasa,Belanja Perjalanan Dinas Biasa
33,1699,1.0,Belanja Perjalanan Dinas Biasa,Belanja Perjalanan Dinas Biasa
33,1701,1.0,Belanja Perjalanan Dinas Biasa,Belanja Perjalanan Dinas Biasa
33,1697,1.0,Belanja Perjalanan Dinas Biasa,Belanja Perjalanan Dinas Biasa
34,2352,0.804487223530123,Belanja Perjalanan Dinas Paket Meeting Dalam Kota (Penyusunan Dokumen Perencanaan),Belanja Perjalanan Dinas Paket Meeting Dalam Kota (Penyusunan Dokumen Monev)
35,1698,1.0,Belanja Perjalanan Dinas Biasa,Belanja Perjalanan Dinas Biasa
35,1696,1.0,Belanja Perjalanan Dinas Biasa,Belanja Perjalanan Dinas Biasa
35,1699,1.0,Belanja Perjalanan Dinas Biasa,Belanja Perjalanan Dinas Biasa
35,1701,1.0,Belanja Perjalanan Dinas Biasa,Belanja Perjalanan Dinas Biasa
35,1697,1.0,Belanja Perjalanan Dinas Biasa,Belanja Perjalanan Dinas Biasa
36,1698,1.0,Belanja Perjalanan Dinas Biasa,Belanja Perjalanan Dinas Biasa
36,1696,1.0,Belanja Perjalanan Dinas Biasa,Belanja Perjalanan Dinas Biasa
36,1699,1.0,Belanja Perjalanan Dinas Biasa,Belanja Perjalanan Dinas Biasa
36,1701,1.0,Belanja Perjalanan Dinas Biasa,Belanja Perjalanan Dinas Biasa
36,1697,1.0,Belanja Perjalanan Dinas Biasa,Belanja Perjalanan Dinas Biasa
37,1698,1.0,Belanja Perjalanan Dinas Biasa,Belanja Perjalanan Dinas Biasa
37,1696,1.0,Belanja Perjalanan Dinas Biasa,Belanja Perjalanan Dinas Biasa
37,1699,1.0,Belanja Perjalanan Dinas Biasa,Belanja Perjalanan Dinas Biasa
37,1701,1.0,Belanja Perjalanan Dinas Biasa,Belanja Perjalanan Dinas Biasa
37,1697,1.0,Belanja Perjalanan Dinas Biasa,Belanja Perjalanan Dinas Biasa
38,2957,0.917366214771592,Belanja Perjalanan Dinas Biasa - Koordinasi Penyusunan Dokumen Perencanaan,Belanja Perjalanan Dinas Biasa (Penyusunan Dokumen Perencanaan)
39,2300,0.960885330538586,Belanja Perjalanan Dinas Biasa - perjalanan dinas,Belanja Perjalanan Dinas Biasa - Perjalanan Dinas Biasa
39,860,0.9571314899610943,Belanja Perjalanan Dinas Biasa - perjalanan dinas,Belanja Perjalanan Dinas Biasa - Dinas
39,1247,0.9571314899610943,Belanja Perjalanan Dinas Biasa - perjalanan dinas,Belanja Perjalanan Dinas Biasa - Dinas
39,1699,0.9467893650568492,Belanja Perjalanan Dinas Biasa - perjalanan dinas,Belanja Perjalanan Dinas Biasa
46,1698,1.0,Belanja Perjalanan Dinas Biasa,Belanja Perjalanan Dinas Biasa
46,1696,1.0,Belanja Perjalanan Dinas Biasa,Belanja Perjalanan Dinas Biasa
46,1699,1.0,Belanja Perjalanan Dinas Biasa,Belanja Perjalanan Dinas Biasa
46,1701,1.0,Belanja Perjalanan Dinas Biasa,Belanja Perjalanan Dinas Biasa
46,1697,1.0,Belanja Perjalanan Dinas Biasa,Belanja Perjalanan Dinas Biasa
48,1698,1.0,Belanja Perjalanan Dinas Biasa,Belanja Perjalanan Dinas Biasa
48,1696,1.0,Belanja Perjalanan Dinas Biasa,Belanja Perjalanan Dinas Biasa
48,1699,1.0,Belanja Perjalanan Dinas Biasa,Belanja Perjalanan Dinas Biasa
48,1701,1.0,Belanja Perjalanan Dinas Biasa,Belanja Perjalanan Dinas Biasa
48,1697,1.0,Belanja Perjalanan Dinas Biasa,Belanja Perjalanan Dinas Biasa
49,1698,1.0,Belanja Perjalanan Dinas Biasa,Belanja Perjalanan Dinas Biasa
49,1696,1.0,Belanja Perjalanan Dinas Biasa,Belanja Perjalanan Dinas Biasa
49,1699,1.0,Belanja Perjalanan Dinas Biasa,Belanja Perjalanan Dinas Biasa
49,1701,1.0,Belanja Perjalanan Dinas Biasa,Belanja Perjalanan Dinas Biasa
49,1697,1.0,Belanja Perjalanan Dinas Biasa,Belanja Perjalanan Dinas Biasa
53,1698,1.0,Belanja perjalanan dinas biasa,Belanja Perjalanan Dinas Biasa
53,1696,1.0,Belanja perjalanan dinas biasa,Belanja Perjalanan Dinas Biasa
53,1699,1.0,Belanja perjalanan dinas biasa,Belanja Perjalanan Dinas Biasa
53,1701,1.0,Belanja perjalanan dinas biasa,Belanja Perjalanan Dinas Biasa
53,1697,1.0,Belanja perjalanan dinas biasa,Belanja Perjalanan Dinas Biasa
54,1200,1.0,Uang Harian Perjalanan Dinas Dalam Negeri - Luar Kota -  Sumatera Utara,Uang Harian Perjalanan Dinas Dalam Negeri - Luar Kota -  Sumatera Utara
54,83,1.0,Uang Harian Perjalanan Dinas Dalam Negeri - Luar Kota -  Sumatera Utara,Uang Harian Perjalanan Dinas Dalam Negeri - Luar Kota -  Sumatera Utara
54,1182,1.0,Uang Harian Perjalanan Dinas Dalam Negeri - Luar Kota -  Sumatera Utara,Uang Harian Perjalanan Dinas Dalam Negeri - Luar Kota -  Sumatera Utara
54,2374,1.0,Uang Harian Perjalanan Dinas Dalam Negeri - Luar Kota -  Sumatera Utara,Uang Harian Perjalanan Dinas Dalam Negeri - Luar Kota -  Sumatera Utara
55,1698,1.0,Belanja Perjalanan Dinas Biasa,Belanja Perjalanan Dinas Biasa
55,1696,1.0,Belanja Perjalanan Dinas Biasa,Belanja Perjalanan Dinas Biasa
55,1699,1.0,Belanja Perjalanan Dinas Biasa,Belanja Perjalanan Dinas Biasa
55,1701,1.0,Belanja Perjalanan Dinas Biasa,Belanja Perjalanan Dinas Biasa
55,1697,1.0,Belanja Perjalanan Dinas Biasa,Belanja Perjalanan Dinas Biasa
56,1698,1.0,Belanja Perjalanan Dinas Biasa,Belanja Perjalanan Dinas Biasa
56,1696,1.0,Belanja Perjalanan Dinas Biasa,Belanja Perjalanan Dinas Biasa
56,1699,1.0,Belanja Perjalanan Dinas Biasa,Belanja Perjalanan Dinas Biasa
56,1701,1.0,Belanja Perjalanan Dinas Biasa,Belanja Perjalanan Dinas Biasa
56,1697,1.0,Belanja Perjalanan Dinas Biasa,Belanja Perjalanan Dinas Biasa
57,1698,1.0,Belanja Perjalanan Dinas Biasa,Belanja Perjalanan Dinas Biasa
57,1696,1.0,Belanja Perjalanan Dinas Biasa,Belanja Perjalanan Dinas Biasa
57,1699,1.0,Belanja Perjalanan Dinas Biasa,Belanja Perjalanan Dinas Biasa
57,1701,1.0,Belanja Perjalanan Dinas Biasa,Belanja Perjalanan Dinas Biasa
57,1697,1.0,Belanja Perjalanan Dinas Biasa,Belanja Perjalanan Dinas Biasa
58,1698,1.0,Belanja Perjalanan Dinas Biasa,Belanja Perjalanan Dinas Biasa
58,1696,1.0,Belanja Perjalanan Dinas Biasa,Belanja Perjalanan Dinas Biasa
58,1699,1.0,Belanja Perjalanan Dinas Biasa,Belanja Perjalanan Dinas Biasa
58,1701,1.0,Belanja Perjalanan Dinas Biasa,Belanja Perjalanan Dinas Biasa
58,1697,1.0,Belanja Perjalanan Dinas Biasa,Belanja Perjalanan Dinas Biasa
59,2470,1.0,Perjalanan Dinas Biasa,Perjalanan Dinas Biasa
59,2273,1.0,Perjalanan Dinas Biasa,Perjalanan Dinas Biasa
59,2340,1.0,Perjalanan Dinas Biasa,Perjalanan Dinas Biasa
59,2932,1.0,Perjalanan Dinas Biasa,Perjalanan Dinas Biasa
59,2672,1.0,Perjalanan Dinas Biasa,Perjalanan Dinas Biasa
60,1698,1.0,Belanja Perjalanan Dinas Biasa,Belanja Perjalanan Dinas Biasa
60,1696,1.0,Belanja Perjalanan Dinas Biasa,Belanja Perjalanan Dinas Biasa
60,1699,1.0,Belanja Perjalanan Dinas Biasa,Belanja Perjalanan Dinas Biasa
60,1701,1.0,Belanja Perjalanan Dinas Biasa,Belanja Perjalanan Dinas Biasa
60,1697,1.0,Belanja Perjalanan Dinas Biasa,Belanja Perjalanan Dinas Biasa
61,1698,1.0,Belanja Perjalanan Dinas Biasa,Belanja Perjalanan Dinas Biasa
61,1696,1.0,Belanja Perjalanan Dinas Biasa,Belanja Perjalanan Dinas Biasa
61,1699,1.0,Belanja Perjalanan Dinas Biasa,Belanja Perjalanan Dinas Biasa
61,1701,1.0,Belanja Perjalanan Dinas Biasa,Belanja Perjalanan Dinas Biasa
61,1697,1.0,Belanja Perjalanan Dinas Biasa,Belanja Perjalanan Dinas Biasa
66,1698,1.0,Belanja Perjalanan Dinas Biasa,Belanja Perjalanan Dinas Biasa
66,1696,1.0,Belanja Perjalanan Dinas Biasa,Belanja Perjalanan Dinas Biasa
66,1699,1.0,Belanja Perjalanan Dinas Biasa,Belanja Perjalanan Dinas Biasa
66,1701,1.0,Belanja Perjalanan Dinas Biasa,Belanja Perjalanan Dinas Biasa
66,1697,1.0,Belanja Perjalanan Dinas Biasa,Belanja Perjalanan Dinas Biasa
67,2474,1.0,Belanja Perjalanan Dinas Biasa (Cabang Dinas IV),Belanja Perjalanan Dinas Biasa (Cabang Dinas IV)
67,99,1.0,Belanja Perjalanan Dinas Biasa (Cabang Dinas IV),Belanja Perjalanan Dinas Biasa (Cabang Dinas IV)
67,2213,1.0,Belanja Perjalanan Dinas Biasa (Cabang Dinas IV),Belanja Perjalanan Dinas Biasa (Cabang Dinas IV)
67,2214,1.0,Belanja Perjalanan Dinas Biasa (Cabang Dinas IV),Belanja Perjalanan Dinas Biasa (Cabang Dinas IV)
68,2371,1.0,Belanja Perjalanan Dinas Biasa (Cabang Dinas V),Belanja Perjalanan Dinas Biasa (Cabang Dinas V)
68,2989,1.0,Belanja Perjalanan Dinas Biasa (Cabang Dinas V),Belanja Perjalanan Dinas Biasa (Cabang Dinas V)
68,2370,1.0,Belanja Perjalanan Dinas Biasa (Cabang Dinas V),Belanja Perjalanan Dinas Biasa (Cabang Dinas V)
68,2210,1.0,Belanja Perjalanan Dinas Biasa (Cabang Dinas V),Belanja Perjalanan Dinas Biasa (Cabang Dinas I)
68,2922,1.0,Belanja Perjalanan Dinas Biasa (Cabang Dinas V),Belanja Perjalanan Dinas Biasa (Cabang Dinas I)
69,2938,1.0,Belanja Perjalanan Dinas Paket Meeting Dalam Kota,Belanja Perjalanan Dinas Paket Meeting Dalam Kota
69,1128,1.0,Belanja Perjalanan Dinas Paket Meeting Dalam Kota,Belanja Perjalanan Dinas Paket Meeting Dalam Kota
69,2555,1.0,Belanja Perjalanan Dinas Paket Meeting Dalam Kota,Belanja Perjalanan Dinas Paket Meeting Dalam Kota
69,2532,1.0,Belanja Perjalanan Dinas Paket Meeting Dalam Kota,Belanja Perjalanan Dinas Paket Meeting Dalam Kota
69,2278,1.0,Belanja Perjalanan Dinas Paket Meeting Dalam Kota,Belanja Perjalanan Dinas Paket Meeting Dalam Kota
71,1145,1.0,Belanja Perjalanan Dinas Dalam Kota,Belanja Perjalanan Dinas Dalam Kota
71,1147,1.0,Belanja Perjalanan Dinas Dalam Kota,Belanja Perjalanan Dinas Dalam Kota
71,1144,1.0,Belanja Perjalanan Dinas Dalam Kota,Belanja Perjalanan Dinas Dalam Kota
71,1141,1.0,Belanja Perjalanan Dinas Dalam Kota,Belanja Perjalanan Dinas Dalam Kota
71,1148,1.0,Belanja Perjalanan Dinas Dalam Kota,Belanja Perjalanan Dinas Dalam Kota
72,1698,1.0,Belanja Perjalanan Dinas Biasa,Belanja Perjalanan Dinas Biasa
72,1696,1.0,Belanja Perjalanan Dinas Biasa,Belanja Perjalanan Dinas Biasa
72,1699,1.0,Belanja Perjalanan Dinas Biasa,Belanja Perjalanan Dinas Biasa
72,1701,1.0,Belanja Perjalanan Dinas Biasa,Belanja Perjalanan Dinas Biasa
72,1697,1.0,Belanja Perjalanan Dinas Biasa,Belanja Perjalanan Dinas Biasa
73,1698,1.0,Belanja Perjalanan Dinas Biasa,Belanja Perjalanan Dinas Biasa
73,1696,1.0,Belanja Perjalanan Dinas Biasa,Belanja Perjalanan Dinas Biasa
73,1699,1.0,Belanja Perjalanan Dinas Biasa,Belanja Perjalanan Dinas Biasa
73,1701,1.0,Belanja Perjalanan Dinas Biasa,Belanja Perjalanan Dinas Biasa
73,1697,1.0,Belanja Perjalanan Dinas Biasa,Belanja Perjalanan Dinas Biasa
74,2938,1.0,Belanja Perjalanan Dinas Paket Meeting Dalam Kota,Belanja Perjalanan Dinas Paket Meeting Dalam Kota
74,1128,1.0,Belanja Perjalanan Dinas Paket Meeting Dalam Kota,Belanja Perjalanan Dinas Paket Meeting Dalam Kota
74,2555,1.0,Belanja Perjalanan Dinas Paket Meeting Dalam Kota,Belanja Perjalanan Dinas Paket Meeting Dalam Kota
74,2532,1.0,Belanja Perjalanan Dinas Paket Meeting Dalam Kota,Belanja Perjalanan Dinas Paket Meeting Dalam Kota
74,2278,1.0,Belanja Perjalanan Dinas Paket Meeting Dalam Kota,Belanja Perjalanan Dinas Paket Meeting Dalam Kota
75,2938,1.0,Belanja Perjalanan Dinas Paket Meeting Dalam Kota,Belanja Perjalanan Dinas Paket Meeting Dalam Kota
75,1128,1.0,Belanja Perjalanan Dinas Paket Meeting Dalam Kota,Belanja Perjalanan Dinas Paket Meeting Dalam Kota
75,2555,1.0,Belanja Perjalanan Dinas Paket Meeting Dalam Kota,Belanja Perjalanan Dinas Paket Meeting Dalam Kota
75,2532,1.0,Belanja Perjalanan Dinas Paket Meeting Dalam Kota,Belanja Perjalanan Dinas Paket Meeting Dalam Kota
75,2278,1.0,Belanja Perjalanan Dinas Paket Meeting Dalam Kota,Belanja Perjalanan Dinas Paket Meeting Dalam Kota
76,2800,1.0,Belanja Perjalanan Dinas,Belanja Perjalanan Dinas
76,2238,1.0,Belanja Perjalanan Dinas,Belanja Perjalanan Dinas
76,2652,1.0,Belanja Perjalanan Dinas,Belanja Perjalanan Dinas
76,2840,1.0,Belanja Perjalanan Dinas,Belanja Perjalanan Dinas
76,2651,1.0,Belanja Perjalanan Dinas,Belanja Perjalanan Dinas
77,1145,1.0,Belanja Perjalanan Dinas Dalam Kota,Belanja Perjalanan Dinas Dalam Kota
77,1147,1.0,Belanja Perjalanan Dinas Dalam Kota,Belanja Perjalanan Dinas Dalam Kota
77,1144,1.0,Belanja Perjalanan Dinas Dalam Kota,Belanja Perjalanan Dinas Dalam Kota
77,1141,1.0,Belanja Perjalanan Dinas Dalam Kota,Belanja Perjalanan Dinas Dalam Kota
77,1148,1.0,Belanja Perjalanan Dinas Dalam Kota,Belanja Perjalanan Dinas Dalam Kota
78,1698,1.0,Belanja Perjalanan Dinas Biasa,Belanja Perjalanan Dinas Biasa
78,1696,1.0,Belanja Perjalanan Dinas Biasa,Belanja Perjalanan Dinas Biasa
78,1699,1.0,Belanja Perjalanan Dinas Biasa,Belanja Perjalanan Dinas Biasa
78,1701,1.0,Belanja Perjalanan Dinas Biasa,Belanja Perjalanan Dinas Biasa
78,1697,1.0,Belanja Perjalanan Dinas Biasa,Belanja Perjalanan Dinas Biasa
81,1199,1.0,Uang Harian Perjalanan Dinas Dalam Negeri - Dalam Kota -  Sumatera Utara,Uang Harian Perjalanan Dinas Dalam Negeri - Dalam Kota -  Sumatera Utara
81,1200,0.9147313061026547,Uang Harian Perjalanan Dinas Dalam Negeri - Dalam Kota -  Sumatera Utara,Uang Harian Perjalanan Dinas Dalam Negeri - Luar Kota -  Sumatera Utara
81,2374,0.9147313061026547,Uang Harian Perjalanan Dinas Dalam Negeri - Dalam Kota -  Sumatera Utara,Uang Harian Perjalanan Dinas Dalam Negeri - Luar Kota -  Sumatera Utara
81,54,0.9147313061026547,Uang Harian Perjalanan Dinas Dalam Negeri - Dalam Kota -  Sumatera Utara,Uang Harian Perjalanan Dinas Dalam Negeri - Luar Kota -  Sumatera Utara
82,1698,1.0,Belanja Perjalanan Dinas Biasa,Belanja Perjalanan Dinas Biasa
82,1696,1.0,Belanja Perjalanan Dinas Biasa,Belanja Perjalanan Dinas Biasa
82,1699,1.0,Belanja Perjalanan Dinas Biasa,Belanja Perjalanan Dinas Biasa
82,1701,1.0,Belanja Perjalanan Dinas Biasa,Belanja Perjalanan Dinas Biasa
82,1697,1.0,Belanja Perjalanan Dinas Biasa,Belanja Perjalanan Dinas Biasa
83,1200,1.0,Uang Harian Perjalanan Dinas Dalam Negeri - Luar Kota -  Sumatera Utara,Uang Harian Perjalanan Dinas Dalam Negeri - Luar Kota -  Sumatera Utara
83,1182,1.0,Uang Harian Perjalanan Dinas Dalam Negeri - Luar Kota -  Sumatera Utara,Uang Harian Perjalanan Dinas Dalam Negeri - Luar Kota -  Sumatera Utara
83,2374,1.0,Uang Harian Perjalanan Dinas Dalam Negeri - Luar Kota -  Sumatera Utara,Uang Harian Perjalanan Dinas Dalam Negeri - Luar Kota -  Sumatera Utara
84,2972,1.0,"Biaya Penginapan Perjalanan Dinas Dalam Negeri - Pejabat Eselon IV/ Golongan III, II Dan I -  Sumatera Utara","Biaya Penginapan Perjalanan Dinas Dalam Negeri - Pejabat Eselon IV/ Golongan III, II Dan I -  Sumatera Utara"
84,2468,1.0,"Biaya Penginapan Perjalanan Dinas Dalam Negeri - Pejabat Eselon IV/ Golongan III, II Dan I -  Sumatera Utara","Biaya Penginapan Perjalanan Dinas Dalam Negeri - Pejabat Eselon IV/ Golongan III, II Dan I -  Sumatera Utara"
84,2321,1.0,"Biaya Penginapan Perjalanan Dinas Dalam Negeri - Pejabat Eselon IV/ Golongan III, II Dan I -  Sumatera Utara","Biaya Penginapan Perjalanan Dinas Dalam Negeri - Pejabat Eselon IV/ Golongan III, II Dan I -  Sumatera Utara"
84,2264,1.0,"Biaya Penginapan Perjalanan Dinas Dalam Negeri - Pejabat Eselon IV/ Golongan III, II Dan I -  Sumatera Utara","Biaya Penginapan Perjalanan Dinas Dalam Negeri - Pejabat Eselon IV/ Golongan III, II Dan I -  Sumatera Utara"
86,2470,1.0,Perjalanan Dinas Biasa,Perjalanan Dinas Biasa
86,2273,1.0,Perjalanan Dinas Biasa,Perjalanan Dinas Biasa
86,2340,1.0,Perjalanan Dinas Biasa,Perjalanan Dinas Biasa
86,2932,1.0,Perjalanan Dinas Biasa,Perjalanan Dinas Biasa
86,2672,1.0,Perjalanan Dinas Biasa,Perjalanan Dinas Biasa
87,2470,1.0,Perjalanan Dinas Biasa,Perjalanan Dinas Biasa
87,2273,1.0,Perjalanan Dinas Biasa,Perjalanan Dinas Biasa
87,2340,1.0,Perjalanan Dinas Biasa,Perjalanan Dinas Biasa
87,2932,1.0,Perjalanan Dinas Biasa,Perjalanan Dinas Biasa
87,2672,1.0,Perjalanan Dinas Biasa,Perjalanan Dinas Biasa
88,1698,1.0,Belanja Perjalanan Dinas Biasa,Belanja Perjalanan Dinas Biasa
88,1696,1.0,Belanja Perjalanan Dinas Biasa,Belanja Perjalanan Dinas Biasa
88,1699,1.0,Belanja Perjalanan Dinas Biasa,Belanja Perjalanan Dinas Biasa
88,1701,1.0,Belanja Perjalanan Dinas Biasa,Belanja Perjalanan Dinas Biasa
88,1697,1.0,Belanja Perjalanan Dinas Biasa,Belanja Perjalanan Dinas Biasa
89,2371,1.0,Belanja Perjalanan Dinas Biasa (Cabang Dinas I),Belanja Perjalanan Dinas Biasa (Cabang Dinas V)
89,2989,1.0,Belanja Perjalanan Dinas Biasa (Cabang Dinas I),Belanja Perjalanan Dinas Biasa (Cabang Dinas V)
89,2370,1.0,Belanja Perjalanan Dinas Biasa (Cabang Dinas I),Belanja Perjalanan Dinas Biasa (Cabang Dinas V)
89,2210,1.0,Belanja Perjalanan Dinas Biasa (Cabang Dinas I),Belanja Perjalanan Dinas Biasa (Cabang Dinas I)
89,2922,1.0,Belanja Perjalanan Dinas Biasa (Cabang Dinas I),Belanja Perjalanan Dinas Biasa (Cabang Dinas I)
91,1698,1.0,Belanja Perjalanan Dinas Biasa,Belanja Perjalanan Dinas Biasa
91,1696,1.0,Belanja Perjalanan Dinas Biasa,Belanja Perjalanan Dinas Biasa
91,1699,1.0,Belanja Perjalanan Dinas Biasa,Belanja Perjalanan Dinas Biasa
91,1701,1.0,Belanja Perjalanan Dinas Biasa,Belanja Perjalanan Dinas Biasa
91,1697,1.0,Belanja Perjalanan Dinas Biasa,Belanja Perjalanan Dinas Biasa
93,2285,1.0,Belanja Perjalanan Dinas Biasa (Pemdes),Belanja Perjalanan Dinas Biasa (Pemdes)
95,1698,1.0,Belanja Perjalanan Dinas Biasa,Belanja Perjalanan Dinas Biasa
95,1696,1.0,Belanja Perjalanan Dinas Biasa,Belanja Perjalanan Dinas Biasa
95,1699,1.0,Belanja Perjalanan Dinas Biasa,Belanja Perjalanan Dinas Biasa
95,1701,1.0,Belanja Perjalanan Dinas Biasa,Belanja Perjalanan Dinas Biasa
95,1697,1.0,Belanja Perjalanan Dinas Biasa,Belanja Perjalanan Dinas Biasa
96,2938,1.0,Belanja Perjalanan Dinas Paket Meeting Dalam Kota,Belanja Perjalanan Dinas Paket Meeting Dalam Kota
96,1128,1.0,Belanja Perjalanan Dinas Paket Meeting Dalam Kota,Belanja Perjalanan Dinas Paket Meeting Dalam Kota
96,2555,1.0,Belanja Perjalanan Dinas Paket Meeting Dalam Kota,Belanja Perjalanan Dinas Paket Meeting Dalam Kota
96,2532,1.0,Belanja Perjalanan Dinas Paket Meeting Dalam Kota,Belanja Perjalanan Dinas Paket Meeting Dalam Kota
96,2278,1.0,Belanja Perjalanan Dinas Paket Meeting Dalam Kota,Belanja Perjalanan Dinas Paket Meeting Dalam Kota
98,2929,1.0,Belanja Perjalanan Dinas Biasa (Cabang Dinas III),Belanja Perjalanan Dinas Biasa (Cabang Dinas III)
98,2369,1.0,Belanja Perjalanan Dinas Biasa (Cabang Dinas III),Belanja Perjalanan Dinas Biasa (Cabang Dinas III)
98,2993,1.0,Belanja Perjalanan Dinas Biasa (Cabang Dinas III),Belanja Perjalanan Dinas Biasa (Cabang Dinas III)
99,2474,1.0,Belanja Perjalanan Dinas Biasa (Cabang Dinas IV),Belanja Perjalanan Dinas Biasa (Cabang Dinas IV)
99,2213,1.0,Belanja Perjalanan Dinas Biasa (Cabang Dinas IV),Belanja Perjalanan Dinas Biasa (Cabang Dinas IV)
99,2214,1.0,Belanja Perjalanan Dinas Biasa (Cabang Dinas IV),Belanja Perjalanan Dinas Biasa (Cabang Dinas IV)
100,1698,1.0,Belanja Perjalanan Dinas Biasa,Belanja Perjalanan Dinas Biasa
100,1696,1.0,Belanja Perjalanan Dinas Biasa,Belanja Perjalanan Dinas Biasa
100,1699,1.0,Belanja Perjalanan Dinas Biasa,Belanja Perjalanan Dinas Biasa
100,1701,1.0,Belanja Perjalanan Dinas Biasa,Belanja Perjalanan Dinas Biasa
100,1697,1.0,Belanja Perjalanan Dinas Biasa,Belanja Perjalanan Dinas Biasa
101,1698,1.0,Belanja Perjalanan Dinas Biasa,Belanja Perjalanan Dinas Biasa
101,1696,1.0,Belanja Perjalanan Dinas Biasa,Belanja Perjalanan Dinas Biasa
101,1699,1.0,Belanja Perjalanan Dinas Biasa,Belanja Perjalanan Dinas Biasa
101,1701,1.0,Belanja Perjalanan Dinas Biasa,Belanja Perjalanan Dinas Biasa
101,1697,1.0,Belanja Perjalanan Dinas Biasa,Belanja Perjalanan Dinas Biasa
102,1698,1.0,Belanja Perjalanan Dinas Biasa,Belanja Perjalanan Dinas Biasa
102,1696,1.0,Belanja Perjalanan Dinas Biasa,Belanja Perjalanan Dinas Biasa
102,1699,1.0,Belanja Perjalanan Dinas Biasa,Belanja Perjalanan Dinas Biasa
102,1701,1.0,Belanja Perjalanan Dinas Biasa,Belanja Perjalanan Dinas Biasa
102,1697,1.0,Belanja Perjalanan Dinas Biasa,Belanja Perjalanan Dinas Biasa
103,1698,1.0,Belanja Perjalanan Dinas Biasa,Belanja Perjalanan Dinas Biasa
103,1696,1.0,Belanja Perjalanan Dinas Biasa,Belanja Perjalanan Dinas Biasa
103,1699,1.0,Belanja Perjalanan Dinas Biasa,Belanja Perjalanan Dinas Biasa
103,1701,1.0,Belanja Perjalanan Dinas Biasa,Belanja Perjalanan Dinas Biasa
103,1697,1.0,Belanja Perjalanan Dinas Biasa,Belanja Perjalanan Dinas Biasa
104,1698,1.0,Belanja Perjalanan Dinas Biasa,Belanja Perjalanan Dinas Biasa
104,1696,1.0,Belanja Perjalanan Dinas Biasa,Belanja Perjalanan Dinas Biasa
104,1699,1.0,Belanja Perjalanan Dinas Biasa,Belanja Perjalanan Dinas Biasa
104,1701,1.0,Belanja Perjalanan Dinas Biasa,Belanja Perjalanan Dinas Biasa
104,1697,1.0,Belanja Perjalanan Dinas Biasa,Belanja Perjalanan Dinas Biasa
105,1698,1.0,Belanja Perjalanan Dinas Biasa,Belanja Perjalanan Dinas Biasa
105,1696,1.0,Belanja Perjalanan Dinas Biasa,Belanja Perjalanan Dinas Biasa
105,1699,1.0,Belanja Perjalanan Dinas Biasa,Belanja Perjalanan Dinas Biasa
105,1701,1.0,Belanja Perjalanan Dinas Biasa,Belanja Perjalanan Dinas Biasa
105,1697,1.0,Belanja Perjalanan Dinas Biasa,Belanja Perjalanan Dinas Biasa
108,1698,1.0,Belanja Perjalanan Dinas Biasa,Belanja Perjalanan Dinas Biasa
108,1696,1.0,Belanja Perjalanan Dinas Biasa,Belanja Perjalanan Dinas Biasa
108,1699,1.0,Belanja Perjalanan Dinas Biasa,Belanja Perjalanan Dinas Biasa
108,1701,1.0,Belanja Perjalanan Dinas Biasa,Belanja Perjalanan Dinas Biasa
108,1697,1.0,Belanja Perjalanan Dinas Biasa,Belanja Perjalanan Dinas Biasa
109,1698,1.0,Belanja Perjalanan Dinas Biasa,Belanja Perjalanan Dinas Biasa
109,1696,1.0,Belanja Perjalanan Dinas Biasa,Belanja Perjalanan Dinas Biasa
109,1699,1.0,Belanja Perjalanan Dinas Biasa,Belanja Perjalanan Dinas Biasa
109,1701,1.0,Belanja Perjalanan Dinas Biasa,Belanja Perjalanan Dinas Biasa
109,1697,1.0,Belanja Perjalanan Dinas Biasa,Belanja Perjalanan Dinas Biasa
110,1698,1.0,Belanja Perjalanan Dinas Biasa,Belanja Perjalanan Dinas Biasa
110,1696,1.0,Belanja Perjalanan Dinas Biasa,Belanja Perjalanan Dinas Biasa
110,1699,1.0,Belanja Perjalanan Dinas Biasa,Belanja Perjalanan Dinas Biasa
110,1701,1.0,Belanja Perjalanan Dinas Biasa,Belanja Perjalanan Dinas Biasa
110,1697,1.0,Belanja Perjalanan Dinas Biasa,Belanja Perjalanan Dinas Biasa
111,1698,1.0,Belanja Perjalanan Dinas Biasa,Belanja Perjalanan Dinas Biasa
111,1696,1.0,Belanja Perjalanan Dinas Biasa,Belanja Perjalanan Dinas Biasa
111,1699,1.0,Belanja Perjalanan Dinas Biasa,Belanja Perjalanan Dinas Biasa
111,1701,1.0,Belanja Perjalanan Dinas Biasa,Belanja Perjalanan Dinas Biasa
111,1697,1.0,Belanja Perjalanan Dinas Biasa,Belanja Perjalanan Dinas Biasa
112,1698,1.0,Belanja Perjalanan Dinas Biasa,Belanja Perjalanan Dinas Biasa
112,1696,1.0,Belanja Perjalanan Dinas Biasa,Belanja Perjalanan Dinas Biasa
112,1699,1.0,Belanja Perjalanan Dinas Biasa,Belanja Perjalanan Dinas Biasa
112,1701,1.0,Belanja Perjalanan Dinas Biasa,Belanja Perjalanan Dinas Biasa
112,1697,1.0,Belanja Perjalanan Dinas Biasa,Belanja Perjalanan Dinas Biasa
113,1698,1.0,Belanja Perjalanan Dinas Biasa,Belanja Perjalanan Dinas Biasa
113,1696,1.0,Belanja Perjalanan Dinas Biasa,Belanja Perjalanan Dinas Biasa
113,1699,1.0,Belanja Perjalanan Dinas Biasa,Belanja Perjalanan Dinas Biasa
113,1701,1.0,Belanja Perjalanan Dinas Biasa,Belanja Perjalanan Dinas Biasa
113,1697,1.0,Belanja Perjalanan Dinas Biasa,Belanja Perjalanan Dinas Biasa
114,1698,1.0,Belanja Perjalanan Dinas Biasa,Belanja Perjalanan Dinas Biasa
114,1696,1.0,Belanja Perjalanan Dinas Biasa,Belanja Perjalanan Dinas Biasa
114,1699,1.0,Belanja Perjalanan Dinas Biasa,Belanja Perjalanan Dinas Biasa
114,1701,1.0,Belanja Perjalanan Dinas Biasa,Belanja Perjalanan Dinas Biasa
114,1697,1.0,Belanja Perjalanan Dinas Biasa,Belanja Perjalanan Dinas Biasa
115,1698,1.0,Belanja Perjalanan Dinas Biasa,Belanja Perjalanan Dinas Biasa
115,1696,1.0,Belanja Perjalanan Dinas Biasa,Belanja Perjalanan Dinas Biasa
115,1699,1.0,Belanja Perjalanan Dinas Biasa,Belanja Perjalanan Dinas Biasa
115,1701,1.0,Belanja Perjalanan Dinas Biasa,Belanja Perjalanan Dinas Biasa
115,1697,1.0,Belanja Perjalanan Dinas Biasa,Belanja Perjalanan Dinas Biasa
116,1698,1.0,Belanja Perjalanan Dinas Biasa,Belanja Perjalanan Dinas Biasa
116,1696,1.0,Belanja Perjalanan Dinas Biasa,Belanja Perjalanan Dinas Biasa
116,1699,1.0,Belanja Perjalanan Dinas Biasa,Belanja Perjalanan Dinas Biasa
116,1701,1.0,Belanja Perjalanan Dinas Biasa,Belanja Perjalanan Dinas Biasa
116,1697,1.0,Belanja Perjalanan Dinas Biasa,Belanja Perjalanan Dinas Biasa
117,1698,1.0,Belanja Perjalanan Dinas Biasa,Belanja Perjalanan Dinas Biasa
117,1696,1.0,Belanja Perjalanan Dinas Biasa,Belanja Perjalanan Dinas Biasa
117,1699,1.0,Belanja Perjalanan Dinas Biasa,Belanja Perjalanan Dinas Biasa
117,1701,1.0,Belanja Perjalanan Dinas Biasa,Belanja Perjalanan Dinas Biasa
117,1697,1.0,Belanja Perjalanan Dinas Biasa,Belanja Perjalanan Dinas Biasa
118,1698,1.0,Belanja Perjalanan Dinas Biasa,Belanja Perjalanan Dinas Biasa
118,1696,1.0,Belanja Perjalanan Dinas Biasa,Belanja Perjalanan Dinas Biasa
118,1699,1.0,Belanja Perjalanan Dinas Biasa,Belanja Perjalanan Dinas Biasa
118,1701,1.0,Belanja Perjalanan Dinas Biasa,Belanja Perjalanan Dinas Biasa
118,1697,1.0,Belanja Perjalanan Dinas Biasa,Belanja Perjalanan Dinas Biasa
119,1698,1.0,Belanja Perjalanan Dinas Biasa,Belanja Perjalanan Dinas Biasa
119,1696,1.0,Belanja Perjalanan Dinas Biasa,Belanja Perjalanan Dinas Biasa
119,1699,1.0,Belanja Perjalanan Dinas Biasa,Belanja Perjalanan Dinas Biasa
119,1701,1.0,Belanja Perjalanan Dinas Biasa,Belanja Perjalanan Dinas Biasa
119,1697,1.0,Belanja Perjalanan Dinas Biasa,Belanja Perjalanan Dinas Biasa
120,1698,1.0,Belanja Perjalanan Dinas Biasa,Belanja Perjalanan Dinas Biasa
120,1696,1.0,Belanja Perjalanan Dinas Biasa,Belanja Perjalanan Dinas Biasa
120,1699,1.0,Belanja Perjalanan Dinas Biasa,Belanja Perjalanan Dinas Biasa
120,1701,1.0,Belanja Perjalanan Dinas Biasa,Belanja Perjalanan Dinas Biasa
120,1697,1.0,Belanja Perjalanan Dinas Biasa,Belanja Perjalanan Dinas Biasa
121,1698,1.0,Belanja Perjalanan Dinas Biasa,Belanja Perjalanan Dinas Biasa
121,1696,1.0,Belanja Perjalanan Dinas Biasa,Belanja Perjalanan Dinas Biasa
121,1699,1.0,Belanja Perjalanan Dinas Biasa,Belanja Perjalanan Dinas Biasa
121,1701,1.0,Belanja Perjalanan Dinas Biasa,Belanja Perjalanan Dinas Biasa
121,1697,1.0,Belanja Perjalanan Dinas Biasa,Belanja Perjalanan Dinas Biasa
122,1698,1.0,Belanja Perjalanan Dinas Biasa,Belanja Perjalanan Dinas Biasa
122,1696,1.0,Belanja Perjalanan Dinas Biasa,Belanja Perjalanan Dinas Biasa
122,1699,1.0,Belanja Perjalanan Dinas Biasa,Belanja Perjalanan Dinas Biasa
122,1701,1.0,Belanja Perjalanan Dinas Biasa,Belanja Perjalanan Dinas Biasa
122,1697,1.0,Belanja Perjalanan Dinas Biasa,Belanja Perjalanan Dinas Biasa
123,1698,1.0,Belanja Perjalanan Dinas Biasa,Belanja Perjalanan Dinas Biasa
123,1696,1.0,Belanja Perjalanan Dinas Biasa,Belanja Perjalanan Dinas Biasa
123,1699,1.0,Belanja Perjalanan Dinas Biasa,Belanja Perjalanan Dinas Biasa
123,1701,1.0,Belanja Perjalanan Dinas Biasa,Belanja Perjalanan Dinas Biasa
123,1697,1.0,Belanja Perjalanan Dinas Biasa,Belanja Perjalanan Dinas Biasa
124,1698,1.0,Belanja Perjalanan Dinas Biasa,Belanja Perjalanan Dinas Biasa
124,1696,1.0,Belanja Perjalanan Dinas Biasa,Belanja Perjalanan Dinas Biasa
124,1699,1.0,Belanja Perjalanan Dinas Biasa,Belanja Perjalanan Dinas Biasa
124,1701,1.0,Belanja Perjalanan Dinas Biasa,Belanja Perjalanan Dinas Biasa
124,1697,1.0,Belanja Perjalanan Dinas Biasa,Belanja Perjalanan Dinas Biasa
125,126,0.849224480799998,Belanja Perjalanan Dinas Biasa : Pendamping Pameran HUT Dekranas/ Koordinasi Dekranas/Studi Teknis di Jakarta atau Kota Lainya di Indonesia,Belanja Perjalanan Dinas Biasa : Pengurus Dekranasda dalam Rangka Pameran HUT Dekranas/ Koordinasi Dekranas/Studi Teknis di Jakarta atau Kota Lainya di Indonesia
128,1698,1.0,Belanja Perjalanan Dinas Biasa,Belanja Perjalanan Dinas Biasa
128,1696,1.0,Belanja Perjalanan Dinas Biasa,Belanja Perjalanan Dinas Biasa
128,1699,1.0,Belanja Perjalanan Dinas Biasa,Belanja Perjalanan Dinas Biasa
128,1701,1.0,Belanja Perjalanan Dinas Biasa,Belanja Perjalanan Dinas Biasa
128,1697,1.0,Belanja Perjalanan Dinas Biasa,Belanja Perjalanan Dinas Biasa
129,1698,1.0,Belanja Perjalanan Dinas Biasa,Belanja Perjalanan Dinas Biasa
129,1696,1.0,Belanja Perjalanan Dinas Biasa,Belanja Perjalanan Dinas Biasa
129,1699,1.0,Belanja Perjalanan Dinas Biasa,Belanja Perjalanan Dinas Biasa
129,1701,1.0,Belanja Perjalanan Dinas Biasa,Belanja Perjalanan Dinas Biasa
129,1697,1.0,Belanja Perjalanan Dinas Biasa,Belanja Perjalanan Dinas Biasa
130,1698,1.0,Belanja Perjalanan Dinas Biasa,Belanja Perjalanan Dinas Biasa
130,1696,1.0,Belanja Perjalanan Dinas Biasa,Belanja Perjalanan Dinas Biasa
130,1699,1.0,Belanja Perjalanan Dinas Biasa,Belanja Perjalanan Dinas Biasa
130,1701,1.0,Belanja Perjalanan Dinas Biasa,Belanja Perjalanan Dinas Biasa
130,1697,1.0,Belanja Perjalanan Dinas Biasa,Belanja Perjalanan Dinas Biasa
131,1698,1.0,Belanja Perjalanan Dinas Biasa,Belanja Perjalanan Dinas Biasa
131,1696,1.0,Belanja Perjalanan Dinas Biasa,Belanja Perjalanan Dinas Biasa
131,1699,1.0,Belanja Perjalanan Dinas Biasa,Belanja Perjalanan Dinas Biasa
131,1701,1.0,Belanja Perjalanan Dinas Biasa,Belanja Perjalanan Dinas Biasa
131,1697,1.0,Belanja Perjalanan Dinas Biasa,Belanja Perjalanan Dinas Biasa
132,1698,1.0,Belanja Perjalanan Dinas Biasa,Belanja Perjalanan Dinas Biasa
132,1696,1.0,Belanja Perjalanan Dinas Biasa,Belanja Perjalanan Dinas Biasa
132,1699,1.0,Belanja Perjalanan Dinas Biasa,Belanja Perjalanan Dinas Biasa
132,1701,1.0,Belanja Perjalanan Dinas Biasa,Belanja Perjalanan Dinas Biasa
132,1697,1.0,Belanja Perjalanan Dinas Biasa,Belanja Perjalanan Dinas Biasa
133,1698,1.0,Belanja Perjalanan Dinas Biasa,Belanja Perjalanan Dinas Biasa
133,1696,1.0,Belanja Perjalanan Dinas Biasa,Belanja Perjalanan Dinas Biasa
133,1699,1.0,Belanja Perjalanan Dinas Biasa,Belanja Perjalanan Dinas Biasa
133,1701,1.0,Belanja Perjalanan Dinas Biasa,Belanja Perjalanan Dinas Biasa
133,1697,1.0,Belanja Perjalanan Dinas Biasa,Belanja Perjalanan Dinas Biasa
134,1698,1.0,Belanja Perjalanan Dinas Biasa,Belanja Perjalanan Dinas Biasa
134,1696,1.0,Belanja Perjalanan Dinas Biasa,Belanja Perjalanan Dinas Biasa
134,1699,1.0,Belanja Perjalanan Dinas Biasa,Belanja Perjalanan Dinas Biasa
134,1701,1.0,Belanja Perjalanan Dinas Biasa,Belanja Perjalanan Dinas Biasa
134,1697,1.0,Belanja Perjalanan Dinas Biasa,Belanja Perjalanan Dinas Biasa
135,1698,1.0,Belanja Perjalanan Dinas Biasa,Belanja Perjalanan Dinas Biasa
135,1696,1.0,Belanja Perjalanan Dinas Biasa,Belanja Perjalanan Dinas Biasa
135,1699,1.0,Belanja Perjalanan Dinas Biasa,Belanja Perjalanan Dinas Biasa
135,1701,1.0,Belanja Perjalanan Dinas Biasa,Belanja Perjalanan Dinas Biasa
135,1697,1.0,Belanja Perjalanan Dinas Biasa,Belanja Perjalanan Dinas Biasa
136,1698,1.0,Belanja Perjalanan Dinas Biasa,Belanja Perjalanan Dinas Biasa
136,1696,1.0,Belanja Perjalanan Dinas Biasa,Belanja Perjalanan Dinas Biasa
136,1699,1.0,Belanja Perjalanan Dinas Biasa,Belanja Perjalanan Dinas Biasa
136,1701,1.0,Belanja Perjalanan Dinas Biasa,Belanja Perjalanan Dinas Biasa
136,1697,1.0,Belanja Perjalanan Dinas Biasa,Belanja Perjalanan Dinas Biasa
137,619,1.0,Belanja Perjalanan Dinas Biasa - Dalam Rangka Diseminasi Laboratorium UPTD PSMB di Kabupaten Morowali/Kabupaten Lainnya,Belanja Perjalanan Dinas Biasa - Dalam Rangka Diseminasi Laboratorium UPTD PSMB di Kabupaten Morowali/Kabupaten Lainnya
137,277,1.0,Belanja Perjalanan Dinas Biasa - Dalam Rangka Diseminasi Laboratorium UPTD PSMB di Kabupaten Morowali/Kabupaten Lainnya,Belanja Perjalanan Dinas Biasa - Dalam Rangka Diseminasi Laboratorium UPTD PSMB di Kabupaten Morowali/Kabupaten Lainnya
137,275,1.0,Belanja Perjalanan Dinas Biasa - Dalam Rangka Diseminasi Laboratorium UPTD PSMB di Kabupaten Morowali/Kabupaten Lainnya,Belanja Perjalanan Dinas Biasa - Dalam Rangka Diseminasi Laboratorium UPTD PSMB di Kabupaten Morowali/Kabupaten Lainnya
138,1698,1.0,Belanja Perjalanan Dinas Biasa,Belanja Perjalanan Dinas Biasa
138,1696,1.0,Belanja Perjalanan Dinas Biasa,Belanja Perjalanan Dinas Biasa
138,1699,1.0,Belanja Perjalanan Dinas Biasa,Belanja Perjalanan Dinas Biasa
138,1701,1.0,Belanja Perjalanan Dinas Biasa,Belanja Perjalanan Dinas Biasa
138,1697,1.0,Belanja Perjalanan Dinas Biasa,Belanja Perjalanan Dinas Biasa
139,1698,1.0,Belanja perjalanan dinas biasa,Belanja Perjalanan Dinas Biasa
139,1696,1.0,Belanja perjalanan dinas biasa,Belanja Perjalanan Dinas Biasa
139,1699,1.0,Belanja perjalanan dinas biasa,Belanja Perjalanan Dinas Biasa
139,1701,1.0,Belanja perjalanan dinas biasa,Belanja Perjalanan Dinas Biasa
139,1697,1.0,Belanja perjalanan dinas biasa,Belanja Perjalanan Dinas Biasa
140,1698,1.0,Belanja Perjalanan Dinas Biasa,Belanja Perjalanan Dinas Biasa
140,1696,1.0,Belanja Perjalanan Dinas Biasa,Belanja Perjalanan Dinas Biasa
140,1699,1.0,Belanja Perjalanan Dinas Biasa,Belanja Perjalanan Dinas Biasa
140,1701,1.0,Belanja Perjalanan Dinas Biasa,Belanja Perjalanan Dinas Biasa
140,1697,1.0,Belanja Perjalanan Dinas Biasa,Belanja Perjalanan Dinas Biasa
141,1698,1.0,Belanja Perjalanan Dinas Biasa,Belanja Perjalanan Dinas Biasa
141,1696,1.0,Belanja Perjalanan Dinas Biasa,Belanja Perjalanan Dinas Biasa
141,1699,1.0,Belanja Perjalanan Dinas Biasa,Belanja Perjalanan Dinas Biasa
141,1701,1.0,Belanja Perjalanan Dinas Biasa,Belanja Perjalanan Dinas Biasa
141,1697,1.0,Belanja Perjalanan Dinas Biasa,Belanja Perjalanan Dinas Biasa
142,512,0.8368988901627907,Belanja Perjalanan Dinas Biasa (Sub. Bidang Hubungan Antar Lembaga Pemerintah dan Pembinaan kemasyarakatan - SENBUD),Belanja Perjalanan Dinas Biasa (Sub Bidang Hubungan Antar Lembaga Pemerintah dan Pembinaan kemasyarakatan - BIMAS)
143,1698,1.0,Belanja Perjalanan Dinas Biasa,Belanja Perjalanan Dinas Biasa
143,1696,1.0,Belanja Perjalanan Dinas Biasa,Belanja Perjalanan Dinas Biasa
143,1699,1.0,Belanja Perjalanan Dinas Biasa,Belanja Perjalanan Dinas Biasa
143,1701,1.0,Belanja Perjalanan Dinas Biasa,Belanja Perjalanan Dinas Biasa
143,1697,1.0,Belanja Perjalanan Dinas Biasa,Belanja Perjalanan Dinas Biasa
144,1698,1.0,Belanja Perjalanan Dinas Biasa,Belanja Perjalanan Dinas Biasa
144,1696,1.0,Belanja Perjalanan Dinas Biasa,Belanja Perjalanan Dinas Biasa
144,1699,1.0,Belanja Perjalanan Dinas Biasa,Belanja Perjalanan Dinas Biasa
144,1701,1.0,Belanja Perjalanan Dinas Biasa,Belanja Perjalanan Dinas Biasa
144,1697,1.0,Belanja Perjalanan Dinas Biasa,Belanja Perjalanan Dinas Biasa
145,1698,1.0,Belanja Perjalanan Dinas Biasa,Belanja Perjalanan Dinas Biasa
145,1696,1.0,Belanja Perjalanan Dinas Biasa,Belanja Perjalanan Dinas Biasa
145,1699,1.0,Belanja Perjalanan Dinas Biasa,Belanja Perjalanan Dinas Biasa
145,1701,1.0,Belanja Perjalanan Dinas Biasa,Belanja Perjalanan Dinas Biasa
145,1697,1.0,Belanja Perjalanan Dinas Biasa,Belanja Perjalanan Dinas Biasa
146,1698,1.0,Belanja Perjalanan Dinas Biasa,Belanja Perjalanan Dinas Biasa
146,1696,1.0,Belanja Perjalanan Dinas Biasa,Belanja Perjalanan Dinas Biasa
146,1699,1.0,Belanja Perjalanan Dinas Biasa,Belanja Perjalanan Dinas Biasa
146,1701,1.0,Belanja Perjalanan Dinas Biasa,Belanja Perjalanan Dinas Biasa
146,1697,1.0,Belanja Perjalanan Dinas Biasa,Belanja Perjalanan Dinas Biasa
147,1698,1.0,Belanja Perjalanan Dinas Biasa,Belanja Perjalanan Dinas Biasa
147,1696,1.0,Belanja Perjalanan Dinas Biasa,Belanja Perjalanan Dinas Biasa
147,1699,1.0,Belanja Perjalanan Dinas Biasa,Belanja Perjalanan Dinas Biasa
147,1701,1.0,Belanja Perjalanan Dinas Biasa,Belanja Perjalanan Dinas Biasa
147,1697,1.0,Belanja Perjalanan Dinas Biasa,Belanja Perjalanan Dinas Biasa
148,1698,1.0,Belanja Perjalanan Dinas Biasa,Belanja Perjalanan Dinas Biasa
148,1696,1.0,Belanja Perjalanan Dinas Biasa,Belanja Perjalanan Dinas Biasa
148,1699,1.0,Belanja Perjalanan Dinas Biasa,Belanja Perjalanan Dinas Biasa
148,1701,1.0,Belanja Perjalanan Dinas Biasa,Belanja Perjalanan Dinas Biasa
148,1697,1.0,Belanja Perjalanan Dinas Biasa,Belanja Perjalanan Dinas Biasa
149,1698,1.0,Belanja Perjalanan Dinas Biasa,Belanja Perjalanan Dinas Biasa
149,1696,1.0,Belanja Perjalanan Dinas Biasa,Belanja Perjalanan Dinas Biasa
149,1699,1.0,Belanja Perjalanan Dinas Biasa,Belanja Perjalanan Dinas Biasa
149,1701,1.0,Belanja Perjalanan Dinas Biasa,Belanja Perjalanan Dinas Biasa
149,1697,1.0,Belanja Perjalanan Dinas Biasa,Belanja Perjalanan Dinas Biasa
151,1698,1.0,Belanja Perjalanan Dinas Biasa,Belanja Perjalanan Dinas Biasa
151,1696,1.0,Belanja Perjalanan Dinas Biasa,Belanja Perjalanan Dinas Biasa
151,1699,1.0,Belanja Perjalanan Dinas Biasa,Belanja Perjalanan Dinas Biasa
151,1701,1.0,Belanja Perjalanan Dinas Biasa,Belanja Perjalanan Dinas Biasa
151,1697,1.0,Belanja Perjalanan Dinas Biasa,Belanja Perjalanan Dinas Biasa
152,1698,1.0,Belanja Perjalanan Dinas Biasa,Belanja Perjalanan Dinas Biasa
152,1696,1.0,Belanja Perjalanan Dinas Biasa,Belanja Perjalanan Dinas Biasa
152,1699,1.0,Belanja Perjalanan Dinas Biasa,Belanja Perjalanan Dinas Biasa
152,1701,1.0,Belanja Perjalanan Dinas Biasa,Belanja Perjalanan Dinas Biasa
152,1697,1.0,Belanja Perjalanan Dinas Biasa,Belanja Perjalanan Dinas Biasa
154,1698,1.0,Belanja Perjalanan Dinas Biasa,Belanja Perjalanan Dinas Biasa
154,1696,1.0,Belanja Perjalanan Dinas Biasa,Belanja Perjalanan Dinas Biasa
154,1699,1.0,Belanja Perjalanan Dinas Biasa,Belanja Perjalanan Dinas Biasa
154,1701,1.0,Belanja Perjalanan Dinas Biasa,Belanja Perjalanan Dinas Biasa
154,1697,1.0,Belanja Perjalanan Dinas Biasa,Belanja Perjalanan Dinas Biasa
155,1698,1.0,Belanja Perjalanan Dinas Biasa,Belanja Perjalanan Dinas Biasa
155,1696,1.0,Belanja Perjalanan Dinas Biasa,Belanja Perjalanan Dinas Biasa
155,1699,1.0,Belanja Perjalanan Dinas Biasa,Belanja Perjalanan Dinas Biasa
155,1701,1.0,Belanja Perjalanan Dinas Biasa,Belanja Perjalanan Dinas Biasa
155,1697,1.0,Belanja Perjalanan Dinas Biasa,Belanja Perjalanan Dinas Biasa
156,1698,1.0,Belanja Perjalanan Dinas Biasa,Belanja Perjalanan Dinas Biasa
156,1696,1.0,Belanja Perjalanan Dinas Biasa,Belanja Perjalanan Dinas Biasa
156,1699,1.0,Belanja Perjalanan Dinas Biasa,Belanja Perjalanan Dinas Biasa
156,1701,1.0,Belanja Perjalanan Dinas Biasa,Belanja Perjalanan Dinas Biasa
156,1697,1.0,Belanja Perjalanan Dinas Biasa,Belanja Perjalanan Dinas Biasa
157,1698,1.0,Belanja Perjalanan Dinas Biasa,Belanja Perjalanan Dinas Biasa
157,1696,1.0,Belanja Perjalanan Dinas Biasa,Belanja Perjalanan Dinas Biasa
157,1699,1.0,Belanja Perjalanan Dinas Biasa,Belanja Perjalanan Dinas Biasa
157,1701,1.0,Belanja Perjalanan Dinas Biasa,Belanja Perjalanan Dinas Biasa
157,1697,1.0,Belanja Perjalanan Dinas Biasa,Belanja Perjalanan Dinas Biasa
158,1698,1.0,Belanja Perjalanan Dinas Biasa,Belanja Perjalanan Dinas Biasa
158,1696,1.0,Belanja Perjalanan Dinas Biasa,Belanja Perjalanan Dinas Biasa
158,1699,1.0,Belanja Perjalanan Dinas Biasa,Belanja Perjalanan Dinas Biasa
158,1701,1.0,Belanja Perjalanan Dinas Biasa,Belanja Perjalanan Dinas Biasa
158,1697,1.0,Belanja Perjalanan Dinas Biasa,Belanja Perjalanan Dinas Biasa
159,1698,1.0,Belanja Perjalanan Dinas Biasa,Belanja Perjalanan Dinas Biasa
159,1696,1.0,Belanja Perjalanan Dinas Biasa,Belanja Perjalanan Dinas Biasa
159,1699,1.0,Belanja Perjalanan Dinas Biasa,Belanja Perjalanan Dinas Biasa
159,1701,1.0,Belanja Perjalanan Dinas Biasa,Belanja Perjalanan Dinas Biasa
159,1697,1.0,Belanja Perjalanan Dinas Biasa,Belanja Perjalanan Dinas Biasa
161,1698,1.0,Belanja Perjalanan Dinas Biasa,Belanja Perjalanan Dinas Biasa
161,1696,1.0,Belanja Perjalanan Dinas Biasa,Belanja Perjalanan Dinas Biasa
161,1699,1.0,Belanja Perjalanan Dinas Biasa,Belanja Perjalanan Dinas Biasa
161,1701,1.0,Belanja Perjalanan Dinas Biasa,Belanja Perjalanan Dinas Biasa
161,1697,1.0,Belanja Perjalanan Dinas Biasa,Belanja Perjalanan Dinas Biasa
163,1698,1.0,Belanja Perjalanan Dinas Biasa,Belanja Perjalanan Dinas Biasa
163,1696,1.0,Belanja Perjalanan Dinas Biasa,Belanja Perjalanan Dinas Biasa
163,1699,1.0,Belanja Perjalanan Dinas Biasa,Belanja Perjalanan Dinas Biasa
163,1701,1.0,Belanja Perjalanan Dinas Biasa,Belanja Perjalanan Dinas Biasa
163,1697,1.0,Belanja Perjalanan Dinas Biasa,Belanja Perjalanan Dinas Biasa
164,1698,1.0,Belanja Perjalanan Dinas Biasa,Belanja Perjalanan Dinas Biasa
164,1696,1.0,Belanja Perjalanan Dinas Biasa,Belanja Perjalanan Dinas Biasa
164,1699,1.0,Belanja Perjalanan Dinas Biasa,Belanja Perjalanan Dinas Biasa
164,1701,1.0,Belanja Perjalanan Dinas Biasa,Belanja Perjalanan Dinas Biasa
164,1697,1.0,Belanja Perjalanan Dinas Biasa,Belanja Perjalanan Dinas Biasa
165,1698,1.0,Belanja Perjalanan Dinas Biasa,Belanja Perjalanan Dinas Biasa
165,1696,1.0,Belanja Perjalanan Dinas Biasa,Belanja Perjalanan Dinas Biasa
165,1699,1.0,Belanja Perjalanan Dinas Biasa,Belanja Perjalanan Dinas Biasa
165,1701,1.0,Belanja Perjalanan Dinas Biasa,Belanja Perjalanan Dinas Biasa
165,1697,1.0,Belanja Perjalanan Dinas Biasa,Belanja Perjalanan Dinas Biasa
166,1698,1.0,Belanja Perjalanan Dinas Biasa,Belanja Perjalanan Dinas Biasa
166,1696,1.0,Belanja Perjalanan Dinas Biasa,Belanja Perjalanan Dinas Biasa
166,1699,1.0,Belanja Perjalanan Dinas Biasa,Belanja Perjalanan Dinas Biasa
166,1701,1.0,Belanja Perjalanan Dinas Biasa,Belanja Perjalanan Dinas Biasa
166,1697,1.0,Belanja Perjalanan Dinas Biasa,Belanja Perjalanan Dinas Biasa
167,1698,1.0,Belanja Perjalanan Dinas Biasa,Belanja Perjalanan Dinas Biasa
167,1696,1.0,Belanja Perjalanan Dinas Biasa,Belanja Perjalanan Dinas Biasa
167,1699,1.0,Belanja Perjalanan Dinas Biasa,Belanja Perjalanan Dinas Biasa
167,1701,1.0,Belanja Perjalanan Dinas Biasa,Belanja Perjalanan Dinas Biasa
167,1697,1.0,Belanja Perjalanan Dinas Biasa,Belanja Perjalanan Dinas Biasa
168,169,1.0,Belanja Perjalanan Dinas Biasa - Dalam Rangka Kegiatan Surveilance Laboratorium Pengujian UPTD PSMB di Palu,Belanja Perjalanan Dinas Biasa - Dalam Rangka Kegiatan Surveilance Laboratorium Pengujian UPTD PSMB di Palu
168,618,1.0,Belanja Perjalanan Dinas Biasa - Dalam Rangka Kegiatan Surveilance Laboratorium Pengujian UPTD PSMB di Palu,Belanja Perjalanan Dinas Biasa - Dalam Rangka Kegiatan Surveilance Laboratorium Pengujian UPTD PSMB di Palu
169,618,1.0,Belanja Perjalanan Dinas Biasa - Dalam Rangka Kegiatan Surveilance Laboratorium Pengujian UPTD PSMB di Palu,Belanja Perjalanan Dinas Biasa - Dalam Rangka Kegiatan Surveilance Laboratorium Pengujian UPTD PSMB di Palu
170,1698,1.0,Belanja Perjalanan Dinas Biasa,Belanja Perjalanan Dinas Biasa
170,1696,1.0,Belanja Perjalanan Dinas Biasa,Belanja Perjalanan Dinas Biasa
170,1699,1.0,Belanja Perjalanan Dinas Biasa,Belanja Perjalanan Dinas Biasa
170,1701,1.0,Belanja Perjalanan Dinas Biasa,Belanja Perjalanan Dinas Biasa
170,1697,1.0,Belanja Perjalanan Dinas Biasa,Belanja Perjalanan Dinas Biasa
171,1698,1.0,Belanja Perjalanan Dinas Biasa,Belanja Perjalanan Dinas Biasa
171,1696,1.0,Belanja Perjalanan Dinas Biasa,Belanja Perjalanan Dinas Biasa
171,1699,1.0,Belanja Perjalanan Dinas Biasa,Belanja Perjalanan Dinas Biasa
171,1701,1.0,Belanja Perjalanan Dinas Biasa,Belanja Perjalanan Dinas Biasa
171,1697,1.0,Belanja Perjalanan Dinas Biasa,Belanja Perjalanan Dinas Biasa
172,1698,1.0,Belanja perjalanan dinas biasa,Belanja Perjalanan Dinas Biasa
172,1696,1.0,Belanja perjalanan dinas biasa,Belanja Perjalanan Dinas Biasa
172,1699,1.0,Belanja perjalanan dinas biasa,Belanja Perjalanan Dinas Biasa
172,1701,1.0,Belanja perjalanan dinas biasa,Belanja Perjalanan Dinas Biasa
172,1697,1.0,Belanja perjalanan dinas biasa,Belanja Perjalanan Dinas Biasa
173,1698,1.0,Belanja perjalanan dinas biasa,Belanja Perjalanan Dinas Biasa
173,1696,1.0,Belanja perjalanan dinas biasa,Belanja Perjalanan Dinas Biasa
173,1699,1.0,Belanja perjalanan dinas biasa,Belanja Perjalanan Dinas Biasa
173,1701,1.0,Belanja perjalanan dinas biasa,Belanja Perjalanan Dinas Biasa
173,1697,1.0,Belanja perjalanan dinas biasa,Belanja Perjalanan Dinas Biasa
174,1698,1.0,Belanja Perjalanan Dinas Biasa,Belanja Perjalanan Dinas Biasa
174,1696,1.0,Belanja Perjalanan Dinas Biasa,Belanja Perjalanan Dinas Biasa
174,1699,1.0,Belanja Perjalanan Dinas Biasa,Belanja Perjalanan Dinas Biasa
174,1701,1.0,Belanja Perjalanan Dinas Biasa,Belanja Perjalanan Dinas Biasa
174,1697,1.0,Belanja Perjalanan Dinas Biasa,Belanja Perjalanan Dinas Biasa
175,1698,1.0,Belanja Perjalanan Dinas Biasa,Belanja Perjalanan Dinas Biasa
175,1696,1.0,Belanja Perjalanan Dinas Biasa,Belanja Perjalanan Dinas Biasa
175,1699,1.0,Belanja Perjalanan Dinas Biasa,Belanja Perjalanan Dinas Biasa
175,1701,1.0,Belanja Perjalanan Dinas Biasa,Belanja Perjalanan Dinas Biasa
175,1697,1.0,Belanja Perjalanan Dinas Biasa,Belanja Perjalanan Dinas Biasa
176,1698,1.0,Belanja Perjalanan Dinas Biasa,Belanja Perjalanan Dinas Biasa
176,1696,1.0,Belanja Perjalanan Dinas Biasa,Belanja Perjalanan Dinas Biasa
176,1699,1.0,Belanja Perjalanan Dinas Biasa,Belanja Perjalanan Dinas Biasa
176,1701,1.0,Belanja Perjalanan Dinas Biasa,Belanja Perjalanan Dinas Biasa
176,1697,1.0,Belanja Perjalanan Dinas Biasa,Belanja Perjalanan Dinas Biasa
177,1698,1.0,Belanja Perjalanan Dinas Biasa,Belanja Perjalanan Dinas Biasa
177,1696,1.0,Belanja Perjalanan Dinas Biasa,Belanja Perjalanan Dinas Biasa
177,1699,1.0,Belanja Perjalanan Dinas Biasa,Belanja Perjalanan Dinas Biasa
177,1701,1.0,Belanja Perjalanan Dinas Biasa,Belanja Perjalanan Dinas Biasa
177,1697,1.0,Belanja Perjalanan Dinas Biasa,Belanja Perjalanan Dinas Biasa
179,271,1.0,Belanja Perjalanan Dinas Biasa (biaya Uang Harian),Belanja Perjalanan Dinas Biasa ( Biaya Uang Harian )
179,303,1.0,Belanja Perjalanan Dinas Biasa (biaya Uang Harian),Belanja Perjalanan Dinas Biasa (Biaya Uang Harian)
179,419,1.0,Belanja Perjalanan Dinas Biasa (biaya Uang Harian),Belanja Perjalanan Dinas Biasa Biaya Uang Harian
179,2410,0.8615991066745656,Belanja Perjalanan Dinas Biasa (biaya Uang Harian),Belanja Perjalanan Dinas Biasa - Uang Harian
180,1698,1.0,Belanja Perjalanan Dinas Biasa,Belanja Perjalanan Dinas Biasa
180,1696,1.0,Belanja Perjalanan Dinas Biasa,Belanja Perjalanan Dinas Biasa
180,1699,1.0,Belanja Perjalanan Dinas Biasa,Belanja Perjalanan Dinas Biasa
180,1701,1.0,Belanja Perjalanan Dinas Biasa,Belanja Perjalanan Dinas Biasa
180,1697,1.0,Belanja Perjalanan Dinas Biasa,Belanja Perjalanan Dinas Biasa
182,1698,1.0,Belanja Perjalanan Dinas Biasa,Belanja Perjalanan Dinas Biasa
182,1696,1.0,Belanja Perjalanan Dinas Biasa,Belanja Perjalanan Dinas Biasa
182,1699,1.0,Belanja Perjalanan Dinas Biasa,Belanja Perjalanan Dinas Biasa
182,1701,1.0,Belanja Perjalanan Dinas Biasa,Belanja Perjalanan Dinas Biasa
182,1697,1.0,Belanja Perjalanan Dinas Biasa,Belanja Perjalanan Dinas Biasa
183,1698,1.0,Belanja Perjalanan Dinas Biasa,Belanja Perjalanan Dinas Biasa
183,1696,1.0,Belanja Perjalanan Dinas Biasa,Belanja Perjalanan Dinas Biasa
183,1699,1.0,Belanja Perjalanan Dinas Biasa,Belanja Perjalanan Dinas Biasa
183,1701,1.0,Belanja Perjalanan Dinas Biasa,Belanja Perjalanan Dinas Biasa
183,1697,1.0,Belanja Perjalanan Dinas Biasa,Belanja Perjalanan Dinas Biasa
184,1698,1.0,Belanja Perjalanan Dinas Biasa,Belanja Perjalanan Dinas Biasa
184,1696,1.0,Belanja Perjalanan Dinas Biasa,Belanja Perjalanan Dinas Biasa
184,1699,1.0,Belanja Perjalanan Dinas Biasa,Belanja Perjalanan Dinas Biasa
184,1701,1.0,Belanja Perjalanan Dinas Biasa,Belanja Perjalanan Dinas Biasa
184,1697,1.0,Belanja Perjalanan Dinas Biasa,Belanja Perjalanan Dinas Biasa
188,1698,1.0,Belanja Perjalanan Dinas Biasa,Belanja Perjalanan Dinas Biasa
188,1696,1.0,Belanja Perjalanan Dinas Biasa,Belanja Perjalanan Dinas Biasa
188,1699,1.0,Belanja Perjalanan Dinas Biasa,Belanja Perjalanan Dinas Biasa
188,1701,1.0,Belanja Perjalanan Dinas Biasa,Belanja Perjalanan Dinas Biasa
188,1697,1.0,Belanja Perjalanan Dinas Biasa,Belanja Perjalanan Dinas Biasa
189,1698,1.0,Belanja Perjalanan Dinas Biasa,Belanja Perjalanan Dinas Biasa
189,1696,1.0,Belanja Perjalanan Dinas Biasa,Belanja Perjalanan Dinas Biasa
189,1699,1.0,Belanja Perjalanan Dinas Biasa,Belanja Perjalanan Dinas Biasa
189,1701,1.0,Belanja Perjalanan Dinas Biasa,Belanja Perjalanan Dinas Biasa
189,1697,1.0,Belanja Perjalanan Dinas Biasa,Belanja Perjalanan Dinas Biasa
191,326,1.0,Belanja Perjalanan Dinas Biasa (P5TK),Belanja Perjalanan Dinas Biasa (P5TK)
191,636,1.0,Belanja Perjalanan Dinas Biasa (P5TK),Belanja Perjalanan Dinas Biasa (P5TK)
191,577,1.0,Belanja Perjalanan Dinas Biasa (P5TK),Belanja Perjalanan Dinas Biasa (P5TK)
192,193,1.0,Belanja Perjalanan Dinas Biasa (Biro PBJ),Belanja Perjalanan Dinas Biasa (Biro PBJ)
192,381,1.0,Belanja Perjalanan Dinas Biasa (Biro PBJ),Belanja Perjalanan Dinas Biasa (Biro PBJ)
192,520,1.0,Belanja Perjalanan Dinas Biasa (Biro PBJ),Belanja Perjalanan Dinas Biasa (Biro PBJ)
192,194,1.0,Belanja Perjalanan Dinas Biasa (Biro PBJ),Belanja Perjalanan Dinas Biasa (Biro PBJ)
192,521,1.0,Belanja Perjalanan Dinas Biasa (Biro PBJ),Belanja Perjalanan Dinas Biasa (Biro PBJ)
193,381,1.0,Belanja Perjalanan Dinas Biasa (Biro PBJ),Belanja Perjalanan Dinas Biasa (Biro PBJ)
193,520,1.0,Belanja Perjalanan Dinas Biasa (Biro PBJ),Belanja Perjalanan Dinas Biasa (Biro PBJ)
193,194,1.0,Belanja Perjalanan Dinas Biasa (Biro PBJ),Belanja Perjalanan Dinas Biasa (Biro PBJ)
193,521,1.0,Belanja Perjalanan Dinas Biasa (Biro PBJ),Belanja Perjalanan Dinas Biasa (Biro PBJ)
194,381,1.0,Belanja Perjalanan Dinas Biasa (Biro PBJ),Belanja Perjalanan Dinas Biasa (Biro PBJ)
194,520,1.0,Belanja Perjalanan Dinas Biasa (Biro PBJ),Belanja Perjalanan Dinas Biasa (Biro PBJ)
194,521,1.0,Belanja Perjalanan Dinas Biasa (Biro PBJ),Belanja Perjalanan Dinas Biasa (Biro PBJ)
195,207,1.0,Belanja Perjalanan Dinas Biasa Bimkon Peningkatan Produktivitas,Belanja Perjalanan Dinas Biasa Bimkon Peningkatan Produktivitas
196,1698,1.0,Belanja Perjalanan Dinas Biasa,Belanja Perjalanan Dinas Biasa
196,1696,1.0,Belanja Perjalanan Dinas Biasa,Belanja Perjalanan Dinas Biasa
196,1699,1.0,Belanja Perjalanan Dinas Biasa,Belanja Perjalanan Dinas Biasa
196,1701,1.0,Belanja Perjalanan Dinas Biasa,Belanja Perjalanan Dinas Biasa
196,1697,1.0,Belanja Perjalanan Dinas Biasa,Belanja Perjalanan Dinas Biasa
197,209,1.0,Belanja Perjalanan Dinas Biasa Kegiatan Identifikasi Potensi Kawasan Transmigrasi,Belanja Perjalanan Dinas Biasa Kegiatan Identifikasi Potensi Kawasan Transmigrasi
198,210,1.0,Belanja Perjalanan Dinas Biasa Dalam Rangka Transport Peserta Pertemuan Koordinasi Pemanfaatan Alsintan dan Pembiayaan Pertanian,Belanja Perjalanan Dinas Biasa Dalam Rangka Transport Peserta Pertemuan Koordinasi Pemanfaatan Alsintan dan Pembiayaan Pertanian
198,211,0.9433395405160402,Belanja Perjalanan Dinas Biasa Dalam Rangka Transport Peserta Pertemuan Koordinasi Pemanfaatan Alsintan dan Pembiayaan Pertanian,Belanja Perjalanan Dinas Biasa Dalam Rangka Transport Peserta Pertemuan Evaluasi Pemanfaatan Alsintan dan Pembiayaan Pertanian
198,199,0.9433395405160402,Belanja Perjalanan Dinas Biasa Dalam Rangka Transport Peserta Pertemuan Koordinasi Pemanfaatan Alsintan dan Pembiayaan Pertanian,Belanja Perjalanan Dinas Biasa Dalam Rangka Transport Peserta Pertemuan Evaluasi Pemanfaatan Alsintan dan Pembiayaan Pertanian
199,211,1.0,Belanja Perjalanan Dinas Biasa Dalam Rangka Transport Peserta Pertemuan Evaluasi Pemanfaatan Alsintan dan Pembiayaan Pertanian,Belanja Perjalanan Dinas Biasa Dalam Rangka Transport Peserta Pertemuan Evaluasi Pemanfaatan Alsintan dan Pembiayaan Pertanian
199,210,0.9433395405160402,Belanja Perjalanan Dinas Biasa Dalam Rangka Transport Peserta Pertemuan Evaluasi Pemanfaatan Alsintan dan Pembiayaan Pertanian,Belanja Perjalanan Dinas Biasa Dalam Rangka Transport Peserta Pertemuan Koordinasi Pemanfaatan Alsintan dan Pembiayaan Pertanian
200,1698,1.0,Belanja Perjalanan Dinas Biasa,Belanja Perjalanan Dinas Biasa
200,1696,1.0,Belanja Perjalanan Dinas Biasa,Belanja Perjalanan Dinas Biasa
200,1699,1.0,Belanja Perjalanan Dinas Biasa,Belanja Perjalanan Dinas Biasa
200,1701,1.0,Belanja Perjalanan Dinas Biasa,Belanja Perjalanan Dinas Biasa
200,1697,1.0,Belanja Perjalanan Dinas Biasa,Belanja Perjalanan Dinas Biasa
201,1698,1.0,Belanja Perjalanan Dinas Biasa,Belanja Perjalanan Dinas Biasa
201,1696,1.0,Belanja Perjalanan Dinas Biasa,Belanja Perjalanan Dinas Biasa
201,1699,1.0,Belanja Perjalanan Dinas Biasa,Belanja Perjalanan Dinas Biasa
201,1701,1.0,Belanja Perjalanan Dinas Biasa,Belanja Perjalanan Dinas Biasa
201,1697,1.0,Belanja Perjalanan Dinas Biasa,Belanja Perjalanan Dinas Biasa
203,1698,1.0,Belanja Perjalanan Dinas Biasa,Belanja Perjalanan Dinas Biasa
203,1696,1.0,Belanja Perjalanan Dinas Biasa,Belanja Perjalanan Dinas Biasa
203,1699,1.0,Belanja Perjalanan Dinas Biasa,Belanja Perjalanan Dinas Biasa
203,1701,1.0,Belanja Perjalanan Dinas Biasa,Belanja Perjalanan Dinas Biasa
203,1697,1.0,Belanja Perjalanan Dinas Biasa,Belanja Perjalanan Dinas Biasa
204,1698,1.0,Belanja Perjalanan Dinas Biasa,Belanja Perjalanan Dinas Biasa
204,1696,1.0,Belanja Perjalanan Dinas Biasa,Belanja Perjalanan Dinas Biasa
204,1699,1.0,Belanja Perjalanan Dinas Biasa,Belanja Perjalanan Dinas Biasa
204,1701,1.0,Belanja Perjalanan Dinas Biasa,Belanja Perjalanan Dinas Biasa
204,1697,1.0,Belanja Perjalanan Dinas Biasa,Belanja Perjalanan Dinas Biasa
205,1698,1.0,Belanja Perjalanan Dinas Biasa,Belanja Perjalanan Dinas Biasa
205,1696,1.0,Belanja Perjalanan Dinas Biasa,Belanja Perjalanan Dinas Biasa
205,1699,1.0,Belanja Perjalanan Dinas Biasa,Belanja Perjalanan Dinas Biasa
205,1701,1.0,Belanja Perjalanan Dinas Biasa,Belanja Perjalanan Dinas Biasa
205,1697,1.0,Belanja Perjalanan Dinas Biasa,Belanja Perjalanan Dinas Biasa
206,1698,1.0,Belanja Perjalanan Dinas Biasa,Belanja Perjalanan Dinas Biasa
206,1696,1.0,Belanja Perjalanan Dinas Biasa,Belanja Perjalanan Dinas Biasa
206,1699,1.0,Belanja Perjalanan Dinas Biasa,Belanja Perjalanan Dinas Biasa
206,1701,1.0,Belanja Perjalanan Dinas Biasa,Belanja Perjalanan Dinas Biasa
206,1697,1.0,Belanja Perjalanan Dinas Biasa,Belanja Perjalanan Dinas Biasa
208,1698,1.0,Belanja Perjalanan Dinas Biasa,Belanja Perjalanan Dinas Biasa
208,1696,1.0,Belanja Perjalanan Dinas Biasa,Belanja Perjalanan Dinas Biasa
208,1699,1.0,Belanja Perjalanan Dinas Biasa,Belanja Perjalanan Dinas Biasa
208,1701,1.0,Belanja Perjalanan Dinas Biasa,Belanja Perjalanan Dinas Biasa
208,1697,1.0,Belanja Perjalanan Dinas Biasa,Belanja Perjalanan Dinas Biasa
210,211,0.9433395405160402,Belanja Perjalanan Dinas Biasa Dalam Rangka Transport Peserta Pertemuan Koordinasi Pemanfaatan Alsintan dan Pembiayaan Pertanian,Belanja Perjalanan Dinas Biasa Dalam Rangka Transport Peserta Pertemuan Evaluasi Pemanfaatan Alsintan dan Pembiayaan Pertanian
212,1698,1.0,Belanja Perjalanan Dinas Biasa,Belanja Perjalanan Dinas Biasa
212,1696,1.0,Belanja Perjalanan Dinas Biasa,Belanja Perjalanan Dinas Biasa
212,1699,1.0,Belanja Perjalanan Dinas Biasa,Belanja Perjalanan Dinas Biasa
212,1701,1.0,Belanja Perjalanan Dinas Biasa,Belanja Perjalanan Dinas Biasa
212,1697,1.0,Belanja Perjalanan Dinas Biasa,Belanja Perjalanan Dinas Biasa
213,1698,1.0,Belanja Perjalanan Dinas Biasa,Belanja Perjalanan Dinas Biasa
213,1696,1.0,Belanja Perjalanan Dinas Biasa,Belanja Perjalanan Dinas Biasa
213,1699,1.0,Belanja Perjalanan Dinas Biasa,Belanja Perjalanan Dinas Biasa
213,1701,1.0,Belanja Perjalanan Dinas Biasa,Belanja Perjalanan Dinas Biasa
213,1697,1.0,Belanja Perjalanan Dinas Biasa,Belanja Perjalanan Dinas Biasa
214,1698,1.0,Belanja Perjalanan Dinas Biasa,Belanja Perjalanan Dinas Biasa
214,1696,1.0,Belanja Perjalanan Dinas Biasa,Belanja Perjalanan Dinas Biasa
214,1699,1.0,Belanja Perjalanan Dinas Biasa,Belanja Perjalanan Dinas Biasa
214,1701,1.0,Belanja Perjalanan Dinas Biasa,Belanja Perjalanan Dinas Biasa
214,1697,1.0,Belanja Perjalanan Dinas Biasa,Belanja Perjalanan Dinas Biasa
215,1698,1.0,Belanja Perjalanan Dinas Biasa,Belanja Perjalanan Dinas Biasa
215,1696,1.0,Belanja Perjalanan Dinas Biasa,Belanja Perjalanan Dinas Biasa
215,1699,1.0,Belanja Perjalanan Dinas Biasa,Belanja Perjalanan Dinas Biasa
215,1701,1.0,Belanja Perjalanan Dinas Biasa,Belanja Perjalanan Dinas Biasa
215,1697,1.0,Belanja Perjalanan Dinas Biasa,Belanja Perjalanan Dinas Biasa
216,1698,1.0,Belanja Perjalanan Dinas Biasa,Belanja Perjalanan Dinas Biasa
216,1696,1.0,Belanja Perjalanan Dinas Biasa,Belanja Perjalanan Dinas Biasa
216,1699,1.0,Belanja Perjalanan Dinas Biasa,Belanja Perjalanan Dinas Biasa
216,1701,1.0,Belanja Perjalanan Dinas Biasa,Belanja Perjalanan Dinas Biasa
216,1697,1.0,Belanja Perjalanan Dinas Biasa,Belanja Perjalanan Dinas Biasa
218,1698,1.0,Belanja Perjalanan Dinas Biasa,Belanja Perjalanan Dinas Biasa
218,1696,1.0,Belanja Perjalanan Dinas Biasa,Belanja Perjalanan Dinas Biasa
218,1699,1.0,Belanja Perjalanan Dinas Biasa,Belanja Perjalanan Dinas Biasa
218,1701,1.0,Belanja Perjalanan Dinas Biasa,Belanja Perjalanan Dinas Biasa
218,1697,1.0,Belanja Perjalanan Dinas Biasa,Belanja Perjalanan Dinas Biasa
219,1698,1.0,Belanja Perjalanan Dinas Biasa,Belanja Perjalanan Dinas Biasa
219,1696,1.0,Belanja Perjalanan Dinas Biasa,Belanja Perjalanan Dinas Biasa
219,1699,1.0,Belanja Perjalanan Dinas Biasa,Belanja Perjalanan Dinas Biasa
219,1701,1.0,Belanja Perjalanan Dinas Biasa,Belanja Perjalanan Dinas Biasa
219,1697,1.0,Belanja Perjalanan Dinas Biasa,Belanja Perjalanan Dinas Biasa
220,1698,1.0,Belanja Perjalanan Dinas Biasa,Belanja Perjalanan Dinas Biasa
220,1696,1.0,Belanja Perjalanan Dinas Biasa,Belanja Perjalanan Dinas Biasa
220,1699,1.0,Belanja Perjalanan Dinas Biasa,Belanja Perjalanan Dinas Biasa
220,1701,1.0,Belanja Perjalanan Dinas Biasa,Belanja Perjalanan Dinas Biasa
220,1697,1.0,Belanja Perjalanan Dinas Biasa,Belanja Perjalanan Dinas Biasa
221,1698,1.0,Belanja Perjalanan Dinas Biasa,Belanja Perjalanan Dinas Biasa
221,1696,1.0,Belanja Perjalanan Dinas Biasa,Belanja Perjalanan Dinas Biasa
221,1699,1.0,Belanja Perjalanan Dinas Biasa,Belanja Perjalanan Dinas Biasa
221,1701,1.0,Belanja Perjalanan Dinas Biasa,Belanja Perjalanan Dinas Biasa
221,1697,1.0,Belanja Perjalanan Dinas Biasa,Belanja Perjalanan Dinas Biasa
222,1698,1.0,Belanja Perjalanan Dinas Biasa,Belanja Perjalanan Dinas Biasa
222,1696,1.0,Belanja Perjalanan Dinas Biasa,Belanja Perjalanan Dinas Biasa
222,1699,1.0,Belanja Perjalanan Dinas Biasa,Belanja Perjalanan Dinas Biasa
222,1701,1.0,Belanja Perjalanan Dinas Biasa,Belanja Perjalanan Dinas Biasa
222,1697,1.0,Belanja Perjalanan Dinas Biasa,Belanja Perjalanan Dinas Biasa
223,1698,1.0,Belanja Perjalanan Dinas Biasa,Belanja Perjalanan Dinas Biasa
223,1696,1.0,Belanja Perjalanan Dinas Biasa,Belanja Perjalanan Dinas Biasa
223,1699,1.0,Belanja Perjalanan Dinas Biasa,Belanja Perjalanan Dinas Biasa
223,1701,1.0,Belanja Perjalanan Dinas Biasa,Belanja Perjalanan Dinas Biasa
223,1697,1.0,Belanja Perjalanan Dinas Biasa,Belanja Perjalanan Dinas Biasa
224,1698,1.0,Belanja Perjalanan Dinas Biasa,Belanja Perjalanan Dinas Biasa
224,1696,1.0,Belanja Perjalanan Dinas Biasa,Belanja Perjalanan Dinas Biasa
224,1699,1.0,Belanja Perjalanan Dinas Biasa,Belanja Perjalanan Dinas Biasa
224,1701,1.0,Belanja Perjalanan Dinas Biasa,Belanja Perjalanan Dinas Biasa
224,1697,1.0,Belanja Perjalanan Dinas Biasa,Belanja Perjalanan Dinas Biasa
225,1698,1.0,Belanja Perjalanan Dinas Biasa,Belanja Perjalanan Dinas Biasa
225,1696,1.0,Belanja Perjalanan Dinas Biasa,Belanja Perjalanan Dinas Biasa
225,1699,1.0,Belanja Perjalanan Dinas Biasa,Belanja Perjalanan Dinas Biasa
225,1701,1.0,Belanja Perjalanan Dinas Biasa,Belanja Perjalanan Dinas Biasa
225,1697,1.0,Belanja Perjalanan Dinas Biasa,Belanja Perjalanan Dinas Biasa
226,1698,1.0,Belanja Perjalanan Dinas Biasa,Belanja Perjalanan Dinas Biasa
226,1696,1.0,Belanja Perjalanan Dinas Biasa,Belanja Perjalanan Dinas Biasa
226,1699,1.0,Belanja Perjalanan Dinas Biasa,Belanja Perjalanan Dinas Biasa
226,1701,1.0,Belanja Perjalanan Dinas Biasa,Belanja Perjalanan Dinas Biasa
226,1697,1.0,Belanja Perjalanan Dinas Biasa,Belanja Perjalanan Dinas Biasa
227,1698,1.0,Belanja Perjalanan Dinas Biasa,Belanja Perjalanan Dinas Biasa
227,1696,1.0,Belanja Perjalanan Dinas Biasa,Belanja Perjalanan Dinas Biasa
227,1699,1.0,Belanja Perjalanan Dinas Biasa,Belanja Perjalanan Dinas Biasa
227,1701,1.0,Belanja Perjalanan Dinas Biasa,Belanja Perjalanan Dinas Biasa
227,1697,1.0,Belanja Perjalanan Dinas Biasa,Belanja Perjalanan Dinas Biasa
228,1698,1.0,Belanja Perjalanan Dinas Biasa,Belanja Perjalanan Dinas Biasa
228,1696,1.0,Belanja Perjalanan Dinas Biasa,Belanja Perjalanan Dinas Biasa
228,1699,1.0,Belanja Perjalanan Dinas Biasa,Belanja Perjalanan Dinas Biasa
228,1701,1.0,Belanja Perjalanan Dinas Biasa,Belanja Perjalanan Dinas Biasa
228,1697,1.0,Belanja Perjalanan Dinas Biasa,Belanja Perjalanan Dinas Biasa
229,1698,1.0,Belanja Perjalanan Dinas Biasa,Belanja Perjalanan Dinas Biasa
229,1696,1.0,Belanja Perjalanan Dinas Biasa,Belanja Perjalanan Dinas Biasa
229,1699,1.0,Belanja Perjalanan Dinas Biasa,Belanja Perjalanan Dinas Biasa
229,1701,1.0,Belanja Perjalanan Dinas Biasa,Belanja Perjalanan Dinas Biasa
229,1697,1.0,Belanja Perjalanan Dinas Biasa,Belanja Perjalanan Dinas Biasa
230,1698,1.0,Belanja Perjalanan Dinas Biasa,Belanja Perjalanan Dinas Biasa
230,1696,1.0,Belanja Perjalanan Dinas Biasa,Belanja Perjalanan Dinas Biasa
230,1699,1.0,Belanja Perjalanan Dinas Biasa,Belanja Perjalanan Dinas Biasa
230,1701,1.0,Belanja Perjalanan Dinas Biasa,Belanja Perjalanan Dinas Biasa
230,1697,1.0,Belanja Perjalanan Dinas Biasa,Belanja Perjalanan Dinas Biasa
231,1698,1.0,Belanja Perjalanan Dinas Biasa,Belanja Perjalanan Dinas Biasa
231,1696,1.0,Belanja Perjalanan Dinas Biasa,Belanja Perjalanan Dinas Biasa
231,1699,1.0,Belanja Perjalanan Dinas Biasa,Belanja Perjalanan Dinas Biasa
231,1701,1.0,Belanja Perjalanan Dinas Biasa,Belanja Perjalanan Dinas Biasa
231,1697,1.0,Belanja Perjalanan Dinas Biasa,Belanja Perjalanan Dinas Biasa
232,1698,1.0,Belanja Perjalanan Dinas Biasa,Belanja Perjalanan Dinas Biasa
232,1696,1.0,Belanja Perjalanan Dinas Biasa,Belanja Perjalanan Dinas Biasa
232,1699,1.0,Belanja Perjalanan Dinas Biasa,Belanja Perjalanan Dinas Biasa
232,1701,1.0,Belanja Perjalanan Dinas Biasa,Belanja Perjalanan Dinas Biasa
232,1697,1.0,Belanja Perjalanan Dinas Biasa,Belanja Perjalanan Dinas Biasa
233,1698,1.0,Belanja Perjalanan Dinas Biasa,Belanja Perjalanan Dinas Biasa
233,1696,1.0,Belanja Perjalanan Dinas Biasa,Belanja Perjalanan Dinas Biasa
233,1699,1.0,Belanja Perjalanan Dinas Biasa,Belanja Perjalanan Dinas Biasa
233,1701,1.0,Belanja Perjalanan Dinas Biasa,Belanja Perjalanan Dinas Biasa
233,1697,1.0,Belanja Perjalanan Dinas Biasa,Belanja Perjalanan Dinas Biasa
234,1698,1.0,Belanja Perjalanan Dinas Biasa,Belanja Perjalanan Dinas Biasa
234,1696,1.0,Belanja Perjalanan Dinas Biasa,Belanja Perjalanan Dinas Biasa
234,1699,1.0,Belanja Perjalanan Dinas Biasa,Belanja Perjalanan Dinas Biasa
234,1701,1.0,Belanja Perjalanan Dinas Biasa,Belanja Perjalanan Dinas Biasa
234,1697,1.0,Belanja Perjalanan Dinas Biasa,Belanja Perjalanan Dinas Biasa
235,1698,1.0,Belanja Perjalanan Dinas Biasa,Belanja Perjalanan Dinas Biasa
235,1696,1.0,Belanja Perjalanan Dinas Biasa,Belanja Perjalanan Dinas Biasa
235,1699,1.0,Belanja Perjalanan Dinas Biasa,Belanja Perjalanan Dinas Biasa
235,1701,1.0,Belanja Perjalanan Dinas Biasa,Belanja Perjalanan Dinas Biasa
235,1697,1.0,Belanja Perjalanan Dinas Biasa,Belanja Perjalanan Dinas Biasa
236,1698,1.0,Belanja Perjalanan Dinas Biasa,Belanja Perjalanan Dinas Biasa
236,1696,1.0,Belanja Perjalanan Dinas Biasa,Belanja Perjalanan Dinas Biasa
236,1699,1.0,Belanja Perjalanan Dinas Biasa,Belanja Perjalanan Dinas Biasa
236,1701,1.0,Belanja Perjalanan Dinas Biasa,Belanja Perjalanan Dinas Biasa
236,1697,1.0,Belanja Perjalanan Dinas Biasa,Belanja Perjalanan Dinas Biasa
237,1698,1.0,Belanja Perjalanan Dinas Biasa,Belanja Perjalanan Dinas Biasa
237,1696,1.0,Belanja Perjalanan Dinas Biasa,Belanja Perjalanan Dinas Biasa
237,1699,1.0,Belanja Perjalanan Dinas Biasa,Belanja Perjalanan Dinas Biasa
237,1701,1.0,Belanja Perjalanan Dinas Biasa,Belanja Perjalanan Dinas Biasa
237,1697,1.0,Belanja Perjalanan Dinas Biasa,Belanja Perjalanan Dinas Biasa
238,1698,1.0,Belanja Perjalanan Dinas Biasa,Belanja Perjalanan Dinas Biasa
238,1696,1.0,Belanja Perjalanan Dinas Biasa,Belanja Perjalanan Dinas Biasa
238,1699,1.0,Belanja Perjalanan Dinas Biasa,Belanja Perjalanan Dinas Biasa
238,1701,1.0,Belanja Perjalanan Dinas Biasa,Belanja Perjalanan Dinas Biasa
238,1697,1.0,Belanja Perjalanan Dinas Biasa,Belanja Perjalanan Dinas Biasa
240,1698,1.0,Belanja Perjalanan Dinas Biasa,Belanja Perjalanan Dinas Biasa
240,1696,1.0,Belanja Perjalanan Dinas Biasa,Belanja Perjalanan Dinas Biasa
240,1699,1.0,Belanja Perjalanan Dinas Biasa,Belanja Perjalanan Dinas Biasa
240,1701,1.0,Belanja Perjalanan Dinas Biasa,Belanja Perjalanan Dinas Biasa
240,1697,1.0,Belanja Perjalanan Dinas Biasa,Belanja Perjalanan Dinas Biasa
241,1698,1.0,Belanja Perjalanan Dinas Biasa,Belanja Perjalanan Dinas Biasa
241,1696,1.0,Belanja Perjalanan Dinas Biasa,Belanja Perjalanan Dinas Biasa
241,1699,1.0,Belanja Perjalanan Dinas Biasa,Belanja Perjalanan Dinas Biasa
241,1701,1.0,Belanja Perjalanan Dinas Biasa,Belanja Perjalanan Dinas Biasa
241,1697,1.0,Belanja Perjalanan Dinas Biasa,Belanja Perjalanan Dinas Biasa
243,1698,1.0,Belanja Perjalanan Dinas Biasa,Belanja Perjalanan Dinas Biasa
243,1696,1.0,Belanja Perjalanan Dinas Biasa,Belanja Perjalanan Dinas Biasa
243,1699,1.0,Belanja Perjalanan Dinas Biasa,Belanja Perjalanan Dinas Biasa
243,1701,1.0,Belanja Perjalanan Dinas Biasa,Belanja Perjalanan Dinas Biasa
243,1697,1.0,Belanja Perjalanan Dinas Biasa,Belanja Perjalanan Dinas Biasa
244,1698,1.0,Belanja Perjalanan Dinas Biasa,Belanja Perjalanan Dinas Biasa
244,1696,1.0,Belanja Perjalanan Dinas Biasa,Belanja Perjalanan Dinas Biasa
244,1699,1.0,Belanja Perjalanan Dinas Biasa,Belanja Perjalanan Dinas Biasa
244,1701,1.0,Belanja Perjalanan Dinas Biasa,Belanja Perjalanan Dinas Biasa
244,1697,1.0,Belanja Perjalanan Dinas Biasa,Belanja Perjalanan Dinas Biasa
246,1698,1.0,Belanja Perjalanan Dinas Biasa,Belanja Perjalanan Dinas Biasa
246,1696,1.0,Belanja Perjalanan Dinas Biasa,Belanja Perjalanan Dinas Biasa
246,1699,1.0,Belanja Perjalanan Dinas Biasa,Belanja Perjalanan Dinas Biasa
246,1701,1.0,Belanja Perjalanan Dinas Biasa,Belanja Perjalanan Dinas Biasa
246,1697,1.0,Belanja Perjalanan Dinas Biasa,Belanja Perjalanan Dinas Biasa
247,1698,1.0,Belanja Perjalanan Dinas Biasa,Belanja Perjalanan Dinas Biasa
247,1696,1.0,Belanja Perjalanan Dinas Biasa,Belanja Perjalanan Dinas Biasa
247,1699,1.0,Belanja Perjalanan Dinas Biasa,Belanja Perjalanan Dinas Biasa
247,1701,1.0,Belanja Perjalanan Dinas Biasa,Belanja Perjalanan Dinas Biasa
247,1697,1.0,Belanja Perjalanan Dinas Biasa,Belanja Perjalanan Dinas Biasa
248,1698,1.0,Belanja Perjalanan Dinas Biasa,Belanja Perjalanan Dinas Biasa
248,1696,1.0,Belanja Perjalanan Dinas Biasa,Belanja Perjalanan Dinas Biasa
248,1699,1.0,Belanja Perjalanan Dinas Biasa,Belanja Perjalanan Dinas Biasa
248,1701,1.0,Belanja Perjalanan Dinas Biasa,Belanja Perjalanan Dinas Biasa
248,1697,1.0,Belanja Perjalanan Dinas Biasa,Belanja Perjalanan Dinas Biasa
249,1698,1.0,Belanja Perjalanan Dinas Biasa,Belanja Perjalanan Dinas Biasa
249,1696,1.0,Belanja Perjalanan Dinas Biasa,Belanja Perjalanan Dinas Biasa
249,1699,1.0,Belanja Perjalanan Dinas Biasa,Belanja Perjalanan Dinas Biasa
249,1701,1.0,Belanja Perjalanan Dinas Biasa,Belanja Perjalanan Dinas Biasa
249,1697,1.0,Belanja Perjalanan Dinas Biasa,Belanja Perjalanan Dinas Biasa
250,1698,1.0,Belanja Perjalanan Dinas Biasa,Belanja Perjalanan Dinas Biasa
250,1696,1.0,Belanja Perjalanan Dinas Biasa,Belanja Perjalanan Dinas Biasa
250,1699,1.0,Belanja Perjalanan Dinas Biasa,Belanja Perjalanan Dinas Biasa
250,1701,1.0,Belanja Perjalanan Dinas Biasa,Belanja Perjalanan Dinas Biasa
250,1697,1.0,Belanja Perjalanan Dinas Biasa,Belanja Perjalanan Dinas Biasa
251,1698,1.0,Belanja Perjalanan Dinas Biasa,Belanja Perjalanan Dinas Biasa
251,1696,1.0,Belanja Perjalanan Dinas Biasa,Belanja Perjalanan Dinas Biasa
251,1699,1.0,Belanja Perjalanan Dinas Biasa,Belanja Perjalanan Dinas Biasa
251,1701,1.0,Belanja Perjalanan Dinas Biasa,Belanja Perjalanan Dinas Biasa
251,1697,1.0,Belanja Perjalanan Dinas Biasa,Belanja Perjalanan Dinas Biasa
252,1698,1.0,Belanja Perjalanan Dinas Biasa,Belanja Perjalanan Dinas Biasa
252,1696,1.0,Belanja Perjalanan Dinas Biasa,Belanja Perjalanan Dinas Biasa
252,1699,1.0,Belanja Perjalanan Dinas Biasa,Belanja Perjalanan Dinas Biasa
252,1701,1.0,Belanja Perjalanan Dinas Biasa,Belanja Perjalanan Dinas Biasa
252,1697,1.0,Belanja Perjalanan Dinas Biasa,Belanja Perjalanan Dinas Biasa
253,1698,1.0,Belanja Perjalanan Dinas Biasa,Belanja Perjalanan Dinas Biasa
253,1696,1.0,Belanja Perjalanan Dinas Biasa,Belanja Perjalanan Dinas Biasa
253,1699,1.0,Belanja Perjalanan Dinas Biasa,Belanja Perjalanan Dinas Biasa
253,1701,1.0,Belanja Perjalanan Dinas Biasa,Belanja Perjalanan Dinas Biasa
253,1697,1.0,Belanja Perjalanan Dinas Biasa,Belanja Perjalanan Dinas Biasa
254,1698,1.0,Belanja Perjalanan Dinas Biasa,Belanja Perjalanan Dinas Biasa
254,1696,1.0,Belanja Perjalanan Dinas Biasa,Belanja Perjalanan Dinas Biasa
254,1699,1.0,Belanja Perjalanan Dinas Biasa,Belanja Perjalanan Dinas Biasa
254,1701,1.0,Belanja Perjalanan Dinas Biasa,Belanja Perjalanan Dinas Biasa
254,1697,1.0,Belanja Perjalanan Dinas Biasa,Belanja Perjalanan Dinas Biasa
255,1698,1.0,Belanja Perjalanan Dinas Biasa,Belanja Perjalanan Dinas Biasa
255,1696,1.0,Belanja Perjalanan Dinas Biasa,Belanja Perjalanan Dinas Biasa
255,1699,1.0,Belanja Perjalanan Dinas Biasa,Belanja Perjalanan Dinas Biasa
255,1701,1.0,Belanja Perjalanan Dinas Biasa,Belanja Perjalanan Dinas Biasa
255,1697,1.0,Belanja Perjalanan Dinas Biasa,Belanja Perjalanan Dinas Biasa
256,1698,1.0,Belanja Perjalanan Dinas Biasa,Belanja Perjalanan Dinas Biasa
256,1696,1.0,Belanja Perjalanan Dinas Biasa,Belanja Perjalanan Dinas Biasa
256,1699,1.0,Belanja Perjalanan Dinas Biasa,Belanja Perjalanan Dinas Biasa
256,1701,1.0,Belanja Perjalanan Dinas Biasa,Belanja Perjalanan Dinas Biasa
256,1697,1.0,Belanja Perjalanan Dinas Biasa,Belanja Perjalanan Dinas Biasa
259,1698,1.0,Belanja Perjalanan Dinas Biasa,Belanja Perjalanan Dinas Biasa
259,1696,1.0,Belanja Perjalanan Dinas Biasa,Belanja Perjalanan Dinas Biasa
259,1699,1.0,Belanja Perjalanan Dinas Biasa,Belanja Perjalanan Dinas Biasa
259,1701,1.0,Belanja Perjalanan Dinas Biasa,Belanja Perjalanan Dinas Biasa
259,1697,1.0,Belanja Perjalanan Dinas Biasa,Belanja Perjalanan Dinas Biasa
260,1698,1.0,Belanja Perjalanan Dinas Biasa,Belanja Perjalanan Dinas Biasa
260,1696,1.0,Belanja Perjalanan Dinas Biasa,Belanja Perjalanan Dinas Biasa
260,1699,1.0,Belanja Perjalanan Dinas Biasa,Belanja Perjalanan Dinas Biasa
260,1701,1.0,Belanja Perjalanan Dinas Biasa,Belanja Perjalanan Dinas Biasa
260,1697,1.0,Belanja Perjalanan Dinas Biasa,Belanja Perjalanan Dinas Biasa
261,1698,1.0,Belanja Perjalanan Dinas Biasa,Belanja Perjalanan Dinas Biasa
261,1696,1.0,Belanja Perjalanan Dinas Biasa,Belanja Perjalanan Dinas Biasa
261,1699,1.0,Belanja Perjalanan Dinas Biasa,Belanja Perjalanan Dinas Biasa
261,1701,1.0,Belanja Perjalanan Dinas Biasa,Belanja Perjalanan Dinas Biasa
261,1697,1.0,Belanja Perjalanan Dinas Biasa,Belanja Perjalanan Dinas Biasa
262,1698,1.0,Belanja Perjalanan Dinas Biasa,Belanja Perjalanan Dinas Biasa
262,1696,1.0,Belanja Perjalanan Dinas Biasa,Belanja Perjalanan Dinas Biasa
262,1699,1.0,Belanja Perjalanan Dinas Biasa,Belanja Perjalanan Dinas Biasa
262,1701,1.0,Belanja Perjalanan Dinas Biasa,Belanja Perjalanan Dinas Biasa
262,1697,1.0,Belanja Perjalanan Dinas Biasa,Belanja Perjalanan Dinas Biasa
263,294,0.9399329150955553,Belanja Perjalanan Dinas Biasa : Pameran Kriya Nusa/ Koordinasi Dekranas/Studi Teknis Jakarta Kota Lainnya di Indonesia,Belanja Perjalanan Dinas Biasa : Pendamping Pameran Kriya Nusa/ Koordinasi Dekranas/Studi Teknis Jakarta Kota Lainnya di Indonesia
265,1698,1.0,Belanja Perjalanan Dinas Biasa,Belanja Perjalanan Dinas Biasa
265,1696,1.0,Belanja Perjalanan Dinas Biasa,Belanja Perjalanan Dinas Biasa
265,1699,1.0,Belanja Perjalanan Dinas Biasa,Belanja Perjalanan Dinas Biasa
265,1701,1.0,Belanja Perjalanan Dinas Biasa,Belanja Perjalanan Dinas Biasa
265,1697,1.0,Belanja Perjalanan Dinas Biasa,Belanja Perjalanan Dinas Biasa
266,1698,1.0,Belanja Perjalanan Dinas Biasa,Belanja Perjalanan Dinas Biasa
266,1696,1.0,Belanja Perjalanan Dinas Biasa,Belanja Perjalanan Dinas Biasa
266,1699,1.0,Belanja Perjalanan Dinas Biasa,Belanja Perjalanan Dinas Biasa
266,1701,1.0,Belanja Perjalanan Dinas Biasa,Belanja Perjalanan Dinas Biasa
266,1697,1.0,Belanja Perjalanan Dinas Biasa,Belanja Perjalanan Dinas Biasa
267,1698,1.0,Belanja Perjalanan Dinas Biasa,Belanja Perjalanan Dinas Biasa
267,1696,1.0,Belanja Perjalanan Dinas Biasa,Belanja Perjalanan Dinas Biasa
267,1699,1.0,Belanja Perjalanan Dinas Biasa,Belanja Perjalanan Dinas Biasa
267,1701,1.0,Belanja Perjalanan Dinas Biasa,Belanja Perjalanan Dinas Biasa
267,1697,1.0,Belanja Perjalanan Dinas Biasa,Belanja Perjalanan Dinas Biasa
268,1698,1.0,Belanja Perjalanan Dinas Biasa,Belanja Perjalanan Dinas Biasa
268,1696,1.0,Belanja Perjalanan Dinas Biasa,Belanja Perjalanan Dinas Biasa
268,1699,1.0,Belanja Perjalanan Dinas Biasa,Belanja Perjalanan Dinas Biasa
268,1701,1.0,Belanja Perjalanan Dinas Biasa,Belanja Perjalanan Dinas Biasa
268,1697,1.0,Belanja Perjalanan Dinas Biasa,Belanja Perjalanan Dinas Biasa
269,1698,1.0,Belanja Perjalanan Dinas Biasa,Belanja Perjalanan Dinas Biasa
269,1696,1.0,Belanja Perjalanan Dinas Biasa,Belanja Perjalanan Dinas Biasa
269,1699,1.0,Belanja Perjalanan Dinas Biasa,Belanja Perjalanan Dinas Biasa
269,1701,1.0,Belanja Perjalanan Dinas Biasa,Belanja Perjalanan Dinas Biasa
269,1697,1.0,Belanja Perjalanan Dinas Biasa,Belanja Perjalanan Dinas Biasa
270,1698,1.0,Belanja Perjalanan Dinas Biasa,Belanja Perjalanan Dinas Biasa
270,1696,1.0,Belanja Perjalanan Dinas Biasa,Belanja Perjalanan Dinas Biasa
270,1699,1.0,Belanja Perjalanan Dinas Biasa,Belanja Perjalanan Dinas Biasa
270,1701,1.0,Belanja Perjalanan Dinas Biasa,Belanja Perjalanan Dinas Biasa
270,1697,1.0,Belanja Perjalanan Dinas Biasa,Belanja Perjalanan Dinas Biasa
271,303,1.0,Belanja Perjalanan Dinas Biasa ( Biaya Uang Harian ),Belanja Perjalanan Dinas Biasa (Biaya Uang Harian)
271,419,1.0,Belanja Perjalanan Dinas Biasa ( Biaya Uang Harian ),Belanja Perjalanan Dinas Biasa Biaya Uang Harian
271,2410,0.8615991066745656,Belanja Perjalanan Dinas Biasa ( Biaya Uang Harian ),Belanja Perjalanan Dinas Biasa - Uang Harian
272,1698,1.0,Belanja Perjalanan Dinas Biasa,Belanja Perjalanan Dinas Biasa
272,1696,1.0,Belanja Perjalanan Dinas Biasa,Belanja Perjalanan Dinas Biasa
272,1699,1.0,Belanja Perjalanan Dinas Biasa,Belanja Perjalanan Dinas Biasa
272,1701,1.0,Belanja Perjalanan Dinas Biasa,Belanja Perjalanan Dinas Biasa
272,1697,1.0,Belanja Perjalanan Dinas Biasa,Belanja Perjalanan Dinas Biasa
273,1698,1.0,Belanja Perjalanan Dinas Biasa,Belanja Perjalanan Dinas Biasa
273,1696,1.0,Belanja Perjalanan Dinas Biasa,Belanja Perjalanan Dinas Biasa
273,1699,1.0,Belanja Perjalanan Dinas Biasa,Belanja Perjalanan Dinas Biasa
273,1701,1.0,Belanja Perjalanan Dinas Biasa,Belanja Perjalanan Dinas Biasa
273,1697,1.0,Belanja Perjalanan Dinas Biasa,Belanja Perjalanan Dinas Biasa
274,1698,1.0,Belanja Perjalanan Dinas Biasa,Belanja Perjalanan Dinas Biasa
274,1696,1.0,Belanja Perjalanan Dinas Biasa,Belanja Perjalanan Dinas Biasa
274,1699,1.0,Belanja Perjalanan Dinas Biasa,Belanja Perjalanan Dinas Biasa
274,1701,1.0,Belanja Perjalanan Dinas Biasa,Belanja Perjalanan Dinas Biasa
274,1697,1.0,Belanja Perjalanan Dinas Biasa,Belanja Perjalanan Dinas Biasa
275,619,1.0,Belanja Perjalanan Dinas Biasa - Dalam Rangka Diseminasi Laboratorium UPTD PSMB di Kabupaten Morowali/Kabupaten Lainnya,Belanja Perjalanan Dinas Biasa - Dalam Rangka Diseminasi Laboratorium UPTD PSMB di Kabupaten Morowali/Kabupaten Lainnya
275,277,1.0,Belanja Perjalanan Dinas Biasa - Dalam Rangka Diseminasi Laboratorium UPTD PSMB di Kabupaten Morowali/Kabupaten Lainnya,Belanja Perjalanan Dinas Biasa - Dalam Rangka Diseminasi Laboratorium UPTD PSMB di Kabupaten Morowali/Kabupaten Lainnya
276,309,1.0,Belanja Perjalanan Dinas Biasa - Dalam Rangka Surveilans Reakreditasi Laboratorium Kalibrasi UPTD PSMB di Palu,Belanja Perjalanan Dinas Biasa - Dalam Rangka Surveilans Reakreditasi Laboratorium Kalibrasi UPTD PSMB di Palu
276,366,1.0,Belanja Perjalanan Dinas Biasa - Dalam Rangka Surveilans Reakreditasi Laboratorium Kalibrasi UPTD PSMB di Palu,Belanja Perjalanan Dinas Biasa - Dalam Rangka Surveilans Reakreditasi Laboratorium Kalibrasi UPTD PSMB di Palu
277,619,1.0,Belanja Perjalanan Dinas Biasa - Dalam Rangka Diseminasi Laboratorium UPTD PSMB di Kabupaten Morowali/Kabupaten Lainnya,Belanja Perjalanan Dinas Biasa - Dalam Rangka Diseminasi Laboratorium UPTD PSMB di Kabupaten Morowali/Kabupaten Lainnya
278,1698,1.0,Belanja Perjalanan Dinas Biasa,Belanja Perjalanan Dinas Biasa
278,1696,1.0,Belanja Perjalanan Dinas Biasa,Belanja Perjalanan Dinas Biasa
278,1699,1.0,Belanja Perjalanan Dinas Biasa,Belanja Perjalanan Dinas Biasa
278,1701,1.0,Belanja Perjalanan Dinas Biasa,Belanja Perjalanan Dinas Biasa
278,1697,1.0,Belanja Perjalanan Dinas Biasa,Belanja Perjalanan Dinas Biasa
279,1698,1.0,Belanja Perjalanan Dinas Biasa,Belanja Perjalanan Dinas Biasa
279,1696,1.0,Belanja Perjalanan Dinas Biasa,Belanja Perjalanan Dinas Biasa
279,1699,1.0,Belanja Perjalanan Dinas Biasa,Belanja Perjalanan Dinas Biasa
279,1701,1.0,Belanja Perjalanan Dinas Biasa,Belanja Perjalanan Dinas Biasa
279,1697,1.0,Belanja Perjalanan Dinas Biasa,Belanja Perjalanan Dinas Biasa
280,1698,1.0,Belanja Perjalanan Dinas Biasa,Belanja Perjalanan Dinas Biasa
280,1696,1.0,Belanja Perjalanan Dinas Biasa,Belanja Perjalanan Dinas Biasa
280,1699,1.0,Belanja Perjalanan Dinas Biasa,Belanja Perjalanan Dinas Biasa
280,1701,1.0,Belanja Perjalanan Dinas Biasa,Belanja Perjalanan Dinas Biasa
280,1697,1.0,Belanja Perjalanan Dinas Biasa,Belanja Perjalanan Dinas Biasa
281,1698,1.0,Belanja Perjalanan Dinas Biasa,Belanja Perjalanan Dinas Biasa
281,1696,1.0,Belanja Perjalanan Dinas Biasa,Belanja Perjalanan Dinas Biasa
281,1699,1.0,Belanja Perjalanan Dinas Biasa,Belanja Perjalanan Dinas Biasa
281,1701,1.0,Belanja Perjalanan Dinas Biasa,Belanja Perjalanan Dinas Biasa
281,1697,1.0,Belanja Perjalanan Dinas Biasa,Belanja Perjalanan Dinas Biasa
283,1698,1.0,Belanja Perjalanan Dinas Biasa,Belanja Perjalanan Dinas Biasa
283,1696,1.0,Belanja Perjalanan Dinas Biasa,Belanja Perjalanan Dinas Biasa
283,1699,1.0,Belanja Perjalanan Dinas Biasa,Belanja Perjalanan Dinas Biasa
283,1701,1.0,Belanja Perjalanan Dinas Biasa,Belanja Perjalanan Dinas Biasa
283,1697,1.0,Belanja Perjalanan Dinas Biasa,Belanja Perjalanan Dinas Biasa
284,1698,1.0,Belanja Perjalanan Dinas Biasa,Belanja Perjalanan Dinas Biasa
284,1696,1.0,Belanja Perjalanan Dinas Biasa,Belanja Perjalanan Dinas Biasa
284,1699,1.0,Belanja Perjalanan Dinas Biasa,Belanja Perjalanan Dinas Biasa
284,1701,1.0,Belanja Perjalanan Dinas Biasa,Belanja Perjalanan Dinas Biasa
284,1697,1.0,Belanja Perjalanan Dinas Biasa,Belanja Perjalanan Dinas Biasa
285,1698,1.0,Belanja Perjalanan Dinas Biasa,Belanja Perjalanan Dinas Biasa
285,1696,1.0,Belanja Perjalanan Dinas Biasa,Belanja Perjalanan Dinas Biasa
285,1699,1.0,Belanja Perjalanan Dinas Biasa,Belanja Perjalanan Dinas Biasa
285,1701,1.0,Belanja Perjalanan Dinas Biasa,Belanja Perjalanan Dinas Biasa
285,1697,1.0,Belanja Perjalanan Dinas Biasa,Belanja Perjalanan Dinas Biasa
286,1698,1.0,Belanja Perjalanan Dinas Biasa,Belanja Perjalanan Dinas Biasa
286,1696,1.0,Belanja Perjalanan Dinas Biasa,Belanja Perjalanan Dinas Biasa
286,1699,1.0,Belanja Perjalanan Dinas Biasa,Belanja Perjalanan Dinas Biasa
286,1701,1.0,Belanja Perjalanan Dinas Biasa,Belanja Perjalanan Dinas Biasa
286,1697,1.0,Belanja Perjalanan Dinas Biasa,Belanja Perjalanan Dinas Biasa
287,1698,1.0,Belanja Perjalanan Dinas Biasa,Belanja Perjalanan Dinas Biasa
287,1696,1.0,Belanja Perjalanan Dinas Biasa,Belanja Perjalanan Dinas Biasa
287,1699,1.0,Belanja Perjalanan Dinas Biasa,Belanja Perjalanan Dinas Biasa
287,1701,1.0,Belanja Perjalanan Dinas Biasa,Belanja Perjalanan Dinas Biasa
287,1697,1.0,Belanja Perjalanan Dinas Biasa,Belanja Perjalanan Dinas Biasa
288,1698,1.0,Belanja Perjalanan Dinas Biasa,Belanja Perjalanan Dinas Biasa
288,1696,1.0,Belanja Perjalanan Dinas Biasa,Belanja Perjalanan Dinas Biasa
288,1699,1.0,Belanja Perjalanan Dinas Biasa,Belanja Perjalanan Dinas Biasa
288,1701,1.0,Belanja Perjalanan Dinas Biasa,Belanja Perjalanan Dinas Biasa
288,1697,1.0,Belanja Perjalanan Dinas Biasa,Belanja Perjalanan Dinas Biasa
289,1698,1.0,Belanja Perjalanan Dinas Biasa,Belanja Perjalanan Dinas Biasa
289,1696,1.0,Belanja Perjalanan Dinas Biasa,Belanja Perjalanan Dinas Biasa
289,1699,1.0,Belanja Perjalanan Dinas Biasa,Belanja Perjalanan Dinas Biasa
289,1701,1.0,Belanja Perjalanan Dinas Biasa,Belanja Perjalanan Dinas Biasa
289,1697,1.0,Belanja Perjalanan Dinas Biasa,Belanja Perjalanan Dinas Biasa
290,1698,1.0,Belanja Perjalanan Dinas Biasa,Belanja Perjalanan Dinas Biasa
290,1696,1.0,Belanja Perjalanan Dinas Biasa,Belanja Perjalanan Dinas Biasa
290,1699,1.0,Belanja Perjalanan Dinas Biasa,Belanja Perjalanan Dinas Biasa
290,1701,1.0,Belanja Perjalanan Dinas Biasa,Belanja Perjalanan Dinas Biasa
290,1697,1.0,Belanja Perjalanan Dinas Biasa,Belanja Perjalanan Dinas Biasa
291,1698,1.0,Belanja Perjalanan Dinas Biasa,Belanja Perjalanan Dinas Biasa
291,1696,1.0,Belanja Perjalanan Dinas Biasa,Belanja Perjalanan Dinas Biasa
291,1699,1.0,Belanja Perjalanan Dinas Biasa,Belanja Perjalanan Dinas Biasa
291,1701,1.0,Belanja Perjalanan Dinas Biasa,Belanja Perjalanan Dinas Biasa
291,1697,1.0,Belanja Perjalanan Dinas Biasa,Belanja Perjalanan Dinas Biasa
292,1698,1.0,Belanja Perjalanan Dinas Biasa,Belanja Perjalanan Dinas Biasa
292,1696,1.0,Belanja Perjalanan Dinas Biasa,Belanja Perjalanan Dinas Biasa
292,1699,1.0,Belanja Perjalanan Dinas Biasa,Belanja Perjalanan Dinas Biasa
292,1701,1.0,Belanja Perjalanan Dinas Biasa,Belanja Perjalanan Dinas Biasa
292,1697,1.0,Belanja Perjalanan Dinas Biasa,Belanja Perjalanan Dinas Biasa
293,1698,1.0,Belanja Perjalanan Dinas Biasa,Belanja Perjalanan Dinas Biasa
293,1696,1.0,Belanja Perjalanan Dinas Biasa,Belanja Perjalanan Dinas Biasa
293,1699,1.0,Belanja Perjalanan Dinas Biasa,Belanja Perjalanan Dinas Biasa
293,1701,1.0,Belanja Perjalanan Dinas Biasa,Belanja Perjalanan Dinas Biasa
293,1697,1.0,Belanja Perjalanan Dinas Biasa,Belanja Perjalanan Dinas Biasa
295,1698,1.0,Belanja Perjalanan Dinas Biasa,Belanja Perjalanan Dinas Biasa
295,1696,1.0,Belanja Perjalanan Dinas Biasa,Belanja Perjalanan Dinas Biasa
295,1699,1.0,Belanja Perjalanan Dinas Biasa,Belanja Perjalanan Dinas Biasa
295,1701,1.0,Belanja Perjalanan Dinas Biasa,Belanja Perjalanan Dinas Biasa
295,1697,1.0,Belanja Perjalanan Dinas Biasa,Belanja Perjalanan Dinas Biasa
296,1698,1.0,Belanja Perjalanan Dinas Biasa,Belanja Perjalanan Dinas Biasa
296,1696,1.0,Belanja Perjalanan Dinas Biasa,Belanja Perjalanan Dinas Biasa
296,1699,1.0,Belanja Perjalanan Dinas Biasa,Belanja Perjalanan Dinas Biasa
296,1701,1.0,Belanja Perjalanan Dinas Biasa,Belanja Perjalanan Dinas Biasa
296,1697,1.0,Belanja Perjalanan Dinas Biasa,Belanja Perjalanan Dinas Biasa
297,1698,1.0,Belanja Perjalanan Dinas Biasa,Belanja Perjalanan Dinas Biasa
297,1696,1.0,Belanja Perjalanan Dinas Biasa,Belanja Perjalanan Dinas Biasa
297,1699,1.0,Belanja Perjalanan Dinas Biasa,Belanja Perjalanan Dinas Biasa
297,1701,1.0,Belanja Perjalanan Dinas Biasa,Belanja Perjalanan Dinas Biasa
297,1697,1.0,Belanja Perjalanan Dinas Biasa,Belanja Perjalanan Dinas Biasa
298,1698,1.0,Belanja Perjalanan Dinas Biasa,Belanja Perjalanan Dinas Biasa
298,1696,1.0,Belanja Perjalanan Dinas Biasa,Belanja Perjalanan Dinas Biasa
298,1699,1.0,Belanja Perjalanan Dinas Biasa,Belanja Perjalanan Dinas Biasa
298,1701,1.0,Belanja Perjalanan Dinas Biasa,Belanja Perjalanan Dinas Biasa
298,1697,1.0,Belanja Perjalanan Dinas Biasa,Belanja Perjalanan Dinas Biasa
300,1698,1.0,Belanja Perjalanan Dinas Biasa,Belanja Perjalanan Dinas Biasa
300,1696,1.0,Belanja Perjalanan Dinas Biasa,Belanja Perjalanan Dinas Biasa
300,1699,1.0,Belanja Perjalanan Dinas Biasa,Belanja Perjalanan Dinas Biasa
300,1701,1.0,Belanja Perjalanan Dinas Biasa,Belanja Perjalanan Dinas Biasa
300,1697,1.0,Belanja Perjalanan Dinas Biasa,Belanja Perjalanan Dinas Biasa
301,1698,1.0,Belanja Perjalanan Dinas Biasa,Belanja Perjalanan Dinas Biasa
301,1696,1.0,Belanja Perjalanan Dinas Biasa,Belanja Perjalanan Dinas Biasa
301,1699,1.0,Belanja Perjalanan Dinas Biasa,Belanja Perjalanan Dinas Biasa
301,1701,1.0,Belanja Perjalanan Dinas Biasa,Belanja Perjalanan Dinas Biasa
301,1697,1.0,Belanja Perjalanan Dinas Biasa,Belanja Perjalanan Dinas Biasa
302,1698,1.0,Belanja Perjalanan Dinas Biasa,Belanja Perjalanan Dinas Biasa
302,1696,1.0,Belanja Perjalanan Dinas Biasa,Belanja Perjalanan Dinas Biasa
302,1699,1.0,Belanja Perjalanan Dinas Biasa,Belanja Perjalanan Dinas Biasa
302,1701,1.0,Belanja Perjalanan Dinas Biasa,Belanja Perjalanan Dinas Biasa
302,1697,1.0,Belanja Perjalanan Dinas Biasa,Belanja Perjalanan Dinas Biasa
303,419,1.0,Belanja Perjalanan Dinas Biasa (Biaya Uang Harian),Belanja Perjalanan Dinas Biasa Biaya Uang Harian
303,2410,0.8615991066745656,Belanja Perjalanan Dinas Biasa (Biaya Uang Harian),Belanja Perjalanan Dinas Biasa - Uang Harian
304,1698,1.0,Belanja Perjalanan Dinas Biasa,Belanja Perjalanan Dinas Biasa
304,1696,1.0,Belanja Perjalanan Dinas Biasa,Belanja Perjalanan Dinas Biasa
304,1699,1.0,Belanja Perjalanan Dinas Biasa,Belanja Perjalanan Dinas Biasa
304,1701,1.0,Belanja Perjalanan Dinas Biasa,Belanja Perjalanan Dinas Biasa
304,1697,1.0,Belanja Perjalanan Dinas Biasa,Belanja Perjalanan Dinas Biasa
305,1698,1.0,Belanja Perjalanan Dinas Biasa,Belanja Perjalanan Dinas Biasa
305,1696,1.0,Belanja Perjalanan Dinas Biasa,Belanja Perjalanan Dinas Biasa
305,1699,1.0,Belanja Perjalanan Dinas Biasa,Belanja Perjalanan Dinas Biasa
305,1701,1.0,Belanja Perjalanan Dinas Biasa,Belanja Perjalanan Dinas Biasa
305,1697,1.0,Belanja Perjalanan Dinas Biasa,Belanja Perjalanan Dinas Biasa
306,1698,1.0,Belanja Perjalanan Dinas Biasa,Belanja Perjalanan Dinas Biasa
306,1696,1.0,Belanja Perjalanan Dinas Biasa,Belanja Perjalanan Dinas Biasa
306,1699,1.0,Belanja Perjalanan Dinas Biasa,Belanja Perjalanan Dinas Biasa
306,1701,1.0,Belanja Perjalanan Dinas Biasa,Belanja Perjalanan Dinas Biasa
306,1697,1.0,Belanja Perjalanan Dinas Biasa,Belanja Perjalanan Dinas Biasa
307,1698,1.0,Belanja Perjalanan Dinas Biasa,Belanja Perjalanan Dinas Biasa
307,1696,1.0,Belanja Perjalanan Dinas Biasa,Belanja Perjalanan Dinas Biasa
307,1699,1.0,Belanja Perjalanan Dinas Biasa,Belanja Perjalanan Dinas Biasa
307,1701,1.0,Belanja Perjalanan Dinas Biasa,Belanja Perjalanan Dinas Biasa
307,1697,1.0,Belanja Perjalanan Dinas Biasa,Belanja Perjalanan Dinas Biasa
308,1698,1.0,Belanja Perjalanan Dinas Biasa,Belanja Perjalanan Dinas Biasa
308,1696,1.0,Belanja Perjalanan Dinas Biasa,Belanja Perjalanan Dinas Biasa
308,1699,1.0,Belanja Perjalanan Dinas Biasa,Belanja Perjalanan Dinas Biasa
308,1701,1.0,Belanja Perjalanan Dinas Biasa,Belanja Perjalanan Dinas Biasa
308,1697,1.0,Belanja Perjalanan Dinas Biasa,Belanja Perjalanan Dinas Biasa
309,366,1.0,Belanja Perjalanan Dinas Biasa - Dalam Rangka Surveilans Reakreditasi Laboratorium Kalibrasi UPTD PSMB di Palu,Belanja Perjalanan Dinas Biasa - Dalam Rangka Surveilans Reakreditasi Laboratorium Kalibrasi UPTD PSMB di Palu
310,1698,1.0,Belanja perjalanan dinas biasa,Belanja Perjalanan Dinas Biasa
310,1696,1.0,Belanja perjalanan dinas biasa,Belanja Perjalanan Dinas Biasa
310,1699,1.0,Belanja perjalanan dinas biasa,Belanja Perjalanan Dinas Biasa
310,1701,1.0,Belanja perjalanan dinas biasa,Belanja Perjalanan Dinas Biasa
310,1697,1.0,Belanja perjalanan dinas biasa,Belanja Perjalanan Dinas Biasa
311,1698,1.0,Belanja Perjalanan Dinas Biasa,Belanja Perjalanan Dinas Biasa
311,1696,1.0,Belanja Perjalanan Dinas Biasa,Belanja Perjalanan Dinas Biasa
311,1699,1.0,Belanja Perjalanan Dinas Biasa,Belanja Perjalanan Dinas Biasa
311,1701,1.0,Belanja Perjalanan Dinas Biasa,Belanja Perjalanan Dinas Biasa
311,1697,1.0,Belanja Perjalanan Dinas Biasa,Belanja Perjalanan Dinas Biasa
313,1698,1.0,Belanja Perjalanan Dinas Biasa,Belanja Perjalanan Dinas Biasa
313,1696,1.0,Belanja Perjalanan Dinas Biasa,Belanja Perjalanan Dinas Biasa
313,1699,1.0,Belanja Perjalanan Dinas Biasa,Belanja Perjalanan Dinas Biasa
313,1701,1.0,Belanja Perjalanan Dinas Biasa,Belanja Perjalanan Dinas Biasa
313,1697,1.0,Belanja Perjalanan Dinas Biasa,Belanja Perjalanan Dinas Biasa
314,1698,1.0,Belanja Perjalanan Dinas Biasa,Belanja Perjalanan Dinas Biasa
314,1696,1.0,Belanja Perjalanan Dinas Biasa,Belanja Perjalanan Dinas Biasa
314,1699,1.0,Belanja Perjalanan Dinas Biasa,Belanja Perjalanan Dinas Biasa
314,1701,1.0,Belanja Perjalanan Dinas Biasa,Belanja Perjalanan Dinas Biasa
314,1697,1.0,Belanja Perjalanan Dinas Biasa,Belanja Perjalanan Dinas Biasa
315,1698,1.0,Belanja Perjalanan Dinas Biasa,Belanja Perjalanan Dinas Biasa
315,1696,1.0,Belanja Perjalanan Dinas Biasa,Belanja Perjalanan Dinas Biasa
315,1699,1.0,Belanja Perjalanan Dinas Biasa,Belanja Perjalanan Dinas Biasa
315,1701,1.0,Belanja Perjalanan Dinas Biasa,Belanja Perjalanan Dinas Biasa
315,1697,1.0,Belanja Perjalanan Dinas Biasa,Belanja Perjalanan Dinas Biasa
316,1698,1.0,Belanja Perjalanan Dinas Biasa,Belanja Perjalanan Dinas Biasa
316,1696,1.0,Belanja Perjalanan Dinas Biasa,Belanja Perjalanan Dinas Biasa
316,1699,1.0,Belanja Perjalanan Dinas Biasa,Belanja Perjalanan Dinas Biasa
316,1701,1.0,Belanja Perjalanan Dinas Biasa,Belanja Perjalanan Dinas Biasa
316,1697,1.0,Belanja Perjalanan Dinas Biasa,Belanja Perjalanan Dinas Biasa
317,1698,1.0,Belanja Perjalanan Dinas Biasa,Belanja Perjalanan Dinas Biasa
317,1696,1.0,Belanja Perjalanan Dinas Biasa,Belanja Perjalanan Dinas Biasa
317,1699,1.0,Belanja Perjalanan Dinas Biasa,Belanja Perjalanan Dinas Biasa
317,1701,1.0,Belanja Perjalanan Dinas Biasa,Belanja Perjalanan Dinas Biasa
317,1697,1.0,Belanja Perjalanan Dinas Biasa,Belanja Perjalanan Dinas Biasa
318,1698,1.0,Belanja Perjalanan Dinas Biasa,Belanja Perjalanan Dinas Biasa
318,1696,1.0,Belanja Perjalanan Dinas Biasa,Belanja Perjalanan Dinas Biasa
318,1699,1.0,Belanja Perjalanan Dinas Biasa,Belanja Perjalanan Dinas Biasa
318,1701,1.0,Belanja Perjalanan Dinas Biasa,Belanja Perjalanan Dinas Biasa
318,1697,1.0,Belanja Perjalanan Dinas Biasa,Belanja Perjalanan Dinas Biasa
319,1698,1.0,Belanja Perjalanan Dinas Biasa,Belanja Perjalanan Dinas Biasa
319,1696,1.0,Belanja Perjalanan Dinas Biasa,Belanja Perjalanan Dinas Biasa
319,1699,1.0,Belanja Perjalanan Dinas Biasa,Belanja Perjalanan Dinas Biasa
319,1701,1.0,Belanja Perjalanan Dinas Biasa,Belanja Perjalanan Dinas Biasa
319,1697,1.0,Belanja Perjalanan Dinas Biasa,Belanja Perjalanan Dinas Biasa
320,1698,1.0,Belanja Perjalanan Dinas Biasa,Belanja Perjalanan Dinas Biasa
320,1696,1.0,Belanja Perjalanan Dinas Biasa,Belanja Perjalanan Dinas Biasa
320,1699,1.0,Belanja Perjalanan Dinas Biasa,Belanja Perjalanan Dinas Biasa
320,1701,1.0,Belanja Perjalanan Dinas Biasa,Belanja Perjalanan Dinas Biasa
320,1697,1.0,Belanja Perjalanan Dinas Biasa,Belanja Perjalanan Dinas Biasa
321,1698,1.0,Belanja Perjalanan Dinas Biasa,Belanja Perjalanan Dinas Biasa
321,1696,1.0,Belanja Perjalanan Dinas Biasa,Belanja Perjalanan Dinas Biasa
321,1699,1.0,Belanja Perjalanan Dinas Biasa,Belanja Perjalanan Dinas Biasa
321,1701,1.0,Belanja Perjalanan Dinas Biasa,Belanja Perjalanan Dinas Biasa
321,1697,1.0,Belanja Perjalanan Dinas Biasa,Belanja Perjalanan Dinas Biasa
322,1698,1.0,Belanja Perjalanan Dinas Biasa,Belanja Perjalanan Dinas Biasa
322,1696,1.0,Belanja Perjalanan Dinas Biasa,Belanja Perjalanan Dinas Biasa
322,1699,1.0,Belanja Perjalanan Dinas Biasa,Belanja Perjalanan Dinas Biasa
322,1701,1.0,Belanja Perjalanan Dinas Biasa,Belanja Perjalanan Dinas Biasa
322,1697,1.0,Belanja Perjalanan Dinas Biasa,Belanja Perjalanan Dinas Biasa
323,1698,1.0,Belanja Perjalanan Dinas Biasa,Belanja Perjalanan Dinas Biasa
323,1696,1.0,Belanja Perjalanan Dinas Biasa,Belanja Perjalanan Dinas Biasa
323,1699,1.0,Belanja Perjalanan Dinas Biasa,Belanja Perjalanan Dinas Biasa
323,1701,1.0,Belanja Perjalanan Dinas Biasa,Belanja Perjalanan Dinas Biasa
323,1697,1.0,Belanja Perjalanan Dinas Biasa,Belanja Perjalanan Dinas Biasa
324,518,0.9548834539442954,Belanja Perjalanan Dinas Biasa (Sub Bidang Koordinasi Urusan Pemerintahan dan Pembangunan - HAL),Belanja Perjalanan Dinas Biasa (Perjalanan Dinas Dalam Kota) (Sub Bidang Koordinasi Urusan Pemerintahan dan Pembangunan - HAL)
325,1698,1.0,Belanja Perjalanan Dinas Biasa,Belanja Perjalanan Dinas Biasa
325,1696,1.0,Belanja Perjalanan Dinas Biasa,Belanja Perjalanan Dinas Biasa
325,1699,1.0,Belanja Perjalanan Dinas Biasa,Belanja Perjalanan Dinas Biasa
325,1701,1.0,Belanja Perjalanan Dinas Biasa,Belanja Perjalanan Dinas Biasa
325,1697,1.0,Belanja Perjalanan Dinas Biasa,Belanja Perjalanan Dinas Biasa
326,636,1.0,Belanja Perjalanan Dinas Biasa (P5TK),Belanja Perjalanan Dinas Biasa (P5TK)
326,577,1.0,Belanja Perjalanan Dinas Biasa (P5TK),Belanja Perjalanan Dinas Biasa (P5TK)
327,1698,1.0,Belanja Perjalanan Dinas Biasa,Belanja Perjalanan Dinas Biasa
327,1696,1.0,Belanja Perjalanan Dinas Biasa,Belanja Perjalanan Dinas Biasa
327,1699,1.0,Belanja Perjalanan Dinas Biasa,Belanja Perjalanan Dinas Biasa
327,1701,1.0,Belanja Perjalanan Dinas Biasa,Belanja Perjalanan Dinas Biasa
327,1697,1.0,Belanja Perjalanan Dinas Biasa,Belanja Perjalanan Dinas Biasa
328,1698,1.0,Belanja Perjalanan Dinas Biasa,Belanja Perjalanan Dinas Biasa
328,1696,1.0,Belanja Perjalanan Dinas Biasa,Belanja Perjalanan Dinas Biasa
328,1699,1.0,Belanja Perjalanan Dinas Biasa,Belanja Perjalanan Dinas Biasa
328,1701,1.0,Belanja Perjalanan Dinas Biasa,Belanja Perjalanan Dinas Biasa
328,1697,1.0,Belanja Perjalanan Dinas Biasa,Belanja Perjalanan Dinas Biasa
332,1698,1.0,Belanja Perjalanan Dinas Biasa,Belanja Perjalanan Dinas Biasa
332,1696,1.0,Belanja Perjalanan Dinas Biasa,Belanja Perjalanan Dinas Biasa
332,1699,1.0,Belanja Perjalanan Dinas Biasa,Belanja Perjalanan Dinas Biasa
332,1701,1.0,Belanja Perjalanan Dinas Biasa,Belanja Perjalanan Dinas Biasa
332,1697,1.0,Belanja Perjalanan Dinas Biasa,Belanja Perjalanan Dinas Biasa
333,1698,1.0,Belanja Perjalanan Dinas Biasa,Belanja Perjalanan Dinas Biasa
333,1696,1.0,Belanja Perjalanan Dinas Biasa,Belanja Perjalanan Dinas Biasa
333,1699,1.0,Belanja Perjalanan Dinas Biasa,Belanja Perjalanan Dinas Biasa
333,1701,1.0,Belanja Perjalanan Dinas Biasa,Belanja Perjalanan Dinas Biasa
333,1697,1.0,Belanja Perjalanan Dinas Biasa,Belanja Perjalanan Dinas Biasa
334,1698,1.0,Belanja Perjalanan Dinas Biasa,Belanja Perjalanan Dinas Biasa
334,1696,1.0,Belanja Perjalanan Dinas Biasa,Belanja Perjalanan Dinas Biasa
334,1699,1.0,Belanja Perjalanan Dinas Biasa,Belanja Perjalanan Dinas Biasa
334,1701,1.0,Belanja Perjalanan Dinas Biasa,Belanja Perjalanan Dinas Biasa
334,1697,1.0,Belanja Perjalanan Dinas Biasa,Belanja Perjalanan Dinas Biasa
335,1698,1.0,Belanja Perjalanan Dinas Biasa,Belanja Perjalanan Dinas Biasa
335,1696,1.0,Belanja Perjalanan Dinas Biasa,Belanja Perjalanan Dinas Biasa
335,1699,1.0,Belanja Perjalanan Dinas Biasa,Belanja Perjalanan Dinas Biasa
335,1701,1.0,Belanja Perjalanan Dinas Biasa,Belanja Perjalanan Dinas Biasa
335,1697,1.0,Belanja Perjalanan Dinas Biasa,Belanja Perjalanan Dinas Biasa
336,1698,1.0,Belanja Perjalanan Dinas Biasa,Belanja Perjalanan Dinas Biasa
336,1696,1.0,Belanja Perjalanan Dinas Biasa,Belanja Perjalanan Dinas Biasa
336,1699,1.0,Belanja Perjalanan Dinas Biasa,Belanja Perjalanan Dinas Biasa
336,1701,1.0,Belanja Perjalanan Dinas Biasa,Belanja Perjalanan Dinas Biasa
336,1697,1.0,Belanja Perjalanan Dinas Biasa,Belanja Perjalanan Dinas Biasa
337,1698,1.0,Belanja Perjalanan Dinas Biasa,Belanja Perjalanan Dinas Biasa
337,1696,1.0,Belanja Perjalanan Dinas Biasa,Belanja Perjalanan Dinas Biasa
337,1699,1.0,Belanja Perjalanan Dinas Biasa,Belanja Perjalanan Dinas Biasa
337,1701,1.0,Belanja Perjalanan Dinas Biasa,Belanja Perjalanan Dinas Biasa
337,1697,1.0,Belanja Perjalanan Dinas Biasa,Belanja Perjalanan Dinas Biasa
338,1698,1.0,Belanja Perjalanan Dinas Biasa,Belanja Perjalanan Dinas Biasa
338,1696,1.0,Belanja Perjalanan Dinas Biasa,Belanja Perjalanan Dinas Biasa
338,1699,1.0,Belanja Perjalanan Dinas Biasa,Belanja Perjalanan Dinas Biasa
338,1701,1.0,Belanja Perjalanan Dinas Biasa,Belanja Perjalanan Dinas Biasa
338,1697,1.0,Belanja Perjalanan Dinas Biasa,Belanja Perjalanan Dinas Biasa
339,1698,1.0,Belanja Perjalanan Dinas Biasa,Belanja Perjalanan Dinas Biasa
339,1696,1.0,Belanja Perjalanan Dinas Biasa,Belanja Perjalanan Dinas Biasa
339,1699,1.0,Belanja Perjalanan Dinas Biasa,Belanja Perjalanan Dinas Biasa
339,1701,1.0,Belanja Perjalanan Dinas Biasa,Belanja Perjalanan Dinas Biasa
339,1697,1.0,Belanja Perjalanan Dinas Biasa,Belanja Perjalanan Dinas Biasa
340,1698,1.0,Belanja Perjalanan Dinas Biasa,Belanja Perjalanan Dinas Biasa
340,1696,1.0,Belanja Perjalanan Dinas Biasa,Belanja Perjalanan Dinas Biasa
340,1699,1.0,Belanja Perjalanan Dinas Biasa,Belanja Perjalanan Dinas Biasa
340,1701,1.0,Belanja Perjalanan Dinas Biasa,Belanja Perjalanan Dinas Biasa
340,1697,1.0,Belanja Perjalanan Dinas Biasa,Belanja Perjalanan Dinas Biasa
341,1698,1.0,Belanja Perjalanan Dinas Biasa,Belanja Perjalanan Dinas Biasa
341,1696,1.0,Belanja Perjalanan Dinas Biasa,Belanja Perjalanan Dinas Biasa
341,1699,1.0,Belanja Perjalanan Dinas Biasa,Belanja Perjalanan Dinas Biasa
341,1701,1.0,Belanja Perjalanan Dinas Biasa,Belanja Perjalanan Dinas Biasa
341,1697,1.0,Belanja Perjalanan Dinas Biasa,Belanja Perjalanan Dinas Biasa
342,1698,1.0,Belanja Perjalanan Dinas Biasa,Belanja Perjalanan Dinas Biasa
342,1696,1.0,Belanja Perjalanan Dinas Biasa,Belanja Perjalanan Dinas Biasa
342,1699,1.0,Belanja Perjalanan Dinas Biasa,Belanja Perjalanan Dinas Biasa
342,1701,1.0,Belanja Perjalanan Dinas Biasa,Belanja Perjalanan Dinas Biasa
342,1697,1.0,Belanja Perjalanan Dinas Biasa,Belanja Perjalanan Dinas Biasa
343,1698,1.0,Belanja Perjalanan Dinas Biasa,Belanja Perjalanan Dinas Biasa
343,1696,1.0,Belanja Perjalanan Dinas Biasa,Belanja Perjalanan Dinas Biasa
343,1699,1.0,Belanja Perjalanan Dinas Biasa,Belanja Perjalanan Dinas Biasa
343,1701,1.0,Belanja Perjalanan Dinas Biasa,Belanja Perjalanan Dinas Biasa
343,1697,1.0,Belanja Perjalanan Dinas Biasa,Belanja Perjalanan Dinas Biasa
344,1698,1.0,Belanja Perjalanan Dinas Biasa,Belanja Perjalanan Dinas Biasa
344,1696,1.0,Belanja Perjalanan Dinas Biasa,Belanja Perjalanan Dinas Biasa
344,1699,1.0,Belanja Perjalanan Dinas Biasa,Belanja Perjalanan Dinas Biasa
344,1701,1.0,Belanja Perjalanan Dinas Biasa,Belanja Perjalanan Dinas Biasa
344,1697,1.0,Belanja Perjalanan Dinas Biasa,Belanja Perjalanan Dinas Biasa
345,1698,1.0,Belanja Perjalanan Dinas Biasa,Belanja Perjalanan Dinas Biasa
345,1696,1.0,Belanja Perjalanan Dinas Biasa,Belanja Perjalanan Dinas Biasa
345,1699,1.0,Belanja Perjalanan Dinas Biasa,Belanja Perjalanan Dinas Biasa
345,1701,1.0,Belanja Perjalanan Dinas Biasa,Belanja Perjalanan Dinas Biasa
345,1697,1.0,Belanja Perjalanan Dinas Biasa,Belanja Perjalanan Dinas Biasa
346,1698,1.0,Belanja Perjalanan Dinas Biasa,Belanja Perjalanan Dinas Biasa
346,1696,1.0,Belanja Perjalanan Dinas Biasa,Belanja Perjalanan Dinas Biasa
346,1699,1.0,Belanja Perjalanan Dinas Biasa,Belanja Perjalanan Dinas Biasa
346,1701,1.0,Belanja Perjalanan Dinas Biasa,Belanja Perjalanan Dinas Biasa
346,1697,1.0,Belanja Perjalanan Dinas Biasa,Belanja Perjalanan Dinas Biasa
347,1698,1.0,Belanja Perjalanan Dinas Biasa,Belanja Perjalanan Dinas Biasa
347,1696,1.0,Belanja Perjalanan Dinas Biasa,Belanja Perjalanan Dinas Biasa
347,1699,1.0,Belanja Perjalanan Dinas Biasa,Belanja Perjalanan Dinas Biasa
347,1701,1.0,Belanja Perjalanan Dinas Biasa,Belanja Perjalanan Dinas Biasa
347,1697,1.0,Belanja Perjalanan Dinas Biasa,Belanja Perjalanan Dinas Biasa
348,1698,1.0,Belanja Perjalanan Dinas Biasa,Belanja Perjalanan Dinas Biasa
348,1696,1.0,Belanja Perjalanan Dinas Biasa,Belanja Perjalanan Dinas Biasa
348,1699,1.0,Belanja Perjalanan Dinas Biasa,Belanja Perjalanan Dinas Biasa
348,1701,1.0,Belanja Perjalanan Dinas Biasa,Belanja Perjalanan Dinas Biasa
348,1697,1.0,Belanja Perjalanan Dinas Biasa,Belanja Perjalanan Dinas Biasa
349,1698,1.0,Belanja Perjalanan Dinas Biasa,Belanja Perjalanan Dinas Biasa
349,1696,1.0,Belanja Perjalanan Dinas Biasa,Belanja Perjalanan Dinas Biasa
349,1699,1.0,Belanja Perjalanan Dinas Biasa,Belanja Perjalanan Dinas Biasa
349,1701,1.0,Belanja Perjalanan Dinas Biasa,Belanja Perjalanan Dinas Biasa
349,1697,1.0,Belanja Perjalanan Dinas Biasa,Belanja Perjalanan Dinas Biasa
350,1698,1.0,Belanja Perjalanan Dinas Biasa,Belanja Perjalanan Dinas Biasa
350,1696,1.0,Belanja Perjalanan Dinas Biasa,Belanja Perjalanan Dinas Biasa
350,1699,1.0,Belanja Perjalanan Dinas Biasa,Belanja Perjalanan Dinas Biasa
350,1701,1.0,Belanja Perjalanan Dinas Biasa,Belanja Perjalanan Dinas Biasa
350,1697,1.0,Belanja Perjalanan Dinas Biasa,Belanja Perjalanan Dinas Biasa
351,1698,1.0,Belanja Perjalanan Dinas Biasa,Belanja Perjalanan Dinas Biasa
351,1696,1.0,Belanja Perjalanan Dinas Biasa,Belanja Perjalanan Dinas Biasa
351,1699,1.0,Belanja Perjalanan Dinas Biasa,Belanja Perjalanan Dinas Biasa
351,1701,1.0,Belanja Perjalanan Dinas Biasa,Belanja Perjalanan Dinas Biasa
351,1697,1.0,Belanja Perjalanan Dinas Biasa,Belanja Perjalanan Dinas Biasa
352,1698,1.0,Belanja Perjalanan Dinas Biasa,Belanja Perjalanan Dinas Biasa
352,1696,1.0,Belanja Perjalanan Dinas Biasa,Belanja Perjalanan Dinas Biasa
352,1699,1.0,Belanja Perjalanan Dinas Biasa,Belanja Perjalanan Dinas Biasa
352,1701,1.0,Belanja Perjalanan Dinas Biasa,Belanja Perjalanan Dinas Biasa
352,1697,1.0,Belanja Perjalanan Dinas Biasa,Belanja Perjalanan Dinas Biasa
353,1698,1.0,Belanja Perjalanan Dinas Biasa,Belanja Perjalanan Dinas Biasa
353,1696,1.0,Belanja Perjalanan Dinas Biasa,Belanja Perjalanan Dinas Biasa
353,1699,1.0,Belanja Perjalanan Dinas Biasa,Belanja Perjalanan Dinas Biasa
353,1701,1.0,Belanja Perjalanan Dinas Biasa,Belanja Perjalanan Dinas Biasa
353,1697,1.0,Belanja Perjalanan Dinas Biasa,Belanja Perjalanan Dinas Biasa
354,1698,1.0,Belanja Perjalanan Dinas Biasa,Belanja Perjalanan Dinas Biasa
354,1696,1.0,Belanja Perjalanan Dinas Biasa,Belanja Perjalanan Dinas Biasa
354,1699,1.0,Belanja Perjalanan Dinas Biasa,Belanja Perjalanan Dinas Biasa
354,1701,1.0,Belanja Perjalanan Dinas Biasa,Belanja Perjalanan Dinas Biasa
354,1697,1.0,Belanja Perjalanan Dinas Biasa,Belanja Perjalanan Dinas Biasa
358,1698,1.0,Belanja Perjalanan Dinas Biasa,Belanja Perjalanan Dinas Biasa
358,1696,1.0,Belanja Perjalanan Dinas Biasa,Belanja Perjalanan Dinas Biasa
358,1699,1.0,Belanja Perjalanan Dinas Biasa,Belanja Perjalanan Dinas Biasa
358,1701,1.0,Belanja Perjalanan Dinas Biasa,Belanja Perjalanan Dinas Biasa
358,1697,1.0,Belanja Perjalanan Dinas Biasa,Belanja Perjalanan Dinas Biasa
359,1521,1.0,Belanja Perjalanan Dinas Biasa Pada Sub Kegiatan Penyelenggaraan Rapat Koordinasi dan Konsultasi SKPD,Belanja Perjalanan Dinas Biasa - Pada Sub Kegiatan Penyelenggaraan Rapat Koordinasi dan Konsultasi SKPD
359,2245,0.8715447148458516,Belanja Perjalanan Dinas Biasa Pada Sub Kegiatan Penyelenggaraan Rapat Koordinasi dan Konsultasi SKPD,Belanja Perjalanan Dinas Biasa - pada kegiatan Rapat Koordinasi dan Konsultasi SKPD
359,2850,0.8701437747822773,Belanja Perjalanan Dinas Biasa Pada Sub Kegiatan Penyelenggaraan Rapat Koordinasi dan Konsultasi SKPD,"Penyelenggaraan Perjalanan Dinas Kegiatan, Rapat Koordinasi dan Konsultasi SKPD"
360,1698,1.0,Belanja Perjalanan Dinas Biasa,Belanja Perjalanan Dinas Biasa
360,1696,1.0,Belanja Perjalanan Dinas Biasa,Belanja Perjalanan Dinas Biasa
360,1699,1.0,Belanja Perjalanan Dinas Biasa,Belanja Perjalanan Dinas Biasa
360,1701,1.0,Belanja Perjalanan Dinas Biasa,Belanja Perjalanan Dinas Biasa
360,1697,1.0,Belanja Perjalanan Dinas Biasa,Belanja Perjalanan Dinas Biasa
361,1698,1.0,Belanja Perjalanan Dinas Biasa,Belanja Perjalanan Dinas Biasa
361,1696,1.0,Belanja Perjalanan Dinas Biasa,Belanja Perjalanan Dinas Biasa
361,1699,1.0,Belanja Perjalanan Dinas Biasa,Belanja Perjalanan Dinas Biasa
361,1701,1.0,Belanja Perjalanan Dinas Biasa,Belanja Perjalanan Dinas Biasa
361,1697,1.0,Belanja Perjalanan Dinas Biasa,Belanja Perjalanan Dinas Biasa
362,1698,1.0,Belanja Perjalanan Dinas Biasa,Belanja Perjalanan Dinas Biasa
362,1696,1.0,Belanja Perjalanan Dinas Biasa,Belanja Perjalanan Dinas Biasa
362,1699,1.0,Belanja Perjalanan Dinas Biasa,Belanja Perjalanan Dinas Biasa
362,1701,1.0,Belanja Perjalanan Dinas Biasa,Belanja Perjalanan Dinas Biasa
362,1697,1.0,Belanja Perjalanan Dinas Biasa,Belanja Perjalanan Dinas Biasa
363,1698,1.0,Belanja Perjalanan Dinas Biasa,Belanja Perjalanan Dinas Biasa
363,1696,1.0,Belanja Perjalanan Dinas Biasa,Belanja Perjalanan Dinas Biasa
363,1699,1.0,Belanja Perjalanan Dinas Biasa,Belanja Perjalanan Dinas Biasa
363,1701,1.0,Belanja Perjalanan Dinas Biasa,Belanja Perjalanan Dinas Biasa
363,1697,1.0,Belanja Perjalanan Dinas Biasa,Belanja Perjalanan Dinas Biasa
364,1698,1.0,Belanja Perjalanan Dinas Biasa,Belanja Perjalanan Dinas Biasa
364,1696,1.0,Belanja Perjalanan Dinas Biasa,Belanja Perjalanan Dinas Biasa
364,1699,1.0,Belanja Perjalanan Dinas Biasa,Belanja Perjalanan Dinas Biasa
364,1701,1.0,Belanja Perjalanan Dinas Biasa,Belanja Perjalanan Dinas Biasa
364,1697,1.0,Belanja Perjalanan Dinas Biasa,Belanja Perjalanan Dinas Biasa
365,1698,1.0,Belanja Perjalanan Dinas Biasa,Belanja Perjalanan Dinas Biasa
365,1696,1.0,Belanja Perjalanan Dinas Biasa,Belanja Perjalanan Dinas Biasa
365,1699,1.0,Belanja Perjalanan Dinas Biasa,Belanja Perjalanan Dinas Biasa
365,1701,1.0,Belanja Perjalanan Dinas Biasa,Belanja Perjalanan Dinas Biasa
365,1697,1.0,Belanja Perjalanan Dinas Biasa,Belanja Perjalanan Dinas Biasa
367,1698,1.0,Belanja Perjalanan Dinas Biasa,Belanja Perjalanan Dinas Biasa
367,1696,1.0,Belanja Perjalanan Dinas Biasa,Belanja Perjalanan Dinas Biasa
367,1699,1.0,Belanja Perjalanan Dinas Biasa,Belanja Perjalanan Dinas Biasa
367,1701,1.0,Belanja Perjalanan Dinas Biasa,Belanja Perjalanan Dinas Biasa
367,1697,1.0,Belanja Perjalanan Dinas Biasa,Belanja Perjalanan Dinas Biasa
368,1698,1.0,Belanja perjalanan dinas biasa,Belanja Perjalanan Dinas Biasa
368,1696,1.0,Belanja perjalanan dinas biasa,Belanja Perjalanan Dinas Biasa
368,1699,1.0,Belanja perjalanan dinas biasa,Belanja Perjalanan Dinas Biasa
368,1701,1.0,Belanja perjalanan dinas biasa,Belanja Perjalanan Dinas Biasa
368,1697,1.0,Belanja perjalanan dinas biasa,Belanja Perjalanan Dinas Biasa
369,1698,1.0,Belanja perjalanan dinas biasa,Belanja Perjalanan Dinas Biasa
369,1696,1.0,Belanja perjalanan dinas biasa,Belanja Perjalanan Dinas Biasa
369,1699,1.0,Belanja perjalanan dinas biasa,Belanja Perjalanan Dinas Biasa
369,1701,1.0,Belanja perjalanan dinas biasa,Belanja Perjalanan Dinas Biasa
369,1697,1.0,Belanja perjalanan dinas biasa,Belanja Perjalanan Dinas Biasa
371,1698,1.0,Belanja Perjalanan Dinas Biasa,Belanja Perjalanan Dinas Biasa
371,1696,1.0,Belanja Perjalanan Dinas Biasa,Belanja Perjalanan Dinas Biasa
371,1699,1.0,Belanja Perjalanan Dinas Biasa,Belanja Perjalanan Dinas Biasa
371,1701,1.0,Belanja Perjalanan Dinas Biasa,Belanja Perjalanan Dinas Biasa
371,1697,1.0,Belanja Perjalanan Dinas Biasa,Belanja Perjalanan Dinas Biasa
372,1698,1.0,Belanja Perjalanan Dinas Biasa,Belanja Perjalanan Dinas Biasa
372,1696,1.0,Belanja Perjalanan Dinas Biasa,Belanja Perjalanan Dinas Biasa
372,1699,1.0,Belanja Perjalanan Dinas Biasa,Belanja Perjalanan Dinas Biasa
372,1701,1.0,Belanja Perjalanan Dinas Biasa,Belanja Perjalanan Dinas Biasa
372,1697,1.0,Belanja Perjalanan Dinas Biasa,Belanja Perjalanan Dinas Biasa
373,1698,1.0,Belanja Perjalanan Dinas Biasa,Belanja Perjalanan Dinas Biasa
373,1696,1.0,Belanja Perjalanan Dinas Biasa,Belanja Perjalanan Dinas Biasa
373,1699,1.0,Belanja Perjalanan Dinas Biasa,Belanja Perjalanan Dinas Biasa
373,1701,1.0,Belanja Perjalanan Dinas Biasa,Belanja Perjalanan Dinas Biasa
373,1697,1.0,Belanja Perjalanan Dinas Biasa,Belanja Perjalanan Dinas Biasa
374,1698,1.0,Belanja Perjalanan Dinas Biasa,Belanja Perjalanan Dinas Biasa
374,1696,1.0,Belanja Perjalanan Dinas Biasa,Belanja Perjalanan Dinas Biasa
374,1699,1.0,Belanja Perjalanan Dinas Biasa,Belanja Perjalanan Dinas Biasa
374,1701,1.0,Belanja Perjalanan Dinas Biasa,Belanja Perjalanan Dinas Biasa
374,1697,1.0,Belanja Perjalanan Dinas Biasa,Belanja Perjalanan Dinas Biasa
376,1698,1.0,Belanja Perjalanan Dinas Biasa,Belanja Perjalanan Dinas Biasa
376,1696,1.0,Belanja Perjalanan Dinas Biasa,Belanja Perjalanan Dinas Biasa
376,1699,1.0,Belanja Perjalanan Dinas Biasa,Belanja Perjalanan Dinas Biasa
376,1701,1.0,Belanja Perjalanan Dinas Biasa,Belanja Perjalanan Dinas Biasa
376,1697,1.0,Belanja Perjalanan Dinas Biasa,Belanja Perjalanan Dinas Biasa
380,1698,1.0,Belanja Perjalanan Dinas Biasa,Belanja Perjalanan Dinas Biasa
380,1696,1.0,Belanja Perjalanan Dinas Biasa,Belanja Perjalanan Dinas Biasa
380,1699,1.0,Belanja Perjalanan Dinas Biasa,Belanja Perjalanan Dinas Biasa
380,1701,1.0,Belanja Perjalanan Dinas Biasa,Belanja Perjalanan Dinas Biasa
380,1697,1.0,Belanja Perjalanan Dinas Biasa,Belanja Perjalanan Dinas Biasa
381,520,1.0,Belanja Perjalanan Dinas Biasa (Biro PBJ),Belanja Perjalanan Dinas Biasa (Biro PBJ)
381,521,1.0,Belanja Perjalanan Dinas Biasa (Biro PBJ),Belanja Perjalanan Dinas Biasa (Biro PBJ)
382,1698,1.0,Belanja Perjalanan Dinas Biasa,Belanja Perjalanan Dinas Biasa
382,1696,1.0,Belanja Perjalanan Dinas Biasa,Belanja Perjalanan Dinas Biasa
382,1699,1.0,Belanja Perjalanan Dinas Biasa,Belanja Perjalanan Dinas Biasa
382,1701,1.0,Belanja Perjalanan Dinas Biasa,Belanja Perjalanan Dinas Biasa
382,1697,1.0,Belanja Perjalanan Dinas Biasa,Belanja Perjalanan Dinas Biasa
383,1698,1.0,Belanja Perjalanan Dinas Biasa,Belanja Perjalanan Dinas Biasa
383,1696,1.0,Belanja Perjalanan Dinas Biasa,Belanja Perjalanan Dinas Biasa
383,1699,1.0,Belanja Perjalanan Dinas Biasa,Belanja Perjalanan Dinas Biasa
383,1701,1.0,Belanja Perjalanan Dinas Biasa,Belanja Perjalanan Dinas Biasa
383,1697,1.0,Belanja Perjalanan Dinas Biasa,Belanja Perjalanan Dinas Biasa
384,1698,1.0,Belanja Perjalanan Dinas Biasa,Belanja Perjalanan Dinas Biasa
384,1696,1.0,Belanja Perjalanan Dinas Biasa,Belanja Perjalanan Dinas Biasa
384,1699,1.0,Belanja Perjalanan Dinas Biasa,Belanja Perjalanan Dinas Biasa
384,1701,1.0,Belanja Perjalanan Dinas Biasa,Belanja Perjalanan Dinas Biasa
384,1697,1.0,Belanja Perjalanan Dinas Biasa,Belanja Perjalanan Dinas Biasa
385,1698,1.0,Belanja Perjalanan Dinas Biasa,Belanja Perjalanan Dinas Biasa
385,1696,1.0,Belanja Perjalanan Dinas Biasa,Belanja Perjalanan Dinas Biasa
385,1699,1.0,Belanja Perjalanan Dinas Biasa,Belanja Perjalanan Dinas Biasa
385,1701,1.0,Belanja Perjalanan Dinas Biasa,Belanja Perjalanan Dinas Biasa
385,1697,1.0,Belanja Perjalanan Dinas Biasa,Belanja Perjalanan Dinas Biasa
386,1698,1.0,Belanja Perjalanan Dinas Biasa,Belanja Perjalanan Dinas Biasa
386,1696,1.0,Belanja Perjalanan Dinas Biasa,Belanja Perjalanan Dinas Biasa
386,1699,1.0,Belanja Perjalanan Dinas Biasa,Belanja Perjalanan Dinas Biasa
386,1701,1.0,Belanja Perjalanan Dinas Biasa,Belanja Perjalanan Dinas Biasa
386,1697,1.0,Belanja Perjalanan Dinas Biasa,Belanja Perjalanan Dinas Biasa
387,1698,1.0,Belanja Perjalanan Dinas Biasa,Belanja Perjalanan Dinas Biasa
387,1696,1.0,Belanja Perjalanan Dinas Biasa,Belanja Perjalanan Dinas Biasa
387,1699,1.0,Belanja Perjalanan Dinas Biasa,Belanja Perjalanan Dinas Biasa
387,1701,1.0,Belanja Perjalanan Dinas Biasa,Belanja Perjalanan Dinas Biasa
387,1697,1.0,Belanja Perjalanan Dinas Biasa,Belanja Perjalanan Dinas Biasa
388,1698,1.0,Belanja Perjalanan Dinas Biasa,Belanja Perjalanan Dinas Biasa
388,1696,1.0,Belanja Perjalanan Dinas Biasa,Belanja Perjalanan Dinas Biasa
388,1699,1.0,Belanja Perjalanan Dinas Biasa,Belanja Perjalanan Dinas Biasa
388,1701,1.0,Belanja Perjalanan Dinas Biasa,Belanja Perjalanan Dinas Biasa
388,1697,1.0,Belanja Perjalanan Dinas Biasa,Belanja Perjalanan Dinas Biasa
389,1698,1.0,Belanja Perjalanan Dinas Biasa,Belanja Perjalanan Dinas Biasa
389,1696,1.0,Belanja Perjalanan Dinas Biasa,Belanja Perjalanan Dinas Biasa
389,1699,1.0,Belanja Perjalanan Dinas Biasa,Belanja Perjalanan Dinas Biasa
389,1701,1.0,Belanja Perjalanan Dinas Biasa,Belanja Perjalanan Dinas Biasa
389,1697,1.0,Belanja Perjalanan Dinas Biasa,Belanja Perjalanan Dinas Biasa
390,1698,1.0,Belanja Perjalanan Dinas Biasa,Belanja Perjalanan Dinas Biasa
390,1696,1.0,Belanja Perjalanan Dinas Biasa,Belanja Perjalanan Dinas Biasa
390,1699,1.0,Belanja Perjalanan Dinas Biasa,Belanja Perjalanan Dinas Biasa
390,1701,1.0,Belanja Perjalanan Dinas Biasa,Belanja Perjalanan Dinas Biasa
390,1697,1.0,Belanja Perjalanan Dinas Biasa,Belanja Perjalanan Dinas Biasa
391,1698,1.0,Belanja Perjalanan Dinas Biasa,Belanja Perjalanan Dinas Biasa
391,1696,1.0,Belanja Perjalanan Dinas Biasa,Belanja Perjalanan Dinas Biasa
391,1699,1.0,Belanja Perjalanan Dinas Biasa,Belanja Perjalanan Dinas Biasa
391,1701,1.0,Belanja Perjalanan Dinas Biasa,Belanja Perjalanan Dinas Biasa
391,1697,1.0,Belanja Perjalanan Dinas Biasa,Belanja Perjalanan Dinas Biasa
392,1698,1.0,Belanja Perjalanan Dinas Biasa,Belanja Perjalanan Dinas Biasa
392,1696,1.0,Belanja Perjalanan Dinas Biasa,Belanja Perjalanan Dinas Biasa
392,1699,1.0,Belanja Perjalanan Dinas Biasa,Belanja Perjalanan Dinas Biasa
392,1701,1.0,Belanja Perjalanan Dinas Biasa,Belanja Perjalanan Dinas Biasa
392,1697,1.0,Belanja Perjalanan Dinas Biasa,Belanja Perjalanan Dinas Biasa
393,1698,1.0,Belanja Perjalanan Dinas Biasa,Belanja Perjalanan Dinas Biasa
393,1696,1.0,Belanja Perjalanan Dinas Biasa,Belanja Perjalanan Dinas Biasa
393,1699,1.0,Belanja Perjalanan Dinas Biasa,Belanja Perjalanan Dinas Biasa
393,1701,1.0,Belanja Perjalanan Dinas Biasa,Belanja Perjalanan Dinas Biasa
393,1697,1.0,Belanja Perjalanan Dinas Biasa,Belanja Perjalanan Dinas Biasa
394,1698,1.0,Belanja Perjalanan Dinas Biasa,Belanja Perjalanan Dinas Biasa
394,1696,1.0,Belanja Perjalanan Dinas Biasa,Belanja Perjalanan Dinas Biasa
394,1699,1.0,Belanja Perjalanan Dinas Biasa,Belanja Perjalanan Dinas Biasa
394,1701,1.0,Belanja Perjalanan Dinas Biasa,Belanja Perjalanan Dinas Biasa
394,1697,1.0,Belanja Perjalanan Dinas Biasa,Belanja Perjalanan Dinas Biasa
395,1698,1.0,Belanja Perjalanan Dinas Biasa,Belanja Perjalanan Dinas Biasa
395,1696,1.0,Belanja Perjalanan Dinas Biasa,Belanja Perjalanan Dinas Biasa
395,1699,1.0,Belanja Perjalanan Dinas Biasa,Belanja Perjalanan Dinas Biasa
395,1701,1.0,Belanja Perjalanan Dinas Biasa,Belanja Perjalanan Dinas Biasa
395,1697,1.0,Belanja Perjalanan Dinas Biasa,Belanja Perjalanan Dinas Biasa
396,1698,1.0,Belanja Perjalanan Dinas Biasa,Belanja Perjalanan Dinas Biasa
396,1696,1.0,Belanja Perjalanan Dinas Biasa,Belanja Perjalanan Dinas Biasa
396,1699,1.0,Belanja Perjalanan Dinas Biasa,Belanja Perjalanan Dinas Biasa
396,1701,1.0,Belanja Perjalanan Dinas Biasa,Belanja Perjalanan Dinas Biasa
396,1697,1.0,Belanja Perjalanan Dinas Biasa,Belanja Perjalanan Dinas Biasa
397,1698,1.0,Belanja Perjalanan Dinas Biasa,Belanja Perjalanan Dinas Biasa
397,1696,1.0,Belanja Perjalanan Dinas Biasa,Belanja Perjalanan Dinas Biasa
397,1699,1.0,Belanja Perjalanan Dinas Biasa,Belanja Perjalanan Dinas Biasa
397,1701,1.0,Belanja Perjalanan Dinas Biasa,Belanja Perjalanan Dinas Biasa
397,1697,1.0,Belanja Perjalanan Dinas Biasa,Belanja Perjalanan Dinas Biasa
398,1698,1.0,Belanja Perjalanan Dinas Biasa,Belanja Perjalanan Dinas Biasa
398,1696,1.0,Belanja Perjalanan Dinas Biasa,Belanja Perjalanan Dinas Biasa
398,1699,1.0,Belanja Perjalanan Dinas Biasa,Belanja Perjalanan Dinas Biasa
398,1701,1.0,Belanja Perjalanan Dinas Biasa,Belanja Perjalanan Dinas Biasa
398,1697,1.0,Belanja Perjalanan Dinas Biasa,Belanja Perjalanan Dinas Biasa
399,1698,1.0,Belanja Perjalanan Dinas Biasa,Belanja Perjalanan Dinas Biasa
399,1696,1.0,Belanja Perjalanan Dinas Biasa,Belanja Perjalanan Dinas Biasa
399,1699,1.0,Belanja Perjalanan Dinas Biasa,Belanja Perjalanan Dinas Biasa
399,1701,1.0,Belanja Perjalanan Dinas Biasa,Belanja Perjalanan Dinas Biasa
399,1697,1.0,Belanja Perjalanan Dinas Biasa,Belanja Perjalanan Dinas Biasa
400,1698,1.0,Belanja Perjalanan Dinas Biasa,Belanja Perjalanan Dinas Biasa
400,1696,1.0,Belanja Perjalanan Dinas Biasa,Belanja Perjalanan Dinas Biasa
400,1699,1.0,Belanja Perjalanan Dinas Biasa,Belanja Perjalanan Dinas Biasa
400,1701,1.0,Belanja Perjalanan Dinas Biasa,Belanja Perjalanan Dinas Biasa
400,1697,1.0,Belanja Perjalanan Dinas Biasa,Belanja Perjalanan Dinas Biasa
401,1698,1.0,Belanja Perjalanan Dinas Biasa,Belanja Perjalanan Dinas Biasa
401,1696,1.0,Belanja Perjalanan Dinas Biasa,Belanja Perjalanan Dinas Biasa
401,1699,1.0,Belanja Perjalanan Dinas Biasa,Belanja Perjalanan Dinas Biasa
401,1701,1.0,Belanja Perjalanan Dinas Biasa,Belanja Perjalanan Dinas Biasa
401,1697,1.0,Belanja Perjalanan Dinas Biasa,Belanja Perjalanan Dinas Biasa
402,1698,1.0,Belanja Perjalanan Dinas Biasa,Belanja Perjalanan Dinas Biasa
402,1696,1.0,Belanja Perjalanan Dinas Biasa,Belanja Perjalanan Dinas Biasa
402,1699,1.0,Belanja Perjalanan Dinas Biasa,Belanja Perjalanan Dinas Biasa
402,1701,1.0,Belanja Perjalanan Dinas Biasa,Belanja Perjalanan Dinas Biasa
402,1697,1.0,Belanja Perjalanan Dinas Biasa,Belanja Perjalanan Dinas Biasa
403,1698,1.0,Belanja Perjalanan Dinas Biasa,Belanja Perjalanan Dinas Biasa
403,1696,1.0,Belanja Perjalanan Dinas Biasa,Belanja Perjalanan Dinas Biasa
403,1699,1.0,Belanja Perjalanan Dinas Biasa,Belanja Perjalanan Dinas Biasa
403,1701,1.0,Belanja Perjalanan Dinas Biasa,Belanja Perjalanan Dinas Biasa
403,1697,1.0,Belanja Perjalanan Dinas Biasa,Belanja Perjalanan Dinas Biasa
404,1698,1.0,Belanja Perjalanan Dinas Biasa,Belanja Perjalanan Dinas Biasa
404,1696,1.0,Belanja Perjalanan Dinas Biasa,Belanja Perjalanan Dinas Biasa
404,1699,1.0,Belanja Perjalanan Dinas Biasa,Belanja Perjalanan Dinas Biasa
404,1701,1.0,Belanja Perjalanan Dinas Biasa,Belanja Perjalanan Dinas Biasa
404,1697,1.0,Belanja Perjalanan Dinas Biasa,Belanja Perjalanan Dinas Biasa
405,1698,1.0,Belanja Perjalanan Dinas Biasa,Belanja Perjalanan Dinas Biasa
405,1696,1.0,Belanja Perjalanan Dinas Biasa,Belanja Perjalanan Dinas Biasa
405,1699,1.0,Belanja Perjalanan Dinas Biasa,Belanja Perjalanan Dinas Biasa
405,1701,1.0,Belanja Perjalanan Dinas Biasa,Belanja Perjalanan Dinas Biasa
405,1697,1.0,Belanja Perjalanan Dinas Biasa,Belanja Perjalanan Dinas Biasa
406,1698,1.0,Belanja Perjalanan Dinas Biasa,Belanja Perjalanan Dinas Biasa
406,1696,1.0,Belanja Perjalanan Dinas Biasa,Belanja Perjalanan Dinas Biasa
406,1699,1.0,Belanja Perjalanan Dinas Biasa,Belanja Perjalanan Dinas Biasa
406,1701,1.0,Belanja Perjalanan Dinas Biasa,Belanja Perjalanan Dinas Biasa
406,1697,1.0,Belanja Perjalanan Dinas Biasa,Belanja Perjalanan Dinas Biasa
407,1698,1.0,Belanja Perjalanan Dinas Biasa,Belanja Perjalanan Dinas Biasa
407,1696,1.0,Belanja Perjalanan Dinas Biasa,Belanja Perjalanan Dinas Biasa
407,1699,1.0,Belanja Perjalanan Dinas Biasa,Belanja Perjalanan Dinas Biasa
407,1701,1.0,Belanja Perjalanan Dinas Biasa,Belanja Perjalanan Dinas Biasa
407,1697,1.0,Belanja Perjalanan Dinas Biasa,Belanja Perjalanan Dinas Biasa
408,1698,1.0,Belanja Perjalanan Dinas Biasa,Belanja Perjalanan Dinas Biasa
408,1696,1.0,Belanja Perjalanan Dinas Biasa,Belanja Perjalanan Dinas Biasa
408,1699,1.0,Belanja Perjalanan Dinas Biasa,Belanja Perjalanan Dinas Biasa
408,1701,1.0,Belanja Perjalanan Dinas Biasa,Belanja Perjalanan Dinas Biasa
408,1697,1.0,Belanja Perjalanan Dinas Biasa,Belanja Perjalanan Dinas Biasa
409,1698,1.0,Belanja Perjalanan Dinas Biasa,Belanja Perjalanan Dinas Biasa
409,1696,1.0,Belanja Perjalanan Dinas Biasa,Belanja Perjalanan Dinas Biasa
409,1699,1.0,Belanja Perjalanan Dinas Biasa,Belanja Perjalanan Dinas Biasa
409,1701,1.0,Belanja Perjalanan Dinas Biasa,Belanja Perjalanan Dinas Biasa
409,1697,1.0,Belanja Perjalanan Dinas Biasa,Belanja Perjalanan Dinas Biasa
410,1698,1.0,Belanja Perjalanan Dinas Biasa,Belanja Perjalanan Dinas Biasa
410,1696,1.0,Belanja Perjalanan Dinas Biasa,Belanja Perjalanan Dinas Biasa
410,1699,1.0,Belanja Perjalanan Dinas Biasa,Belanja Perjalanan Dinas Biasa
410,1701,1.0,Belanja Perjalanan Dinas Biasa,Belanja Perjalanan Dinas Biasa
410,1697,1.0,Belanja Perjalanan Dinas Biasa,Belanja Perjalanan Dinas Biasa
411,1698,1.0,Belanja Perjalanan Dinas Biasa,Belanja Perjalanan Dinas Biasa
411,1696,1.0,Belanja Perjalanan Dinas Biasa,Belanja Perjalanan Dinas Biasa
411,1699,1.0,Belanja Perjalanan Dinas Biasa,Belanja Perjalanan Dinas Biasa
411,1701,1.0,Belanja Perjalanan Dinas Biasa,Belanja Perjalanan Dinas Biasa
411,1697,1.0,Belanja Perjalanan Dinas Biasa,Belanja Perjalanan Dinas Biasa
412,1698,1.0,Belanja Perjalanan Dinas Biasa,Belanja Perjalanan Dinas Biasa
412,1696,1.0,Belanja Perjalanan Dinas Biasa,Belanja Perjalanan Dinas Biasa
412,1699,1.0,Belanja Perjalanan Dinas Biasa,Belanja Perjalanan Dinas Biasa
412,1701,1.0,Belanja Perjalanan Dinas Biasa,Belanja Perjalanan Dinas Biasa
412,1697,1.0,Belanja Perjalanan Dinas Biasa,Belanja Perjalanan Dinas Biasa
413,1698,1.0,Belanja Perjalanan Dinas Biasa,Belanja Perjalanan Dinas Biasa
413,1696,1.0,Belanja Perjalanan Dinas Biasa,Belanja Perjalanan Dinas Biasa
413,1699,1.0,Belanja Perjalanan Dinas Biasa,Belanja Perjalanan Dinas Biasa
413,1701,1.0,Belanja Perjalanan Dinas Biasa,Belanja Perjalanan Dinas Biasa
413,1697,1.0,Belanja Perjalanan Dinas Biasa,Belanja Perjalanan Dinas Biasa
414,1698,1.0,Belanja Perjalanan Dinas Biasa,Belanja Perjalanan Dinas Biasa
414,1696,1.0,Belanja Perjalanan Dinas Biasa,Belanja Perjalanan Dinas Biasa
414,1699,1.0,Belanja Perjalanan Dinas Biasa,Belanja Perjalanan Dinas Biasa
414,1701,1.0,Belanja Perjalanan Dinas Biasa,Belanja Perjalanan Dinas Biasa
414,1697,1.0,Belanja Perjalanan Dinas Biasa,Belanja Perjalanan Dinas Biasa
415,1698,1.0,Belanja Perjalanan Dinas Biasa,Belanja Perjalanan Dinas Biasa
415,1696,1.0,Belanja Perjalanan Dinas Biasa,Belanja Perjalanan Dinas Biasa
415,1699,1.0,Belanja Perjalanan Dinas Biasa,Belanja Perjalanan Dinas Biasa
415,1701,1.0,Belanja Perjalanan Dinas Biasa,Belanja Perjalanan Dinas Biasa
415,1697,1.0,Belanja Perjalanan Dinas Biasa,Belanja Perjalanan Dinas Biasa
416,1698,1.0,Belanja Perjalanan Dinas Biasa,Belanja Perjalanan Dinas Biasa
416,1696,1.0,Belanja Perjalanan Dinas Biasa,Belanja Perjalanan Dinas Biasa
416,1699,1.0,Belanja Perjalanan Dinas Biasa,Belanja Perjalanan Dinas Biasa
416,1701,1.0,Belanja Perjalanan Dinas Biasa,Belanja Perjalanan Dinas Biasa
416,1697,1.0,Belanja Perjalanan Dinas Biasa,Belanja Perjalanan Dinas Biasa
417,1698,1.0,Belanja Perjalanan Dinas Biasa,Belanja Perjalanan Dinas Biasa
417,1696,1.0,Belanja Perjalanan Dinas Biasa,Belanja Perjalanan Dinas Biasa
417,1699,1.0,Belanja Perjalanan Dinas Biasa,Belanja Perjalanan Dinas Biasa
417,1701,1.0,Belanja Perjalanan Dinas Biasa,Belanja Perjalanan Dinas Biasa
417,1697,1.0,Belanja Perjalanan Dinas Biasa,Belanja Perjalanan Dinas Biasa
418,1698,1.0,Belanja Perjalanan Dinas Biasa,Belanja Perjalanan Dinas Biasa
418,1696,1.0,Belanja Perjalanan Dinas Biasa,Belanja Perjalanan Dinas Biasa
418,1699,1.0,Belanja Perjalanan Dinas Biasa,Belanja Perjalanan Dinas Biasa
418,1701,1.0,Belanja Perjalanan Dinas Biasa,Belanja Perjalanan Dinas Biasa
418,1697,1.0,Belanja Perjalanan Dinas Biasa,Belanja Perjalanan Dinas Biasa
419,2410,0.8615991066745656,Belanja Perjalanan Dinas Biasa Biaya Uang Harian,Belanja Perjalanan Dinas Biasa - Uang Harian
420,1698,1.0,Belanja Perjalanan Dinas Biasa,Belanja Perjalanan Dinas Biasa
420,1696,1.0,Belanja Perjalanan Dinas Biasa,Belanja Perjalanan Dinas Biasa
420,1699,1.0,Belanja Perjalanan Dinas Biasa,Belanja Perjalanan Dinas Biasa
420,1701,1.0,Belanja Perjalanan Dinas Biasa,Belanja Perjalanan Dinas Biasa
420,1697,1.0,Belanja Perjalanan Dinas Biasa,Belanja Perjalanan Dinas Biasa
421,1698,1.0,Belanja Perjalanan Dinas Biasa,Belanja Perjalanan Dinas Biasa
421,1696,1.0,Belanja Perjalanan Dinas Biasa,Belanja Perjalanan Dinas Biasa
421,1699,1.0,Belanja Perjalanan Dinas Biasa,Belanja Perjalanan Dinas Biasa
421,1701,1.0,Belanja Perjalanan Dinas Biasa,Belanja Perjalanan Dinas Biasa
421,1697,1.0,Belanja Perjalanan Dinas Biasa,Belanja Perjalanan Dinas Biasa
422,1698,1.0,Belanja Perjalanan Dinas Biasa,Belanja Perjalanan Dinas Biasa
422,1696,1.0,Belanja Perjalanan Dinas Biasa,Belanja Perjalanan Dinas Biasa
422,1699,1.0,Belanja Perjalanan Dinas Biasa,Belanja Perjalanan Dinas Biasa
422,1701,1.0,Belanja Perjalanan Dinas Biasa,Belanja Perjalanan Dinas Biasa
422,1697,1.0,Belanja Perjalanan Dinas Biasa,Belanja Perjalanan Dinas Biasa
423,1698,1.0,Belanja Perjalanan Dinas Biasa,Belanja Perjalanan Dinas Biasa
423,1696,1.0,Belanja Perjalanan Dinas Biasa,Belanja Perjalanan Dinas Biasa
423,1699,1.0,Belanja Perjalanan Dinas Biasa,Belanja Perjalanan Dinas Biasa
423,1701,1.0,Belanja Perjalanan Dinas Biasa,Belanja Perjalanan Dinas Biasa
423,1697,1.0,Belanja Perjalanan Dinas Biasa,Belanja Perjalanan Dinas Biasa
424,1698,1.0,Belanja Perjalanan Dinas Biasa,Belanja Perjalanan Dinas Biasa
424,1696,1.0,Belanja Perjalanan Dinas Biasa,Belanja Perjalanan Dinas Biasa
424,1699,1.0,Belanja Perjalanan Dinas Biasa,Belanja Perjalanan Dinas Biasa
424,1701,1.0,Belanja Perjalanan Dinas Biasa,Belanja Perjalanan Dinas Biasa
424,1697,1.0,Belanja Perjalanan Dinas Biasa,Belanja Perjalanan Dinas Biasa
425,1698,1.0,Belanja Perjalanan Dinas Biasa,Belanja Perjalanan Dinas Biasa
425,1696,1.0,Belanja Perjalanan Dinas Biasa,Belanja Perjalanan Dinas Biasa
425,1699,1.0,Belanja Perjalanan Dinas Biasa,Belanja Perjalanan Dinas Biasa
425,1701,1.0,Belanja Perjalanan Dinas Biasa,Belanja Perjalanan Dinas Biasa
425,1697,1.0,Belanja Perjalanan Dinas Biasa,Belanja Perjalanan Dinas Biasa
426,1698,1.0,Belanja Perjalanan Dinas Biasa,Belanja Perjalanan Dinas Biasa
426,1696,1.0,Belanja Perjalanan Dinas Biasa,Belanja Perjalanan Dinas Biasa
426,1699,1.0,Belanja Perjalanan Dinas Biasa,Belanja Perjalanan Dinas Biasa
426,1701,1.0,Belanja Perjalanan Dinas Biasa,Belanja Perjalanan Dinas Biasa
426,1697,1.0,Belanja Perjalanan Dinas Biasa,Belanja Perjalanan Dinas Biasa
427,1698,1.0,Belanja Perjalanan Dinas Biasa,Belanja Perjalanan Dinas Biasa
427,1696,1.0,Belanja Perjalanan Dinas Biasa,Belanja Perjalanan Dinas Biasa
427,1699,1.0,Belanja Perjalanan Dinas Biasa,Belanja Perjalanan Dinas Biasa
427,1701,1.0,Belanja Perjalanan Dinas Biasa,Belanja Perjalanan Dinas Biasa
427,1697,1.0,Belanja Perjalanan Dinas Biasa,Belanja Perjalanan Dinas Biasa
428,1698,1.0,Belanja Perjalanan Dinas Biasa,Belanja Perjalanan Dinas Biasa
428,1696,1.0,Belanja Perjalanan Dinas Biasa,Belanja Perjalanan Dinas Biasa
428,1699,1.0,Belanja Perjalanan Dinas Biasa,Belanja Perjalanan Dinas Biasa
428,1701,1.0,Belanja Perjalanan Dinas Biasa,Belanja Perjalanan Dinas Biasa
428,1697,1.0,Belanja Perjalanan Dinas Biasa,Belanja Perjalanan Dinas Biasa
429,1698,1.0,Belanja perjalanan dinas biasa,Belanja Perjalanan Dinas Biasa
429,1696,1.0,Belanja perjalanan dinas biasa,Belanja Perjalanan Dinas Biasa
429,1699,1.0,Belanja perjalanan dinas biasa,Belanja Perjalanan Dinas Biasa
429,1701,1.0,Belanja perjalanan dinas biasa,Belanja Perjalanan Dinas Biasa
429,1697,1.0,Belanja perjalanan dinas biasa,Belanja Perjalanan Dinas Biasa
430,1698,1.0,Belanja perjalanan dinas biasa,Belanja Perjalanan Dinas Biasa
430,1696,1.0,Belanja perjalanan dinas biasa,Belanja Perjalanan Dinas Biasa
430,1699,1.0,Belanja perjalanan dinas biasa,Belanja Perjalanan Dinas Biasa
430,1701,1.0,Belanja perjalanan dinas biasa,Belanja Perjalanan Dinas Biasa
430,1697,1.0,Belanja perjalanan dinas biasa,Belanja Perjalanan Dinas Biasa
431,1698,1.0,Belanja Perjalanan Dinas Biasa,Belanja Perjalanan Dinas Biasa
431,1696,1.0,Belanja Perjalanan Dinas Biasa,Belanja Perjalanan Dinas Biasa
431,1699,1.0,Belanja Perjalanan Dinas Biasa,Belanja Perjalanan Dinas Biasa
431,1701,1.0,Belanja Perjalanan Dinas Biasa,Belanja Perjalanan Dinas Biasa
431,1697,1.0,Belanja Perjalanan Dinas Biasa,Belanja Perjalanan Dinas Biasa
432,646,0.8647910830156029,Belanja Perjalanan Dinas Biasa (sub keg. penyusunan dokumen perencanaan perangkat daerah),Belanja Perjalanan Dinas Biasa Sub Kegiatan Penyusunan Dokumen Perencanaan Perangkat Daerah
432,2556,0.8444945955504494,Belanja Perjalanan Dinas Biasa (sub keg. penyusunan dokumen perencanaan perangkat daerah),Perjalanan Dinas Biasa Penyusunan Dokumen Perangkat Perencanaan Daerah
433,1698,1.0,Belanja Perjalanan Dinas Biasa,Belanja Perjalanan Dinas Biasa
433,1696,1.0,Belanja Perjalanan Dinas Biasa,Belanja Perjalanan Dinas Biasa
433,1699,1.0,Belanja Perjalanan Dinas Biasa,Belanja Perjalanan Dinas Biasa
433,1701,1.0,Belanja Perjalanan Dinas Biasa,Belanja Perjalanan Dinas Biasa
433,1697,1.0,Belanja Perjalanan Dinas Biasa,Belanja Perjalanan Dinas Biasa
434,1698,1.0,Belanja Perjalanan Dinas Biasa,Belanja Perjalanan Dinas Biasa
434,1696,1.0,Belanja Perjalanan Dinas Biasa,Belanja Perjalanan Dinas Biasa
434,1699,1.0,Belanja Perjalanan Dinas Biasa,Belanja Perjalanan Dinas Biasa
434,1701,1.0,Belanja Perjalanan Dinas Biasa,Belanja Perjalanan Dinas Biasa
434,1697,1.0,Belanja Perjalanan Dinas Biasa,Belanja Perjalanan Dinas Biasa
439,1698,1.0,Belanja Perjalanan Dinas Biasa,Belanja Perjalanan Dinas Biasa
439,1696,1.0,Belanja Perjalanan Dinas Biasa,Belanja Perjalanan Dinas Biasa
439,1699,1.0,Belanja Perjalanan Dinas Biasa,Belanja Perjalanan Dinas Biasa
439,1701,1.0,Belanja Perjalanan Dinas Biasa,Belanja Perjalanan Dinas Biasa
439,1697,1.0,Belanja Perjalanan Dinas Biasa,Belanja Perjalanan Dinas Biasa
440,1698,1.0,Belanja Perjalanan Dinas Biasa,Belanja Perjalanan Dinas Biasa
440,1696,1.0,Belanja Perjalanan Dinas Biasa,Belanja Perjalanan Dinas Biasa
440,1699,1.0,Belanja Perjalanan Dinas Biasa,Belanja Perjalanan Dinas Biasa
440,1701,1.0,Belanja Perjalanan Dinas Biasa,Belanja Perjalanan Dinas Biasa
440,1697,1.0,Belanja Perjalanan Dinas Biasa,Belanja Perjalanan Dinas Biasa
441,1698,1.0,Belanja Perjalanan Dinas Biasa,Belanja Perjalanan Dinas Biasa
441,1696,1.0,Belanja Perjalanan Dinas Biasa,Belanja Perjalanan Dinas Biasa
441,1699,1.0,Belanja Perjalanan Dinas Biasa,Belanja Perjalanan Dinas Biasa
441,1701,1.0,Belanja Perjalanan Dinas Biasa,Belanja Perjalanan Dinas Biasa
441,1697,1.0,Belanja Perjalanan Dinas Biasa,Belanja Perjalanan Dinas Biasa
442,1698,1.0,Belanja Perjalanan Dinas Biasa,Belanja Perjalanan Dinas Biasa
442,1696,1.0,Belanja Perjalanan Dinas Biasa,Belanja Perjalanan Dinas Biasa
442,1699,1.0,Belanja Perjalanan Dinas Biasa,Belanja Perjalanan Dinas Biasa
442,1701,1.0,Belanja Perjalanan Dinas Biasa,Belanja Perjalanan Dinas Biasa
442,1697,1.0,Belanja Perjalanan Dinas Biasa,Belanja Perjalanan Dinas Biasa
443,1698,1.0,Belanja Perjalanan Dinas Biasa,Belanja Perjalanan Dinas Biasa
443,1696,1.0,Belanja Perjalanan Dinas Biasa,Belanja Perjalanan Dinas Biasa
443,1699,1.0,Belanja Perjalanan Dinas Biasa,Belanja Perjalanan Dinas Biasa
443,1701,1.0,Belanja Perjalanan Dinas Biasa,Belanja Perjalanan Dinas Biasa
443,1697,1.0,Belanja Perjalanan Dinas Biasa,Belanja Perjalanan Dinas Biasa
444,1698,1.0,Belanja Perjalanan Dinas Biasa,Belanja Perjalanan Dinas Biasa
444,1696,1.0,Belanja Perjalanan Dinas Biasa,Belanja Perjalanan Dinas Biasa
444,1699,1.0,Belanja Perjalanan Dinas Biasa,Belanja Perjalanan Dinas Biasa
444,1701,1.0,Belanja Perjalanan Dinas Biasa,Belanja Perjalanan Dinas Biasa
444,1697,1.0,Belanja Perjalanan Dinas Biasa,Belanja Perjalanan Dinas Biasa
445,1698,1.0,Belanja Perjalanan Dinas Biasa,Belanja Perjalanan Dinas Biasa
445,1696,1.0,Belanja Perjalanan Dinas Biasa,Belanja Perjalanan Dinas Biasa
445,1699,1.0,Belanja Perjalanan Dinas Biasa,Belanja Perjalanan Dinas Biasa
445,1701,1.0,Belanja Perjalanan Dinas Biasa,Belanja Perjalanan Dinas Biasa
445,1697,1.0,Belanja Perjalanan Dinas Biasa,Belanja Perjalanan Dinas Biasa
446,1698,1.0,Belanja Perjalanan Dinas Biasa,Belanja Perjalanan Dinas Biasa
446,1696,1.0,Belanja Perjalanan Dinas Biasa,Belanja Perjalanan Dinas Biasa
446,1699,1.0,Belanja Perjalanan Dinas Biasa,Belanja Perjalanan Dinas Biasa
446,1701,1.0,Belanja Perjalanan Dinas Biasa,Belanja Perjalanan Dinas Biasa
446,1697,1.0,Belanja Perjalanan Dinas Biasa,Belanja Perjalanan Dinas Biasa
447,1698,1.0,Belanja Perjalanan Dinas Biasa,Belanja Perjalanan Dinas Biasa
447,1696,1.0,Belanja Perjalanan Dinas Biasa,Belanja Perjalanan Dinas Biasa
447,1699,1.0,Belanja Perjalanan Dinas Biasa,Belanja Perjalanan Dinas Biasa
447,1701,1.0,Belanja Perjalanan Dinas Biasa,Belanja Perjalanan Dinas Biasa
447,1697,1.0,Belanja Perjalanan Dinas Biasa,Belanja Perjalanan Dinas Biasa
448,1698,1.0,Belanja Perjalanan Dinas Biasa,Belanja Perjalanan Dinas Biasa
448,1696,1.0,Belanja Perjalanan Dinas Biasa,Belanja Perjalanan Dinas Biasa
448,1699,1.0,Belanja Perjalanan Dinas Biasa,Belanja Perjalanan Dinas Biasa
448,1701,1.0,Belanja Perjalanan Dinas Biasa,Belanja Perjalanan Dinas Biasa
448,1697,1.0,Belanja Perjalanan Dinas Biasa,Belanja Perjalanan Dinas Biasa
449,1698,1.0,Belanja Perjalanan Dinas Biasa,Belanja Perjalanan Dinas Biasa
449,1696,1.0,Belanja Perjalanan Dinas Biasa,Belanja Perjalanan Dinas Biasa
449,1699,1.0,Belanja Perjalanan Dinas Biasa,Belanja Perjalanan Dinas Biasa
449,1701,1.0,Belanja Perjalanan Dinas Biasa,Belanja Perjalanan Dinas Biasa
449,1697,1.0,Belanja Perjalanan Dinas Biasa,Belanja Perjalanan Dinas Biasa
450,1698,1.0,Belanja Perjalanan Dinas Biasa,Belanja Perjalanan Dinas Biasa
450,1696,1.0,Belanja Perjalanan Dinas Biasa,Belanja Perjalanan Dinas Biasa
450,1699,1.0,Belanja Perjalanan Dinas Biasa,Belanja Perjalanan Dinas Biasa
450,1701,1.0,Belanja Perjalanan Dinas Biasa,Belanja Perjalanan Dinas Biasa
450,1697,1.0,Belanja Perjalanan Dinas Biasa,Belanja Perjalanan Dinas Biasa
451,1698,1.0,Belanja Perjalanan Dinas Biasa,Belanja Perjalanan Dinas Biasa
451,1696,1.0,Belanja Perjalanan Dinas Biasa,Belanja Perjalanan Dinas Biasa
451,1699,1.0,Belanja Perjalanan Dinas Biasa,Belanja Perjalanan Dinas Biasa
451,1701,1.0,Belanja Perjalanan Dinas Biasa,Belanja Perjalanan Dinas Biasa
451,1697,1.0,Belanja Perjalanan Dinas Biasa,Belanja Perjalanan Dinas Biasa
452,1698,1.0,Belanja Perjalanan Dinas Biasa,Belanja Perjalanan Dinas Biasa
452,1696,1.0,Belanja Perjalanan Dinas Biasa,Belanja Perjalanan Dinas Biasa
452,1699,1.0,Belanja Perjalanan Dinas Biasa,Belanja Perjalanan Dinas Biasa
452,1701,1.0,Belanja Perjalanan Dinas Biasa,Belanja Perjalanan Dinas Biasa
452,1697,1.0,Belanja Perjalanan Dinas Biasa,Belanja Perjalanan Dinas Biasa
456,1698,1.0,Belanja Perjalanan Dinas Biasa,Belanja Perjalanan Dinas Biasa
456,1696,1.0,Belanja Perjalanan Dinas Biasa,Belanja Perjalanan Dinas Biasa
456,1699,1.0,Belanja Perjalanan Dinas Biasa,Belanja Perjalanan Dinas Biasa
456,1701,1.0,Belanja Perjalanan Dinas Biasa,Belanja Perjalanan Dinas Biasa
456,1697,1.0,Belanja Perjalanan Dinas Biasa,Belanja Perjalanan Dinas Biasa
457,1698,1.0,Belanja Perjalanan Dinas Biasa,Belanja Perjalanan Dinas Biasa
457,1696,1.0,Belanja Perjalanan Dinas Biasa,Belanja Perjalanan Dinas Biasa
457,1699,1.0,Belanja Perjalanan Dinas Biasa,Belanja Perjalanan Dinas Biasa
457,1701,1.0,Belanja Perjalanan Dinas Biasa,Belanja Perjalanan Dinas Biasa
457,1697,1.0,Belanja Perjalanan Dinas Biasa,Belanja Perjalanan Dinas Biasa
458,1698,1.0,Belanja Perjalanan Dinas Biasa,Belanja Perjalanan Dinas Biasa
458,1696,1.0,Belanja Perjalanan Dinas Biasa,Belanja Perjalanan Dinas Biasa
458,1699,1.0,Belanja Perjalanan Dinas Biasa,Belanja Perjalanan Dinas Biasa
458,1701,1.0,Belanja Perjalanan Dinas Biasa,Belanja Perjalanan Dinas Biasa
458,1697,1.0,Belanja Perjalanan Dinas Biasa,Belanja Perjalanan Dinas Biasa
459,1698,1.0,Belanja Perjalanan Dinas Biasa,Belanja Perjalanan Dinas Biasa
459,1696,1.0,Belanja Perjalanan Dinas Biasa,Belanja Perjalanan Dinas Biasa
459,1699,1.0,Belanja Perjalanan Dinas Biasa,Belanja Perjalanan Dinas Biasa
459,1701,1.0,Belanja Perjalanan Dinas Biasa,Belanja Perjalanan Dinas Biasa
459,1697,1.0,Belanja Perjalanan Dinas Biasa,Belanja Perjalanan Dinas Biasa
460,1698,1.0,Belanja Perjalanan Dinas Biasa,Belanja Perjalanan Dinas Biasa
460,1696,1.0,Belanja Perjalanan Dinas Biasa,Belanja Perjalanan Dinas Biasa
460,1699,1.0,Belanja Perjalanan Dinas Biasa,Belanja Perjalanan Dinas Biasa
460,1701,1.0,Belanja Perjalanan Dinas Biasa,Belanja Perjalanan Dinas Biasa
460,1697,1.0,Belanja Perjalanan Dinas Biasa,Belanja Perjalanan Dinas Biasa
461,1698,1.0,Belanja Perjalanan Dinas Biasa,Belanja Perjalanan Dinas Biasa
461,1696,1.0,Belanja Perjalanan Dinas Biasa,Belanja Perjalanan Dinas Biasa
461,1699,1.0,Belanja Perjalanan Dinas Biasa,Belanja Perjalanan Dinas Biasa
461,1701,1.0,Belanja Perjalanan Dinas Biasa,Belanja Perjalanan Dinas Biasa
461,1697,1.0,Belanja Perjalanan Dinas Biasa,Belanja Perjalanan Dinas Biasa
462,1698,1.0,Belanja Perjalanan Dinas Biasa,Belanja Perjalanan Dinas Biasa
462,1696,1.0,Belanja Perjalanan Dinas Biasa,Belanja Perjalanan Dinas Biasa
462,1699,1.0,Belanja Perjalanan Dinas Biasa,Belanja Perjalanan Dinas Biasa
462,1701,1.0,Belanja Perjalanan Dinas Biasa,Belanja Perjalanan Dinas Biasa
462,1697,1.0,Belanja Perjalanan Dinas Biasa,Belanja Perjalanan Dinas Biasa
463,1698,1.0,Belanja Perjalanan Dinas Biasa,Belanja Perjalanan Dinas Biasa
463,1696,1.0,Belanja Perjalanan Dinas Biasa,Belanja Perjalanan Dinas Biasa
463,1699,1.0,Belanja Perjalanan Dinas Biasa,Belanja Perjalanan Dinas Biasa
463,1701,1.0,Belanja Perjalanan Dinas Biasa,Belanja Perjalanan Dinas Biasa
463,1697,1.0,Belanja Perjalanan Dinas Biasa,Belanja Perjalanan Dinas Biasa
464,1698,1.0,Belanja Perjalanan Dinas Biasa,Belanja Perjalanan Dinas Biasa
464,1696,1.0,Belanja Perjalanan Dinas Biasa,Belanja Perjalanan Dinas Biasa
464,1699,1.0,Belanja Perjalanan Dinas Biasa,Belanja Perjalanan Dinas Biasa
464,1701,1.0,Belanja Perjalanan Dinas Biasa,Belanja Perjalanan Dinas Biasa
464,1697,1.0,Belanja Perjalanan Dinas Biasa,Belanja Perjalanan Dinas Biasa
465,1698,1.0,Belanja Perjalanan Dinas Biasa,Belanja Perjalanan Dinas Biasa
465,1696,1.0,Belanja Perjalanan Dinas Biasa,Belanja Perjalanan Dinas Biasa
465,1699,1.0,Belanja Perjalanan Dinas Biasa,Belanja Perjalanan Dinas Biasa
465,1701,1.0,Belanja Perjalanan Dinas Biasa,Belanja Perjalanan Dinas Biasa
465,1697,1.0,Belanja Perjalanan Dinas Biasa,Belanja Perjalanan Dinas Biasa
468,1698,1.0,Belanja Perjalanan Dinas Biasa,Belanja Perjalanan Dinas Biasa
468,1696,1.0,Belanja Perjalanan Dinas Biasa,Belanja Perjalanan Dinas Biasa
468,1699,1.0,Belanja Perjalanan Dinas Biasa,Belanja Perjalanan Dinas Biasa
468,1701,1.0,Belanja Perjalanan Dinas Biasa,Belanja Perjalanan Dinas Biasa
468,1697,1.0,Belanja Perjalanan Dinas Biasa,Belanja Perjalanan Dinas Biasa
469,1698,1.0,Belanja Perjalanan Dinas Biasa,Belanja Perjalanan Dinas Biasa
469,1696,1.0,Belanja Perjalanan Dinas Biasa,Belanja Perjalanan Dinas Biasa
469,1699,1.0,Belanja Perjalanan Dinas Biasa,Belanja Perjalanan Dinas Biasa
469,1701,1.0,Belanja Perjalanan Dinas Biasa,Belanja Perjalanan Dinas Biasa
469,1697,1.0,Belanja Perjalanan Dinas Biasa,Belanja Perjalanan Dinas Biasa
471,1698,1.0,Belanja Perjalanan Dinas Biasa,Belanja Perjalanan Dinas Biasa
471,1696,1.0,Belanja Perjalanan Dinas Biasa,Belanja Perjalanan Dinas Biasa
471,1699,1.0,Belanja Perjalanan Dinas Biasa,Belanja Perjalanan Dinas Biasa
471,1701,1.0,Belanja Perjalanan Dinas Biasa,Belanja Perjalanan Dinas Biasa
471,1697,1.0,Belanja Perjalanan Dinas Biasa,Belanja Perjalanan Dinas Biasa
472,1698,1.0,Belanja Perjalanan Dinas Biasa,Belanja Perjalanan Dinas Biasa
472,1696,1.0,Belanja Perjalanan Dinas Biasa,Belanja Perjalanan Dinas Biasa
472,1699,1.0,Belanja Perjalanan Dinas Biasa,Belanja Perjalanan Dinas Biasa
472,1701,1.0,Belanja Perjalanan Dinas Biasa,Belanja Perjalanan Dinas Biasa
472,1697,1.0,Belanja Perjalanan Dinas Biasa,Belanja Perjalanan Dinas Biasa
473,1698,1.0,Belanja Perjalanan Dinas Biasa,Belanja Perjalanan Dinas Biasa
473,1696,1.0,Belanja Perjalanan Dinas Biasa,Belanja Perjalanan Dinas Biasa
473,1699,1.0,Belanja Perjalanan Dinas Biasa,Belanja Perjalanan Dinas Biasa
473,1701,1.0,Belanja Perjalanan Dinas Biasa,Belanja Perjalanan Dinas Biasa
473,1697,1.0,Belanja Perjalanan Dinas Biasa,Belanja Perjalanan Dinas Biasa
474,1698,1.0,Belanja Perjalanan Dinas Biasa,Belanja Perjalanan Dinas Biasa
474,1696,1.0,Belanja Perjalanan Dinas Biasa,Belanja Perjalanan Dinas Biasa
474,1699,1.0,Belanja Perjalanan Dinas Biasa,Belanja Perjalanan Dinas Biasa
474,1701,1.0,Belanja Perjalanan Dinas Biasa,Belanja Perjalanan Dinas Biasa
474,1697,1.0,Belanja Perjalanan Dinas Biasa,Belanja Perjalanan Dinas Biasa
475,1698,1.0,Belanja Perjalanan Dinas Biasa,Belanja Perjalanan Dinas Biasa
475,1696,1.0,Belanja Perjalanan Dinas Biasa,Belanja Perjalanan Dinas Biasa
475,1699,1.0,Belanja Perjalanan Dinas Biasa,Belanja Perjalanan Dinas Biasa
475,1701,1.0,Belanja Perjalanan Dinas Biasa,Belanja Perjalanan Dinas Biasa
475,1697,1.0,Belanja Perjalanan Dinas Biasa,Belanja Perjalanan Dinas Biasa
476,1698,1.0,Belanja Perjalanan Dinas Biasa,Belanja Perjalanan Dinas Biasa
476,1696,1.0,Belanja Perjalanan Dinas Biasa,Belanja Perjalanan Dinas Biasa
476,1699,1.0,Belanja Perjalanan Dinas Biasa,Belanja Perjalanan Dinas Biasa
476,1701,1.0,Belanja Perjalanan Dinas Biasa,Belanja Perjalanan Dinas Biasa
476,1697,1.0,Belanja Perjalanan Dinas Biasa,Belanja Perjalanan Dinas Biasa
477,1698,1.0,Belanja Perjalanan Dinas Biasa,Belanja Perjalanan Dinas Biasa
477,1696,1.0,Belanja Perjalanan Dinas Biasa,Belanja Perjalanan Dinas Biasa
477,1699,1.0,Belanja Perjalanan Dinas Biasa,Belanja Perjalanan Dinas Biasa
477,1701,1.0,Belanja Perjalanan Dinas Biasa,Belanja Perjalanan Dinas Biasa
477,1697,1.0,Belanja Perjalanan Dinas Biasa,Belanja Perjalanan Dinas Biasa
478,1698,1.0,Belanja Perjalanan Dinas Biasa,Belanja Perjalanan Dinas Biasa
478,1696,1.0,Belanja Perjalanan Dinas Biasa,Belanja Perjalanan Dinas Biasa
478,1699,1.0,Belanja Perjalanan Dinas Biasa,Belanja Perjalanan Dinas Biasa
478,1701,1.0,Belanja Perjalanan Dinas Biasa,Belanja Perjalanan Dinas Biasa
478,1697,1.0,Belanja Perjalanan Dinas Biasa,Belanja Perjalanan Dinas Biasa
479,1698,1.0,Belanja Perjalanan Dinas Biasa,Belanja Perjalanan Dinas Biasa
479,1696,1.0,Belanja Perjalanan Dinas Biasa,Belanja Perjalanan Dinas Biasa
479,1699,1.0,Belanja Perjalanan Dinas Biasa,Belanja Perjalanan Dinas Biasa
479,1701,1.0,Belanja Perjalanan Dinas Biasa,Belanja Perjalanan Dinas Biasa
479,1697,1.0,Belanja Perjalanan Dinas Biasa,Belanja Perjalanan Dinas Biasa
480,1698,1.0,Belanja Perjalanan Dinas Biasa,Belanja Perjalanan Dinas Biasa
480,1696,1.0,Belanja Perjalanan Dinas Biasa,Belanja Perjalanan Dinas Biasa
480,1699,1.0,Belanja Perjalanan Dinas Biasa,Belanja Perjalanan Dinas Biasa
480,1701,1.0,Belanja Perjalanan Dinas Biasa,Belanja Perjalanan Dinas Biasa
480,1697,1.0,Belanja Perjalanan Dinas Biasa,Belanja Perjalanan Dinas Biasa
481,1698,1.0,Belanja Perjalanan Dinas Biasa,Belanja Perjalanan Dinas Biasa
481,1696,1.0,Belanja Perjalanan Dinas Biasa,Belanja Perjalanan Dinas Biasa
481,1699,1.0,Belanja Perjalanan Dinas Biasa,Belanja Perjalanan Dinas Biasa
481,1701,1.0,Belanja Perjalanan Dinas Biasa,Belanja Perjalanan Dinas Biasa
481,1697,1.0,Belanja Perjalanan Dinas Biasa,Belanja Perjalanan Dinas Biasa
482,1698,1.0,Belanja Perjalanan Dinas Biasa,Belanja Perjalanan Dinas Biasa
482,1696,1.0,Belanja Perjalanan Dinas Biasa,Belanja Perjalanan Dinas Biasa
482,1699,1.0,Belanja Perjalanan Dinas Biasa,Belanja Perjalanan Dinas Biasa
482,1701,1.0,Belanja Perjalanan Dinas Biasa,Belanja Perjalanan Dinas Biasa
482,1697,1.0,Belanja Perjalanan Dinas Biasa,Belanja Perjalanan Dinas Biasa
483,1698,1.0,Belanja Perjalanan Dinas Biasa,Belanja Perjalanan Dinas Biasa
483,1696,1.0,Belanja Perjalanan Dinas Biasa,Belanja Perjalanan Dinas Biasa
483,1699,1.0,Belanja Perjalanan Dinas Biasa,Belanja Perjalanan Dinas Biasa
483,1701,1.0,Belanja Perjalanan Dinas Biasa,Belanja Perjalanan Dinas Biasa
483,1697,1.0,Belanja Perjalanan Dinas Biasa,Belanja Perjalanan Dinas Biasa
484,1698,1.0,Belanja Perjalanan Dinas Biasa,Belanja Perjalanan Dinas Biasa
484,1696,1.0,Belanja Perjalanan Dinas Biasa,Belanja Perjalanan Dinas Biasa
484,1699,1.0,Belanja Perjalanan Dinas Biasa,Belanja Perjalanan Dinas Biasa
484,1701,1.0,Belanja Perjalanan Dinas Biasa,Belanja Perjalanan Dinas Biasa
484,1697,1.0,Belanja Perjalanan Dinas Biasa,Belanja Perjalanan Dinas Biasa
486,1698,1.0,Belanja Perjalanan Dinas Biasa,Belanja Perjalanan Dinas Biasa
486,1696,1.0,Belanja Perjalanan Dinas Biasa,Belanja Perjalanan Dinas Biasa
486,1699,1.0,Belanja Perjalanan Dinas Biasa,Belanja Perjalanan Dinas Biasa
486,1701,1.0,Belanja Perjalanan Dinas Biasa,Belanja Perjalanan Dinas Biasa
486,1697,1.0,Belanja Perjalanan Dinas Biasa,Belanja Perjalanan Dinas Biasa
487,1698,1.0,Belanja Perjalanan Dinas Biasa,Belanja Perjalanan Dinas Biasa
487,1696,1.0,Belanja Perjalanan Dinas Biasa,Belanja Perjalanan Dinas Biasa
487,1699,1.0,Belanja Perjalanan Dinas Biasa,Belanja Perjalanan Dinas Biasa
487,1701,1.0,Belanja Perjalanan Dinas Biasa,Belanja Perjalanan Dinas Biasa
487,1697,1.0,Belanja Perjalanan Dinas Biasa,Belanja Perjalanan Dinas Biasa
488,1698,1.0,Belanja Perjalanan Dinas Biasa,Belanja Perjalanan Dinas Biasa
488,1696,1.0,Belanja Perjalanan Dinas Biasa,Belanja Perjalanan Dinas Biasa
488,1699,1.0,Belanja Perjalanan Dinas Biasa,Belanja Perjalanan Dinas Biasa
488,1701,1.0,Belanja Perjalanan Dinas Biasa,Belanja Perjalanan Dinas Biasa
488,1697,1.0,Belanja Perjalanan Dinas Biasa,Belanja Perjalanan Dinas Biasa
489,1698,1.0,Belanja Perjalanan Dinas Biasa,Belanja Perjalanan Dinas Biasa
489,1696,1.0,Belanja Perjalanan Dinas Biasa,Belanja Perjalanan Dinas Biasa
489,1699,1.0,Belanja Perjalanan Dinas Biasa,Belanja Perjalanan Dinas Biasa
489,1701,1.0,Belanja Perjalanan Dinas Biasa,Belanja Perjalanan Dinas Biasa
489,1697,1.0,Belanja Perjalanan Dinas Biasa,Belanja Perjalanan Dinas Biasa
491,1698,1.0,Belanja Perjalanan Dinas Biasa,Belanja Perjalanan Dinas Biasa
491,1696,1.0,Belanja Perjalanan Dinas Biasa,Belanja Perjalanan Dinas Biasa
491,1699,1.0,Belanja Perjalanan Dinas Biasa,Belanja Perjalanan Dinas Biasa
491,1701,1.0,Belanja Perjalanan Dinas Biasa,Belanja Perjalanan Dinas Biasa
491,1697,1.0,Belanja Perjalanan Dinas Biasa,Belanja Perjalanan Dinas Biasa
492,1698,1.0,Belanja Perjalanan Dinas Biasa,Belanja Perjalanan Dinas Biasa
492,1696,1.0,Belanja Perjalanan Dinas Biasa,Belanja Perjalanan Dinas Biasa
492,1699,1.0,Belanja Perjalanan Dinas Biasa,Belanja Perjalanan Dinas Biasa
492,1701,1.0,Belanja Perjalanan Dinas Biasa,Belanja Perjalanan Dinas Biasa
492,1697,1.0,Belanja Perjalanan Dinas Biasa,Belanja Perjalanan Dinas Biasa
496,1698,1.0,Belanja Perjalanan Dinas Biasa,Belanja Perjalanan Dinas Biasa
496,1696,1.0,Belanja Perjalanan Dinas Biasa,Belanja Perjalanan Dinas Biasa
496,1699,1.0,Belanja Perjalanan Dinas Biasa,Belanja Perjalanan Dinas Biasa
496,1701,1.0,Belanja Perjalanan Dinas Biasa,Belanja Perjalanan Dinas Biasa
496,1697,1.0,Belanja Perjalanan Dinas Biasa,Belanja Perjalanan Dinas Biasa
497,1698,1.0,Belanja Perjalanan Dinas Biasa,Belanja Perjalanan Dinas Biasa
497,1696,1.0,Belanja Perjalanan Dinas Biasa,Belanja Perjalanan Dinas Biasa
497,1699,1.0,Belanja Perjalanan Dinas Biasa,Belanja Perjalanan Dinas Biasa
497,1701,1.0,Belanja Perjalanan Dinas Biasa,Belanja Perjalanan Dinas Biasa
497,1697,1.0,Belanja Perjalanan Dinas Biasa,Belanja Perjalanan Dinas Biasa
498,1698,1.0,Belanja Perjalanan Dinas Biasa,Belanja Perjalanan Dinas Biasa
498,1696,1.0,Belanja Perjalanan Dinas Biasa,Belanja Perjalanan Dinas Biasa
498,1699,1.0,Belanja Perjalanan Dinas Biasa,Belanja Perjalanan Dinas Biasa
498,1701,1.0,Belanja Perjalanan Dinas Biasa,Belanja Perjalanan Dinas Biasa
498,1697,1.0,Belanja Perjalanan Dinas Biasa,Belanja Perjalanan Dinas Biasa
499,1698,1.0,Belanja Perjalanan Dinas Biasa,Belanja Perjalanan Dinas Biasa
499,1696,1.0,Belanja Perjalanan Dinas Biasa,Belanja Perjalanan Dinas Biasa
499,1699,1.0,Belanja Perjalanan Dinas Biasa,Belanja Perjalanan Dinas Biasa
499,1701,1.0,Belanja Perjalanan Dinas Biasa,Belanja Perjalanan Dinas Biasa
499,1697,1.0,Belanja Perjalanan Dinas Biasa,Belanja Perjalanan Dinas Biasa
500,1698,1.0,Belanja Perjalanan Dinas Biasa,Belanja Perjalanan Dinas Biasa
500,1696,1.0,Belanja Perjalanan Dinas Biasa,Belanja Perjalanan Dinas Biasa
500,1699,1.0,Belanja Perjalanan Dinas Biasa,Belanja Perjalanan Dinas Biasa
500,1701,1.0,Belanja Perjalanan Dinas Biasa,Belanja Perjalanan Dinas Biasa
500,1697,1.0,Belanja Perjalanan Dinas Biasa,Belanja Perjalanan Dinas Biasa
501,1698,1.0,Belanja Perjalanan Dinas Biasa,Belanja Perjalanan Dinas Biasa
501,1696,1.0,Belanja Perjalanan Dinas Biasa,Belanja Perjalanan Dinas Biasa
501,1699,1.0,Belanja Perjalanan Dinas Biasa,Belanja Perjalanan Dinas Biasa
501,1701,1.0,Belanja Perjalanan Dinas Biasa,Belanja Perjalanan Dinas Biasa
501,1697,1.0,Belanja Perjalanan Dinas Biasa,Belanja Perjalanan Dinas Biasa
502,1698,1.0,Belanja perjalanan dinas biasa,Belanja Perjalanan Dinas Biasa
502,1696,1.0,Belanja perjalanan dinas biasa,Belanja Perjalanan Dinas Biasa
502,1699,1.0,Belanja perjalanan dinas biasa,Belanja Perjalanan Dinas Biasa
502,1701,1.0,Belanja perjalanan dinas biasa,Belanja Perjalanan Dinas Biasa
502,1697,1.0,Belanja perjalanan dinas biasa,Belanja Perjalanan Dinas Biasa
503,1698,1.0,Belanja perjalanan dinas biasa,Belanja Perjalanan Dinas Biasa
503,1696,1.0,Belanja perjalanan dinas biasa,Belanja Perjalanan Dinas Biasa
503,1699,1.0,Belanja perjalanan dinas biasa,Belanja Perjalanan Dinas Biasa
503,1701,1.0,Belanja perjalanan dinas biasa,Belanja Perjalanan Dinas Biasa
503,1697,1.0,Belanja perjalanan dinas biasa,Belanja Perjalanan Dinas Biasa
504,1698,1.0,Belanja perjalanan dinas biasa,Belanja Perjalanan Dinas Biasa
504,1696,1.0,Belanja perjalanan dinas biasa,Belanja Perjalanan Dinas Biasa
504,1699,1.0,Belanja perjalanan dinas biasa,Belanja Perjalanan Dinas Biasa
504,1701,1.0,Belanja perjalanan dinas biasa,Belanja Perjalanan Dinas Biasa
504,1697,1.0,Belanja perjalanan dinas biasa,Belanja Perjalanan Dinas Biasa
505,1698,1.0,Belanja perjalanan dinas biasa,Belanja Perjalanan Dinas Biasa
505,1696,1.0,Belanja perjalanan dinas biasa,Belanja Perjalanan Dinas Biasa
505,1699,1.0,Belanja perjalanan dinas biasa,Belanja Perjalanan Dinas Biasa
505,1701,1.0,Belanja perjalanan dinas biasa,Belanja Perjalanan Dinas Biasa
505,1697,1.0,Belanja perjalanan dinas biasa,Belanja Perjalanan Dinas Biasa
506,1698,1.0,Belanja Perjalanan Dinas Biasa,Belanja Perjalanan Dinas Biasa
506,1696,1.0,Belanja Perjalanan Dinas Biasa,Belanja Perjalanan Dinas Biasa
506,1699,1.0,Belanja Perjalanan Dinas Biasa,Belanja Perjalanan Dinas Biasa
506,1701,1.0,Belanja Perjalanan Dinas Biasa,Belanja Perjalanan Dinas Biasa
506,1697,1.0,Belanja Perjalanan Dinas Biasa,Belanja Perjalanan Dinas Biasa
507,1698,1.0,Belanja Perjalanan Dinas Biasa,Belanja Perjalanan Dinas Biasa
507,1696,1.0,Belanja Perjalanan Dinas Biasa,Belanja Perjalanan Dinas Biasa
507,1699,1.0,Belanja Perjalanan Dinas Biasa,Belanja Perjalanan Dinas Biasa
507,1701,1.0,Belanja Perjalanan Dinas Biasa,Belanja Perjalanan Dinas Biasa
507,1697,1.0,Belanja Perjalanan Dinas Biasa,Belanja Perjalanan Dinas Biasa
508,1698,1.0,Belanja Perjalanan Dinas Biasa,Belanja Perjalanan Dinas Biasa
508,1696,1.0,Belanja Perjalanan Dinas Biasa,Belanja Perjalanan Dinas Biasa
508,1699,1.0,Belanja Perjalanan Dinas Biasa,Belanja Perjalanan Dinas Biasa
508,1701,1.0,Belanja Perjalanan Dinas Biasa,Belanja Perjalanan Dinas Biasa
508,1697,1.0,Belanja Perjalanan Dinas Biasa,Belanja Perjalanan Dinas Biasa
509,1698,1.0,Belanja Perjalanan Dinas Biasa,Belanja Perjalanan Dinas Biasa
509,1696,1.0,Belanja Perjalanan Dinas Biasa,Belanja Perjalanan Dinas Biasa
509,1699,1.0,Belanja Perjalanan Dinas Biasa,Belanja Perjalanan Dinas Biasa
509,1701,1.0,Belanja Perjalanan Dinas Biasa,Belanja Perjalanan Dinas Biasa
509,1697,1.0,Belanja Perjalanan Dinas Biasa,Belanja Perjalanan Dinas Biasa
510,1698,1.0,Belanja Perjalanan Dinas Biasa,Belanja Perjalanan Dinas Biasa
510,1696,1.0,Belanja Perjalanan Dinas Biasa,Belanja Perjalanan Dinas Biasa
510,1699,1.0,Belanja Perjalanan Dinas Biasa,Belanja Perjalanan Dinas Biasa
510,1701,1.0,Belanja Perjalanan Dinas Biasa,Belanja Perjalanan Dinas Biasa
510,1697,1.0,Belanja Perjalanan Dinas Biasa,Belanja Perjalanan Dinas Biasa
511,1698,1.0,Belanja Perjalanan Dinas Biasa,Belanja Perjalanan Dinas Biasa
511,1696,1.0,Belanja Perjalanan Dinas Biasa,Belanja Perjalanan Dinas Biasa
511,1699,1.0,Belanja Perjalanan Dinas Biasa,Belanja Perjalanan Dinas Biasa
511,1701,1.0,Belanja Perjalanan Dinas Biasa,Belanja Perjalanan Dinas Biasa
511,1697,1.0,Belanja Perjalanan Dinas Biasa,Belanja Perjalanan Dinas Biasa
513,1698,1.0,Belanja Perjalanan Dinas Biasa,Belanja Perjalanan Dinas Biasa
513,1696,1.0,Belanja Perjalanan Dinas Biasa,Belanja Perjalanan Dinas Biasa
513,1699,1.0,Belanja Perjalanan Dinas Biasa,Belanja Perjalanan Dinas Biasa
513,1701,1.0,Belanja Perjalanan Dinas Biasa,Belanja Perjalanan Dinas Biasa
513,1697,1.0,Belanja Perjalanan Dinas Biasa,Belanja Perjalanan Dinas Biasa
514,1698,1.0,Belanja Perjalanan Dinas Biasa,Belanja Perjalanan Dinas Biasa
514,1696,1.0,Belanja Perjalanan Dinas Biasa,Belanja Perjalanan Dinas Biasa
514,1699,1.0,Belanja Perjalanan Dinas Biasa,Belanja Perjalanan Dinas Biasa
514,1701,1.0,Belanja Perjalanan Dinas Biasa,Belanja Perjalanan Dinas Biasa
514,1697,1.0,Belanja Perjalanan Dinas Biasa,Belanja Perjalanan Dinas Biasa
515,1698,1.0,Belanja Perjalanan Dinas Biasa,Belanja Perjalanan Dinas Biasa
515,1696,1.0,Belanja Perjalanan Dinas Biasa,Belanja Perjalanan Dinas Biasa
515,1699,1.0,Belanja Perjalanan Dinas Biasa,Belanja Perjalanan Dinas Biasa
515,1701,1.0,Belanja Perjalanan Dinas Biasa,Belanja Perjalanan Dinas Biasa
515,1697,1.0,Belanja Perjalanan Dinas Biasa,Belanja Perjalanan Dinas Biasa
516,1698,1.0,Belanja Perjalanan Dinas Biasa,Belanja Perjalanan Dinas Biasa
516,1696,1.0,Belanja Perjalanan Dinas Biasa,Belanja Perjalanan Dinas Biasa
516,1699,1.0,Belanja Perjalanan Dinas Biasa,Belanja Perjalanan Dinas Biasa
516,1701,1.0,Belanja Perjalanan Dinas Biasa,Belanja Perjalanan Dinas Biasa
516,1697,1.0,Belanja Perjalanan Dinas Biasa,Belanja Perjalanan Dinas Biasa
517,1698,1.0,Belanja Perjalanan Dinas Biasa,Belanja Perjalanan Dinas Biasa
517,1696,1.0,Belanja Perjalanan Dinas Biasa,Belanja Perjalanan Dinas Biasa
517,1699,1.0,Belanja Perjalanan Dinas Biasa,Belanja Perjalanan Dinas Biasa
517,1701,1.0,Belanja Perjalanan Dinas Biasa,Belanja Perjalanan Dinas Biasa
517,1697,1.0,Belanja Perjalanan Dinas Biasa,Belanja Perjalanan Dinas Biasa
519,1698,1.0,Belanja Perjalanan Dinas Biasa,Belanja Perjalanan Dinas Biasa
519,1696,1.0,Belanja Perjalanan Dinas Biasa,Belanja Perjalanan Dinas Biasa
519,1699,1.0,Belanja Perjalanan Dinas Biasa,Belanja Perjalanan Dinas Biasa
519,1701,1.0,Belanja Perjalanan Dinas Biasa,Belanja Perjalanan Dinas Biasa
519,1697,1.0,Belanja Perjalanan Dinas Biasa,Belanja Perjalanan Dinas Biasa
520,521,1.0,Belanja Perjalanan Dinas Biasa (Biro PBJ),Belanja Perjalanan Dinas Biasa (Biro PBJ)
522,1698,1.0,Belanja Perjalanan Dinas Biasa,Belanja Perjalanan Dinas Biasa
522,1696,1.0,Belanja Perjalanan Dinas Biasa,Belanja Perjalanan Dinas Biasa
522,1699,1.0,Belanja Perjalanan Dinas Biasa,Belanja Perjalanan Dinas Biasa
522,1701,1.0,Belanja Perjalanan Dinas Biasa,Belanja Perjalanan Dinas Biasa
522,1697,1.0,Belanja Perjalanan Dinas Biasa,Belanja Perjalanan Dinas Biasa
523,1698,1.0,Belanja Perjalanan Dinas Biasa,Belanja Perjalanan Dinas Biasa
523,1696,1.0,Belanja Perjalanan Dinas Biasa,Belanja Perjalanan Dinas Biasa
523,1699,1.0,Belanja Perjalanan Dinas Biasa,Belanja Perjalanan Dinas Biasa
523,1701,1.0,Belanja Perjalanan Dinas Biasa,Belanja Perjalanan Dinas Biasa
523,1697,1.0,Belanja Perjalanan Dinas Biasa,Belanja Perjalanan Dinas Biasa
524,1698,1.0,Belanja Perjalanan Dinas Biasa,Belanja Perjalanan Dinas Biasa
524,1696,1.0,Belanja Perjalanan Dinas Biasa,Belanja Perjalanan Dinas Biasa
524,1699,1.0,Belanja Perjalanan Dinas Biasa,Belanja Perjalanan Dinas Biasa
524,1701,1.0,Belanja Perjalanan Dinas Biasa,Belanja Perjalanan Dinas Biasa
524,1697,1.0,Belanja Perjalanan Dinas Biasa,Belanja Perjalanan Dinas Biasa
525,1698,1.0,Belanja Perjalanan Dinas Biasa,Belanja Perjalanan Dinas Biasa
525,1696,1.0,Belanja Perjalanan Dinas Biasa,Belanja Perjalanan Dinas Biasa
525,1699,1.0,Belanja Perjalanan Dinas Biasa,Belanja Perjalanan Dinas Biasa
525,1701,1.0,Belanja Perjalanan Dinas Biasa,Belanja Perjalanan Dinas Biasa
525,1697,1.0,Belanja Perjalanan Dinas Biasa,Belanja Perjalanan Dinas Biasa
526,1698,1.0,Belanja Perjalanan Dinas Biasa,Belanja Perjalanan Dinas Biasa
526,1696,1.0,Belanja Perjalanan Dinas Biasa,Belanja Perjalanan Dinas Biasa
526,1699,1.0,Belanja Perjalanan Dinas Biasa,Belanja Perjalanan Dinas Biasa
526,1701,1.0,Belanja Perjalanan Dinas Biasa,Belanja Perjalanan Dinas Biasa
526,1697,1.0,Belanja Perjalanan Dinas Biasa,Belanja Perjalanan Dinas Biasa
527,1698,1.0,Belanja Perjalanan Dinas Biasa,Belanja Perjalanan Dinas Biasa
527,1696,1.0,Belanja Perjalanan Dinas Biasa,Belanja Perjalanan Dinas Biasa
527,1699,1.0,Belanja Perjalanan Dinas Biasa,Belanja Perjalanan Dinas Biasa
527,1701,1.0,Belanja Perjalanan Dinas Biasa,Belanja Perjalanan Dinas Biasa
527,1697,1.0,Belanja Perjalanan Dinas Biasa,Belanja Perjalanan Dinas Biasa
528,13,0.8044798682785981,Belanja Perjalanan Dinas Biasa Sub Kegiatan Penyelenggaraan Rapat Koordinasi,Belanja Perjalanan Dinas Biasa sub kegiatan Penyelenggaraan Rapat Koordinasi dan Konsultasi SKPD
529,1698,1.0,Belanja Perjalanan Dinas Biasa,Belanja Perjalanan Dinas Biasa
529,1696,1.0,Belanja Perjalanan Dinas Biasa,Belanja Perjalanan Dinas Biasa
529,1699,1.0,Belanja Perjalanan Dinas Biasa,Belanja Perjalanan Dinas Biasa
529,1701,1.0,Belanja Perjalanan Dinas Biasa,Belanja Perjalanan Dinas Biasa
529,1697,1.0,Belanja Perjalanan Dinas Biasa,Belanja Perjalanan Dinas Biasa
530,1698,1.0,Belanja Perjalanan Dinas Biasa,Belanja Perjalanan Dinas Biasa
530,1696,1.0,Belanja Perjalanan Dinas Biasa,Belanja Perjalanan Dinas Biasa
530,1699,1.0,Belanja Perjalanan Dinas Biasa,Belanja Perjalanan Dinas Biasa
530,1701,1.0,Belanja Perjalanan Dinas Biasa,Belanja Perjalanan Dinas Biasa
530,1697,1.0,Belanja Perjalanan Dinas Biasa,Belanja Perjalanan Dinas Biasa
531,1698,1.0,Belanja Perjalanan Dinas Biasa,Belanja Perjalanan Dinas Biasa
531,1696,1.0,Belanja Perjalanan Dinas Biasa,Belanja Perjalanan Dinas Biasa
531,1699,1.0,Belanja Perjalanan Dinas Biasa,Belanja Perjalanan Dinas Biasa
531,1701,1.0,Belanja Perjalanan Dinas Biasa,Belanja Perjalanan Dinas Biasa
531,1697,1.0,Belanja Perjalanan Dinas Biasa,Belanja Perjalanan Dinas Biasa
532,1698,1.0,Belanja Perjalanan Dinas Biasa,Belanja Perjalanan Dinas Biasa
532,1696,1.0,Belanja Perjalanan Dinas Biasa,Belanja Perjalanan Dinas Biasa
532,1699,1.0,Belanja Perjalanan Dinas Biasa,Belanja Perjalanan Dinas Biasa
532,1701,1.0,Belanja Perjalanan Dinas Biasa,Belanja Perjalanan Dinas Biasa
532,1697,1.0,Belanja Perjalanan Dinas Biasa,Belanja Perjalanan Dinas Biasa
533,1698,1.0,Belanja Perjalanan Dinas Biasa,Belanja Perjalanan Dinas Biasa
533,1696,1.0,Belanja Perjalanan Dinas Biasa,Belanja Perjalanan Dinas Biasa
533,1699,1.0,Belanja Perjalanan Dinas Biasa,Belanja Perjalanan Dinas Biasa
533,1701,1.0,Belanja Perjalanan Dinas Biasa,Belanja Perjalanan Dinas Biasa
533,1697,1.0,Belanja Perjalanan Dinas Biasa,Belanja Perjalanan Dinas Biasa
534,1698,1.0,Belanja Perjalanan Dinas Biasa,Belanja Perjalanan Dinas Biasa
534,1696,1.0,Belanja Perjalanan Dinas Biasa,Belanja Perjalanan Dinas Biasa
534,1699,1.0,Belanja Perjalanan Dinas Biasa,Belanja Perjalanan Dinas Biasa
534,1701,1.0,Belanja Perjalanan Dinas Biasa,Belanja Perjalanan Dinas Biasa
534,1697,1.0,Belanja Perjalanan Dinas Biasa,Belanja Perjalanan Dinas Biasa
535,1698,1.0,Belanja Perjalanan Dinas Biasa,Belanja Perjalanan Dinas Biasa
535,1696,1.0,Belanja Perjalanan Dinas Biasa,Belanja Perjalanan Dinas Biasa
535,1699,1.0,Belanja Perjalanan Dinas Biasa,Belanja Perjalanan Dinas Biasa
535,1701,1.0,Belanja Perjalanan Dinas Biasa,Belanja Perjalanan Dinas Biasa
535,1697,1.0,Belanja Perjalanan Dinas Biasa,Belanja Perjalanan Dinas Biasa
536,1698,1.0,Belanja Perjalanan Dinas Biasa,Belanja Perjalanan Dinas Biasa
536,1696,1.0,Belanja Perjalanan Dinas Biasa,Belanja Perjalanan Dinas Biasa
536,1699,1.0,Belanja Perjalanan Dinas Biasa,Belanja Perjalanan Dinas Biasa
536,1701,1.0,Belanja Perjalanan Dinas Biasa,Belanja Perjalanan Dinas Biasa
536,1697,1.0,Belanja Perjalanan Dinas Biasa,Belanja Perjalanan Dinas Biasa
538,1698,1.0,Belanja Perjalanan Dinas Biasa,Belanja Perjalanan Dinas Biasa
538,1696,1.0,Belanja Perjalanan Dinas Biasa,Belanja Perjalanan Dinas Biasa
538,1699,1.0,Belanja Perjalanan Dinas Biasa,Belanja Perjalanan Dinas Biasa
538,1701,1.0,Belanja Perjalanan Dinas Biasa,Belanja Perjalanan Dinas Biasa
538,1697,1.0,Belanja Perjalanan Dinas Biasa,Belanja Perjalanan Dinas Biasa
540,1698,1.0,Belanja Perjalanan Dinas Biasa,Belanja Perjalanan Dinas Biasa
540,1696,1.0,Belanja Perjalanan Dinas Biasa,Belanja Perjalanan Dinas Biasa
540,1699,1.0,Belanja Perjalanan Dinas Biasa,Belanja Perjalanan Dinas Biasa
540,1701,1.0,Belanja Perjalanan Dinas Biasa,Belanja Perjalanan Dinas Biasa
540,1697,1.0,Belanja Perjalanan Dinas Biasa,Belanja Perjalanan Dinas Biasa
541,1698,1.0,Belanja Perjalanan Dinas Biasa,Belanja Perjalanan Dinas Biasa
541,1696,1.0,Belanja Perjalanan Dinas Biasa,Belanja Perjalanan Dinas Biasa
541,1699,1.0,Belanja Perjalanan Dinas Biasa,Belanja Perjalanan Dinas Biasa
541,1701,1.0,Belanja Perjalanan Dinas Biasa,Belanja Perjalanan Dinas Biasa
541,1697,1.0,Belanja Perjalanan Dinas Biasa,Belanja Perjalanan Dinas Biasa
542,1698,1.0,Belanja Perjalanan Dinas Biasa,Belanja Perjalanan Dinas Biasa
542,1696,1.0,Belanja Perjalanan Dinas Biasa,Belanja Perjalanan Dinas Biasa
542,1699,1.0,Belanja Perjalanan Dinas Biasa,Belanja Perjalanan Dinas Biasa
542,1701,1.0,Belanja Perjalanan Dinas Biasa,Belanja Perjalanan Dinas Biasa
542,1697,1.0,Belanja Perjalanan Dinas Biasa,Belanja Perjalanan Dinas Biasa
543,1698,1.0,Belanja Perjalanan Dinas Biasa,Belanja Perjalanan Dinas Biasa
543,1696,1.0,Belanja Perjalanan Dinas Biasa,Belanja Perjalanan Dinas Biasa
543,1699,1.0,Belanja Perjalanan Dinas Biasa,Belanja Perjalanan Dinas Biasa
543,1701,1.0,Belanja Perjalanan Dinas Biasa,Belanja Perjalanan Dinas Biasa
543,1697,1.0,Belanja Perjalanan Dinas Biasa,Belanja Perjalanan Dinas Biasa
544,1698,1.0,Belanja Perjalanan Dinas Biasa,Belanja Perjalanan Dinas Biasa
544,1696,1.0,Belanja Perjalanan Dinas Biasa,Belanja Perjalanan Dinas Biasa
544,1699,1.0,Belanja Perjalanan Dinas Biasa,Belanja Perjalanan Dinas Biasa
544,1701,1.0,Belanja Perjalanan Dinas Biasa,Belanja Perjalanan Dinas Biasa
544,1697,1.0,Belanja Perjalanan Dinas Biasa,Belanja Perjalanan Dinas Biasa
545,1698,1.0,Belanja Perjalanan Dinas Biasa,Belanja Perjalanan Dinas Biasa
545,1696,1.0,Belanja Perjalanan Dinas Biasa,Belanja Perjalanan Dinas Biasa
545,1699,1.0,Belanja Perjalanan Dinas Biasa,Belanja Perjalanan Dinas Biasa
545,1701,1.0,Belanja Perjalanan Dinas Biasa,Belanja Perjalanan Dinas Biasa
545,1697,1.0,Belanja Perjalanan Dinas Biasa,Belanja Perjalanan Dinas Biasa
546,1698,1.0,Belanja Perjalanan Dinas Biasa,Belanja Perjalanan Dinas Biasa
546,1696,1.0,Belanja Perjalanan Dinas Biasa,Belanja Perjalanan Dinas Biasa
546,1699,1.0,Belanja Perjalanan Dinas Biasa,Belanja Perjalanan Dinas Biasa
546,1701,1.0,Belanja Perjalanan Dinas Biasa,Belanja Perjalanan Dinas Biasa
546,1697,1.0,Belanja Perjalanan Dinas Biasa,Belanja Perjalanan Dinas Biasa
547,1698,1.0,Belanja Perjalanan Dinas Biasa,Belanja Perjalanan Dinas Biasa
547,1696,1.0,Belanja Perjalanan Dinas Biasa,Belanja Perjalanan Dinas Biasa
547,1699,1.0,Belanja Perjalanan Dinas Biasa,Belanja Perjalanan Dinas Biasa
547,1701,1.0,Belanja Perjalanan Dinas Biasa,Belanja Perjalanan Dinas Biasa
547,1697,1.0,Belanja Perjalanan Dinas Biasa,Belanja Perjalanan Dinas Biasa
548,1698,1.0,Belanja Perjalanan Dinas Biasa,Belanja Perjalanan Dinas Biasa
548,1696,1.0,Belanja Perjalanan Dinas Biasa,Belanja Perjalanan Dinas Biasa
548,1699,1.0,Belanja Perjalanan Dinas Biasa,Belanja Perjalanan Dinas Biasa
548,1701,1.0,Belanja Perjalanan Dinas Biasa,Belanja Perjalanan Dinas Biasa
548,1697,1.0,Belanja Perjalanan Dinas Biasa,Belanja Perjalanan Dinas Biasa
549,1698,1.0,Belanja Perjalanan Dinas Biasa,Belanja Perjalanan Dinas Biasa
549,1696,1.0,Belanja Perjalanan Dinas Biasa,Belanja Perjalanan Dinas Biasa
549,1699,1.0,Belanja Perjalanan Dinas Biasa,Belanja Perjalanan Dinas Biasa
549,1701,1.0,Belanja Perjalanan Dinas Biasa,Belanja Perjalanan Dinas Biasa
549,1697,1.0,Belanja Perjalanan Dinas Biasa,Belanja Perjalanan Dinas Biasa
550,1698,1.0,Belanja Perjalanan Dinas Biasa,Belanja Perjalanan Dinas Biasa
550,1696,1.0,Belanja Perjalanan Dinas Biasa,Belanja Perjalanan Dinas Biasa
550,1699,1.0,Belanja Perjalanan Dinas Biasa,Belanja Perjalanan Dinas Biasa
550,1701,1.0,Belanja Perjalanan Dinas Biasa,Belanja Perjalanan Dinas Biasa
550,1697,1.0,Belanja Perjalanan Dinas Biasa,Belanja Perjalanan Dinas Biasa
556,1698,1.0,Belanja Perjalanan Dinas Biasa,Belanja Perjalanan Dinas Biasa
556,1696,1.0,Belanja Perjalanan Dinas Biasa,Belanja Perjalanan Dinas Biasa
556,1699,1.0,Belanja Perjalanan Dinas Biasa,Belanja Perjalanan Dinas Biasa
556,1701,1.0,Belanja Perjalanan Dinas Biasa,Belanja Perjalanan Dinas Biasa
556,1697,1.0,Belanja Perjalanan Dinas Biasa,Belanja Perjalanan Dinas Biasa
557,1698,1.0,Belanja Perjalanan Dinas Biasa,Belanja Perjalanan Dinas Biasa
557,1696,1.0,Belanja Perjalanan Dinas Biasa,Belanja Perjalanan Dinas Biasa
557,1699,1.0,Belanja Perjalanan Dinas Biasa,Belanja Perjalanan Dinas Biasa
557,1701,1.0,Belanja Perjalanan Dinas Biasa,Belanja Perjalanan Dinas Biasa
557,1697,1.0,Belanja Perjalanan Dinas Biasa,Belanja Perjalanan Dinas Biasa
558,1698,1.0,Belanja Perjalanan Dinas Biasa,Belanja Perjalanan Dinas Biasa
558,1696,1.0,Belanja Perjalanan Dinas Biasa,Belanja Perjalanan Dinas Biasa
558,1699,1.0,Belanja Perjalanan Dinas Biasa,Belanja Perjalanan Dinas Biasa
558,1701,1.0,Belanja Perjalanan Dinas Biasa,Belanja Perjalanan Dinas Biasa
558,1697,1.0,Belanja Perjalanan Dinas Biasa,Belanja Perjalanan Dinas Biasa
559,1698,1.0,Belanja Perjalanan Dinas Biasa,Belanja Perjalanan Dinas Biasa
559,1696,1.0,Belanja Perjalanan Dinas Biasa,Belanja Perjalanan Dinas Biasa
559,1699,1.0,Belanja Perjalanan Dinas Biasa,Belanja Perjalanan Dinas Biasa
559,1701,1.0,Belanja Perjalanan Dinas Biasa,Belanja Perjalanan Dinas Biasa
559,1697,1.0,Belanja Perjalanan Dinas Biasa,Belanja Perjalanan Dinas Biasa
560,1698,1.0,Belanja perjalanan dinas biasa,Belanja Perjalanan Dinas Biasa
560,1696,1.0,Belanja perjalanan dinas biasa,Belanja Perjalanan Dinas Biasa
560,1699,1.0,Belanja perjalanan dinas biasa,Belanja Perjalanan Dinas Biasa
560,1701,1.0,Belanja perjalanan dinas biasa,Belanja Perjalanan Dinas Biasa
560,1697,1.0,Belanja perjalanan dinas biasa,Belanja Perjalanan Dinas Biasa
561,1698,1.0,Belanja perjalanan dinas biasa,Belanja Perjalanan Dinas Biasa
561,1696,1.0,Belanja perjalanan dinas biasa,Belanja Perjalanan Dinas Biasa
561,1699,1.0,Belanja perjalanan dinas biasa,Belanja Perjalanan Dinas Biasa
561,1701,1.0,Belanja perjalanan dinas biasa,Belanja Perjalanan Dinas Biasa
561,1697,1.0,Belanja perjalanan dinas biasa,Belanja Perjalanan Dinas Biasa
562,1698,1.0,Belanja perjalanan dinas biasa,Belanja Perjalanan Dinas Biasa
562,1696,1.0,Belanja perjalanan dinas biasa,Belanja Perjalanan Dinas Biasa
562,1699,1.0,Belanja perjalanan dinas biasa,Belanja Perjalanan Dinas Biasa
562,1701,1.0,Belanja perjalanan dinas biasa,Belanja Perjalanan Dinas Biasa
562,1697,1.0,Belanja perjalanan dinas biasa,Belanja Perjalanan Dinas Biasa
563,1698,1.0,Belanja Perjalanan Dinas Biasa,Belanja Perjalanan Dinas Biasa
563,1696,1.0,Belanja Perjalanan Dinas Biasa,Belanja Perjalanan Dinas Biasa
563,1699,1.0,Belanja Perjalanan Dinas Biasa,Belanja Perjalanan Dinas Biasa
563,1701,1.0,Belanja Perjalanan Dinas Biasa,Belanja Perjalanan Dinas Biasa
563,1697,1.0,Belanja Perjalanan Dinas Biasa,Belanja Perjalanan Dinas Biasa
564,1698,1.0,Belanja Perjalanan Dinas Biasa,Belanja Perjalanan Dinas Biasa
564,1696,1.0,Belanja Perjalanan Dinas Biasa,Belanja Perjalanan Dinas Biasa
564,1699,1.0,Belanja Perjalanan Dinas Biasa,Belanja Perjalanan Dinas Biasa
564,1701,1.0,Belanja Perjalanan Dinas Biasa,Belanja Perjalanan Dinas Biasa
564,1697,1.0,Belanja Perjalanan Dinas Biasa,Belanja Perjalanan Dinas Biasa
565,1698,1.0,Belanja Perjalanan Dinas Biasa,Belanja Perjalanan Dinas Biasa
565,1696,1.0,Belanja Perjalanan Dinas Biasa,Belanja Perjalanan Dinas Biasa
565,1699,1.0,Belanja Perjalanan Dinas Biasa,Belanja Perjalanan Dinas Biasa
565,1701,1.0,Belanja Perjalanan Dinas Biasa,Belanja Perjalanan Dinas Biasa
565,1697,1.0,Belanja Perjalanan Dinas Biasa,Belanja Perjalanan Dinas Biasa
566,1698,1.0,Belanja Perjalanan Dinas Biasa,Belanja Perjalanan Dinas Biasa
566,1696,1.0,Belanja Perjalanan Dinas Biasa,Belanja Perjalanan Dinas Biasa
566,1699,1.0,Belanja Perjalanan Dinas Biasa,Belanja Perjalanan Dinas Biasa
566,1701,1.0,Belanja Perjalanan Dinas Biasa,Belanja Perjalanan Dinas Biasa
566,1697,1.0,Belanja Perjalanan Dinas Biasa,Belanja Perjalanan Dinas Biasa
567,1698,1.0,Belanja Perjalanan Dinas Biasa,Belanja Perjalanan Dinas Biasa
567,1696,1.0,Belanja Perjalanan Dinas Biasa,Belanja Perjalanan Dinas Biasa
567,1699,1.0,Belanja Perjalanan Dinas Biasa,Belanja Perjalanan Dinas Biasa
567,1701,1.0,Belanja Perjalanan Dinas Biasa,Belanja Perjalanan Dinas Biasa
567,1697,1.0,Belanja Perjalanan Dinas Biasa,Belanja Perjalanan Dinas Biasa
568,1698,1.0,Belanja Perjalanan Dinas Biasa,Belanja Perjalanan Dinas Biasa
568,1696,1.0,Belanja Perjalanan Dinas Biasa,Belanja Perjalanan Dinas Biasa
568,1699,1.0,Belanja Perjalanan Dinas Biasa,Belanja Perjalanan Dinas Biasa
568,1701,1.0,Belanja Perjalanan Dinas Biasa,Belanja Perjalanan Dinas Biasa
568,1697,1.0,Belanja Perjalanan Dinas Biasa,Belanja Perjalanan Dinas Biasa
569,1698,1.0,Belanja Perjalanan Dinas Biasa,Belanja Perjalanan Dinas Biasa
569,1696,1.0,Belanja Perjalanan Dinas Biasa,Belanja Perjalanan Dinas Biasa
569,1699,1.0,Belanja Perjalanan Dinas Biasa,Belanja Perjalanan Dinas Biasa
569,1701,1.0,Belanja Perjalanan Dinas Biasa,Belanja Perjalanan Dinas Biasa
569,1697,1.0,Belanja Perjalanan Dinas Biasa,Belanja Perjalanan Dinas Biasa
570,1698,1.0,Belanja Perjalanan Dinas Biasa,Belanja Perjalanan Dinas Biasa
570,1696,1.0,Belanja Perjalanan Dinas Biasa,Belanja Perjalanan Dinas Biasa
570,1699,1.0,Belanja Perjalanan Dinas Biasa,Belanja Perjalanan Dinas Biasa
570,1701,1.0,Belanja Perjalanan Dinas Biasa,Belanja Perjalanan Dinas Biasa
570,1697,1.0,Belanja Perjalanan Dinas Biasa,Belanja Perjalanan Dinas Biasa
571,1698,1.0,Belanja Perjalanan Dinas Biasa,Belanja Perjalanan Dinas Biasa
571,1696,1.0,Belanja Perjalanan Dinas Biasa,Belanja Perjalanan Dinas Biasa
571,1699,1.0,Belanja Perjalanan Dinas Biasa,Belanja Perjalanan Dinas Biasa
571,1701,1.0,Belanja Perjalanan Dinas Biasa,Belanja Perjalanan Dinas Biasa
571,1697,1.0,Belanja Perjalanan Dinas Biasa,Belanja Perjalanan Dinas Biasa
572,1698,1.0,Belanja Perjalanan Dinas Biasa,Belanja Perjalanan Dinas Biasa
572,1696,1.0,Belanja Perjalanan Dinas Biasa,Belanja Perjalanan Dinas Biasa
572,1699,1.0,Belanja Perjalanan Dinas Biasa,Belanja Perjalanan Dinas Biasa
572,1701,1.0,Belanja Perjalanan Dinas Biasa,Belanja Perjalanan Dinas Biasa
572,1697,1.0,Belanja Perjalanan Dinas Biasa,Belanja Perjalanan Dinas Biasa
573,1698,1.0,Belanja Perjalanan Dinas Biasa,Belanja Perjalanan Dinas Biasa
573,1696,1.0,Belanja Perjalanan Dinas Biasa,Belanja Perjalanan Dinas Biasa
573,1699,1.0,Belanja Perjalanan Dinas Biasa,Belanja Perjalanan Dinas Biasa
573,1701,1.0,Belanja Perjalanan Dinas Biasa,Belanja Perjalanan Dinas Biasa
573,1697,1.0,Belanja Perjalanan Dinas Biasa,Belanja Perjalanan Dinas Biasa
575,1698,1.0,Belanja Perjalanan Dinas Biasa,Belanja Perjalanan Dinas Biasa
575,1696,1.0,Belanja Perjalanan Dinas Biasa,Belanja Perjalanan Dinas Biasa
575,1699,1.0,Belanja Perjalanan Dinas Biasa,Belanja Perjalanan Dinas Biasa
575,1701,1.0,Belanja Perjalanan Dinas Biasa,Belanja Perjalanan Dinas Biasa
575,1697,1.0,Belanja Perjalanan Dinas Biasa,Belanja Perjalanan Dinas Biasa
576,1698,1.0,Belanja Perjalanan Dinas Biasa,Belanja Perjalanan Dinas Biasa
576,1696,1.0,Belanja Perjalanan Dinas Biasa,Belanja Perjalanan Dinas Biasa
576,1699,1.0,Belanja Perjalanan Dinas Biasa,Belanja Perjalanan Dinas Biasa
576,1701,1.0,Belanja Perjalanan Dinas Biasa,Belanja Perjalanan Dinas Biasa
576,1697,1.0,Belanja Perjalanan Dinas Biasa,Belanja Perjalanan Dinas Biasa
577,636,1.0,Belanja Perjalanan Dinas Biasa (P5TK),Belanja Perjalanan Dinas Biasa (P5TK)
580,1698,1.0,Belanja Perjalanan Dinas Biasa,Belanja Perjalanan Dinas Biasa
580,1696,1.0,Belanja Perjalanan Dinas Biasa,Belanja Perjalanan Dinas Biasa
580,1699,1.0,Belanja Perjalanan Dinas Biasa,Belanja Perjalanan Dinas Biasa
580,1701,1.0,Belanja Perjalanan Dinas Biasa,Belanja Perjalanan Dinas Biasa
580,1697,1.0,Belanja Perjalanan Dinas Biasa,Belanja Perjalanan Dinas Biasa
581,1698,1.0,Belanja Perjalanan Dinas Biasa,Belanja Perjalanan Dinas Biasa
581,1696,1.0,Belanja Perjalanan Dinas Biasa,Belanja Perjalanan Dinas Biasa
581,1699,1.0,Belanja Perjalanan Dinas Biasa,Belanja Perjalanan Dinas Biasa
581,1701,1.0,Belanja Perjalanan Dinas Biasa,Belanja Perjalanan Dinas Biasa
581,1697,1.0,Belanja Perjalanan Dinas Biasa,Belanja Perjalanan Dinas Biasa
582,1698,1.0,Belanja Perjalanan Dinas Biasa,Belanja Perjalanan Dinas Biasa
582,1696,1.0,Belanja Perjalanan Dinas Biasa,Belanja Perjalanan Dinas Biasa
582,1699,1.0,Belanja Perjalanan Dinas Biasa,Belanja Perjalanan Dinas Biasa
582,1701,1.0,Belanja Perjalanan Dinas Biasa,Belanja Perjalanan Dinas Biasa
582,1697,1.0,Belanja Perjalanan Dinas Biasa,Belanja Perjalanan Dinas Biasa
583,1698,1.0,Belanja Perjalanan Dinas Biasa,Belanja Perjalanan Dinas Biasa
583,1696,1.0,Belanja Perjalanan Dinas Biasa,Belanja Perjalanan Dinas Biasa
583,1699,1.0,Belanja Perjalanan Dinas Biasa,Belanja Perjalanan Dinas Biasa
583,1701,1.0,Belanja Perjalanan Dinas Biasa,Belanja Perjalanan Dinas Biasa
583,1697,1.0,Belanja Perjalanan Dinas Biasa,Belanja Perjalanan Dinas Biasa
585,1698,1.0,Belanja Perjalanan Dinas Biasa,Belanja Perjalanan Dinas Biasa
585,1696,1.0,Belanja Perjalanan Dinas Biasa,Belanja Perjalanan Dinas Biasa
585,1699,1.0,Belanja Perjalanan Dinas Biasa,Belanja Perjalanan Dinas Biasa
585,1701,1.0,Belanja Perjalanan Dinas Biasa,Belanja Perjalanan Dinas Biasa
585,1697,1.0,Belanja Perjalanan Dinas Biasa,Belanja Perjalanan Dinas Biasa
586,1698,1.0,Belanja Perjalanan Dinas Biasa,Belanja Perjalanan Dinas Biasa
586,1696,1.0,Belanja Perjalanan Dinas Biasa,Belanja Perjalanan Dinas Biasa
586,1699,1.0,Belanja Perjalanan Dinas Biasa,Belanja Perjalanan Dinas Biasa
586,1701,1.0,Belanja Perjalanan Dinas Biasa,Belanja Perjalanan Dinas Biasa
586,1697,1.0,Belanja Perjalanan Dinas Biasa,Belanja Perjalanan Dinas Biasa
588,1698,1.0,Belanja Perjalanan Dinas Biasa,Belanja Perjalanan Dinas Biasa
588,1696,1.0,Belanja Perjalanan Dinas Biasa,Belanja Perjalanan Dinas Biasa
588,1699,1.0,Belanja Perjalanan Dinas Biasa,Belanja Perjalanan Dinas Biasa
588,1701,1.0,Belanja Perjalanan Dinas Biasa,Belanja Perjalanan Dinas Biasa
588,1697,1.0,Belanja Perjalanan Dinas Biasa,Belanja Perjalanan Dinas Biasa
590,1698,1.0,Belanja Perjalanan Dinas Biasa,Belanja Perjalanan Dinas Biasa
590,1696,1.0,Belanja Perjalanan Dinas Biasa,Belanja Perjalanan Dinas Biasa
590,1699,1.0,Belanja Perjalanan Dinas Biasa,Belanja Perjalanan Dinas Biasa
590,1701,1.0,Belanja Perjalanan Dinas Biasa,Belanja Perjalanan Dinas Biasa
590,1697,1.0,Belanja Perjalanan Dinas Biasa,Belanja Perjalanan Dinas Biasa
591,1698,1.0,Belanja Perjalanan Dinas Biasa,Belanja Perjalanan Dinas Biasa
591,1696,1.0,Belanja Perjalanan Dinas Biasa,Belanja Perjalanan Dinas Biasa
591,1699,1.0,Belanja Perjalanan Dinas Biasa,Belanja Perjalanan Dinas Biasa
591,1701,1.0,Belanja Perjalanan Dinas Biasa,Belanja Perjalanan Dinas Biasa
591,1697,1.0,Belanja Perjalanan Dinas Biasa,Belanja Perjalanan Dinas Biasa
592,1698,1.0,Belanja Perjalanan Dinas Biasa,Belanja Perjalanan Dinas Biasa
592,1696,1.0,Belanja Perjalanan Dinas Biasa,Belanja Perjalanan Dinas Biasa
592,1699,1.0,Belanja Perjalanan Dinas Biasa,Belanja Perjalanan Dinas Biasa
592,1701,1.0,Belanja Perjalanan Dinas Biasa,Belanja Perjalanan Dinas Biasa
592,1697,1.0,Belanja Perjalanan Dinas Biasa,Belanja Perjalanan Dinas Biasa
593,1698,1.0,Belanja Perjalanan Dinas Biasa,Belanja Perjalanan Dinas Biasa
593,1696,1.0,Belanja Perjalanan Dinas Biasa,Belanja Perjalanan Dinas Biasa
593,1699,1.0,Belanja Perjalanan Dinas Biasa,Belanja Perjalanan Dinas Biasa
593,1701,1.0,Belanja Perjalanan Dinas Biasa,Belanja Perjalanan Dinas Biasa
593,1697,1.0,Belanja Perjalanan Dinas Biasa,Belanja Perjalanan Dinas Biasa
594,1698,1.0,Belanja Perjalanan Dinas Biasa,Belanja Perjalanan Dinas Biasa
594,1696,1.0,Belanja Perjalanan Dinas Biasa,Belanja Perjalanan Dinas Biasa
594,1699,1.0,Belanja Perjalanan Dinas Biasa,Belanja Perjalanan Dinas Biasa
594,1701,1.0,Belanja Perjalanan Dinas Biasa,Belanja Perjalanan Dinas Biasa
594,1697,1.0,Belanja Perjalanan Dinas Biasa,Belanja Perjalanan Dinas Biasa
595,1698,1.0,Belanja Perjalanan Dinas Biasa,Belanja Perjalanan Dinas Biasa
595,1696,1.0,Belanja Perjalanan Dinas Biasa,Belanja Perjalanan Dinas Biasa
595,1699,1.0,Belanja Perjalanan Dinas Biasa,Belanja Perjalanan Dinas Biasa
595,1701,1.0,Belanja Perjalanan Dinas Biasa,Belanja Perjalanan Dinas Biasa
595,1697,1.0,Belanja Perjalanan Dinas Biasa,Belanja Perjalanan Dinas Biasa
596,1698,1.0,Belanja Perjalanan Dinas Biasa,Belanja Perjalanan Dinas Biasa
596,1696,1.0,Belanja Perjalanan Dinas Biasa,Belanja Perjalanan Dinas Biasa
596,1699,1.0,Belanja Perjalanan Dinas Biasa,Belanja Perjalanan Dinas Biasa
596,1701,1.0,Belanja Perjalanan Dinas Biasa,Belanja Perjalanan Dinas Biasa
596,1697,1.0,Belanja Perjalanan Dinas Biasa,Belanja Perjalanan Dinas Biasa
597,1698,1.0,Belanja Perjalanan Dinas Biasa,Belanja Perjalanan Dinas Biasa
597,1696,1.0,Belanja Perjalanan Dinas Biasa,Belanja Perjalanan Dinas Biasa
597,1699,1.0,Belanja Perjalanan Dinas Biasa,Belanja Perjalanan Dinas Biasa
597,1701,1.0,Belanja Perjalanan Dinas Biasa,Belanja Perjalanan Dinas Biasa
597,1697,1.0,Belanja Perjalanan Dinas Biasa,Belanja Perjalanan Dinas Biasa
598,1698,1.0,Belanja Perjalanan Dinas Biasa,Belanja Perjalanan Dinas Biasa
598,1696,1.0,Belanja Perjalanan Dinas Biasa,Belanja Perjalanan Dinas Biasa
598,1699,1.0,Belanja Perjalanan Dinas Biasa,Belanja Perjalanan Dinas Biasa
598,1701,1.0,Belanja Perjalanan Dinas Biasa,Belanja Perjalanan Dinas Biasa
598,1697,1.0,Belanja Perjalanan Dinas Biasa,Belanja Perjalanan Dinas Biasa
599,1698,1.0,Belanja Perjalanan Dinas Biasa,Belanja Perjalanan Dinas Biasa
599,1696,1.0,Belanja Perjalanan Dinas Biasa,Belanja Perjalanan Dinas Biasa
599,1699,1.0,Belanja Perjalanan Dinas Biasa,Belanja Perjalanan Dinas Biasa
599,1701,1.0,Belanja Perjalanan Dinas Biasa,Belanja Perjalanan Dinas Biasa
599,1697,1.0,Belanja Perjalanan Dinas Biasa,Belanja Perjalanan Dinas Biasa
600,1698,1.0,Belanja Perjalanan Dinas Biasa,Belanja Perjalanan Dinas Biasa
600,1696,1.0,Belanja Perjalanan Dinas Biasa,Belanja Perjalanan Dinas Biasa
600,1699,1.0,Belanja Perjalanan Dinas Biasa,Belanja Perjalanan Dinas Biasa
600,1701,1.0,Belanja Perjalanan Dinas Biasa,Belanja Perjalanan Dinas Biasa
600,1697,1.0,Belanja Perjalanan Dinas Biasa,Belanja Perjalanan Dinas Biasa
601,1698,1.0,Belanja Perjalanan Dinas Biasa,Belanja Perjalanan Dinas Biasa
601,1696,1.0,Belanja Perjalanan Dinas Biasa,Belanja Perjalanan Dinas Biasa
601,1699,1.0,Belanja Perjalanan Dinas Biasa,Belanja Perjalanan Dinas Biasa
601,1701,1.0,Belanja Perjalanan Dinas Biasa,Belanja Perjalanan Dinas Biasa
601,1697,1.0,Belanja Perjalanan Dinas Biasa,Belanja Perjalanan Dinas Biasa
602,1698,1.0,Belanja Perjalanan Dinas Biasa,Belanja Perjalanan Dinas Biasa
602,1696,1.0,Belanja Perjalanan Dinas Biasa,Belanja Perjalanan Dinas Biasa
602,1699,1.0,Belanja Perjalanan Dinas Biasa,Belanja Perjalanan Dinas Biasa
602,1701,1.0,Belanja Perjalanan Dinas Biasa,Belanja Perjalanan Dinas Biasa
602,1697,1.0,Belanja Perjalanan Dinas Biasa,Belanja Perjalanan Dinas Biasa
603,1698,1.0,Belanja Perjalanan Dinas Biasa,Belanja Perjalanan Dinas Biasa
603,1696,1.0,Belanja Perjalanan Dinas Biasa,Belanja Perjalanan Dinas Biasa
603,1699,1.0,Belanja Perjalanan Dinas Biasa,Belanja Perjalanan Dinas Biasa
603,1701,1.0,Belanja Perjalanan Dinas Biasa,Belanja Perjalanan Dinas Biasa
603,1697,1.0,Belanja Perjalanan Dinas Biasa,Belanja Perjalanan Dinas Biasa
604,1698,1.0,Belanja Perjalanan Dinas Biasa,Belanja Perjalanan Dinas Biasa
604,1696,1.0,Belanja Perjalanan Dinas Biasa,Belanja Perjalanan Dinas Biasa
604,1699,1.0,Belanja Perjalanan Dinas Biasa,Belanja Perjalanan Dinas Biasa
604,1701,1.0,Belanja Perjalanan Dinas Biasa,Belanja Perjalanan Dinas Biasa
604,1697,1.0,Belanja Perjalanan Dinas Biasa,Belanja Perjalanan Dinas Biasa
605,1698,1.0,Belanja Perjalanan Dinas Biasa,Belanja Perjalanan Dinas Biasa
605,1696,1.0,Belanja Perjalanan Dinas Biasa,Belanja Perjalanan Dinas Biasa
605,1699,1.0,Belanja Perjalanan Dinas Biasa,Belanja Perjalanan Dinas Biasa
605,1701,1.0,Belanja Perjalanan Dinas Biasa,Belanja Perjalanan Dinas Biasa
605,1697,1.0,Belanja Perjalanan Dinas Biasa,Belanja Perjalanan Dinas Biasa
606,1698,1.0,Belanja Perjalanan Dinas Biasa,Belanja Perjalanan Dinas Biasa
606,1696,1.0,Belanja Perjalanan Dinas Biasa,Belanja Perjalanan Dinas Biasa
606,1699,1.0,Belanja Perjalanan Dinas Biasa,Belanja Perjalanan Dinas Biasa
606,1701,1.0,Belanja Perjalanan Dinas Biasa,Belanja Perjalanan Dinas Biasa
606,1697,1.0,Belanja Perjalanan Dinas Biasa,Belanja Perjalanan Dinas Biasa
607,1698,1.0,Belanja Perjalanan Dinas Biasa,Belanja Perjalanan Dinas Biasa
607,1696,1.0,Belanja Perjalanan Dinas Biasa,Belanja Perjalanan Dinas Biasa
607,1699,1.0,Belanja Perjalanan Dinas Biasa,Belanja Perjalanan Dinas Biasa
607,1701,1.0,Belanja Perjalanan Dinas Biasa,Belanja Perjalanan Dinas Biasa
607,1697,1.0,Belanja Perjalanan Dinas Biasa,Belanja Perjalanan Dinas Biasa
609,1698,1.0,Belanja Perjalanan Dinas Biasa,Belanja Perjalanan Dinas Biasa
609,1696,1.0,Belanja Perjalanan Dinas Biasa,Belanja Perjalanan Dinas Biasa
609,1699,1.0,Belanja Perjalanan Dinas Biasa,Belanja Perjalanan Dinas Biasa
609,1701,1.0,Belanja Perjalanan Dinas Biasa,Belanja Perjalanan Dinas Biasa
609,1697,1.0,Belanja Perjalanan Dinas Biasa,Belanja Perjalanan Dinas Biasa
610,1698,1.0,Belanja Perjalanan Dinas Biasa,Belanja Perjalanan Dinas Biasa
610,1696,1.0,Belanja Perjalanan Dinas Biasa,Belanja Perjalanan Dinas Biasa
610,1699,1.0,Belanja Perjalanan Dinas Biasa,Belanja Perjalanan Dinas Biasa
610,1701,1.0,Belanja Perjalanan Dinas Biasa,Belanja Perjalanan Dinas Biasa
610,1697,1.0,Belanja Perjalanan Dinas Biasa,Belanja Perjalanan Dinas Biasa
611,1698,1.0,Belanja Perjalanan Dinas Biasa,Belanja Perjalanan Dinas Biasa
611,1696,1.0,Belanja Perjalanan Dinas Biasa,Belanja Perjalanan Dinas Biasa
611,1699,1.0,Belanja Perjalanan Dinas Biasa,Belanja Perjalanan Dinas Biasa
611,1701,1.0,Belanja Perjalanan Dinas Biasa,Belanja Perjalanan Dinas Biasa
611,1697,1.0,Belanja Perjalanan Dinas Biasa,Belanja Perjalanan Dinas Biasa
613,1698,1.0,Belanja Perjalanan Dinas Biasa,Belanja Perjalanan Dinas Biasa
613,1696,1.0,Belanja Perjalanan Dinas Biasa,Belanja Perjalanan Dinas Biasa
613,1699,1.0,Belanja Perjalanan Dinas Biasa,Belanja Perjalanan Dinas Biasa
613,1701,1.0,Belanja Perjalanan Dinas Biasa,Belanja Perjalanan Dinas Biasa
613,1697,1.0,Belanja Perjalanan Dinas Biasa,Belanja Perjalanan Dinas Biasa
614,1698,1.0,Belanja Perjalanan Dinas Biasa,Belanja Perjalanan Dinas Biasa
614,1696,1.0,Belanja Perjalanan Dinas Biasa,Belanja Perjalanan Dinas Biasa
614,1699,1.0,Belanja Perjalanan Dinas Biasa,Belanja Perjalanan Dinas Biasa
614,1701,1.0,Belanja Perjalanan Dinas Biasa,Belanja Perjalanan Dinas Biasa
614,1697,1.0,Belanja Perjalanan Dinas Biasa,Belanja Perjalanan Dinas Biasa
615,1698,1.0,Belanja Perjalanan Dinas Biasa,Belanja Perjalanan Dinas Biasa
615,1696,1.0,Belanja Perjalanan Dinas Biasa,Belanja Perjalanan Dinas Biasa
615,1699,1.0,Belanja Perjalanan Dinas Biasa,Belanja Perjalanan Dinas Biasa
615,1701,1.0,Belanja Perjalanan Dinas Biasa,Belanja Perjalanan Dinas Biasa
615,1697,1.0,Belanja Perjalanan Dinas Biasa,Belanja Perjalanan Dinas Biasa
616,1698,1.0,Belanja Perjalanan Dinas Biasa,Belanja Perjalanan Dinas Biasa
616,1696,1.0,Belanja Perjalanan Dinas Biasa,Belanja Perjalanan Dinas Biasa
616,1699,1.0,Belanja Perjalanan Dinas Biasa,Belanja Perjalanan Dinas Biasa
616,1701,1.0,Belanja Perjalanan Dinas Biasa,Belanja Perjalanan Dinas Biasa
616,1697,1.0,Belanja Perjalanan Dinas Biasa,Belanja Perjalanan Dinas Biasa
617,1698,1.0,Belanja Perjalanan Dinas Biasa,Belanja Perjalanan Dinas Biasa
617,1696,1.0,Belanja Perjalanan Dinas Biasa,Belanja Perjalanan Dinas Biasa
617,1699,1.0,Belanja Perjalanan Dinas Biasa,Belanja Perjalanan Dinas Biasa
617,1701,1.0,Belanja Perjalanan Dinas Biasa,Belanja Perjalanan Dinas Biasa
617,1697,1.0,Belanja Perjalanan Dinas Biasa,Belanja Perjalanan Dinas Biasa
620,1698,1.0,Belanja perjalanan dinas biasa,Belanja Perjalanan Dinas Biasa
620,1696,1.0,Belanja perjalanan dinas biasa,Belanja Perjalanan Dinas Biasa
620,1699,1.0,Belanja perjalanan dinas biasa,Belanja Perjalanan Dinas Biasa
620,1701,1.0,Belanja perjalanan dinas biasa,Belanja Perjalanan Dinas Biasa
620,1697,1.0,Belanja perjalanan dinas biasa,Belanja Perjalanan Dinas Biasa
621,1698,1.0,Belanja perjalanan dinas biasa,Belanja Perjalanan Dinas Biasa
621,1696,1.0,Belanja perjalanan dinas biasa,Belanja Perjalanan Dinas Biasa
621,1699,1.0,Belanja perjalanan dinas biasa,Belanja Perjalanan Dinas Biasa
621,1701,1.0,Belanja perjalanan dinas biasa,Belanja Perjalanan Dinas Biasa
621,1697,1.0,Belanja perjalanan dinas biasa,Belanja Perjalanan Dinas Biasa
622,1698,1.0,Belanja Perjalanan Dinas Biasa,Belanja Perjalanan Dinas Biasa
622,1696,1.0,Belanja Perjalanan Dinas Biasa,Belanja Perjalanan Dinas Biasa
622,1699,1.0,Belanja Perjalanan Dinas Biasa,Belanja Perjalanan Dinas Biasa
622,1701,1.0,Belanja Perjalanan Dinas Biasa,Belanja Perjalanan Dinas Biasa
622,1697,1.0,Belanja Perjalanan Dinas Biasa,Belanja Perjalanan Dinas Biasa
623,1698,1.0,Belanja Perjalanan Dinas Biasa,Belanja Perjalanan Dinas Biasa
623,1696,1.0,Belanja Perjalanan Dinas Biasa,Belanja Perjalanan Dinas Biasa
623,1699,1.0,Belanja Perjalanan Dinas Biasa,Belanja Perjalanan Dinas Biasa
623,1701,1.0,Belanja Perjalanan Dinas Biasa,Belanja Perjalanan Dinas Biasa
623,1697,1.0,Belanja Perjalanan Dinas Biasa,Belanja Perjalanan Dinas Biasa
624,1698,1.0,Belanja Perjalanan Dinas Biasa,Belanja Perjalanan Dinas Biasa
624,1696,1.0,Belanja Perjalanan Dinas Biasa,Belanja Perjalanan Dinas Biasa
624,1699,1.0,Belanja Perjalanan Dinas Biasa,Belanja Perjalanan Dinas Biasa
624,1701,1.0,Belanja Perjalanan Dinas Biasa,Belanja Perjalanan Dinas Biasa
624,1697,1.0,Belanja Perjalanan Dinas Biasa,Belanja Perjalanan Dinas Biasa
625,1698,1.0,Belanja Perjalanan Dinas Biasa,Belanja Perjalanan Dinas Biasa
625,1696,1.0,Belanja Perjalanan Dinas Biasa,Belanja Perjalanan Dinas Biasa
625,1699,1.0,Belanja Perjalanan Dinas Biasa,Belanja Perjalanan Dinas Biasa
625,1701,1.0,Belanja Perjalanan Dinas Biasa,Belanja Perjalanan Dinas Biasa
625,1697,1.0,Belanja Perjalanan Dinas Biasa,Belanja Perjalanan Dinas Biasa
626,1698,1.0,Belanja Perjalanan Dinas Biasa,Belanja Perjalanan Dinas Biasa
626,1696,1.0,Belanja Perjalanan Dinas Biasa,Belanja Perjalanan Dinas Biasa
626,1699,1.0,Belanja Perjalanan Dinas Biasa,Belanja Perjalanan Dinas Biasa
626,1701,1.0,Belanja Perjalanan Dinas Biasa,Belanja Perjalanan Dinas Biasa
626,1697,1.0,Belanja Perjalanan Dinas Biasa,Belanja Perjalanan Dinas Biasa
627,1698,1.0,Belanja Perjalanan Dinas Biasa,Belanja Perjalanan Dinas Biasa
627,1696,1.0,Belanja Perjalanan Dinas Biasa,Belanja Perjalanan Dinas Biasa
627,1699,1.0,Belanja Perjalanan Dinas Biasa,Belanja Perjalanan Dinas Biasa
627,1701,1.0,Belanja Perjalanan Dinas Biasa,Belanja Perjalanan Dinas Biasa
627,1697,1.0,Belanja Perjalanan Dinas Biasa,Belanja Perjalanan Dinas Biasa
628,1698,1.0,Belanja Perjalanan Dinas Biasa,Belanja Perjalanan Dinas Biasa
628,1696,1.0,Belanja Perjalanan Dinas Biasa,Belanja Perjalanan Dinas Biasa
628,1699,1.0,Belanja Perjalanan Dinas Biasa,Belanja Perjalanan Dinas Biasa
628,1701,1.0,Belanja Perjalanan Dinas Biasa,Belanja Perjalanan Dinas Biasa
628,1697,1.0,Belanja Perjalanan Dinas Biasa,Belanja Perjalanan Dinas Biasa
629,1698,1.0,Belanja Perjalanan Dinas Biasa,Belanja Perjalanan Dinas Biasa
629,1696,1.0,Belanja Perjalanan Dinas Biasa,Belanja Perjalanan Dinas Biasa
629,1699,1.0,Belanja Perjalanan Dinas Biasa,Belanja Perjalanan Dinas Biasa
629,1701,1.0,Belanja Perjalanan Dinas Biasa,Belanja Perjalanan Dinas Biasa
629,1697,1.0,Belanja Perjalanan Dinas Biasa,Belanja Perjalanan Dinas Biasa
631,1698,1.0,Belanja Perjalanan Dinas Biasa,Belanja Perjalanan Dinas Biasa
631,1696,1.0,Belanja Perjalanan Dinas Biasa,Belanja Perjalanan Dinas Biasa
631,1699,1.0,Belanja Perjalanan Dinas Biasa,Belanja Perjalanan Dinas Biasa
631,1701,1.0,Belanja Perjalanan Dinas Biasa,Belanja Perjalanan Dinas Biasa
631,1697,1.0,Belanja Perjalanan Dinas Biasa,Belanja Perjalanan Dinas Biasa
632,1698,1.0,Belanja Perjalanan Dinas Biasa,Belanja Perjalanan Dinas Biasa
632,1696,1.0,Belanja Perjalanan Dinas Biasa,Belanja Perjalanan Dinas Biasa
632,1699,1.0,Belanja Perjalanan Dinas Biasa,Belanja Perjalanan Dinas Biasa
632,1701,1.0,Belanja Perjalanan Dinas Biasa,Belanja Perjalanan Dinas Biasa
632,1697,1.0,Belanja Perjalanan Dinas Biasa,Belanja Perjalanan Dinas Biasa
633,1698,1.0,Belanja Perjalanan Dinas Biasa,Belanja Perjalanan Dinas Biasa
633,1696,1.0,Belanja Perjalanan Dinas Biasa,Belanja Perjalanan Dinas Biasa
633,1699,1.0,Belanja Perjalanan Dinas Biasa,Belanja Perjalanan Dinas Biasa
633,1701,1.0,Belanja Perjalanan Dinas Biasa,Belanja Perjalanan Dinas Biasa
633,1697,1.0,Belanja Perjalanan Dinas Biasa,Belanja Perjalanan Dinas Biasa
637,1698,1.0,Belanja Perjalanan Dinas Biasa,Belanja Perjalanan Dinas Biasa
637,1696,1.0,Belanja Perjalanan Dinas Biasa,Belanja Perjalanan Dinas Biasa
637,1699,1.0,Belanja Perjalanan Dinas Biasa,Belanja Perjalanan Dinas Biasa
637,1701,1.0,Belanja Perjalanan Dinas Biasa,Belanja Perjalanan Dinas Biasa
637,1697,1.0,Belanja Perjalanan Dinas Biasa,Belanja Perjalanan Dinas Biasa
638,1698,1.0,Belanja Perjalanan Dinas Biasa,Belanja Perjalanan Dinas Biasa
638,1696,1.0,Belanja Perjalanan Dinas Biasa,Belanja Perjalanan Dinas Biasa
638,1699,1.0,Belanja Perjalanan Dinas Biasa,Belanja Perjalanan Dinas Biasa
638,1701,1.0,Belanja Perjalanan Dinas Biasa,Belanja Perjalanan Dinas Biasa
638,1697,1.0,Belanja Perjalanan Dinas Biasa,Belanja Perjalanan Dinas Biasa
640,1698,1.0,Belanja Perjalanan Dinas Biasa,Belanja Perjalanan Dinas Biasa
640,1696,1.0,Belanja Perjalanan Dinas Biasa,Belanja Perjalanan Dinas Biasa
640,1699,1.0,Belanja Perjalanan Dinas Biasa,Belanja Perjalanan Dinas Biasa
640,1701,1.0,Belanja Perjalanan Dinas Biasa,Belanja Perjalanan Dinas Biasa
640,1697,1.0,Belanja Perjalanan Dinas Biasa,Belanja Perjalanan Dinas Biasa
642,1698,1.0,Belanja Perjalanan Dinas Biasa,Belanja Perjalanan Dinas Biasa
642,1696,1.0,Belanja Perjalanan Dinas Biasa,Belanja Perjalanan Dinas Biasa
642,1699,1.0,Belanja Perjalanan Dinas Biasa,Belanja Perjalanan Dinas Biasa
642,1701,1.0,Belanja Perjalanan Dinas Biasa,Belanja Perjalanan Dinas Biasa
642,1697,1.0,Belanja Perjalanan Dinas Biasa,Belanja Perjalanan Dinas Biasa
643,1698,1.0,Belanja Perjalanan Dinas Biasa,Belanja Perjalanan Dinas Biasa
643,1696,1.0,Belanja Perjalanan Dinas Biasa,Belanja Perjalanan Dinas Biasa
643,1699,1.0,Belanja Perjalanan Dinas Biasa,Belanja Perjalanan Dinas Biasa
643,1701,1.0,Belanja Perjalanan Dinas Biasa,Belanja Perjalanan Dinas Biasa
643,1697,1.0,Belanja Perjalanan Dinas Biasa,Belanja Perjalanan Dinas Biasa
644,1698,1.0,Belanja Perjalanan Dinas Biasa,Belanja Perjalanan Dinas Biasa
644,1696,1.0,Belanja Perjalanan Dinas Biasa,Belanja Perjalanan Dinas Biasa
644,1699,1.0,Belanja Perjalanan Dinas Biasa,Belanja Perjalanan Dinas Biasa
644,1701,1.0,Belanja Perjalanan Dinas Biasa,Belanja Perjalanan Dinas Biasa
644,1697,1.0,Belanja Perjalanan Dinas Biasa,Belanja Perjalanan Dinas Biasa
645,1698,1.0,Belanja Perjalanan Dinas Biasa,Belanja Perjalanan Dinas Biasa
645,1696,1.0,Belanja Perjalanan Dinas Biasa,Belanja Perjalanan Dinas Biasa
645,1699,1.0,Belanja Perjalanan Dinas Biasa,Belanja Perjalanan Dinas Biasa
645,1701,1.0,Belanja Perjalanan Dinas Biasa,Belanja Perjalanan Dinas Biasa
645,1697,1.0,Belanja Perjalanan Dinas Biasa,Belanja Perjalanan Dinas Biasa
646,2556,0.8951669064117415,Belanja Perjalanan Dinas Biasa Sub Kegiatan Penyusunan Dokumen Perencanaan Perangkat Daerah,Perjalanan Dinas Biasa Penyusunan Dokumen Perangkat Perencanaan Daerah
647,1698,1.0,Belanja Perjalanan Dinas Biasa,Belanja Perjalanan Dinas Biasa
647,1696,1.0,Belanja Perjalanan Dinas Biasa,Belanja Perjalanan Dinas Biasa
647,1699,1.0,Belanja Perjalanan Dinas Biasa,Belanja Perjalanan Dinas Biasa
647,1701,1.0,Belanja Perjalanan Dinas Biasa,Belanja Perjalanan Dinas Biasa
647,1697,1.0,Belanja Perjalanan Dinas Biasa,Belanja Perjalanan Dinas Biasa
648,1698,1.0,Belanja Perjalanan Dinas Biasa,Belanja Perjalanan Dinas Biasa
648,1696,1.0,Belanja Perjalanan Dinas Biasa,Belanja Perjalanan Dinas Biasa
648,1699,1.0,Belanja Perjalanan Dinas Biasa,Belanja Perjalanan Dinas Biasa
648,1701,1.0,Belanja Perjalanan Dinas Biasa,Belanja Perjalanan Dinas Biasa
648,1697,1.0,Belanja Perjalanan Dinas Biasa,Belanja Perjalanan Dinas Biasa
649,1698,1.0,Belanja Perjalanan Dinas Biasa,Belanja Perjalanan Dinas Biasa
649,1696,1.0,Belanja Perjalanan Dinas Biasa,Belanja Perjalanan Dinas Biasa
649,1699,1.0,Belanja Perjalanan Dinas Biasa,Belanja Perjalanan Dinas Biasa
649,1701,1.0,Belanja Perjalanan Dinas Biasa,Belanja Perjalanan Dinas Biasa
649,1697,1.0,Belanja Perjalanan Dinas Biasa,Belanja Perjalanan Dinas Biasa
650,1698,1.0,Belanja Perjalanan Dinas Biasa,Belanja Perjalanan Dinas Biasa
650,1696,1.0,Belanja Perjalanan Dinas Biasa,Belanja Perjalanan Dinas Biasa
650,1699,1.0,Belanja Perjalanan Dinas Biasa,Belanja Perjalanan Dinas Biasa
650,1701,1.0,Belanja Perjalanan Dinas Biasa,Belanja Perjalanan Dinas Biasa
650,1697,1.0,Belanja Perjalanan Dinas Biasa,Belanja Perjalanan Dinas Biasa
651,1698,1.0,Belanja Perjalanan Dinas Biasa,Belanja Perjalanan Dinas Biasa
651,1696,1.0,Belanja Perjalanan Dinas Biasa,Belanja Perjalanan Dinas Biasa
651,1699,1.0,Belanja Perjalanan Dinas Biasa,Belanja Perjalanan Dinas Biasa
651,1701,1.0,Belanja Perjalanan Dinas Biasa,Belanja Perjalanan Dinas Biasa
651,1697,1.0,Belanja Perjalanan Dinas Biasa,Belanja Perjalanan Dinas Biasa
652,1698,1.0,Belanja Perjalanan Dinas Biasa,Belanja Perjalanan Dinas Biasa
652,1696,1.0,Belanja Perjalanan Dinas Biasa,Belanja Perjalanan Dinas Biasa
652,1699,1.0,Belanja Perjalanan Dinas Biasa,Belanja Perjalanan Dinas Biasa
652,1701,1.0,Belanja Perjalanan Dinas Biasa,Belanja Perjalanan Dinas Biasa
652,1697,1.0,Belanja Perjalanan Dinas Biasa,Belanja Perjalanan Dinas Biasa
653,1698,1.0,Belanja Perjalanan Dinas Biasa,Belanja Perjalanan Dinas Biasa
653,1696,1.0,Belanja Perjalanan Dinas Biasa,Belanja Perjalanan Dinas Biasa
653,1699,1.0,Belanja Perjalanan Dinas Biasa,Belanja Perjalanan Dinas Biasa
653,1701,1.0,Belanja Perjalanan Dinas Biasa,Belanja Perjalanan Dinas Biasa
653,1697,1.0,Belanja Perjalanan Dinas Biasa,Belanja Perjalanan Dinas Biasa
654,1698,1.0,Belanja Perjalanan Dinas Biasa,Belanja Perjalanan Dinas Biasa
654,1696,1.0,Belanja Perjalanan Dinas Biasa,Belanja Perjalanan Dinas Biasa
654,1699,1.0,Belanja Perjalanan Dinas Biasa,Belanja Perjalanan Dinas Biasa
654,1701,1.0,Belanja Perjalanan Dinas Biasa,Belanja Perjalanan Dinas Biasa
654,1697,1.0,Belanja Perjalanan Dinas Biasa,Belanja Perjalanan Dinas Biasa
655,1698,1.0,Belanja Perjalanan Dinas Biasa,Belanja Perjalanan Dinas Biasa
655,1696,1.0,Belanja Perjalanan Dinas Biasa,Belanja Perjalanan Dinas Biasa
655,1699,1.0,Belanja Perjalanan Dinas Biasa,Belanja Perjalanan Dinas Biasa
655,1701,1.0,Belanja Perjalanan Dinas Biasa,Belanja Perjalanan Dinas Biasa
655,1697,1.0,Belanja Perjalanan Dinas Biasa,Belanja Perjalanan Dinas Biasa
656,1698,1.0,Belanja Perjalanan Dinas Biasa,Belanja Perjalanan Dinas Biasa
656,1696,1.0,Belanja Perjalanan Dinas Biasa,Belanja Perjalanan Dinas Biasa
656,1699,1.0,Belanja Perjalanan Dinas Biasa,Belanja Perjalanan Dinas Biasa
656,1701,1.0,Belanja Perjalanan Dinas Biasa,Belanja Perjalanan Dinas Biasa
656,1697,1.0,Belanja Perjalanan Dinas Biasa,Belanja Perjalanan Dinas Biasa
657,1698,1.0,Belanja Perjalanan Dinas Biasa,Belanja Perjalanan Dinas Biasa
657,1696,1.0,Belanja Perjalanan Dinas Biasa,Belanja Perjalanan Dinas Biasa
657,1699,1.0,Belanja Perjalanan Dinas Biasa,Belanja Perjalanan Dinas Biasa
657,1701,1.0,Belanja Perjalanan Dinas Biasa,Belanja Perjalanan Dinas Biasa
657,1697,1.0,Belanja Perjalanan Dinas Biasa,Belanja Perjalanan Dinas Biasa
658,1698,1.0,Belanja Perjalanan Dinas Biasa,Belanja Perjalanan Dinas Biasa
658,1696,1.0,Belanja Perjalanan Dinas Biasa,Belanja Perjalanan Dinas Biasa
658,1699,1.0,Belanja Perjalanan Dinas Biasa,Belanja Perjalanan Dinas Biasa
658,1701,1.0,Belanja Perjalanan Dinas Biasa,Belanja Perjalanan Dinas Biasa
658,1697,1.0,Belanja Perjalanan Dinas Biasa,Belanja Perjalanan Dinas Biasa
659,1698,1.0,Belanja Perjalanan Dinas Biasa,Belanja Perjalanan Dinas Biasa
659,1696,1.0,Belanja Perjalanan Dinas Biasa,Belanja Perjalanan Dinas Biasa
659,1699,1.0,Belanja Perjalanan Dinas Biasa,Belanja Perjalanan Dinas Biasa
659,1701,1.0,Belanja Perjalanan Dinas Biasa,Belanja Perjalanan Dinas Biasa
659,1697,1.0,Belanja Perjalanan Dinas Biasa,Belanja Perjalanan Dinas Biasa
660,1698,1.0,Belanja Perjalanan Dinas Biasa,Belanja Perjalanan Dinas Biasa
660,1696,1.0,Belanja Perjalanan Dinas Biasa,Belanja Perjalanan Dinas Biasa
660,1699,1.0,Belanja Perjalanan Dinas Biasa,Belanja Perjalanan Dinas Biasa
660,1701,1.0,Belanja Perjalanan Dinas Biasa,Belanja Perjalanan Dinas Biasa
660,1697,1.0,Belanja Perjalanan Dinas Biasa,Belanja Perjalanan Dinas Biasa
662,1698,1.0,Belanja Perjalanan Dinas Biasa,Belanja Perjalanan Dinas Biasa
662,1696,1.0,Belanja Perjalanan Dinas Biasa,Belanja Perjalanan Dinas Biasa
662,1699,1.0,Belanja Perjalanan Dinas Biasa,Belanja Perjalanan Dinas Biasa
662,1701,1.0,Belanja Perjalanan Dinas Biasa,Belanja Perjalanan Dinas Biasa
662,1697,1.0,Belanja Perjalanan Dinas Biasa,Belanja Perjalanan Dinas Biasa
663,1698,1.0,Belanja Perjalanan Dinas Biasa,Belanja Perjalanan Dinas Biasa
663,1696,1.0,Belanja Perjalanan Dinas Biasa,Belanja Perjalanan Dinas Biasa
663,1699,1.0,Belanja Perjalanan Dinas Biasa,Belanja Perjalanan Dinas Biasa
663,1701,1.0,Belanja Perjalanan Dinas Biasa,Belanja Perjalanan Dinas Biasa
663,1697,1.0,Belanja Perjalanan Dinas Biasa,Belanja Perjalanan Dinas Biasa
664,1698,1.0,Belanja Perjalanan Dinas Biasa,Belanja Perjalanan Dinas Biasa
664,1696,1.0,Belanja Perjalanan Dinas Biasa,Belanja Perjalanan Dinas Biasa
664,1699,1.0,Belanja Perjalanan Dinas Biasa,Belanja Perjalanan Dinas Biasa
664,1701,1.0,Belanja Perjalanan Dinas Biasa,Belanja Perjalanan Dinas Biasa
664,1697,1.0,Belanja Perjalanan Dinas Biasa,Belanja Perjalanan Dinas Biasa
665,1698,1.0,Belanja Perjalanan Dinas Biasa,Belanja Perjalanan Dinas Biasa
665,1696,1.0,Belanja Perjalanan Dinas Biasa,Belanja Perjalanan Dinas Biasa
665,1699,1.0,Belanja Perjalanan Dinas Biasa,Belanja Perjalanan Dinas Biasa
665,1701,1.0,Belanja Perjalanan Dinas Biasa,Belanja Perjalanan Dinas Biasa
665,1697,1.0,Belanja Perjalanan Dinas Biasa,Belanja Perjalanan Dinas Biasa
666,1698,1.0,Belanja Perjalanan Dinas Biasa,Belanja Perjalanan Dinas Biasa
666,1696,1.0,Belanja Perjalanan Dinas Biasa,Belanja Perjalanan Dinas Biasa
666,1699,1.0,Belanja Perjalanan Dinas Biasa,Belanja Perjalanan Dinas Biasa
666,1701,1.0,Belanja Perjalanan Dinas Biasa,Belanja Perjalanan Dinas Biasa
666,1697,1.0,Belanja Perjalanan Dinas Biasa,Belanja Perjalanan Dinas Biasa
667,1698,1.0,Belanja Perjalanan Dinas Biasa,Belanja Perjalanan Dinas Biasa
667,1696,1.0,Belanja Perjalanan Dinas Biasa,Belanja Perjalanan Dinas Biasa
667,1699,1.0,Belanja Perjalanan Dinas Biasa,Belanja Perjalanan Dinas Biasa
667,1701,1.0,Belanja Perjalanan Dinas Biasa,Belanja Perjalanan Dinas Biasa
667,1697,1.0,Belanja Perjalanan Dinas Biasa,Belanja Perjalanan Dinas Biasa
668,669,1.0,Belanja Perjalanan Dinas Biasa -  Monitoring dan Evaluasi SPM Bidang Pendidikan; Biaya Transportasi Darat dari Ibukota Provinsi ke Kabupaten/Kota dalam Provinsi,Belanja Perjalanan Dinas Biasa -  Monitoring dan Evaluasi SPM Bidang Pendidikan; Biaya Transportasi Darat dari Ibukota Provinsi ke Kabupaten/Kota dalam Provinsi
668,671,1.0,Belanja Perjalanan Dinas Biasa -  Monitoring dan Evaluasi SPM Bidang Pendidikan; Biaya Transportasi Darat dari Ibukota Provinsi ke Kabupaten/Kota dalam Provinsi,Belanja Perjalanan Dinas Biasa -  Monitoring dan Evaluasi SPM Bidang Pendidikan; Biaya Transportasi Darat dari Ibukota Provinsi ke Kabupaten/Kota dalam Provinsi
668,916,1.0,Belanja Perjalanan Dinas Biasa -  Monitoring dan Evaluasi SPM Bidang Pendidikan; Biaya Transportasi Darat dari Ibukota Provinsi ke Kabupaten/Kota dalam Provinsi,Belanja Perjalanan Dinas Biasa -  Monitoring dan Evaluasi SPM Bidang Pendidikan; Biaya Transportasi Darat dari Ibukota Provinsi ke Kabupaten/Kota dalam Provinsi
668,1271,1.0,Belanja Perjalanan Dinas Biasa -  Monitoring dan Evaluasi SPM Bidang Pendidikan; Biaya Transportasi Darat dari Ibukota Provinsi ke Kabupaten/Kota dalam Provinsi,Belanja Perjalanan Dinas Biasa -  Monitoring dan Evaluasi SPM Bidang Pendidikan; Biaya Transportasi Darat dari Ibukota Provinsi ke Kabupaten/Kota dalam Provinsi
669,671,1.0,Belanja Perjalanan Dinas Biasa -  Monitoring dan Evaluasi SPM Bidang Pendidikan; Biaya Transportasi Darat dari Ibukota Provinsi ke Kabupaten/Kota dalam Provinsi,Belanja Perjalanan Dinas Biasa -  Monitoring dan Evaluasi SPM Bidang Pendidikan; Biaya Transportasi Darat dari Ibukota Provinsi ke Kabupaten/Kota dalam Provinsi
669,916,1.0,Belanja Perjalanan Dinas Biasa -  Monitoring dan Evaluasi SPM Bidang Pendidikan; Biaya Transportasi Darat dari Ibukota Provinsi ke Kabupaten/Kota dalam Provinsi,Belanja Perjalanan Dinas Biasa -  Monitoring dan Evaluasi SPM Bidang Pendidikan; Biaya Transportasi Darat dari Ibukota Provinsi ke Kabupaten/Kota dalam Provinsi
669,1271,1.0,Belanja Perjalanan Dinas Biasa -  Monitoring dan Evaluasi SPM Bidang Pendidikan; Biaya Transportasi Darat dari Ibukota Provinsi ke Kabupaten/Kota dalam Provinsi,Belanja Perjalanan Dinas Biasa -  Monitoring dan Evaluasi SPM Bidang Pendidikan; Biaya Transportasi Darat dari Ibukota Provinsi ke Kabupaten/Kota dalam Provinsi
670,669,1.0,Belanja Perjalanan Dinas Biasa -  Monitoring dan Evaluasi SPM Bidang Pendidikan; Biaya Transportasi Darat dari Ibukota Provinsi ke Kabupaten/Kota dalam Provinsi,Belanja Perjalanan Dinas Biasa -  Monitoring dan Evaluasi SPM Bidang Pendidikan; Biaya Transportasi Darat dari Ibukota Provinsi ke Kabupaten/Kota dalam Provinsi
670,668,1.0,Belanja Perjalanan Dinas Biasa -  Monitoring dan Evaluasi SPM Bidang Pendidikan; Biaya Transportasi Darat dari Ibukota Provinsi ke Kabupaten/Kota dalam Provinsi,Belanja Perjalanan Dinas Biasa -  Monitoring dan Evaluasi SPM Bidang Pendidikan; Biaya Transportasi Darat dari Ibukota Provinsi ke Kabupaten/Kota dalam Provinsi
670,671,1.0,Belanja Perjalanan Dinas Biasa -  Monitoring dan Evaluasi SPM Bidang Pendidikan; Biaya Transportasi Darat dari Ibukota Provinsi ke Kabupaten/Kota dalam Provinsi,Belanja Perjalanan Dinas Biasa -  Monitoring dan Evaluasi SPM Bidang Pendidikan; Biaya Transportasi Darat dari Ibukota Provinsi ke Kabupaten/Kota dalam Provinsi
670,916,1.0,Belanja Perjalanan Dinas Biasa -  Monitoring dan Evaluasi SPM Bidang Pendidikan; Biaya Transportasi Darat dari Ibukota Provinsi ke Kabupaten/Kota dalam Provinsi,Belanja Perjalanan Dinas Biasa -  Monitoring dan Evaluasi SPM Bidang Pendidikan; Biaya Transportasi Darat dari Ibukota Provinsi ke Kabupaten/Kota dalam Provinsi
670,1271,1.0,Belanja Perjalanan Dinas Biasa -  Monitoring dan Evaluasi SPM Bidang Pendidikan; Biaya Transportasi Darat dari Ibukota Provinsi ke Kabupaten/Kota dalam Provinsi,Belanja Perjalanan Dinas Biasa -  Monitoring dan Evaluasi SPM Bidang Pendidikan; Biaya Transportasi Darat dari Ibukota Provinsi ke Kabupaten/Kota dalam Provinsi
671,916,1.0,Belanja Perjalanan Dinas Biasa -  Monitoring dan Evaluasi SPM Bidang Pendidikan; Biaya Transportasi Darat dari Ibukota Provinsi ke Kabupaten/Kota dalam Provinsi,Belanja Perjalanan Dinas Biasa -  Monitoring dan Evaluasi SPM Bidang Pendidikan; Biaya Transportasi Darat dari Ibukota Provinsi ke Kabupaten/Kota dalam Provinsi
671,1271,1.0,Belanja Perjalanan Dinas Biasa -  Monitoring dan Evaluasi SPM Bidang Pendidikan; Biaya Transportasi Darat dari Ibukota Provinsi ke Kabupaten/Kota dalam Provinsi,Belanja Perjalanan Dinas Biasa -  Monitoring dan Evaluasi SPM Bidang Pendidikan; Biaya Transportasi Darat dari Ibukota Provinsi ke Kabupaten/Kota dalam Provinsi
672,1698,1.0,Belanja Perjalanan Dinas Biasa,Belanja Perjalanan Dinas Biasa
672,1696,1.0,Belanja Perjalanan Dinas Biasa,Belanja Perjalanan Dinas Biasa
672,1699,1.0,Belanja Perjalanan Dinas Biasa,Belanja Perjalanan Dinas Biasa
672,1701,1.0,Belanja Perjalanan Dinas Biasa,Belanja Perjalanan Dinas Biasa
672,1697,1.0,Belanja Perjalanan Dinas Biasa,Belanja Perjalanan Dinas Biasa
673,1698,1.0,Belanja Perjalanan Dinas Biasa,Belanja Perjalanan Dinas Biasa
673,1696,1.0,Belanja Perjalanan Dinas Biasa,Belanja Perjalanan Dinas Biasa
673,1699,1.0,Belanja Perjalanan Dinas Biasa,Belanja Perjalanan Dinas Biasa
673,1701,1.0,Belanja Perjalanan Dinas Biasa,Belanja Perjalanan Dinas Biasa
673,1697,1.0,Belanja Perjalanan Dinas Biasa,Belanja Perjalanan Dinas Biasa
674,1698,1.0,Belanja Perjalanan Dinas Biasa,Belanja Perjalanan Dinas Biasa
674,1696,1.0,Belanja Perjalanan Dinas Biasa,Belanja Perjalanan Dinas Biasa
674,1699,1.0,Belanja Perjalanan Dinas Biasa,Belanja Perjalanan Dinas Biasa
674,1701,1.0,Belanja Perjalanan Dinas Biasa,Belanja Perjalanan Dinas Biasa
674,1697,1.0,Belanja Perjalanan Dinas Biasa,Belanja Perjalanan Dinas Biasa
675,1333,1.0,Belanja Perjalanan Dinas Biasa (UPT Jeneberang),Belanja Perjalanan Dinas Biasa (UPT Jeneberang)
675,1222,1.0,Belanja Perjalanan Dinas Biasa (UPT Jeneberang),Belanja Perjalanan Dinas Biasa (UPT Jeneberang)
675,753,1.0,Belanja Perjalanan Dinas Biasa (UPT Jeneberang),Belanja Perjalanan Dinas Biasa (UPT Jeneberang)
675,931,1.0,Belanja Perjalanan Dinas Biasa (UPT Jeneberang),Belanja Perjalanan Dinas Biasa  (UPT Jeneberang)
676,932,1.0,Belanja Perjalanan Dinas Biasa (UPT Saddang),Belanja Perjalanan Dinas Biasa (UPT Saddang)
676,1287,1.0,Belanja Perjalanan Dinas Biasa (UPT Saddang),Belanja Perjalanan Dinas Biasa (UPT Saddang)
676,1288,1.0,Belanja Perjalanan Dinas Biasa (UPT Saddang),Belanja Perjalanan Dinas Biasa (UPT Saddang)
676,677,1.0,Belanja Perjalanan Dinas Biasa (UPT Saddang),Belanja Perjalanan Dinas Biasa (UPT Saddang)
677,932,1.0,Belanja Perjalanan Dinas Biasa (UPT Saddang),Belanja Perjalanan Dinas Biasa (UPT Saddang)
677,1287,1.0,Belanja Perjalanan Dinas Biasa (UPT Saddang),Belanja Perjalanan Dinas Biasa (UPT Saddang)
677,1288,1.0,Belanja Perjalanan Dinas Biasa (UPT Saddang),Belanja Perjalanan Dinas Biasa (UPT Saddang)
679,1698,1.0,Belanja Perjalanan Dinas Biasa,Belanja Perjalanan Dinas Biasa
679,1696,1.0,Belanja Perjalanan Dinas Biasa,Belanja Perjalanan Dinas Biasa
679,1699,1.0,Belanja Perjalanan Dinas Biasa,Belanja Perjalanan Dinas Biasa
679,1701,1.0,Belanja Perjalanan Dinas Biasa,Belanja Perjalanan Dinas Biasa
679,1697,1.0,Belanja Perjalanan Dinas Biasa,Belanja Perjalanan Dinas Biasa
680,1083,1.0,Belanja Perjalanan Dinas Biasa - UPTD II,Belanja Perjalanan Dinas Biasa - UPTD II
680,712,1.0,Belanja Perjalanan Dinas Biasa - UPTD II,Belanja Perjalanan Dinas Biasa - UPTD II
681,2816,1.0,Belanja Perjalanan Dinas Biasa - UPTD V,Belanja Perjalanan Dinas Biasa UPTD 1
681,989,1.0,Belanja Perjalanan Dinas Biasa - UPTD V,Belanja Perjalanan Dinas Biasa - UPTD I
681,1002,1.0,Belanja Perjalanan Dinas Biasa - UPTD V,Belanja Perjalanan Dinas Biasa - UPTD I
681,1031,1.0,Belanja Perjalanan Dinas Biasa - UPTD V,Belanja Perjalanan Dinas Biasa - UPTD V
681,830,1.0,Belanja Perjalanan Dinas Biasa - UPTD V,Belanja Perjalanan Dinas Biasa - UPTD V
682,1698,1.0,Belanja Perjalanan Dinas Biasa,Belanja Perjalanan Dinas Biasa
682,1696,1.0,Belanja Perjalanan Dinas Biasa,Belanja Perjalanan Dinas Biasa
682,1699,1.0,Belanja Perjalanan Dinas Biasa,Belanja Perjalanan Dinas Biasa
682,1701,1.0,Belanja Perjalanan Dinas Biasa,Belanja Perjalanan Dinas Biasa
682,1697,1.0,Belanja Perjalanan Dinas Biasa,Belanja Perjalanan Dinas Biasa
684,1698,1.0,Belanja Perjalanan Dinas Biasa,Belanja Perjalanan Dinas Biasa
684,1696,1.0,Belanja Perjalanan Dinas Biasa,Belanja Perjalanan Dinas Biasa
684,1699,1.0,Belanja Perjalanan Dinas Biasa,Belanja Perjalanan Dinas Biasa
684,1701,1.0,Belanja Perjalanan Dinas Biasa,Belanja Perjalanan Dinas Biasa
684,1697,1.0,Belanja Perjalanan Dinas Biasa,Belanja Perjalanan Dinas Biasa
685,1698,1.0,Belanja Perjalanan Dinas Biasa,Belanja Perjalanan Dinas Biasa
685,1696,1.0,Belanja Perjalanan Dinas Biasa,Belanja Perjalanan Dinas Biasa
685,1699,1.0,Belanja Perjalanan Dinas Biasa,Belanja Perjalanan Dinas Biasa
685,1701,1.0,Belanja Perjalanan Dinas Biasa,Belanja Perjalanan Dinas Biasa
685,1697,1.0,Belanja Perjalanan Dinas Biasa,Belanja Perjalanan Dinas Biasa
686,1698,1.0,Belanja Perjalanan Dinas Biasa,Belanja Perjalanan Dinas Biasa
686,1696,1.0,Belanja Perjalanan Dinas Biasa,Belanja Perjalanan Dinas Biasa
686,1699,1.0,Belanja Perjalanan Dinas Biasa,Belanja Perjalanan Dinas Biasa
686,1701,1.0,Belanja Perjalanan Dinas Biasa,Belanja Perjalanan Dinas Biasa
686,1697,1.0,Belanja Perjalanan Dinas Biasa,Belanja Perjalanan Dinas Biasa
687,1698,1.0,Belanja Perjalanan Dinas Biasa,Belanja Perjalanan Dinas Biasa
687,1696,1.0,Belanja Perjalanan Dinas Biasa,Belanja Perjalanan Dinas Biasa
687,1699,1.0,Belanja Perjalanan Dinas Biasa,Belanja Perjalanan Dinas Biasa
687,1701,1.0,Belanja Perjalanan Dinas Biasa,Belanja Perjalanan Dinas Biasa
687,1697,1.0,Belanja Perjalanan Dinas Biasa,Belanja Perjalanan Dinas Biasa
688,1698,1.0,Belanja Perjalanan Dinas Biasa,Belanja Perjalanan Dinas Biasa
688,1696,1.0,Belanja Perjalanan Dinas Biasa,Belanja Perjalanan Dinas Biasa
688,1699,1.0,Belanja Perjalanan Dinas Biasa,Belanja Perjalanan Dinas Biasa
688,1701,1.0,Belanja Perjalanan Dinas Biasa,Belanja Perjalanan Dinas Biasa
688,1697,1.0,Belanja Perjalanan Dinas Biasa,Belanja Perjalanan Dinas Biasa
690,1698,1.0,Belanja Perjalanan Dinas Biasa,Belanja Perjalanan Dinas Biasa
690,1696,1.0,Belanja Perjalanan Dinas Biasa,Belanja Perjalanan Dinas Biasa
690,1699,1.0,Belanja Perjalanan Dinas Biasa,Belanja Perjalanan Dinas Biasa
690,1701,1.0,Belanja Perjalanan Dinas Biasa,Belanja Perjalanan Dinas Biasa
690,1697,1.0,Belanja Perjalanan Dinas Biasa,Belanja Perjalanan Dinas Biasa
691,1698,1.0,Belanja Perjalanan Dinas Biasa,Belanja Perjalanan Dinas Biasa
691,1696,1.0,Belanja Perjalanan Dinas Biasa,Belanja Perjalanan Dinas Biasa
691,1699,1.0,Belanja Perjalanan Dinas Biasa,Belanja Perjalanan Dinas Biasa
691,1701,1.0,Belanja Perjalanan Dinas Biasa,Belanja Perjalanan Dinas Biasa
691,1697,1.0,Belanja Perjalanan Dinas Biasa,Belanja Perjalanan Dinas Biasa
692,1698,1.0,Belanja Perjalanan Dinas Biasa,Belanja Perjalanan Dinas Biasa
692,1696,1.0,Belanja Perjalanan Dinas Biasa,Belanja Perjalanan Dinas Biasa
692,1699,1.0,Belanja Perjalanan Dinas Biasa,Belanja Perjalanan Dinas Biasa
692,1701,1.0,Belanja Perjalanan Dinas Biasa,Belanja Perjalanan Dinas Biasa
692,1697,1.0,Belanja Perjalanan Dinas Biasa,Belanja Perjalanan Dinas Biasa
693,1698,1.0,Belanja Perjalanan Dinas Biasa,Belanja Perjalanan Dinas Biasa
693,1696,1.0,Belanja Perjalanan Dinas Biasa,Belanja Perjalanan Dinas Biasa
693,1699,1.0,Belanja Perjalanan Dinas Biasa,Belanja Perjalanan Dinas Biasa
693,1701,1.0,Belanja Perjalanan Dinas Biasa,Belanja Perjalanan Dinas Biasa
693,1697,1.0,Belanja Perjalanan Dinas Biasa,Belanja Perjalanan Dinas Biasa
696,1698,1.0,Belanja Perjalanan Dinas Biasa,Belanja Perjalanan Dinas Biasa
696,1696,1.0,Belanja Perjalanan Dinas Biasa,Belanja Perjalanan Dinas Biasa
696,1699,1.0,Belanja Perjalanan Dinas Biasa,Belanja Perjalanan Dinas Biasa
696,1701,1.0,Belanja Perjalanan Dinas Biasa,Belanja Perjalanan Dinas Biasa
696,1697,1.0,Belanja Perjalanan Dinas Biasa,Belanja Perjalanan Dinas Biasa
697,1698,1.0,Belanja Perjalanan Dinas Biasa,Belanja Perjalanan Dinas Biasa
697,1696,1.0,Belanja Perjalanan Dinas Biasa,Belanja Perjalanan Dinas Biasa
697,1699,1.0,Belanja Perjalanan Dinas Biasa,Belanja Perjalanan Dinas Biasa
697,1701,1.0,Belanja Perjalanan Dinas Biasa,Belanja Perjalanan Dinas Biasa
697,1697,1.0,Belanja Perjalanan Dinas Biasa,Belanja Perjalanan Dinas Biasa
699,1698,1.0,Belanja Perjalanan Dinas Biasa,Belanja Perjalanan Dinas Biasa
699,1696,1.0,Belanja Perjalanan Dinas Biasa,Belanja Perjalanan Dinas Biasa
699,1699,1.0,Belanja Perjalanan Dinas Biasa,Belanja Perjalanan Dinas Biasa
699,1701,1.0,Belanja Perjalanan Dinas Biasa,Belanja Perjalanan Dinas Biasa
699,1697,1.0,Belanja Perjalanan Dinas Biasa,Belanja Perjalanan Dinas Biasa
700,1698,1.0,Belanja Perjalanan Dinas Biasa,Belanja Perjalanan Dinas Biasa
700,1696,1.0,Belanja Perjalanan Dinas Biasa,Belanja Perjalanan Dinas Biasa
700,1699,1.0,Belanja Perjalanan Dinas Biasa,Belanja Perjalanan Dinas Biasa
700,1701,1.0,Belanja Perjalanan Dinas Biasa,Belanja Perjalanan Dinas Biasa
700,1697,1.0,Belanja Perjalanan Dinas Biasa,Belanja Perjalanan Dinas Biasa
701,1698,1.0,Belanja Perjalanan Dinas Biasa,Belanja Perjalanan Dinas Biasa
701,1696,1.0,Belanja Perjalanan Dinas Biasa,Belanja Perjalanan Dinas Biasa
701,1699,1.0,Belanja Perjalanan Dinas Biasa,Belanja Perjalanan Dinas Biasa
701,1701,1.0,Belanja Perjalanan Dinas Biasa,Belanja Perjalanan Dinas Biasa
701,1697,1.0,Belanja Perjalanan Dinas Biasa,Belanja Perjalanan Dinas Biasa
702,1698,1.0,Belanja Perjalanan Dinas Biasa,Belanja Perjalanan Dinas Biasa
702,1696,1.0,Belanja Perjalanan Dinas Biasa,Belanja Perjalanan Dinas Biasa
702,1699,1.0,Belanja Perjalanan Dinas Biasa,Belanja Perjalanan Dinas Biasa
702,1701,1.0,Belanja Perjalanan Dinas Biasa,Belanja Perjalanan Dinas Biasa
702,1697,1.0,Belanja Perjalanan Dinas Biasa,Belanja Perjalanan Dinas Biasa
703,1698,1.0,Belanja Perjalanan Dinas Biasa,Belanja Perjalanan Dinas Biasa
703,1696,1.0,Belanja Perjalanan Dinas Biasa,Belanja Perjalanan Dinas Biasa
703,1699,1.0,Belanja Perjalanan Dinas Biasa,Belanja Perjalanan Dinas Biasa
703,1701,1.0,Belanja Perjalanan Dinas Biasa,Belanja Perjalanan Dinas Biasa
703,1697,1.0,Belanja Perjalanan Dinas Biasa,Belanja Perjalanan Dinas Biasa
704,1698,1.0,Belanja Perjalanan Dinas Biasa,Belanja Perjalanan Dinas Biasa
704,1696,1.0,Belanja Perjalanan Dinas Biasa,Belanja Perjalanan Dinas Biasa
704,1699,1.0,Belanja Perjalanan Dinas Biasa,Belanja Perjalanan Dinas Biasa
704,1701,1.0,Belanja Perjalanan Dinas Biasa,Belanja Perjalanan Dinas Biasa
704,1697,1.0,Belanja Perjalanan Dinas Biasa,Belanja Perjalanan Dinas Biasa
705,1698,1.0,Belanja Perjalanan Dinas Biasa,Belanja Perjalanan Dinas Biasa
705,1696,1.0,Belanja Perjalanan Dinas Biasa,Belanja Perjalanan Dinas Biasa
705,1699,1.0,Belanja Perjalanan Dinas Biasa,Belanja Perjalanan Dinas Biasa
705,1701,1.0,Belanja Perjalanan Dinas Biasa,Belanja Perjalanan Dinas Biasa
705,1697,1.0,Belanja Perjalanan Dinas Biasa,Belanja Perjalanan Dinas Biasa
706,1698,1.0,Belanja Perjalanan Dinas Biasa,Belanja Perjalanan Dinas Biasa
706,1696,1.0,Belanja Perjalanan Dinas Biasa,Belanja Perjalanan Dinas Biasa
706,1699,1.0,Belanja Perjalanan Dinas Biasa,Belanja Perjalanan Dinas Biasa
706,1701,1.0,Belanja Perjalanan Dinas Biasa,Belanja Perjalanan Dinas Biasa
706,1697,1.0,Belanja Perjalanan Dinas Biasa,Belanja Perjalanan Dinas Biasa
707,1698,1.0,Belanja Perjalanan Dinas Biasa,Belanja Perjalanan Dinas Biasa
707,1696,1.0,Belanja Perjalanan Dinas Biasa,Belanja Perjalanan Dinas Biasa
707,1699,1.0,Belanja Perjalanan Dinas Biasa,Belanja Perjalanan Dinas Biasa
707,1701,1.0,Belanja Perjalanan Dinas Biasa,Belanja Perjalanan Dinas Biasa
707,1697,1.0,Belanja Perjalanan Dinas Biasa,Belanja Perjalanan Dinas Biasa
708,1698,1.0,Belanja Perjalanan Dinas Biasa,Belanja Perjalanan Dinas Biasa
708,1696,1.0,Belanja Perjalanan Dinas Biasa,Belanja Perjalanan Dinas Biasa
708,1699,1.0,Belanja Perjalanan Dinas Biasa,Belanja Perjalanan Dinas Biasa
708,1701,1.0,Belanja Perjalanan Dinas Biasa,Belanja Perjalanan Dinas Biasa
708,1697,1.0,Belanja Perjalanan Dinas Biasa,Belanja Perjalanan Dinas Biasa
710,1698,1.0,Belanja Perjalanan Dinas Biasa,Belanja Perjalanan Dinas Biasa
710,1696,1.0,Belanja Perjalanan Dinas Biasa,Belanja Perjalanan Dinas Biasa
710,1699,1.0,Belanja Perjalanan Dinas Biasa,Belanja Perjalanan Dinas Biasa
710,1701,1.0,Belanja Perjalanan Dinas Biasa,Belanja Perjalanan Dinas Biasa
710,1697,1.0,Belanja Perjalanan Dinas Biasa,Belanja Perjalanan Dinas Biasa
711,1698,1.0,Belanja Perjalanan Dinas Biasa,Belanja Perjalanan Dinas Biasa
711,1696,1.0,Belanja Perjalanan Dinas Biasa,Belanja Perjalanan Dinas Biasa
711,1699,1.0,Belanja Perjalanan Dinas Biasa,Belanja Perjalanan Dinas Biasa
711,1701,1.0,Belanja Perjalanan Dinas Biasa,Belanja Perjalanan Dinas Biasa
711,1697,1.0,Belanja Perjalanan Dinas Biasa,Belanja Perjalanan Dinas Biasa
712,1083,1.0,Belanja Perjalanan Dinas Biasa - UPTD II,Belanja Perjalanan Dinas Biasa - UPTD II
713,1698,1.0,Belanja Perjalanan Dinas Biasa,Belanja Perjalanan Dinas Biasa
713,1696,1.0,Belanja Perjalanan Dinas Biasa,Belanja Perjalanan Dinas Biasa
713,1699,1.0,Belanja Perjalanan Dinas Biasa,Belanja Perjalanan Dinas Biasa
713,1701,1.0,Belanja Perjalanan Dinas Biasa,Belanja Perjalanan Dinas Biasa
713,1697,1.0,Belanja Perjalanan Dinas Biasa,Belanja Perjalanan Dinas Biasa
714,836,1.0,Belanja Perjalanan Dinas Biasa (UPT Walcen),Belanja Perjalanan Dinas Biasa (UPT Walcen)
714,884,1.0,Belanja Perjalanan Dinas Biasa (UPT Walcen),Belanja Perjalanan Dinas Biasa (UPT Walcen)
714,715,1.0,Belanja Perjalanan Dinas Biasa (UPT Walcen),Belanja Perjalanan Dinas Biasa (UPT Walcen)
714,883,1.0,Belanja Perjalanan Dinas Biasa (UPT Walcen),Belanja Perjalanan Dinas Biasa (UPT Walcen)
715,836,1.0,Belanja Perjalanan Dinas Biasa (UPT Walcen),Belanja Perjalanan Dinas Biasa (UPT Walcen)
715,884,1.0,Belanja Perjalanan Dinas Biasa (UPT Walcen),Belanja Perjalanan Dinas Biasa (UPT Walcen)
715,883,1.0,Belanja Perjalanan Dinas Biasa (UPT Walcen),Belanja Perjalanan Dinas Biasa (UPT Walcen)
716,836,1.0,Belanja Perjalanan Dinas Biasa (UPT Walcen),Belanja Perjalanan Dinas Biasa (UPT Walcen)
716,884,1.0,Belanja Perjalanan Dinas Biasa (UPT Walcen),Belanja Perjalanan Dinas Biasa (UPT Walcen)
716,715,1.0,Belanja Perjalanan Dinas Biasa (UPT Walcen),Belanja Perjalanan Dinas Biasa (UPT Walcen)
716,714,1.0,Belanja Perjalanan Dinas Biasa (UPT Walcen),Belanja Perjalanan Dinas Biasa (UPT Walcen)
716,883,1.0,Belanja Perjalanan Dinas Biasa (UPT Walcen),Belanja Perjalanan Dinas Biasa (UPT Walcen)
717,1070,1.0,Belanja Perjalanan Dinas Biasa (UPT larona),Belanja Perjalanan Dinas Biasa (UPT Larona)
717,886,1.0,Belanja Perjalanan Dinas Biasa (UPT larona),Belanja Perjalanan Dinas Biasa (UPT Larona)
717,1007,1.0,Belanja Perjalanan Dinas Biasa (UPT larona),Belanja Perjalanan Dinas Biasa (UPT Larona)
717,885,1.0,Belanja Perjalanan Dinas Biasa (UPT larona),Belanja Perjalanan Dinas Biasa (UPT Larona)
718,1698,1.0,Belanja Perjalanan Dinas Biasa,Belanja Perjalanan Dinas Biasa
718,1696,1.0,Belanja Perjalanan Dinas Biasa,Belanja Perjalanan Dinas Biasa
718,1699,1.0,Belanja Perjalanan Dinas Biasa,Belanja Perjalanan Dinas Biasa
718,1701,1.0,Belanja Perjalanan Dinas Biasa,Belanja Perjalanan Dinas Biasa
718,1697,1.0,Belanja Perjalanan Dinas Biasa,Belanja Perjalanan Dinas Biasa
719,1698,1.0,Belanja Perjalanan Dinas Biasa,Belanja Perjalanan Dinas Biasa
719,1696,1.0,Belanja Perjalanan Dinas Biasa,Belanja Perjalanan Dinas Biasa
719,1699,1.0,Belanja Perjalanan Dinas Biasa,Belanja Perjalanan Dinas Biasa
719,1701,1.0,Belanja Perjalanan Dinas Biasa,Belanja Perjalanan Dinas Biasa
719,1697,1.0,Belanja Perjalanan Dinas Biasa,Belanja Perjalanan Dinas Biasa
720,1698,1.0,Belanja Perjalanan Dinas Biasa,Belanja Perjalanan Dinas Biasa
720,1696,1.0,Belanja Perjalanan Dinas Biasa,Belanja Perjalanan Dinas Biasa
720,1699,1.0,Belanja Perjalanan Dinas Biasa,Belanja Perjalanan Dinas Biasa
720,1701,1.0,Belanja Perjalanan Dinas Biasa,Belanja Perjalanan Dinas Biasa
720,1697,1.0,Belanja Perjalanan Dinas Biasa,Belanja Perjalanan Dinas Biasa
721,1698,1.0,Belanja Perjalanan Dinas Biasa,Belanja Perjalanan Dinas Biasa
721,1696,1.0,Belanja Perjalanan Dinas Biasa,Belanja Perjalanan Dinas Biasa
721,1699,1.0,Belanja Perjalanan Dinas Biasa,Belanja Perjalanan Dinas Biasa
721,1701,1.0,Belanja Perjalanan Dinas Biasa,Belanja Perjalanan Dinas Biasa
721,1697,1.0,Belanja Perjalanan Dinas Biasa,Belanja Perjalanan Dinas Biasa
722,1698,1.0,Belanja Perjalanan Dinas Biasa,Belanja Perjalanan Dinas Biasa
722,1696,1.0,Belanja Perjalanan Dinas Biasa,Belanja Perjalanan Dinas Biasa
722,1699,1.0,Belanja Perjalanan Dinas Biasa,Belanja Perjalanan Dinas Biasa
722,1701,1.0,Belanja Perjalanan Dinas Biasa,Belanja Perjalanan Dinas Biasa
722,1697,1.0,Belanja Perjalanan Dinas Biasa,Belanja Perjalanan Dinas Biasa
723,1698,1.0,Belanja Perjalanan Dinas Biasa,Belanja Perjalanan Dinas Biasa
723,1696,1.0,Belanja Perjalanan Dinas Biasa,Belanja Perjalanan Dinas Biasa
723,1699,1.0,Belanja Perjalanan Dinas Biasa,Belanja Perjalanan Dinas Biasa
723,1701,1.0,Belanja Perjalanan Dinas Biasa,Belanja Perjalanan Dinas Biasa
723,1697,1.0,Belanja Perjalanan Dinas Biasa,Belanja Perjalanan Dinas Biasa
724,1698,1.0,Belanja Perjalanan Dinas Biasa,Belanja Perjalanan Dinas Biasa
724,1696,1.0,Belanja Perjalanan Dinas Biasa,Belanja Perjalanan Dinas Biasa
724,1699,1.0,Belanja Perjalanan Dinas Biasa,Belanja Perjalanan Dinas Biasa
724,1701,1.0,Belanja Perjalanan Dinas Biasa,Belanja Perjalanan Dinas Biasa
724,1697,1.0,Belanja Perjalanan Dinas Biasa,Belanja Perjalanan Dinas Biasa
725,1698,1.0,Belanja Perjalanan Dinas Biasa,Belanja Perjalanan Dinas Biasa
725,1696,1.0,Belanja Perjalanan Dinas Biasa,Belanja Perjalanan Dinas Biasa
725,1699,1.0,Belanja Perjalanan Dinas Biasa,Belanja Perjalanan Dinas Biasa
725,1701,1.0,Belanja Perjalanan Dinas Biasa,Belanja Perjalanan Dinas Biasa
725,1697,1.0,Belanja Perjalanan Dinas Biasa,Belanja Perjalanan Dinas Biasa
726,1698,1.0,Belanja Perjalanan Dinas Biasa,Belanja Perjalanan Dinas Biasa
726,1696,1.0,Belanja Perjalanan Dinas Biasa,Belanja Perjalanan Dinas Biasa
726,1699,1.0,Belanja Perjalanan Dinas Biasa,Belanja Perjalanan Dinas Biasa
726,1701,1.0,Belanja Perjalanan Dinas Biasa,Belanja Perjalanan Dinas Biasa
726,1697,1.0,Belanja Perjalanan Dinas Biasa,Belanja Perjalanan Dinas Biasa
727,1698,1.0,Belanja Perjalanan Dinas Biasa,Belanja Perjalanan Dinas Biasa
727,1696,1.0,Belanja Perjalanan Dinas Biasa,Belanja Perjalanan Dinas Biasa
727,1699,1.0,Belanja Perjalanan Dinas Biasa,Belanja Perjalanan Dinas Biasa
727,1701,1.0,Belanja Perjalanan Dinas Biasa,Belanja Perjalanan Dinas Biasa
727,1697,1.0,Belanja Perjalanan Dinas Biasa,Belanja Perjalanan Dinas Biasa
728,1698,1.0,Belanja Perjalanan Dinas Biasa,Belanja Perjalanan Dinas Biasa
728,1696,1.0,Belanja Perjalanan Dinas Biasa,Belanja Perjalanan Dinas Biasa
728,1699,1.0,Belanja Perjalanan Dinas Biasa,Belanja Perjalanan Dinas Biasa
728,1701,1.0,Belanja Perjalanan Dinas Biasa,Belanja Perjalanan Dinas Biasa
728,1697,1.0,Belanja Perjalanan Dinas Biasa,Belanja Perjalanan Dinas Biasa
729,1698,1.0,Belanja Perjalanan Dinas Biasa,Belanja Perjalanan Dinas Biasa
729,1696,1.0,Belanja Perjalanan Dinas Biasa,Belanja Perjalanan Dinas Biasa
729,1699,1.0,Belanja Perjalanan Dinas Biasa,Belanja Perjalanan Dinas Biasa
729,1701,1.0,Belanja Perjalanan Dinas Biasa,Belanja Perjalanan Dinas Biasa
729,1697,1.0,Belanja Perjalanan Dinas Biasa,Belanja Perjalanan Dinas Biasa
730,1698,1.0,Belanja Perjalanan Dinas Biasa,Belanja Perjalanan Dinas Biasa
730,1696,1.0,Belanja Perjalanan Dinas Biasa,Belanja Perjalanan Dinas Biasa
730,1699,1.0,Belanja Perjalanan Dinas Biasa,Belanja Perjalanan Dinas Biasa
730,1701,1.0,Belanja Perjalanan Dinas Biasa,Belanja Perjalanan Dinas Biasa
730,1697,1.0,Belanja Perjalanan Dinas Biasa,Belanja Perjalanan Dinas Biasa
731,1698,1.0,Belanja Perjalanan Dinas Biasa,Belanja Perjalanan Dinas Biasa
731,1696,1.0,Belanja Perjalanan Dinas Biasa,Belanja Perjalanan Dinas Biasa
731,1699,1.0,Belanja Perjalanan Dinas Biasa,Belanja Perjalanan Dinas Biasa
731,1701,1.0,Belanja Perjalanan Dinas Biasa,Belanja Perjalanan Dinas Biasa
731,1697,1.0,Belanja Perjalanan Dinas Biasa,Belanja Perjalanan Dinas Biasa
732,1698,1.0,Belanja Perjalanan Dinas Biasa,Belanja Perjalanan Dinas Biasa
732,1696,1.0,Belanja Perjalanan Dinas Biasa,Belanja Perjalanan Dinas Biasa
732,1699,1.0,Belanja Perjalanan Dinas Biasa,Belanja Perjalanan Dinas Biasa
732,1701,1.0,Belanja Perjalanan Dinas Biasa,Belanja Perjalanan Dinas Biasa
732,1697,1.0,Belanja Perjalanan Dinas Biasa,Belanja Perjalanan Dinas Biasa
733,1698,1.0,Belanja Perjalanan Dinas Biasa,Belanja Perjalanan Dinas Biasa
733,1696,1.0,Belanja Perjalanan Dinas Biasa,Belanja Perjalanan Dinas Biasa
733,1699,1.0,Belanja Perjalanan Dinas Biasa,Belanja Perjalanan Dinas Biasa
733,1701,1.0,Belanja Perjalanan Dinas Biasa,Belanja Perjalanan Dinas Biasa
733,1697,1.0,Belanja Perjalanan Dinas Biasa,Belanja Perjalanan Dinas Biasa
736,1698,1.0,Belanja Perjalanan Dinas Biasa,Belanja Perjalanan Dinas Biasa
736,1696,1.0,Belanja Perjalanan Dinas Biasa,Belanja Perjalanan Dinas Biasa
736,1699,1.0,Belanja Perjalanan Dinas Biasa,Belanja Perjalanan Dinas Biasa
736,1701,1.0,Belanja Perjalanan Dinas Biasa,Belanja Perjalanan Dinas Biasa
736,1697,1.0,Belanja Perjalanan Dinas Biasa,Belanja Perjalanan Dinas Biasa
737,1698,1.0,Belanja Perjalanan Dinas Biasa,Belanja Perjalanan Dinas Biasa
737,1696,1.0,Belanja Perjalanan Dinas Biasa,Belanja Perjalanan Dinas Biasa
737,1699,1.0,Belanja Perjalanan Dinas Biasa,Belanja Perjalanan Dinas Biasa
737,1701,1.0,Belanja Perjalanan Dinas Biasa,Belanja Perjalanan Dinas Biasa
737,1697,1.0,Belanja Perjalanan Dinas Biasa,Belanja Perjalanan Dinas Biasa
738,1698,1.0,Belanja Perjalanan Dinas Biasa,Belanja Perjalanan Dinas Biasa
738,1696,1.0,Belanja Perjalanan Dinas Biasa,Belanja Perjalanan Dinas Biasa
738,1699,1.0,Belanja Perjalanan Dinas Biasa,Belanja Perjalanan Dinas Biasa
738,1701,1.0,Belanja Perjalanan Dinas Biasa,Belanja Perjalanan Dinas Biasa
738,1697,1.0,Belanja Perjalanan Dinas Biasa,Belanja Perjalanan Dinas Biasa
739,1698,1.0,Belanja Perjalanan Dinas Biasa,Belanja Perjalanan Dinas Biasa
739,1696,1.0,Belanja Perjalanan Dinas Biasa,Belanja Perjalanan Dinas Biasa
739,1699,1.0,Belanja Perjalanan Dinas Biasa,Belanja Perjalanan Dinas Biasa
739,1701,1.0,Belanja Perjalanan Dinas Biasa,Belanja Perjalanan Dinas Biasa
739,1697,1.0,Belanja Perjalanan Dinas Biasa,Belanja Perjalanan Dinas Biasa
740,1698,1.0,Belanja Perjalanan Dinas Biasa,Belanja Perjalanan Dinas Biasa
740,1696,1.0,Belanja Perjalanan Dinas Biasa,Belanja Perjalanan Dinas Biasa
740,1699,1.0,Belanja Perjalanan Dinas Biasa,Belanja Perjalanan Dinas Biasa
740,1701,1.0,Belanja Perjalanan Dinas Biasa,Belanja Perjalanan Dinas Biasa
740,1697,1.0,Belanja Perjalanan Dinas Biasa,Belanja Perjalanan Dinas Biasa
741,1698,1.0,Belanja Perjalanan Dinas Biasa,Belanja Perjalanan Dinas Biasa
741,1696,1.0,Belanja Perjalanan Dinas Biasa,Belanja Perjalanan Dinas Biasa
741,1699,1.0,Belanja Perjalanan Dinas Biasa,Belanja Perjalanan Dinas Biasa
741,1701,1.0,Belanja Perjalanan Dinas Biasa,Belanja Perjalanan Dinas Biasa
741,1697,1.0,Belanja Perjalanan Dinas Biasa,Belanja Perjalanan Dinas Biasa
742,1698,1.0,Belanja Perjalanan Dinas Biasa,Belanja Perjalanan Dinas Biasa
742,1696,1.0,Belanja Perjalanan Dinas Biasa,Belanja Perjalanan Dinas Biasa
742,1699,1.0,Belanja Perjalanan Dinas Biasa,Belanja Perjalanan Dinas Biasa
742,1701,1.0,Belanja Perjalanan Dinas Biasa,Belanja Perjalanan Dinas Biasa
742,1697,1.0,Belanja Perjalanan Dinas Biasa,Belanja Perjalanan Dinas Biasa
744,1698,1.0,Belanja Perjalanan Dinas Biasa,Belanja Perjalanan Dinas Biasa
744,1696,1.0,Belanja Perjalanan Dinas Biasa,Belanja Perjalanan Dinas Biasa
744,1699,1.0,Belanja Perjalanan Dinas Biasa,Belanja Perjalanan Dinas Biasa
744,1701,1.0,Belanja Perjalanan Dinas Biasa,Belanja Perjalanan Dinas Biasa
744,1697,1.0,Belanja Perjalanan Dinas Biasa,Belanja Perjalanan Dinas Biasa
745,1698,1.0,Belanja Perjalanan Dinas Biasa,Belanja Perjalanan Dinas Biasa
745,1696,1.0,Belanja Perjalanan Dinas Biasa,Belanja Perjalanan Dinas Biasa
745,1699,1.0,Belanja Perjalanan Dinas Biasa,Belanja Perjalanan Dinas Biasa
745,1701,1.0,Belanja Perjalanan Dinas Biasa,Belanja Perjalanan Dinas Biasa
745,1697,1.0,Belanja Perjalanan Dinas Biasa,Belanja Perjalanan Dinas Biasa
746,1698,1.0,Belanja Perjalanan Dinas Biasa,Belanja Perjalanan Dinas Biasa
746,1696,1.0,Belanja Perjalanan Dinas Biasa,Belanja Perjalanan Dinas Biasa
746,1699,1.0,Belanja Perjalanan Dinas Biasa,Belanja Perjalanan Dinas Biasa
746,1701,1.0,Belanja Perjalanan Dinas Biasa,Belanja Perjalanan Dinas Biasa
746,1697,1.0,Belanja Perjalanan Dinas Biasa,Belanja Perjalanan Dinas Biasa
747,1698,1.0,Belanja Perjalanan Dinas Biasa,Belanja Perjalanan Dinas Biasa
747,1696,1.0,Belanja Perjalanan Dinas Biasa,Belanja Perjalanan Dinas Biasa
747,1699,1.0,Belanja Perjalanan Dinas Biasa,Belanja Perjalanan Dinas Biasa
747,1701,1.0,Belanja Perjalanan Dinas Biasa,Belanja Perjalanan Dinas Biasa
747,1697,1.0,Belanja Perjalanan Dinas Biasa,Belanja Perjalanan Dinas Biasa
748,1698,1.0,Belanja Perjalanan Dinas Biasa,Belanja Perjalanan Dinas Biasa
748,1696,1.0,Belanja Perjalanan Dinas Biasa,Belanja Perjalanan Dinas Biasa
748,1699,1.0,Belanja Perjalanan Dinas Biasa,Belanja Perjalanan Dinas Biasa
748,1701,1.0,Belanja Perjalanan Dinas Biasa,Belanja Perjalanan Dinas Biasa
748,1697,1.0,Belanja Perjalanan Dinas Biasa,Belanja Perjalanan Dinas Biasa
749,1698,1.0,Belanja Perjalanan Dinas Biasa,Belanja Perjalanan Dinas Biasa
749,1696,1.0,Belanja Perjalanan Dinas Biasa,Belanja Perjalanan Dinas Biasa
749,1699,1.0,Belanja Perjalanan Dinas Biasa,Belanja Perjalanan Dinas Biasa
749,1701,1.0,Belanja Perjalanan Dinas Biasa,Belanja Perjalanan Dinas Biasa
749,1697,1.0,Belanja Perjalanan Dinas Biasa,Belanja Perjalanan Dinas Biasa
750,877,1.0,Belanja Perjalanan Dinas Biasa - UPTD IV,Belanja Perjalanan Dinas Biasa - UPTD IV
751,1698,1.0,Belanja Perjalanan Dinas Biasa,Belanja Perjalanan Dinas Biasa
751,1696,1.0,Belanja Perjalanan Dinas Biasa,Belanja Perjalanan Dinas Biasa
751,1699,1.0,Belanja Perjalanan Dinas Biasa,Belanja Perjalanan Dinas Biasa
751,1701,1.0,Belanja Perjalanan Dinas Biasa,Belanja Perjalanan Dinas Biasa
751,1697,1.0,Belanja Perjalanan Dinas Biasa,Belanja Perjalanan Dinas Biasa
752,835,0.8424293149714409,Belanja Perjalanan Dinas Biasa (Eselon IV Luar Daerah - Sedang),Belanja Perjalanan Dinas Biasa (Eselon III/Golongan IV Luar Daerah - Sedang)
753,1333,1.0,Belanja Perjalanan Dinas Biasa (UPT Jeneberang),Belanja Perjalanan Dinas Biasa (UPT Jeneberang)
753,1222,1.0,Belanja Perjalanan Dinas Biasa (UPT Jeneberang),Belanja Perjalanan Dinas Biasa (UPT Jeneberang)
753,931,1.0,Belanja Perjalanan Dinas Biasa (UPT Jeneberang),Belanja Perjalanan Dinas Biasa  (UPT Jeneberang)
754,675,1.0,Belanja Perjalanan Dinas Biasa (UPT Jeneberang),Belanja Perjalanan Dinas Biasa (UPT Jeneberang)
754,1333,1.0,Belanja Perjalanan Dinas Biasa (UPT Jeneberang),Belanja Perjalanan Dinas Biasa (UPT Jeneberang)
754,1222,1.0,Belanja Perjalanan Dinas Biasa (UPT Jeneberang),Belanja Perjalanan Dinas Biasa (UPT Jeneberang)
754,753,1.0,Belanja Perjalanan Dinas Biasa (UPT Jeneberang),Belanja Perjalanan Dinas Biasa (UPT Jeneberang)
754,931,1.0,Belanja Perjalanan Dinas Biasa (UPT Jeneberang),Belanja Perjalanan Dinas Biasa  (UPT Jeneberang)
755,1698,1.0,Belanja Perjalanan Dinas Biasa,Belanja Perjalanan Dinas Biasa
755,1696,1.0,Belanja Perjalanan Dinas Biasa,Belanja Perjalanan Dinas Biasa
755,1699,1.0,Belanja Perjalanan Dinas Biasa,Belanja Perjalanan Dinas Biasa
755,1701,1.0,Belanja Perjalanan Dinas Biasa,Belanja Perjalanan Dinas Biasa
755,1697,1.0,Belanja Perjalanan Dinas Biasa,Belanja Perjalanan Dinas Biasa
756,1698,1.0,Belanja Perjalanan Dinas Biasa,Belanja Perjalanan Dinas Biasa
756,1696,1.0,Belanja Perjalanan Dinas Biasa,Belanja Perjalanan Dinas Biasa
756,1699,1.0,Belanja Perjalanan Dinas Biasa,Belanja Perjalanan Dinas Biasa
756,1701,1.0,Belanja Perjalanan Dinas Biasa,Belanja Perjalanan Dinas Biasa
756,1697,1.0,Belanja Perjalanan Dinas Biasa,Belanja Perjalanan Dinas Biasa
757,1698,1.0,Belanja Perjalanan Dinas Biasa,Belanja Perjalanan Dinas Biasa
757,1696,1.0,Belanja Perjalanan Dinas Biasa,Belanja Perjalanan Dinas Biasa
757,1699,1.0,Belanja Perjalanan Dinas Biasa,Belanja Perjalanan Dinas Biasa
757,1701,1.0,Belanja Perjalanan Dinas Biasa,Belanja Perjalanan Dinas Biasa
757,1697,1.0,Belanja Perjalanan Dinas Biasa,Belanja Perjalanan Dinas Biasa
758,1698,1.0,Belanja Perjalanan Dinas Biasa,Belanja Perjalanan Dinas Biasa
758,1696,1.0,Belanja Perjalanan Dinas Biasa,Belanja Perjalanan Dinas Biasa
758,1699,1.0,Belanja Perjalanan Dinas Biasa,Belanja Perjalanan Dinas Biasa
758,1701,1.0,Belanja Perjalanan Dinas Biasa,Belanja Perjalanan Dinas Biasa
758,1697,1.0,Belanja Perjalanan Dinas Biasa,Belanja Perjalanan Dinas Biasa
759,1698,1.0,Belanja Perjalanan Dinas Biasa,Belanja Perjalanan Dinas Biasa
759,1696,1.0,Belanja Perjalanan Dinas Biasa,Belanja Perjalanan Dinas Biasa
759,1699,1.0,Belanja Perjalanan Dinas Biasa,Belanja Perjalanan Dinas Biasa
759,1701,1.0,Belanja Perjalanan Dinas Biasa,Belanja Perjalanan Dinas Biasa
759,1697,1.0,Belanja Perjalanan Dinas Biasa,Belanja Perjalanan Dinas Biasa
761,1698,1.0,Belanja Perjalanan Dinas Biasa,Belanja Perjalanan Dinas Biasa
761,1696,1.0,Belanja Perjalanan Dinas Biasa,Belanja Perjalanan Dinas Biasa
761,1699,1.0,Belanja Perjalanan Dinas Biasa,Belanja Perjalanan Dinas Biasa
761,1701,1.0,Belanja Perjalanan Dinas Biasa,Belanja Perjalanan Dinas Biasa
761,1697,1.0,Belanja Perjalanan Dinas Biasa,Belanja Perjalanan Dinas Biasa
762,919,1.0,"Belanja Perjalanan Dinas Biasa Dalam Rangka Koordinasi, Identifikasi, Verifikasi, Monitoring dan Kedinasan Lainnya (Bidang PSP)","Belanja Perjalanan Dinas Biasa Dalam Rangka Koordinasi, Identifikasi, Verifikasi, Monitoring dan Kedinasan Lainnya (Bidang PSP)"
762,924,1.0,"Belanja Perjalanan Dinas Biasa Dalam Rangka Koordinasi, Identifikasi, Verifikasi, Monitoring dan Kedinasan Lainnya (Bidang PSP)","Belanja Perjalanan Dinas Biasa Dalam Rangka Koordinasi, Identifikasi, Verifikasi, Monitoring dan Kedinasan Lainnya (Bidang PSP)"
762,923,1.0,"Belanja Perjalanan Dinas Biasa Dalam Rangka Koordinasi, Identifikasi, Verifikasi, Monitoring dan Kedinasan Lainnya (Bidang PSP)","Belanja Perjalanan Dinas Biasa Dalam Rangka Koordinasi, Identifikasi, Verifikasi, Monitoring dan Kedinasan Lainnya (Bidang PSP)"
762,1281,0.8226210848565879,"Belanja Perjalanan Dinas Biasa Dalam Rangka Koordinasi, Identifikasi, Verifikasi, Monitoring dan Kedinasan Lainnya (Bidang PSP)","Belanja Perjalanan Dinas Biasa Koordinasi, Identifikasi, Verifikasi, Monitoring dan Kedinasan Lainnya"
763,1698,1.0,Belanja Perjalanan Dinas Biasa,Belanja Perjalanan Dinas Biasa
763,1696,1.0,Belanja Perjalanan Dinas Biasa,Belanja Perjalanan Dinas Biasa
763,1699,1.0,Belanja Perjalanan Dinas Biasa,Belanja Perjalanan Dinas Biasa
763,1701,1.0,Belanja Perjalanan Dinas Biasa,Belanja Perjalanan Dinas Biasa
763,1697,1.0,Belanja Perjalanan Dinas Biasa,Belanja Perjalanan Dinas Biasa
764,2816,1.0,Belanja Perjalanan Dinas Biasa - UPTD V,Belanja Perjalanan Dinas Biasa UPTD 1
764,989,1.0,Belanja Perjalanan Dinas Biasa - UPTD V,Belanja Perjalanan Dinas Biasa - UPTD I
764,1002,1.0,Belanja Perjalanan Dinas Biasa - UPTD V,Belanja Perjalanan Dinas Biasa - UPTD I
764,1031,1.0,Belanja Perjalanan Dinas Biasa - UPTD V,Belanja Perjalanan Dinas Biasa - UPTD V
764,830,1.0,Belanja Perjalanan Dinas Biasa - UPTD V,Belanja Perjalanan Dinas Biasa - UPTD V
765,1698,1.0,Belanja Perjalanan Dinas Biasa,Belanja Perjalanan Dinas Biasa
765,1696,1.0,Belanja Perjalanan Dinas Biasa,Belanja Perjalanan Dinas Biasa
765,1699,1.0,Belanja Perjalanan Dinas Biasa,Belanja Perjalanan Dinas Biasa
765,1701,1.0,Belanja Perjalanan Dinas Biasa,Belanja Perjalanan Dinas Biasa
765,1697,1.0,Belanja Perjalanan Dinas Biasa,Belanja Perjalanan Dinas Biasa
766,1698,1.0,Belanja Perjalanan Dinas Biasa,Belanja Perjalanan Dinas Biasa
766,1696,1.0,Belanja Perjalanan Dinas Biasa,Belanja Perjalanan Dinas Biasa
766,1699,1.0,Belanja Perjalanan Dinas Biasa,Belanja Perjalanan Dinas Biasa
766,1701,1.0,Belanja Perjalanan Dinas Biasa,Belanja Perjalanan Dinas Biasa
766,1697,1.0,Belanja Perjalanan Dinas Biasa,Belanja Perjalanan Dinas Biasa
769,1698,1.0,Belanja Perjalanan Dinas Biasa,Belanja Perjalanan Dinas Biasa
769,1696,1.0,Belanja Perjalanan Dinas Biasa,Belanja Perjalanan Dinas Biasa
769,1699,1.0,Belanja Perjalanan Dinas Biasa,Belanja Perjalanan Dinas Biasa
769,1701,1.0,Belanja Perjalanan Dinas Biasa,Belanja Perjalanan Dinas Biasa
769,1697,1.0,Belanja Perjalanan Dinas Biasa,Belanja Perjalanan Dinas Biasa
770,1275,1.0,Belanja Perjalanan Dinas Biasa (Perjalanan Dinas Dalam Daerah Golongan III - Sedang),Belanja Perjalanan Dinas Biasa (Perjalanan Dinas Dalam Daerah Golongan III - sedang)
771,1698,1.0,Belanja Perjalanan Dinas Biasa,Belanja Perjalanan Dinas Biasa
771,1696,1.0,Belanja Perjalanan Dinas Biasa,Belanja Perjalanan Dinas Biasa
771,1699,1.0,Belanja Perjalanan Dinas Biasa,Belanja Perjalanan Dinas Biasa
771,1701,1.0,Belanja Perjalanan Dinas Biasa,Belanja Perjalanan Dinas Biasa
771,1697,1.0,Belanja Perjalanan Dinas Biasa,Belanja Perjalanan Dinas Biasa
772,1698,1.0,Belanja Perjalanan Dinas Biasa,Belanja Perjalanan Dinas Biasa
772,1696,1.0,Belanja Perjalanan Dinas Biasa,Belanja Perjalanan Dinas Biasa
772,1699,1.0,Belanja Perjalanan Dinas Biasa,Belanja Perjalanan Dinas Biasa
772,1701,1.0,Belanja Perjalanan Dinas Biasa,Belanja Perjalanan Dinas Biasa
772,1697,1.0,Belanja Perjalanan Dinas Biasa,Belanja Perjalanan Dinas Biasa
773,1698,1.0,Belanja Perjalanan Dinas Biasa,Belanja Perjalanan Dinas Biasa
773,1696,1.0,Belanja Perjalanan Dinas Biasa,Belanja Perjalanan Dinas Biasa
773,1699,1.0,Belanja Perjalanan Dinas Biasa,Belanja Perjalanan Dinas Biasa
773,1701,1.0,Belanja Perjalanan Dinas Biasa,Belanja Perjalanan Dinas Biasa
773,1697,1.0,Belanja Perjalanan Dinas Biasa,Belanja Perjalanan Dinas Biasa
774,1698,1.0,Belanja Perjalanan Dinas Biasa,Belanja Perjalanan Dinas Biasa
774,1696,1.0,Belanja Perjalanan Dinas Biasa,Belanja Perjalanan Dinas Biasa
774,1699,1.0,Belanja Perjalanan Dinas Biasa,Belanja Perjalanan Dinas Biasa
774,1701,1.0,Belanja Perjalanan Dinas Biasa,Belanja Perjalanan Dinas Biasa
774,1697,1.0,Belanja Perjalanan Dinas Biasa,Belanja Perjalanan Dinas Biasa
775,1698,1.0,Belanja Perjalanan Dinas Biasa,Belanja Perjalanan Dinas Biasa
775,1696,1.0,Belanja Perjalanan Dinas Biasa,Belanja Perjalanan Dinas Biasa
775,1699,1.0,Belanja Perjalanan Dinas Biasa,Belanja Perjalanan Dinas Biasa
775,1701,1.0,Belanja Perjalanan Dinas Biasa,Belanja Perjalanan Dinas Biasa
775,1697,1.0,Belanja Perjalanan Dinas Biasa,Belanja Perjalanan Dinas Biasa
776,1698,1.0,Belanja Perjalanan Dinas Biasa,Belanja Perjalanan Dinas Biasa
776,1696,1.0,Belanja Perjalanan Dinas Biasa,Belanja Perjalanan Dinas Biasa
776,1699,1.0,Belanja Perjalanan Dinas Biasa,Belanja Perjalanan Dinas Biasa
776,1701,1.0,Belanja Perjalanan Dinas Biasa,Belanja Perjalanan Dinas Biasa
776,1697,1.0,Belanja Perjalanan Dinas Biasa,Belanja Perjalanan Dinas Biasa
777,1698,1.0,Belanja Perjalanan Dinas Biasa,Belanja Perjalanan Dinas Biasa
777,1696,1.0,Belanja Perjalanan Dinas Biasa,Belanja Perjalanan Dinas Biasa
777,1699,1.0,Belanja Perjalanan Dinas Biasa,Belanja Perjalanan Dinas Biasa
777,1701,1.0,Belanja Perjalanan Dinas Biasa,Belanja Perjalanan Dinas Biasa
777,1697,1.0,Belanja Perjalanan Dinas Biasa,Belanja Perjalanan Dinas Biasa
778,1698,1.0,Belanja Perjalanan Dinas Biasa,Belanja Perjalanan Dinas Biasa
778,1696,1.0,Belanja Perjalanan Dinas Biasa,Belanja Perjalanan Dinas Biasa
778,1699,1.0,Belanja Perjalanan Dinas Biasa,Belanja Perjalanan Dinas Biasa
778,1701,1.0,Belanja Perjalanan Dinas Biasa,Belanja Perjalanan Dinas Biasa
778,1697,1.0,Belanja Perjalanan Dinas Biasa,Belanja Perjalanan Dinas Biasa
783,1698,1.0,Belanja Perjalanan Dinas Biasa,Belanja Perjalanan Dinas Biasa
783,1696,1.0,Belanja Perjalanan Dinas Biasa,Belanja Perjalanan Dinas Biasa
783,1699,1.0,Belanja Perjalanan Dinas Biasa,Belanja Perjalanan Dinas Biasa
783,1701,1.0,Belanja Perjalanan Dinas Biasa,Belanja Perjalanan Dinas Biasa
783,1697,1.0,Belanja Perjalanan Dinas Biasa,Belanja Perjalanan Dinas Biasa
784,1698,1.0,Belanja Perjalanan Dinas Biasa,Belanja Perjalanan Dinas Biasa
784,1696,1.0,Belanja Perjalanan Dinas Biasa,Belanja Perjalanan Dinas Biasa
784,1699,1.0,Belanja Perjalanan Dinas Biasa,Belanja Perjalanan Dinas Biasa
784,1701,1.0,Belanja Perjalanan Dinas Biasa,Belanja Perjalanan Dinas Biasa
784,1697,1.0,Belanja Perjalanan Dinas Biasa,Belanja Perjalanan Dinas Biasa
785,1698,1.0,Belanja Perjalanan Dinas Biasa,Belanja Perjalanan Dinas Biasa
785,1696,1.0,Belanja Perjalanan Dinas Biasa,Belanja Perjalanan Dinas Biasa
785,1699,1.0,Belanja Perjalanan Dinas Biasa,Belanja Perjalanan Dinas Biasa
785,1701,1.0,Belanja Perjalanan Dinas Biasa,Belanja Perjalanan Dinas Biasa
785,1697,1.0,Belanja Perjalanan Dinas Biasa,Belanja Perjalanan Dinas Biasa
786,1698,1.0,Belanja Perjalanan Dinas Biasa,Belanja Perjalanan Dinas Biasa
786,1696,1.0,Belanja Perjalanan Dinas Biasa,Belanja Perjalanan Dinas Biasa
786,1699,1.0,Belanja Perjalanan Dinas Biasa,Belanja Perjalanan Dinas Biasa
786,1701,1.0,Belanja Perjalanan Dinas Biasa,Belanja Perjalanan Dinas Biasa
786,1697,1.0,Belanja Perjalanan Dinas Biasa,Belanja Perjalanan Dinas Biasa
787,1698,1.0,Belanja Perjalanan Dinas Biasa,Belanja Perjalanan Dinas Biasa
787,1696,1.0,Belanja Perjalanan Dinas Biasa,Belanja Perjalanan Dinas Biasa
787,1699,1.0,Belanja Perjalanan Dinas Biasa,Belanja Perjalanan Dinas Biasa
787,1701,1.0,Belanja Perjalanan Dinas Biasa,Belanja Perjalanan Dinas Biasa
787,1697,1.0,Belanja Perjalanan Dinas Biasa,Belanja Perjalanan Dinas Biasa
788,1698,1.0,Belanja Perjalanan Dinas Biasa,Belanja Perjalanan Dinas Biasa
788,1696,1.0,Belanja Perjalanan Dinas Biasa,Belanja Perjalanan Dinas Biasa
788,1699,1.0,Belanja Perjalanan Dinas Biasa,Belanja Perjalanan Dinas Biasa
788,1701,1.0,Belanja Perjalanan Dinas Biasa,Belanja Perjalanan Dinas Biasa
788,1697,1.0,Belanja Perjalanan Dinas Biasa,Belanja Perjalanan Dinas Biasa
789,1698,1.0,Belanja Perjalanan Dinas Biasa,Belanja Perjalanan Dinas Biasa
789,1696,1.0,Belanja Perjalanan Dinas Biasa,Belanja Perjalanan Dinas Biasa
789,1699,1.0,Belanja Perjalanan Dinas Biasa,Belanja Perjalanan Dinas Biasa
789,1701,1.0,Belanja Perjalanan Dinas Biasa,Belanja Perjalanan Dinas Biasa
789,1697,1.0,Belanja Perjalanan Dinas Biasa,Belanja Perjalanan Dinas Biasa
790,1698,1.0,Belanja Perjalanan Dinas Biasa,Belanja Perjalanan Dinas Biasa
790,1696,1.0,Belanja Perjalanan Dinas Biasa,Belanja Perjalanan Dinas Biasa
790,1699,1.0,Belanja Perjalanan Dinas Biasa,Belanja Perjalanan Dinas Biasa
790,1701,1.0,Belanja Perjalanan Dinas Biasa,Belanja Perjalanan Dinas Biasa
790,1697,1.0,Belanja Perjalanan Dinas Biasa,Belanja Perjalanan Dinas Biasa
791,1698,1.0,Belanja Perjalanan Dinas Biasa,Belanja Perjalanan Dinas Biasa
791,1696,1.0,Belanja Perjalanan Dinas Biasa,Belanja Perjalanan Dinas Biasa
791,1699,1.0,Belanja Perjalanan Dinas Biasa,Belanja Perjalanan Dinas Biasa
791,1701,1.0,Belanja Perjalanan Dinas Biasa,Belanja Perjalanan Dinas Biasa
791,1697,1.0,Belanja Perjalanan Dinas Biasa,Belanja Perjalanan Dinas Biasa
792,1698,1.0,Belanja Perjalanan Dinas Biasa,Belanja Perjalanan Dinas Biasa
792,1696,1.0,Belanja Perjalanan Dinas Biasa,Belanja Perjalanan Dinas Biasa
792,1699,1.0,Belanja Perjalanan Dinas Biasa,Belanja Perjalanan Dinas Biasa
792,1701,1.0,Belanja Perjalanan Dinas Biasa,Belanja Perjalanan Dinas Biasa
792,1697,1.0,Belanja Perjalanan Dinas Biasa,Belanja Perjalanan Dinas Biasa
793,1698,1.0,Belanja Perjalanan Dinas Biasa,Belanja Perjalanan Dinas Biasa
793,1696,1.0,Belanja Perjalanan Dinas Biasa,Belanja Perjalanan Dinas Biasa
793,1699,1.0,Belanja Perjalanan Dinas Biasa,Belanja Perjalanan Dinas Biasa
793,1701,1.0,Belanja Perjalanan Dinas Biasa,Belanja Perjalanan Dinas Biasa
793,1697,1.0,Belanja Perjalanan Dinas Biasa,Belanja Perjalanan Dinas Biasa
795,1698,1.0,Belanja Perjalanan Dinas Biasa,Belanja Perjalanan Dinas Biasa
795,1696,1.0,Belanja Perjalanan Dinas Biasa,Belanja Perjalanan Dinas Biasa
795,1699,1.0,Belanja Perjalanan Dinas Biasa,Belanja Perjalanan Dinas Biasa
795,1701,1.0,Belanja Perjalanan Dinas Biasa,Belanja Perjalanan Dinas Biasa
795,1697,1.0,Belanja Perjalanan Dinas Biasa,Belanja Perjalanan Dinas Biasa
796,1698,1.0,Belanja Perjalanan Dinas Biasa,Belanja Perjalanan Dinas Biasa
796,1696,1.0,Belanja Perjalanan Dinas Biasa,Belanja Perjalanan Dinas Biasa
796,1699,1.0,Belanja Perjalanan Dinas Biasa,Belanja Perjalanan Dinas Biasa
796,1701,1.0,Belanja Perjalanan Dinas Biasa,Belanja Perjalanan Dinas Biasa
796,1697,1.0,Belanja Perjalanan Dinas Biasa,Belanja Perjalanan Dinas Biasa
797,1698,1.0,Belanja Perjalanan Dinas Biasa,Belanja Perjalanan Dinas Biasa
797,1696,1.0,Belanja Perjalanan Dinas Biasa,Belanja Perjalanan Dinas Biasa
797,1699,1.0,Belanja Perjalanan Dinas Biasa,Belanja Perjalanan Dinas Biasa
797,1701,1.0,Belanja Perjalanan Dinas Biasa,Belanja Perjalanan Dinas Biasa
797,1697,1.0,Belanja Perjalanan Dinas Biasa,Belanja Perjalanan Dinas Biasa
798,1698,1.0,Belanja Perjalanan Dinas Biasa,Belanja Perjalanan Dinas Biasa
798,1696,1.0,Belanja Perjalanan Dinas Biasa,Belanja Perjalanan Dinas Biasa
798,1699,1.0,Belanja Perjalanan Dinas Biasa,Belanja Perjalanan Dinas Biasa
798,1701,1.0,Belanja Perjalanan Dinas Biasa,Belanja Perjalanan Dinas Biasa
798,1697,1.0,Belanja Perjalanan Dinas Biasa,Belanja Perjalanan Dinas Biasa
799,800,1.0,Belanja Perjalanan Dinas Biasa Koordinasi/konsultasi/kedinasan lainnya,Belanja Perjalanan Dinas Biasa Koordinasi/konsultasi/kedinasan lainnya
803,1698,1.0,Belanja Perjalanan Dinas Biasa,Belanja Perjalanan Dinas Biasa
803,1696,1.0,Belanja Perjalanan Dinas Biasa,Belanja Perjalanan Dinas Biasa
803,1699,1.0,Belanja Perjalanan Dinas Biasa,Belanja Perjalanan Dinas Biasa
803,1701,1.0,Belanja Perjalanan Dinas Biasa,Belanja Perjalanan Dinas Biasa
803,1697,1.0,Belanja Perjalanan Dinas Biasa,Belanja Perjalanan Dinas Biasa
804,1698,1.0,Belanja Perjalanan Dinas Biasa,Belanja Perjalanan Dinas Biasa
804,1696,1.0,Belanja Perjalanan Dinas Biasa,Belanja Perjalanan Dinas Biasa
804,1699,1.0,Belanja Perjalanan Dinas Biasa,Belanja Perjalanan Dinas Biasa
804,1701,1.0,Belanja Perjalanan Dinas Biasa,Belanja Perjalanan Dinas Biasa
804,1697,1.0,Belanja Perjalanan Dinas Biasa,Belanja Perjalanan Dinas Biasa
805,1698,1.0,Belanja Perjalanan Dinas Biasa,Belanja Perjalanan Dinas Biasa
805,1696,1.0,Belanja Perjalanan Dinas Biasa,Belanja Perjalanan Dinas Biasa
805,1699,1.0,Belanja Perjalanan Dinas Biasa,Belanja Perjalanan Dinas Biasa
805,1701,1.0,Belanja Perjalanan Dinas Biasa,Belanja Perjalanan Dinas Biasa
805,1697,1.0,Belanja Perjalanan Dinas Biasa,Belanja Perjalanan Dinas Biasa
806,1698,1.0,Belanja Perjalanan Dinas Biasa,Belanja Perjalanan Dinas Biasa
806,1696,1.0,Belanja Perjalanan Dinas Biasa,Belanja Perjalanan Dinas Biasa
806,1699,1.0,Belanja Perjalanan Dinas Biasa,Belanja Perjalanan Dinas Biasa
806,1701,1.0,Belanja Perjalanan Dinas Biasa,Belanja Perjalanan Dinas Biasa
806,1697,1.0,Belanja Perjalanan Dinas Biasa,Belanja Perjalanan Dinas Biasa
807,1354,1.0,Belanja Perjalanan Dinas Biasa - UPTD III,Belanja Perjalanan Dinas Biasa - UPTD III
807,1030,1.0,Belanja Perjalanan Dinas Biasa - UPTD III,Belanja Perjalanan Dinas Biasa - UPTD III
808,669,1.0,Belanja Perjalanan Dinas Biasa -  Monitoring dan Evaluasi SPM Bidang Pendidikan; Biaya Transportasi Darat dari Ibukota Provinsi ke Kabupaten/Kota dalam Provinsi,Belanja Perjalanan Dinas Biasa -  Monitoring dan Evaluasi SPM Bidang Pendidikan; Biaya Transportasi Darat dari Ibukota Provinsi ke Kabupaten/Kota dalam Provinsi
808,668,1.0,Belanja Perjalanan Dinas Biasa -  Monitoring dan Evaluasi SPM Bidang Pendidikan; Biaya Transportasi Darat dari Ibukota Provinsi ke Kabupaten/Kota dalam Provinsi,Belanja Perjalanan Dinas Biasa -  Monitoring dan Evaluasi SPM Bidang Pendidikan; Biaya Transportasi Darat dari Ibukota Provinsi ke Kabupaten/Kota dalam Provinsi
808,671,1.0,Belanja Perjalanan Dinas Biasa -  Monitoring dan Evaluasi SPM Bidang Pendidikan; Biaya Transportasi Darat dari Ibukota Provinsi ke Kabupaten/Kota dalam Provinsi,Belanja Perjalanan Dinas Biasa -  Monitoring dan Evaluasi SPM Bidang Pendidikan; Biaya Transportasi Darat dari Ibukota Provinsi ke Kabupaten/Kota dalam Provinsi
808,916,1.0,Belanja Perjalanan Dinas Biasa -  Monitoring dan Evaluasi SPM Bidang Pendidikan; Biaya Transportasi Darat dari Ibukota Provinsi ke Kabupaten/Kota dalam Provinsi,Belanja Perjalanan Dinas Biasa -  Monitoring dan Evaluasi SPM Bidang Pendidikan; Biaya Transportasi Darat dari Ibukota Provinsi ke Kabupaten/Kota dalam Provinsi
808,1271,1.0,Belanja Perjalanan Dinas Biasa -  Monitoring dan Evaluasi SPM Bidang Pendidikan; Biaya Transportasi Darat dari Ibukota Provinsi ke Kabupaten/Kota dalam Provinsi,Belanja Perjalanan Dinas Biasa -  Monitoring dan Evaluasi SPM Bidang Pendidikan; Biaya Transportasi Darat dari Ibukota Provinsi ke Kabupaten/Kota dalam Provinsi
809,1698,1.0,Belanja Perjalanan Dinas Biasa,Belanja Perjalanan Dinas Biasa
809,1696,1.0,Belanja Perjalanan Dinas Biasa,Belanja Perjalanan Dinas Biasa
809,1699,1.0,Belanja Perjalanan Dinas Biasa,Belanja Perjalanan Dinas Biasa
809,1701,1.0,Belanja Perjalanan Dinas Biasa,Belanja Perjalanan Dinas Biasa
809,1697,1.0,Belanja Perjalanan Dinas Biasa,Belanja Perjalanan Dinas Biasa
810,1698,1.0,Belanja Perjalanan Dinas Biasa,Belanja Perjalanan Dinas Biasa
810,1696,1.0,Belanja Perjalanan Dinas Biasa,Belanja Perjalanan Dinas Biasa
810,1699,1.0,Belanja Perjalanan Dinas Biasa,Belanja Perjalanan Dinas Biasa
810,1701,1.0,Belanja Perjalanan Dinas Biasa,Belanja Perjalanan Dinas Biasa
810,1697,1.0,Belanja Perjalanan Dinas Biasa,Belanja Perjalanan Dinas Biasa
811,1698,1.0,Belanja Perjalanan Dinas Biasa,Belanja Perjalanan Dinas Biasa
811,1696,1.0,Belanja Perjalanan Dinas Biasa,Belanja Perjalanan Dinas Biasa
811,1699,1.0,Belanja Perjalanan Dinas Biasa,Belanja Perjalanan Dinas Biasa
811,1701,1.0,Belanja Perjalanan Dinas Biasa,Belanja Perjalanan Dinas Biasa
811,1697,1.0,Belanja Perjalanan Dinas Biasa,Belanja Perjalanan Dinas Biasa
813,1698,1.0,Belanja Perjalanan Dinas Biasa,Belanja Perjalanan Dinas Biasa
813,1696,1.0,Belanja Perjalanan Dinas Biasa,Belanja Perjalanan Dinas Biasa
813,1699,1.0,Belanja Perjalanan Dinas Biasa,Belanja Perjalanan Dinas Biasa
813,1701,1.0,Belanja Perjalanan Dinas Biasa,Belanja Perjalanan Dinas Biasa
813,1697,1.0,Belanja Perjalanan Dinas Biasa,Belanja Perjalanan Dinas Biasa
814,1698,1.0,Belanja Perjalanan Dinas Biasa,Belanja Perjalanan Dinas Biasa
814,1696,1.0,Belanja Perjalanan Dinas Biasa,Belanja Perjalanan Dinas Biasa
814,1699,1.0,Belanja Perjalanan Dinas Biasa,Belanja Perjalanan Dinas Biasa
814,1701,1.0,Belanja Perjalanan Dinas Biasa,Belanja Perjalanan Dinas Biasa
814,1697,1.0,Belanja Perjalanan Dinas Biasa,Belanja Perjalanan Dinas Biasa
815,1698,1.0,Belanja Perjalanan Dinas Biasa,Belanja Perjalanan Dinas Biasa
815,1696,1.0,Belanja Perjalanan Dinas Biasa,Belanja Perjalanan Dinas Biasa
815,1699,1.0,Belanja Perjalanan Dinas Biasa,Belanja Perjalanan Dinas Biasa
815,1701,1.0,Belanja Perjalanan Dinas Biasa,Belanja Perjalanan Dinas Biasa
815,1697,1.0,Belanja Perjalanan Dinas Biasa,Belanja Perjalanan Dinas Biasa
816,1698,1.0,Belanja Perjalanan Dinas Biasa,Belanja Perjalanan Dinas Biasa
816,1696,1.0,Belanja Perjalanan Dinas Biasa,Belanja Perjalanan Dinas Biasa
816,1699,1.0,Belanja Perjalanan Dinas Biasa,Belanja Perjalanan Dinas Biasa
816,1701,1.0,Belanja Perjalanan Dinas Biasa,Belanja Perjalanan Dinas Biasa
816,1697,1.0,Belanja Perjalanan Dinas Biasa,Belanja Perjalanan Dinas Biasa
817,1698,1.0,Belanja Perjalanan Dinas Biasa,Belanja Perjalanan Dinas Biasa
817,1696,1.0,Belanja Perjalanan Dinas Biasa,Belanja Perjalanan Dinas Biasa
817,1699,1.0,Belanja Perjalanan Dinas Biasa,Belanja Perjalanan Dinas Biasa
817,1701,1.0,Belanja Perjalanan Dinas Biasa,Belanja Perjalanan Dinas Biasa
817,1697,1.0,Belanja Perjalanan Dinas Biasa,Belanja Perjalanan Dinas Biasa
819,1698,1.0,Belanja Perjalanan Dinas Biasa,Belanja Perjalanan Dinas Biasa
819,1696,1.0,Belanja Perjalanan Dinas Biasa,Belanja Perjalanan Dinas Biasa
819,1699,1.0,Belanja Perjalanan Dinas Biasa,Belanja Perjalanan Dinas Biasa
819,1701,1.0,Belanja Perjalanan Dinas Biasa,Belanja Perjalanan Dinas Biasa
819,1697,1.0,Belanja Perjalanan Dinas Biasa,Belanja Perjalanan Dinas Biasa
820,1698,1.0,Belanja Perjalanan Dinas Biasa,Belanja Perjalanan Dinas Biasa
820,1696,1.0,Belanja Perjalanan Dinas Biasa,Belanja Perjalanan Dinas Biasa
820,1699,1.0,Belanja Perjalanan Dinas Biasa,Belanja Perjalanan Dinas Biasa
820,1701,1.0,Belanja Perjalanan Dinas Biasa,Belanja Perjalanan Dinas Biasa
820,1697,1.0,Belanja Perjalanan Dinas Biasa,Belanja Perjalanan Dinas Biasa
821,1698,1.0,Belanja Perjalanan Dinas Biasa,Belanja Perjalanan Dinas Biasa
821,1696,1.0,Belanja Perjalanan Dinas Biasa,Belanja Perjalanan Dinas Biasa
821,1699,1.0,Belanja Perjalanan Dinas Biasa,Belanja Perjalanan Dinas Biasa
821,1701,1.0,Belanja Perjalanan Dinas Biasa,Belanja Perjalanan Dinas Biasa
821,1697,1.0,Belanja Perjalanan Dinas Biasa,Belanja Perjalanan Dinas Biasa
822,1698,1.0,Belanja Perjalanan Dinas Biasa,Belanja Perjalanan Dinas Biasa
822,1696,1.0,Belanja Perjalanan Dinas Biasa,Belanja Perjalanan Dinas Biasa
822,1699,1.0,Belanja Perjalanan Dinas Biasa,Belanja Perjalanan Dinas Biasa
822,1701,1.0,Belanja Perjalanan Dinas Biasa,Belanja Perjalanan Dinas Biasa
822,1697,1.0,Belanja Perjalanan Dinas Biasa,Belanja Perjalanan Dinas Biasa
823,1698,1.0,Belanja Perjalanan Dinas Biasa,Belanja Perjalanan Dinas Biasa
823,1696,1.0,Belanja Perjalanan Dinas Biasa,Belanja Perjalanan Dinas Biasa
823,1699,1.0,Belanja Perjalanan Dinas Biasa,Belanja Perjalanan Dinas Biasa
823,1701,1.0,Belanja Perjalanan Dinas Biasa,Belanja Perjalanan Dinas Biasa
823,1697,1.0,Belanja Perjalanan Dinas Biasa,Belanja Perjalanan Dinas Biasa
824,1698,1.0,Belanja Perjalanan Dinas Biasa,Belanja Perjalanan Dinas Biasa
824,1696,1.0,Belanja Perjalanan Dinas Biasa,Belanja Perjalanan Dinas Biasa
824,1699,1.0,Belanja Perjalanan Dinas Biasa,Belanja Perjalanan Dinas Biasa
824,1701,1.0,Belanja Perjalanan Dinas Biasa,Belanja Perjalanan Dinas Biasa
824,1697,1.0,Belanja Perjalanan Dinas Biasa,Belanja Perjalanan Dinas Biasa
825,1698,1.0,Belanja Perjalanan Dinas Biasa,Belanja Perjalanan Dinas Biasa
825,1696,1.0,Belanja Perjalanan Dinas Biasa,Belanja Perjalanan Dinas Biasa
825,1699,1.0,Belanja Perjalanan Dinas Biasa,Belanja Perjalanan Dinas Biasa
825,1701,1.0,Belanja Perjalanan Dinas Biasa,Belanja Perjalanan Dinas Biasa
825,1697,1.0,Belanja Perjalanan Dinas Biasa,Belanja Perjalanan Dinas Biasa
826,1698,1.0,Belanja Perjalanan Dinas Biasa,Belanja Perjalanan Dinas Biasa
826,1696,1.0,Belanja Perjalanan Dinas Biasa,Belanja Perjalanan Dinas Biasa
826,1699,1.0,Belanja Perjalanan Dinas Biasa,Belanja Perjalanan Dinas Biasa
826,1701,1.0,Belanja Perjalanan Dinas Biasa,Belanja Perjalanan Dinas Biasa
826,1697,1.0,Belanja Perjalanan Dinas Biasa,Belanja Perjalanan Dinas Biasa
828,1698,1.0,Belanja Perjalanan Dinas Biasa,Belanja Perjalanan Dinas Biasa
828,1696,1.0,Belanja Perjalanan Dinas Biasa,Belanja Perjalanan Dinas Biasa
828,1699,1.0,Belanja Perjalanan Dinas Biasa,Belanja Perjalanan Dinas Biasa
828,1701,1.0,Belanja Perjalanan Dinas Biasa,Belanja Perjalanan Dinas Biasa
828,1697,1.0,Belanja Perjalanan Dinas Biasa,Belanja Perjalanan Dinas Biasa
830,2816,1.0,Belanja Perjalanan Dinas Biasa - UPTD V,Belanja Perjalanan Dinas Biasa UPTD 1
830,989,1.0,Belanja Perjalanan Dinas Biasa - UPTD V,Belanja Perjalanan Dinas Biasa - UPTD I
830,1002,1.0,Belanja Perjalanan Dinas Biasa - UPTD V,Belanja Perjalanan Dinas Biasa - UPTD I
830,1031,1.0,Belanja Perjalanan Dinas Biasa - UPTD V,Belanja Perjalanan Dinas Biasa - UPTD V
832,669,1.0,Belanja Perjalanan Dinas Biasa -  Monitoring dan Evaluasi SPM Bidang Pendidikan; Biaya Transportasi Darat dari Ibukota Provinsi ke Kabupaten/Kota dalam Provinsi,Belanja Perjalanan Dinas Biasa -  Monitoring dan Evaluasi SPM Bidang Pendidikan; Biaya Transportasi Darat dari Ibukota Provinsi ke Kabupaten/Kota dalam Provinsi
832,668,1.0,Belanja Perjalanan Dinas Biasa -  Monitoring dan Evaluasi SPM Bidang Pendidikan; Biaya Transportasi Darat dari Ibukota Provinsi ke Kabupaten/Kota dalam Provinsi,Belanja Perjalanan Dinas Biasa -  Monitoring dan Evaluasi SPM Bidang Pendidikan; Biaya Transportasi Darat dari Ibukota Provinsi ke Kabupaten/Kota dalam Provinsi
832,671,1.0,Belanja Perjalanan Dinas Biasa -  Monitoring dan Evaluasi SPM Bidang Pendidikan; Biaya Transportasi Darat dari Ibukota Provinsi ke Kabupaten/Kota dalam Provinsi,Belanja Perjalanan Dinas Biasa -  Monitoring dan Evaluasi SPM Bidang Pendidikan; Biaya Transportasi Darat dari Ibukota Provinsi ke Kabupaten/Kota dalam Provinsi
832,916,1.0,Belanja Perjalanan Dinas Biasa -  Monitoring dan Evaluasi SPM Bidang Pendidikan; Biaya Transportasi Darat dari Ibukota Provinsi ke Kabupaten/Kota dalam Provinsi,Belanja Perjalanan Dinas Biasa -  Monitoring dan Evaluasi SPM Bidang Pendidikan; Biaya Transportasi Darat dari Ibukota Provinsi ke Kabupaten/Kota dalam Provinsi
832,1271,1.0,Belanja Perjalanan Dinas Biasa -  Monitoring dan Evaluasi SPM Bidang Pendidikan; Biaya Transportasi Darat dari Ibukota Provinsi ke Kabupaten/Kota dalam Provinsi,Belanja Perjalanan Dinas Biasa -  Monitoring dan Evaluasi SPM Bidang Pendidikan; Biaya Transportasi Darat dari Ibukota Provinsi ke Kabupaten/Kota dalam Provinsi
833,669,1.0,Belanja Perjalanan Dinas Biasa -  Monitoring dan Evaluasi SPM Bidang Pendidikan; Biaya Transportasi Darat dari Ibukota Provinsi ke Kabupaten/Kota dalam Provinsi,Belanja Perjalanan Dinas Biasa -  Monitoring dan Evaluasi SPM Bidang Pendidikan; Biaya Transportasi Darat dari Ibukota Provinsi ke Kabupaten/Kota dalam Provinsi
833,668,1.0,Belanja Perjalanan Dinas Biasa -  Monitoring dan Evaluasi SPM Bidang Pendidikan; Biaya Transportasi Darat dari Ibukota Provinsi ke Kabupaten/Kota dalam Provinsi,Belanja Perjalanan Dinas Biasa -  Monitoring dan Evaluasi SPM Bidang Pendidikan; Biaya Transportasi Darat dari Ibukota Provinsi ke Kabupaten/Kota dalam Provinsi
833,671,1.0,Belanja Perjalanan Dinas Biasa -  Monitoring dan Evaluasi SPM Bidang Pendidikan; Biaya Transportasi Darat dari Ibukota Provinsi ke Kabupaten/Kota dalam Provinsi,Belanja Perjalanan Dinas Biasa -  Monitoring dan Evaluasi SPM Bidang Pendidikan; Biaya Transportasi Darat dari Ibukota Provinsi ke Kabupaten/Kota dalam Provinsi
833,916,1.0,Belanja Perjalanan Dinas Biasa -  Monitoring dan Evaluasi SPM Bidang Pendidikan; Biaya Transportasi Darat dari Ibukota Provinsi ke Kabupaten/Kota dalam Provinsi,Belanja Perjalanan Dinas Biasa -  Monitoring dan Evaluasi SPM Bidang Pendidikan; Biaya Transportasi Darat dari Ibukota Provinsi ke Kabupaten/Kota dalam Provinsi
833,1271,1.0,Belanja Perjalanan Dinas Biasa -  Monitoring dan Evaluasi SPM Bidang Pendidikan; Biaya Transportasi Darat dari Ibukota Provinsi ke Kabupaten/Kota dalam Provinsi,Belanja Perjalanan Dinas Biasa -  Monitoring dan Evaluasi SPM Bidang Pendidikan; Biaya Transportasi Darat dari Ibukota Provinsi ke Kabupaten/Kota dalam Provinsi
834,1317,0.8891021570436691,"Belanja Perjalanan Dinas Biasa (CDK Ajatappareng, CDK Pangkep, CDK Selayar)","Belanja Perjalanan Dinas Biasa ( Sosialisasi Mitigasi Bencana CDK Ajatappareng, CDK Bosowasi, CDK Luwu Raya, CDK Mamminasata, CDK Pangkep, CDK Selayar, CDK Wil Selatan)"
836,884,1.0,Belanja Perjalanan Dinas Biasa (UPT Walcen),Belanja Perjalanan Dinas Biasa (UPT Walcen)
836,883,1.0,Belanja Perjalanan Dinas Biasa (UPT Walcen),Belanja Perjalanan Dinas Biasa (UPT Walcen)
837,1698,1.0,Belanja Perjalanan Dinas Biasa,Belanja Perjalanan Dinas Biasa
837,1696,1.0,Belanja Perjalanan Dinas Biasa,Belanja Perjalanan Dinas Biasa
837,1699,1.0,Belanja Perjalanan Dinas Biasa,Belanja Perjalanan Dinas Biasa
837,1701,1.0,Belanja Perjalanan Dinas Biasa,Belanja Perjalanan Dinas Biasa
837,1697,1.0,Belanja Perjalanan Dinas Biasa,Belanja Perjalanan Dinas Biasa
839,1698,1.0,Belanja Perjalanan Dinas Biasa,Belanja Perjalanan Dinas Biasa
839,1696,1.0,Belanja Perjalanan Dinas Biasa,Belanja Perjalanan Dinas Biasa
839,1699,1.0,Belanja Perjalanan Dinas Biasa,Belanja Perjalanan Dinas Biasa
839,1701,1.0,Belanja Perjalanan Dinas Biasa,Belanja Perjalanan Dinas Biasa
839,1697,1.0,Belanja Perjalanan Dinas Biasa,Belanja Perjalanan Dinas Biasa
841,1698,1.0,Belanja Perjalanan Dinas Biasa,Belanja Perjalanan Dinas Biasa
841,1696,1.0,Belanja Perjalanan Dinas Biasa,Belanja Perjalanan Dinas Biasa
841,1699,1.0,Belanja Perjalanan Dinas Biasa,Belanja Perjalanan Dinas Biasa
841,1701,1.0,Belanja Perjalanan Dinas Biasa,Belanja Perjalanan Dinas Biasa
841,1697,1.0,Belanja Perjalanan Dinas Biasa,Belanja Perjalanan Dinas Biasa
842,1698,1.0,Belanja Perjalanan Dinas Biasa,Belanja Perjalanan Dinas Biasa
842,1696,1.0,Belanja Perjalanan Dinas Biasa,Belanja Perjalanan Dinas Biasa
842,1699,1.0,Belanja Perjalanan Dinas Biasa,Belanja Perjalanan Dinas Biasa
842,1701,1.0,Belanja Perjalanan Dinas Biasa,Belanja Perjalanan Dinas Biasa
842,1697,1.0,Belanja Perjalanan Dinas Biasa,Belanja Perjalanan Dinas Biasa
843,1698,1.0,Belanja Perjalanan Dinas Biasa,Belanja Perjalanan Dinas Biasa
843,1696,1.0,Belanja Perjalanan Dinas Biasa,Belanja Perjalanan Dinas Biasa
843,1699,1.0,Belanja Perjalanan Dinas Biasa,Belanja Perjalanan Dinas Biasa
843,1701,1.0,Belanja Perjalanan Dinas Biasa,Belanja Perjalanan Dinas Biasa
843,1697,1.0,Belanja Perjalanan Dinas Biasa,Belanja Perjalanan Dinas Biasa
844,1698,1.0,Belanja Perjalanan Dinas Biasa,Belanja Perjalanan Dinas Biasa
844,1696,1.0,Belanja Perjalanan Dinas Biasa,Belanja Perjalanan Dinas Biasa
844,1699,1.0,Belanja Perjalanan Dinas Biasa,Belanja Perjalanan Dinas Biasa
844,1701,1.0,Belanja Perjalanan Dinas Biasa,Belanja Perjalanan Dinas Biasa
844,1697,1.0,Belanja Perjalanan Dinas Biasa,Belanja Perjalanan Dinas Biasa
845,1698,1.0,Belanja Perjalanan Dinas Biasa,Belanja Perjalanan Dinas Biasa
845,1696,1.0,Belanja Perjalanan Dinas Biasa,Belanja Perjalanan Dinas Biasa
845,1699,1.0,Belanja Perjalanan Dinas Biasa,Belanja Perjalanan Dinas Biasa
845,1701,1.0,Belanja Perjalanan Dinas Biasa,Belanja Perjalanan Dinas Biasa
845,1697,1.0,Belanja Perjalanan Dinas Biasa,Belanja Perjalanan Dinas Biasa
847,1698,1.0,Belanja Perjalanan Dinas Biasa,Belanja Perjalanan Dinas Biasa
847,1696,1.0,Belanja Perjalanan Dinas Biasa,Belanja Perjalanan Dinas Biasa
847,1699,1.0,Belanja Perjalanan Dinas Biasa,Belanja Perjalanan Dinas Biasa
847,1701,1.0,Belanja Perjalanan Dinas Biasa,Belanja Perjalanan Dinas Biasa
847,1697,1.0,Belanja Perjalanan Dinas Biasa,Belanja Perjalanan Dinas Biasa
848,1698,1.0,Belanja Perjalanan Dinas Biasa,Belanja Perjalanan Dinas Biasa
848,1696,1.0,Belanja Perjalanan Dinas Biasa,Belanja Perjalanan Dinas Biasa
848,1699,1.0,Belanja Perjalanan Dinas Biasa,Belanja Perjalanan Dinas Biasa
848,1701,1.0,Belanja Perjalanan Dinas Biasa,Belanja Perjalanan Dinas Biasa
848,1697,1.0,Belanja Perjalanan Dinas Biasa,Belanja Perjalanan Dinas Biasa
849,1698,1.0,Belanja Perjalanan Dinas Biasa,Belanja Perjalanan Dinas Biasa
849,1696,1.0,Belanja Perjalanan Dinas Biasa,Belanja Perjalanan Dinas Biasa
849,1699,1.0,Belanja Perjalanan Dinas Biasa,Belanja Perjalanan Dinas Biasa
849,1701,1.0,Belanja Perjalanan Dinas Biasa,Belanja Perjalanan Dinas Biasa
849,1697,1.0,Belanja Perjalanan Dinas Biasa,Belanja Perjalanan Dinas Biasa
850,1698,1.0,Belanja Perjalanan Dinas Biasa,Belanja Perjalanan Dinas Biasa
850,1696,1.0,Belanja Perjalanan Dinas Biasa,Belanja Perjalanan Dinas Biasa
850,1699,1.0,Belanja Perjalanan Dinas Biasa,Belanja Perjalanan Dinas Biasa
850,1701,1.0,Belanja Perjalanan Dinas Biasa,Belanja Perjalanan Dinas Biasa
850,1697,1.0,Belanja Perjalanan Dinas Biasa,Belanja Perjalanan Dinas Biasa
851,1698,1.0,Belanja Perjalanan Dinas Biasa,Belanja Perjalanan Dinas Biasa
851,1696,1.0,Belanja Perjalanan Dinas Biasa,Belanja Perjalanan Dinas Biasa
851,1699,1.0,Belanja Perjalanan Dinas Biasa,Belanja Perjalanan Dinas Biasa
851,1701,1.0,Belanja Perjalanan Dinas Biasa,Belanja Perjalanan Dinas Biasa
851,1697,1.0,Belanja Perjalanan Dinas Biasa,Belanja Perjalanan Dinas Biasa
852,1698,1.0,Belanja Perjalanan Dinas Biasa,Belanja Perjalanan Dinas Biasa
852,1696,1.0,Belanja Perjalanan Dinas Biasa,Belanja Perjalanan Dinas Biasa
852,1699,1.0,Belanja Perjalanan Dinas Biasa,Belanja Perjalanan Dinas Biasa
852,1701,1.0,Belanja Perjalanan Dinas Biasa,Belanja Perjalanan Dinas Biasa
852,1697,1.0,Belanja Perjalanan Dinas Biasa,Belanja Perjalanan Dinas Biasa
853,1698,1.0,Belanja Perjalanan Dinas Biasa,Belanja Perjalanan Dinas Biasa
853,1696,1.0,Belanja Perjalanan Dinas Biasa,Belanja Perjalanan Dinas Biasa
853,1699,1.0,Belanja Perjalanan Dinas Biasa,Belanja Perjalanan Dinas Biasa
853,1701,1.0,Belanja Perjalanan Dinas Biasa,Belanja Perjalanan Dinas Biasa
853,1697,1.0,Belanja Perjalanan Dinas Biasa,Belanja Perjalanan Dinas Biasa
854,1698,1.0,Belanja Perjalanan Dinas Biasa,Belanja Perjalanan Dinas Biasa
854,1696,1.0,Belanja Perjalanan Dinas Biasa,Belanja Perjalanan Dinas Biasa
854,1699,1.0,Belanja Perjalanan Dinas Biasa,Belanja Perjalanan Dinas Biasa
854,1701,1.0,Belanja Perjalanan Dinas Biasa,Belanja Perjalanan Dinas Biasa
854,1697,1.0,Belanja Perjalanan Dinas Biasa,Belanja Perjalanan Dinas Biasa
856,1698,1.0,Belanja Perjalanan Dinas Biasa,Belanja Perjalanan Dinas Biasa
856,1696,1.0,Belanja Perjalanan Dinas Biasa,Belanja Perjalanan Dinas Biasa
856,1699,1.0,Belanja Perjalanan Dinas Biasa,Belanja Perjalanan Dinas Biasa
856,1701,1.0,Belanja Perjalanan Dinas Biasa,Belanja Perjalanan Dinas Biasa
856,1697,1.0,Belanja Perjalanan Dinas Biasa,Belanja Perjalanan Dinas Biasa
860,1247,1.0,Belanja Perjalanan Dinas Biasa - Dinas,Belanja Perjalanan Dinas Biasa - Dinas
860,1699,0.9458754936404272,Belanja Perjalanan Dinas Biasa - Dinas,Belanja Perjalanan Dinas Biasa
860,1700,0.9458754936404272,Belanja Perjalanan Dinas Biasa - Dinas,Belanja Perjalanan Dinas Biasa
865,1698,1.0,Belanja Perjalanan Dinas Biasa,Belanja Perjalanan Dinas Biasa
865,1696,1.0,Belanja Perjalanan Dinas Biasa,Belanja Perjalanan Dinas Biasa
865,1699,1.0,Belanja Perjalanan Dinas Biasa,Belanja Perjalanan Dinas Biasa
865,1701,1.0,Belanja Perjalanan Dinas Biasa,Belanja Perjalanan Dinas Biasa
865,1697,1.0,Belanja Perjalanan Dinas Biasa,Belanja Perjalanan Dinas Biasa
866,1698,1.0,Belanja Perjalanan Dinas Biasa,Belanja Perjalanan Dinas Biasa
866,1696,1.0,Belanja Perjalanan Dinas Biasa,Belanja Perjalanan Dinas Biasa
866,1699,1.0,Belanja Perjalanan Dinas Biasa,Belanja Perjalanan Dinas Biasa
866,1701,1.0,Belanja Perjalanan Dinas Biasa,Belanja Perjalanan Dinas Biasa
866,1697,1.0,Belanja Perjalanan Dinas Biasa,Belanja Perjalanan Dinas Biasa
867,1698,1.0,Belanja Perjalanan Dinas Biasa,Belanja Perjalanan Dinas Biasa
867,1696,1.0,Belanja Perjalanan Dinas Biasa,Belanja Perjalanan Dinas Biasa
867,1699,1.0,Belanja Perjalanan Dinas Biasa,Belanja Perjalanan Dinas Biasa
867,1701,1.0,Belanja Perjalanan Dinas Biasa,Belanja Perjalanan Dinas Biasa
867,1697,1.0,Belanja Perjalanan Dinas Biasa,Belanja Perjalanan Dinas Biasa
868,1698,1.0,Belanja Perjalanan Dinas Biasa,Belanja Perjalanan Dinas Biasa
868,1696,1.0,Belanja Perjalanan Dinas Biasa,Belanja Perjalanan Dinas Biasa
868,1699,1.0,Belanja Perjalanan Dinas Biasa,Belanja Perjalanan Dinas Biasa
868,1701,1.0,Belanja Perjalanan Dinas Biasa,Belanja Perjalanan Dinas Biasa
868,1697,1.0,Belanja Perjalanan Dinas Biasa,Belanja Perjalanan Dinas Biasa
869,1698,1.0,Belanja Perjalanan Dinas Biasa,Belanja Perjalanan Dinas Biasa
869,1696,1.0,Belanja Perjalanan Dinas Biasa,Belanja Perjalanan Dinas Biasa
869,1699,1.0,Belanja Perjalanan Dinas Biasa,Belanja Perjalanan Dinas Biasa
869,1701,1.0,Belanja Perjalanan Dinas Biasa,Belanja Perjalanan Dinas Biasa
869,1697,1.0,Belanja Perjalanan Dinas Biasa,Belanja Perjalanan Dinas Biasa
870,1698,1.0,Belanja Perjalanan Dinas Biasa,Belanja Perjalanan Dinas Biasa
870,1696,1.0,Belanja Perjalanan Dinas Biasa,Belanja Perjalanan Dinas Biasa
870,1699,1.0,Belanja Perjalanan Dinas Biasa,Belanja Perjalanan Dinas Biasa
870,1701,1.0,Belanja Perjalanan Dinas Biasa,Belanja Perjalanan Dinas Biasa
870,1697,1.0,Belanja Perjalanan Dinas Biasa,Belanja Perjalanan Dinas Biasa
871,1698,1.0,Belanja Perjalanan Dinas Biasa,Belanja Perjalanan Dinas Biasa
871,1696,1.0,Belanja Perjalanan Dinas Biasa,Belanja Perjalanan Dinas Biasa
871,1699,1.0,Belanja Perjalanan Dinas Biasa,Belanja Perjalanan Dinas Biasa
871,1701,1.0,Belanja Perjalanan Dinas Biasa,Belanja Perjalanan Dinas Biasa
871,1697,1.0,Belanja Perjalanan Dinas Biasa,Belanja Perjalanan Dinas Biasa
872,1698,1.0,Belanja Perjalanan Dinas Biasa,Belanja Perjalanan Dinas Biasa
872,1696,1.0,Belanja Perjalanan Dinas Biasa,Belanja Perjalanan Dinas Biasa
872,1699,1.0,Belanja Perjalanan Dinas Biasa,Belanja Perjalanan Dinas Biasa
872,1701,1.0,Belanja Perjalanan Dinas Biasa,Belanja Perjalanan Dinas Biasa
872,1697,1.0,Belanja Perjalanan Dinas Biasa,Belanja Perjalanan Dinas Biasa
873,1698,1.0,Belanja Perjalanan Dinas Biasa,Belanja Perjalanan Dinas Biasa
873,1696,1.0,Belanja Perjalanan Dinas Biasa,Belanja Perjalanan Dinas Biasa
873,1699,1.0,Belanja Perjalanan Dinas Biasa,Belanja Perjalanan Dinas Biasa
873,1701,1.0,Belanja Perjalanan Dinas Biasa,Belanja Perjalanan Dinas Biasa
873,1697,1.0,Belanja Perjalanan Dinas Biasa,Belanja Perjalanan Dinas Biasa
874,1698,1.0,Belanja Perjalanan Dinas Biasa,Belanja Perjalanan Dinas Biasa
874,1696,1.0,Belanja Perjalanan Dinas Biasa,Belanja Perjalanan Dinas Biasa
874,1699,1.0,Belanja Perjalanan Dinas Biasa,Belanja Perjalanan Dinas Biasa
874,1701,1.0,Belanja Perjalanan Dinas Biasa,Belanja Perjalanan Dinas Biasa
874,1697,1.0,Belanja Perjalanan Dinas Biasa,Belanja Perjalanan Dinas Biasa
875,1698,1.0,Belanja Perjalanan Dinas Biasa,Belanja Perjalanan Dinas Biasa
875,1696,1.0,Belanja Perjalanan Dinas Biasa,Belanja Perjalanan Dinas Biasa
875,1699,1.0,Belanja Perjalanan Dinas Biasa,Belanja Perjalanan Dinas Biasa
875,1701,1.0,Belanja Perjalanan Dinas Biasa,Belanja Perjalanan Dinas Biasa
875,1697,1.0,Belanja Perjalanan Dinas Biasa,Belanja Perjalanan Dinas Biasa
876,1698,1.0,Belanja Perjalanan Dinas Biasa,Belanja Perjalanan Dinas Biasa
876,1696,1.0,Belanja Perjalanan Dinas Biasa,Belanja Perjalanan Dinas Biasa
876,1699,1.0,Belanja Perjalanan Dinas Biasa,Belanja Perjalanan Dinas Biasa
876,1701,1.0,Belanja Perjalanan Dinas Biasa,Belanja Perjalanan Dinas Biasa
876,1697,1.0,Belanja Perjalanan Dinas Biasa,Belanja Perjalanan Dinas Biasa
878,1698,1.0,Belanja Perjalanan Dinas Biasa,Belanja Perjalanan Dinas Biasa
878,1696,1.0,Belanja Perjalanan Dinas Biasa,Belanja Perjalanan Dinas Biasa
878,1699,1.0,Belanja Perjalanan Dinas Biasa,Belanja Perjalanan Dinas Biasa
878,1701,1.0,Belanja Perjalanan Dinas Biasa,Belanja Perjalanan Dinas Biasa
878,1697,1.0,Belanja Perjalanan Dinas Biasa,Belanja Perjalanan Dinas Biasa
879,1698,1.0,Belanja Perjalanan Dinas Biasa,Belanja Perjalanan Dinas Biasa
879,1696,1.0,Belanja Perjalanan Dinas Biasa,Belanja Perjalanan Dinas Biasa
879,1699,1.0,Belanja Perjalanan Dinas Biasa,Belanja Perjalanan Dinas Biasa
879,1701,1.0,Belanja Perjalanan Dinas Biasa,Belanja Perjalanan Dinas Biasa
879,1697,1.0,Belanja Perjalanan Dinas Biasa,Belanja Perjalanan Dinas Biasa
880,1698,1.0,Belanja Perjalanan Dinas Biasa,Belanja Perjalanan Dinas Biasa
880,1696,1.0,Belanja Perjalanan Dinas Biasa,Belanja Perjalanan Dinas Biasa
880,1699,1.0,Belanja Perjalanan Dinas Biasa,Belanja Perjalanan Dinas Biasa
880,1701,1.0,Belanja Perjalanan Dinas Biasa,Belanja Perjalanan Dinas Biasa
880,1697,1.0,Belanja Perjalanan Dinas Biasa,Belanja Perjalanan Dinas Biasa
881,1698,1.0,Belanja Perjalanan Dinas Biasa,Belanja Perjalanan Dinas Biasa
881,1696,1.0,Belanja Perjalanan Dinas Biasa,Belanja Perjalanan Dinas Biasa
881,1699,1.0,Belanja Perjalanan Dinas Biasa,Belanja Perjalanan Dinas Biasa
881,1701,1.0,Belanja Perjalanan Dinas Biasa,Belanja Perjalanan Dinas Biasa
881,1697,1.0,Belanja Perjalanan Dinas Biasa,Belanja Perjalanan Dinas Biasa
882,1698,1.0,Belanja Perjalanan Dinas Biasa,Belanja Perjalanan Dinas Biasa
882,1696,1.0,Belanja Perjalanan Dinas Biasa,Belanja Perjalanan Dinas Biasa
882,1699,1.0,Belanja Perjalanan Dinas Biasa,Belanja Perjalanan Dinas Biasa
882,1701,1.0,Belanja Perjalanan Dinas Biasa,Belanja Perjalanan Dinas Biasa
882,1697,1.0,Belanja Perjalanan Dinas Biasa,Belanja Perjalanan Dinas Biasa
883,884,1.0,Belanja Perjalanan Dinas Biasa (UPT Walcen),Belanja Perjalanan Dinas Biasa (UPT Walcen)
885,1070,1.0,Belanja Perjalanan Dinas Biasa (UPT Larona),Belanja Perjalanan Dinas Biasa (UPT Larona)
885,886,1.0,Belanja Perjalanan Dinas Biasa (UPT Larona),Belanja Perjalanan Dinas Biasa (UPT Larona)
885,1007,1.0,Belanja Perjalanan Dinas Biasa (UPT Larona),Belanja Perjalanan Dinas Biasa (UPT Larona)
886,1070,1.0,Belanja Perjalanan Dinas Biasa (UPT Larona),Belanja Perjalanan Dinas Biasa (UPT Larona)
886,1007,1.0,Belanja Perjalanan Dinas Biasa (UPT Larona),Belanja Perjalanan Dinas Biasa (UPT Larona)
887,1698,1.0,Belanja Perjalanan Dinas Biasa,Belanja Perjalanan Dinas Biasa
887,1696,1.0,Belanja Perjalanan Dinas Biasa,Belanja Perjalanan Dinas Biasa
887,1699,1.0,Belanja Perjalanan Dinas Biasa,Belanja Perjalanan Dinas Biasa
887,1701,1.0,Belanja Perjalanan Dinas Biasa,Belanja Perjalanan Dinas Biasa
887,1697,1.0,Belanja Perjalanan Dinas Biasa,Belanja Perjalanan Dinas Biasa
888,1698,1.0,Belanja Perjalanan Dinas Biasa,Belanja Perjalanan Dinas Biasa
888,1696,1.0,Belanja Perjalanan Dinas Biasa,Belanja Perjalanan Dinas Biasa
888,1699,1.0,Belanja Perjalanan Dinas Biasa,Belanja Perjalanan Dinas Biasa
888,1701,1.0,Belanja Perjalanan Dinas Biasa,Belanja Perjalanan Dinas Biasa
888,1697,1.0,Belanja Perjalanan Dinas Biasa,Belanja Perjalanan Dinas Biasa
889,1698,1.0,Belanja Perjalanan Dinas Biasa,Belanja Perjalanan Dinas Biasa
889,1696,1.0,Belanja Perjalanan Dinas Biasa,Belanja Perjalanan Dinas Biasa
889,1699,1.0,Belanja Perjalanan Dinas Biasa,Belanja Perjalanan Dinas Biasa
889,1701,1.0,Belanja Perjalanan Dinas Biasa,Belanja Perjalanan Dinas Biasa
889,1697,1.0,Belanja Perjalanan Dinas Biasa,Belanja Perjalanan Dinas Biasa
890,1698,1.0,Belanja Perjalanan Dinas Biasa,Belanja Perjalanan Dinas Biasa
890,1696,1.0,Belanja Perjalanan Dinas Biasa,Belanja Perjalanan Dinas Biasa
890,1699,1.0,Belanja Perjalanan Dinas Biasa,Belanja Perjalanan Dinas Biasa
890,1701,1.0,Belanja Perjalanan Dinas Biasa,Belanja Perjalanan Dinas Biasa
890,1697,1.0,Belanja Perjalanan Dinas Biasa,Belanja Perjalanan Dinas Biasa
891,1698,1.0,Belanja Perjalanan Dinas Biasa,Belanja Perjalanan Dinas Biasa
891,1696,1.0,Belanja Perjalanan Dinas Biasa,Belanja Perjalanan Dinas Biasa
891,1699,1.0,Belanja Perjalanan Dinas Biasa,Belanja Perjalanan Dinas Biasa
891,1701,1.0,Belanja Perjalanan Dinas Biasa,Belanja Perjalanan Dinas Biasa
891,1697,1.0,Belanja Perjalanan Dinas Biasa,Belanja Perjalanan Dinas Biasa
892,1698,1.0,Belanja Perjalanan Dinas Biasa,Belanja Perjalanan Dinas Biasa
892,1696,1.0,Belanja Perjalanan Dinas Biasa,Belanja Perjalanan Dinas Biasa
892,1699,1.0,Belanja Perjalanan Dinas Biasa,Belanja Perjalanan Dinas Biasa
892,1701,1.0,Belanja Perjalanan Dinas Biasa,Belanja Perjalanan Dinas Biasa
892,1697,1.0,Belanja Perjalanan Dinas Biasa,Belanja Perjalanan Dinas Biasa
893,1698,1.0,Belanja Perjalanan Dinas Biasa,Belanja Perjalanan Dinas Biasa
893,1696,1.0,Belanja Perjalanan Dinas Biasa,Belanja Perjalanan Dinas Biasa
893,1699,1.0,Belanja Perjalanan Dinas Biasa,Belanja Perjalanan Dinas Biasa
893,1701,1.0,Belanja Perjalanan Dinas Biasa,Belanja Perjalanan Dinas Biasa
893,1697,1.0,Belanja Perjalanan Dinas Biasa,Belanja Perjalanan Dinas Biasa
894,1698,1.0,Belanja Perjalanan Dinas Biasa,Belanja Perjalanan Dinas Biasa
894,1696,1.0,Belanja Perjalanan Dinas Biasa,Belanja Perjalanan Dinas Biasa
894,1699,1.0,Belanja Perjalanan Dinas Biasa,Belanja Perjalanan Dinas Biasa
894,1701,1.0,Belanja Perjalanan Dinas Biasa,Belanja Perjalanan Dinas Biasa
894,1697,1.0,Belanja Perjalanan Dinas Biasa,Belanja Perjalanan Dinas Biasa
895,1698,1.0,Belanja Perjalanan Dinas Biasa,Belanja Perjalanan Dinas Biasa
895,1696,1.0,Belanja Perjalanan Dinas Biasa,Belanja Perjalanan Dinas Biasa
895,1699,1.0,Belanja Perjalanan Dinas Biasa,Belanja Perjalanan Dinas Biasa
895,1701,1.0,Belanja Perjalanan Dinas Biasa,Belanja Perjalanan Dinas Biasa
895,1697,1.0,Belanja Perjalanan Dinas Biasa,Belanja Perjalanan Dinas Biasa
896,1698,1.0,Belanja Perjalanan Dinas Biasa,Belanja Perjalanan Dinas Biasa
896,1696,1.0,Belanja Perjalanan Dinas Biasa,Belanja Perjalanan Dinas Biasa
896,1699,1.0,Belanja Perjalanan Dinas Biasa,Belanja Perjalanan Dinas Biasa
896,1701,1.0,Belanja Perjalanan Dinas Biasa,Belanja Perjalanan Dinas Biasa
896,1697,1.0,Belanja Perjalanan Dinas Biasa,Belanja Perjalanan Dinas Biasa
897,1698,1.0,Belanja Perjalanan Dinas Biasa,Belanja Perjalanan Dinas Biasa
897,1696,1.0,Belanja Perjalanan Dinas Biasa,Belanja Perjalanan Dinas Biasa
897,1699,1.0,Belanja Perjalanan Dinas Biasa,Belanja Perjalanan Dinas Biasa
897,1701,1.0,Belanja Perjalanan Dinas Biasa,Belanja Perjalanan Dinas Biasa
897,1697,1.0,Belanja Perjalanan Dinas Biasa,Belanja Perjalanan Dinas Biasa
899,1698,1.0,Belanja Perjalanan Dinas Biasa,Belanja Perjalanan Dinas Biasa
899,1696,1.0,Belanja Perjalanan Dinas Biasa,Belanja Perjalanan Dinas Biasa
899,1699,1.0,Belanja Perjalanan Dinas Biasa,Belanja Perjalanan Dinas Biasa
899,1701,1.0,Belanja Perjalanan Dinas Biasa,Belanja Perjalanan Dinas Biasa
899,1697,1.0,Belanja Perjalanan Dinas Biasa,Belanja Perjalanan Dinas Biasa
900,1698,1.0,Belanja Perjalanan Dinas Biasa,Belanja Perjalanan Dinas Biasa
900,1696,1.0,Belanja Perjalanan Dinas Biasa,Belanja Perjalanan Dinas Biasa
900,1699,1.0,Belanja Perjalanan Dinas Biasa,Belanja Perjalanan Dinas Biasa
900,1701,1.0,Belanja Perjalanan Dinas Biasa,Belanja Perjalanan Dinas Biasa
900,1697,1.0,Belanja Perjalanan Dinas Biasa,Belanja Perjalanan Dinas Biasa
901,1698,1.0,Belanja Perjalanan Dinas Biasa,Belanja Perjalanan Dinas Biasa
901,1696,1.0,Belanja Perjalanan Dinas Biasa,Belanja Perjalanan Dinas Biasa
901,1699,1.0,Belanja Perjalanan Dinas Biasa,Belanja Perjalanan Dinas Biasa
901,1701,1.0,Belanja Perjalanan Dinas Biasa,Belanja Perjalanan Dinas Biasa
901,1697,1.0,Belanja Perjalanan Dinas Biasa,Belanja Perjalanan Dinas Biasa
902,1698,1.0,Belanja Perjalanan Dinas Biasa,Belanja Perjalanan Dinas Biasa
902,1696,1.0,Belanja Perjalanan Dinas Biasa,Belanja Perjalanan Dinas Biasa
902,1699,1.0,Belanja Perjalanan Dinas Biasa,Belanja Perjalanan Dinas Biasa
902,1701,1.0,Belanja Perjalanan Dinas Biasa,Belanja Perjalanan Dinas Biasa
902,1697,1.0,Belanja Perjalanan Dinas Biasa,Belanja Perjalanan Dinas Biasa
903,1698,1.0,Belanja Perjalanan Dinas Biasa,Belanja Perjalanan Dinas Biasa
903,1696,1.0,Belanja Perjalanan Dinas Biasa,Belanja Perjalanan Dinas Biasa
903,1699,1.0,Belanja Perjalanan Dinas Biasa,Belanja Perjalanan Dinas Biasa
903,1701,1.0,Belanja Perjalanan Dinas Biasa,Belanja Perjalanan Dinas Biasa
903,1697,1.0,Belanja Perjalanan Dinas Biasa,Belanja Perjalanan Dinas Biasa
904,1698,1.0,Belanja Perjalanan Dinas Biasa,Belanja Perjalanan Dinas Biasa
904,1696,1.0,Belanja Perjalanan Dinas Biasa,Belanja Perjalanan Dinas Biasa
904,1699,1.0,Belanja Perjalanan Dinas Biasa,Belanja Perjalanan Dinas Biasa
904,1701,1.0,Belanja Perjalanan Dinas Biasa,Belanja Perjalanan Dinas Biasa
904,1697,1.0,Belanja Perjalanan Dinas Biasa,Belanja Perjalanan Dinas Biasa
905,1698,1.0,Belanja Perjalanan Dinas Biasa,Belanja Perjalanan Dinas Biasa
905,1696,1.0,Belanja Perjalanan Dinas Biasa,Belanja Perjalanan Dinas Biasa
905,1699,1.0,Belanja Perjalanan Dinas Biasa,Belanja Perjalanan Dinas Biasa
905,1701,1.0,Belanja Perjalanan Dinas Biasa,Belanja Perjalanan Dinas Biasa
905,1697,1.0,Belanja Perjalanan Dinas Biasa,Belanja Perjalanan Dinas Biasa
906,1698,1.0,Belanja Perjalanan Dinas Biasa,Belanja Perjalanan Dinas Biasa
906,1696,1.0,Belanja Perjalanan Dinas Biasa,Belanja Perjalanan Dinas Biasa
906,1699,1.0,Belanja Perjalanan Dinas Biasa,Belanja Perjalanan Dinas Biasa
906,1701,1.0,Belanja Perjalanan Dinas Biasa,Belanja Perjalanan Dinas Biasa
906,1697,1.0,Belanja Perjalanan Dinas Biasa,Belanja Perjalanan Dinas Biasa
907,1698,1.0,Belanja Perjalanan Dinas Biasa,Belanja Perjalanan Dinas Biasa
907,1696,1.0,Belanja Perjalanan Dinas Biasa,Belanja Perjalanan Dinas Biasa
907,1699,1.0,Belanja Perjalanan Dinas Biasa,Belanja Perjalanan Dinas Biasa
907,1701,1.0,Belanja Perjalanan Dinas Biasa,Belanja Perjalanan Dinas Biasa
907,1697,1.0,Belanja Perjalanan Dinas Biasa,Belanja Perjalanan Dinas Biasa
908,1698,1.0,Belanja Perjalanan Dinas Biasa,Belanja Perjalanan Dinas Biasa
908,1696,1.0,Belanja Perjalanan Dinas Biasa,Belanja Perjalanan Dinas Biasa
908,1699,1.0,Belanja Perjalanan Dinas Biasa,Belanja Perjalanan Dinas Biasa
908,1701,1.0,Belanja Perjalanan Dinas Biasa,Belanja Perjalanan Dinas Biasa
908,1697,1.0,Belanja Perjalanan Dinas Biasa,Belanja Perjalanan Dinas Biasa
909,1698,1.0,Belanja Perjalanan Dinas Biasa,Belanja Perjalanan Dinas Biasa
909,1696,1.0,Belanja Perjalanan Dinas Biasa,Belanja Perjalanan Dinas Biasa
909,1699,1.0,Belanja Perjalanan Dinas Biasa,Belanja Perjalanan Dinas Biasa
909,1701,1.0,Belanja Perjalanan Dinas Biasa,Belanja Perjalanan Dinas Biasa
909,1697,1.0,Belanja Perjalanan Dinas Biasa,Belanja Perjalanan Dinas Biasa
910,1698,1.0,Belanja Perjalanan Dinas Biasa,Belanja Perjalanan Dinas Biasa
910,1696,1.0,Belanja Perjalanan Dinas Biasa,Belanja Perjalanan Dinas Biasa
910,1699,1.0,Belanja Perjalanan Dinas Biasa,Belanja Perjalanan Dinas Biasa
910,1701,1.0,Belanja Perjalanan Dinas Biasa,Belanja Perjalanan Dinas Biasa
910,1697,1.0,Belanja Perjalanan Dinas Biasa,Belanja Perjalanan Dinas Biasa
911,1698,1.0,Belanja Perjalanan Dinas Biasa,Belanja Perjalanan Dinas Biasa
911,1696,1.0,Belanja Perjalanan Dinas Biasa,Belanja Perjalanan Dinas Biasa
911,1699,1.0,Belanja Perjalanan Dinas Biasa,Belanja Perjalanan Dinas Biasa
911,1701,1.0,Belanja Perjalanan Dinas Biasa,Belanja Perjalanan Dinas Biasa
911,1697,1.0,Belanja Perjalanan Dinas Biasa,Belanja Perjalanan Dinas Biasa
912,1698,1.0,Belanja Perjalanan Dinas Biasa,Belanja Perjalanan Dinas Biasa
912,1696,1.0,Belanja Perjalanan Dinas Biasa,Belanja Perjalanan Dinas Biasa
912,1699,1.0,Belanja Perjalanan Dinas Biasa,Belanja Perjalanan Dinas Biasa
912,1701,1.0,Belanja Perjalanan Dinas Biasa,Belanja Perjalanan Dinas Biasa
912,1697,1.0,Belanja Perjalanan Dinas Biasa,Belanja Perjalanan Dinas Biasa
915,669,1.0,Belanja Perjalanan Dinas Biasa -  Monitoring dan Evaluasi SPM Bidang Pendidikan; Biaya Transportasi Darat dari Ibukota Provinsi ke Kabupaten/Kota dalam Provinsi,Belanja Perjalanan Dinas Biasa -  Monitoring dan Evaluasi SPM Bidang Pendidikan; Biaya Transportasi Darat dari Ibukota Provinsi ke Kabupaten/Kota dalam Provinsi
915,668,1.0,Belanja Perjalanan Dinas Biasa -  Monitoring dan Evaluasi SPM Bidang Pendidikan; Biaya Transportasi Darat dari Ibukota Provinsi ke Kabupaten/Kota dalam Provinsi,Belanja Perjalanan Dinas Biasa -  Monitoring dan Evaluasi SPM Bidang Pendidikan; Biaya Transportasi Darat dari Ibukota Provinsi ke Kabupaten/Kota dalam Provinsi
915,671,1.0,Belanja Perjalanan Dinas Biasa -  Monitoring dan Evaluasi SPM Bidang Pendidikan; Biaya Transportasi Darat dari Ibukota Provinsi ke Kabupaten/Kota dalam Provinsi,Belanja Perjalanan Dinas Biasa -  Monitoring dan Evaluasi SPM Bidang Pendidikan; Biaya Transportasi Darat dari Ibukota Provinsi ke Kabupaten/Kota dalam Provinsi
915,916,1.0,Belanja Perjalanan Dinas Biasa -  Monitoring dan Evaluasi SPM Bidang Pendidikan; Biaya Transportasi Darat dari Ibukota Provinsi ke Kabupaten/Kota dalam Provinsi,Belanja Perjalanan Dinas Biasa -  Monitoring dan Evaluasi SPM Bidang Pendidikan; Biaya Transportasi Darat dari Ibukota Provinsi ke Kabupaten/Kota dalam Provinsi
915,1271,1.0,Belanja Perjalanan Dinas Biasa -  Monitoring dan Evaluasi SPM Bidang Pendidikan; Biaya Transportasi Darat dari Ibukota Provinsi ke Kabupaten/Kota dalam Provinsi,Belanja Perjalanan Dinas Biasa -  Monitoring dan Evaluasi SPM Bidang Pendidikan; Biaya Transportasi Darat dari Ibukota Provinsi ke Kabupaten/Kota dalam Provinsi
916,1271,1.0,Belanja Perjalanan Dinas Biasa -  Monitoring dan Evaluasi SPM Bidang Pendidikan; Biaya Transportasi Darat dari Ibukota Provinsi ke Kabupaten/Kota dalam Provinsi,Belanja Perjalanan Dinas Biasa -  Monitoring dan Evaluasi SPM Bidang Pendidikan; Biaya Transportasi Darat dari Ibukota Provinsi ke Kabupaten/Kota dalam Provinsi
917,669,1.0,Belanja Perjalanan Dinas Biasa -  Monitoring dan Evaluasi SPM Bidang Pendidikan; Biaya Transportasi Darat dari Ibukota Provinsi ke Kabupaten/Kota dalam Provinsi,Belanja Perjalanan Dinas Biasa -  Monitoring dan Evaluasi SPM Bidang Pendidikan; Biaya Transportasi Darat dari Ibukota Provinsi ke Kabupaten/Kota dalam Provinsi
917,668,1.0,Belanja Perjalanan Dinas Biasa -  Monitoring dan Evaluasi SPM Bidang Pendidikan; Biaya Transportasi Darat dari Ibukota Provinsi ke Kabupaten/Kota dalam Provinsi,Belanja Perjalanan Dinas Biasa -  Monitoring dan Evaluasi SPM Bidang Pendidikan; Biaya Transportasi Darat dari Ibukota Provinsi ke Kabupaten/Kota dalam Provinsi
917,671,1.0,Belanja Perjalanan Dinas Biasa -  Monitoring dan Evaluasi SPM Bidang Pendidikan; Biaya Transportasi Darat dari Ibukota Provinsi ke Kabupaten/Kota dalam Provinsi,Belanja Perjalanan Dinas Biasa -  Monitoring dan Evaluasi SPM Bidang Pendidikan; Biaya Transportasi Darat dari Ibukota Provinsi ke Kabupaten/Kota dalam Provinsi
917,916,1.0,Belanja Perjalanan Dinas Biasa -  Monitoring dan Evaluasi SPM Bidang Pendidikan; Biaya Transportasi Darat dari Ibukota Provinsi ke Kabupaten/Kota dalam Provinsi,Belanja Perjalanan Dinas Biasa -  Monitoring dan Evaluasi SPM Bidang Pendidikan; Biaya Transportasi Darat dari Ibukota Provinsi ke Kabupaten/Kota dalam Provinsi
917,1271,1.0,Belanja Perjalanan Dinas Biasa -  Monitoring dan Evaluasi SPM Bidang Pendidikan; Biaya Transportasi Darat dari Ibukota Provinsi ke Kabupaten/Kota dalam Provinsi,Belanja Perjalanan Dinas Biasa -  Monitoring dan Evaluasi SPM Bidang Pendidikan; Biaya Transportasi Darat dari Ibukota Provinsi ke Kabupaten/Kota dalam Provinsi
919,924,1.0,"Belanja Perjalanan Dinas Biasa Dalam Rangka Koordinasi, Identifikasi, Verifikasi, Monitoring dan Kedinasan Lainnya (Bidang PSP)","Belanja Perjalanan Dinas Biasa Dalam Rangka Koordinasi, Identifikasi, Verifikasi, Monitoring dan Kedinasan Lainnya (Bidang PSP)"
919,923,1.0,"Belanja Perjalanan Dinas Biasa Dalam Rangka Koordinasi, Identifikasi, Verifikasi, Monitoring dan Kedinasan Lainnya (Bidang PSP)","Belanja Perjalanan Dinas Biasa Dalam Rangka Koordinasi, Identifikasi, Verifikasi, Monitoring dan Kedinasan Lainnya (Bidang PSP)"
919,1281,0.8226210848565879,"Belanja Perjalanan Dinas Biasa Dalam Rangka Koordinasi, Identifikasi, Verifikasi, Monitoring dan Kedinasan Lainnya (Bidang PSP)","Belanja Perjalanan Dinas Biasa Koordinasi, Identifikasi, Verifikasi, Monitoring dan Kedinasan Lainnya"
922,1698,1.0,Belanja Perjalanan Dinas Biasa,Belanja Perjalanan Dinas Biasa
922,1696,1.0,Belanja Perjalanan Dinas Biasa,Belanja Perjalanan Dinas Biasa
922,1699,1.0,Belanja Perjalanan Dinas Biasa,Belanja Perjalanan Dinas Biasa
922,1701,1.0,Belanja Perjalanan Dinas Biasa,Belanja Perjalanan Dinas Biasa
922,1697,1.0,Belanja Perjalanan Dinas Biasa,Belanja Perjalanan Dinas Biasa
923,924,1.0,"Belanja Perjalanan Dinas Biasa Dalam Rangka Koordinasi, Identifikasi, Verifikasi, Monitoring dan Kedinasan Lainnya (Bidang PSP)","Belanja Perjalanan Dinas Biasa Dalam Rangka Koordinasi, Identifikasi, Verifikasi, Monitoring dan Kedinasan Lainnya (Bidang PSP)"
923,1281,0.8226210848565879,"Belanja Perjalanan Dinas Biasa Dalam Rangka Koordinasi, Identifikasi, Verifikasi, Monitoring dan Kedinasan Lainnya (Bidang PSP)","Belanja Perjalanan Dinas Biasa Koordinasi, Identifikasi, Verifikasi, Monitoring dan Kedinasan Lainnya"
924,1281,0.8226210848565879,"Belanja Perjalanan Dinas Biasa Dalam Rangka Koordinasi, Identifikasi, Verifikasi, Monitoring dan Kedinasan Lainnya (Bidang PSP)","Belanja Perjalanan Dinas Biasa Koordinasi, Identifikasi, Verifikasi, Monitoring dan Kedinasan Lainnya"
925,1698,1.0,Belanja Perjalanan Dinas Biasa,Belanja Perjalanan Dinas Biasa
925,1696,1.0,Belanja Perjalanan Dinas Biasa,Belanja Perjalanan Dinas Biasa
925,1699,1.0,Belanja Perjalanan Dinas Biasa,Belanja Perjalanan Dinas Biasa
925,1701,1.0,Belanja Perjalanan Dinas Biasa,Belanja Perjalanan Dinas Biasa
925,1697,1.0,Belanja Perjalanan Dinas Biasa,Belanja Perjalanan Dinas Biasa
926,1698,1.0,Belanja Perjalanan Dinas Biasa,Belanja Perjalanan Dinas Biasa
926,1696,1.0,Belanja Perjalanan Dinas Biasa,Belanja Perjalanan Dinas Biasa
926,1699,1.0,Belanja Perjalanan Dinas Biasa,Belanja Perjalanan Dinas Biasa
926,1701,1.0,Belanja Perjalanan Dinas Biasa,Belanja Perjalanan Dinas Biasa
926,1697,1.0,Belanja Perjalanan Dinas Biasa,Belanja Perjalanan Dinas Biasa
928,1698,1.0,Belanja Perjalanan Dinas Biasa,Belanja Perjalanan Dinas Biasa
928,1696,1.0,Belanja Perjalanan Dinas Biasa,Belanja Perjalanan Dinas Biasa
928,1699,1.0,Belanja Perjalanan Dinas Biasa,Belanja Perjalanan Dinas Biasa
928,1701,1.0,Belanja Perjalanan Dinas Biasa,Belanja Perjalanan Dinas Biasa
928,1697,1.0,Belanja Perjalanan Dinas Biasa,Belanja Perjalanan Dinas Biasa
930,1698,1.0,Belanja Perjalanan Dinas Biasa,Belanja Perjalanan Dinas Biasa
930,1696,1.0,Belanja Perjalanan Dinas Biasa,Belanja Perjalanan Dinas Biasa
930,1699,1.0,Belanja Perjalanan Dinas Biasa,Belanja Perjalanan Dinas Biasa
930,1701,1.0,Belanja Perjalanan Dinas Biasa,Belanja Perjalanan Dinas Biasa
930,1697,1.0,Belanja Perjalanan Dinas Biasa,Belanja Perjalanan Dinas Biasa
931,1333,1.0,Belanja Perjalanan Dinas Biasa  (UPT Jeneberang),Belanja Perjalanan Dinas Biasa (UPT Jeneberang)
931,1222,1.0,Belanja Perjalanan Dinas Biasa  (UPT Jeneberang),Belanja Perjalanan Dinas Biasa (UPT Jeneberang)
932,1287,1.0,Belanja Perjalanan Dinas Biasa (UPT Saddang),Belanja Perjalanan Dinas Biasa (UPT Saddang)
932,1288,1.0,Belanja Perjalanan Dinas Biasa (UPT Saddang),Belanja Perjalanan Dinas Biasa (UPT Saddang)
933,1698,1.0,Belanja Perjalanan Dinas Biasa,Belanja Perjalanan Dinas Biasa
933,1696,1.0,Belanja Perjalanan Dinas Biasa,Belanja Perjalanan Dinas Biasa
933,1699,1.0,Belanja Perjalanan Dinas Biasa,Belanja Perjalanan Dinas Biasa
933,1701,1.0,Belanja Perjalanan Dinas Biasa,Belanja Perjalanan Dinas Biasa
933,1697,1.0,Belanja Perjalanan Dinas Biasa,Belanja Perjalanan Dinas Biasa
934,1698,1.0,Belanja Perjalanan Dinas Biasa,Belanja Perjalanan Dinas Biasa
934,1696,1.0,Belanja Perjalanan Dinas Biasa,Belanja Perjalanan Dinas Biasa
934,1699,1.0,Belanja Perjalanan Dinas Biasa,Belanja Perjalanan Dinas Biasa
934,1701,1.0,Belanja Perjalanan Dinas Biasa,Belanja Perjalanan Dinas Biasa
934,1697,1.0,Belanja Perjalanan Dinas Biasa,Belanja Perjalanan Dinas Biasa
935,1698,1.0,Belanja Perjalanan Dinas Biasa,Belanja Perjalanan Dinas Biasa
935,1696,1.0,Belanja Perjalanan Dinas Biasa,Belanja Perjalanan Dinas Biasa
935,1699,1.0,Belanja Perjalanan Dinas Biasa,Belanja Perjalanan Dinas Biasa
935,1701,1.0,Belanja Perjalanan Dinas Biasa,Belanja Perjalanan Dinas Biasa
935,1697,1.0,Belanja Perjalanan Dinas Biasa,Belanja Perjalanan Dinas Biasa
936,1698,1.0,Belanja Perjalanan Dinas Biasa,Belanja Perjalanan Dinas Biasa
936,1696,1.0,Belanja Perjalanan Dinas Biasa,Belanja Perjalanan Dinas Biasa
936,1699,1.0,Belanja Perjalanan Dinas Biasa,Belanja Perjalanan Dinas Biasa
936,1701,1.0,Belanja Perjalanan Dinas Biasa,Belanja Perjalanan Dinas Biasa
936,1697,1.0,Belanja Perjalanan Dinas Biasa,Belanja Perjalanan Dinas Biasa
938,1698,1.0,Belanja Perjalanan Dinas Biasa,Belanja Perjalanan Dinas Biasa
938,1696,1.0,Belanja Perjalanan Dinas Biasa,Belanja Perjalanan Dinas Biasa
938,1699,1.0,Belanja Perjalanan Dinas Biasa,Belanja Perjalanan Dinas Biasa
938,1701,1.0,Belanja Perjalanan Dinas Biasa,Belanja Perjalanan Dinas Biasa
938,1697,1.0,Belanja Perjalanan Dinas Biasa,Belanja Perjalanan Dinas Biasa
939,1698,1.0,Belanja Perjalanan Dinas Biasa,Belanja Perjalanan Dinas Biasa
939,1696,1.0,Belanja Perjalanan Dinas Biasa,Belanja Perjalanan Dinas Biasa
939,1699,1.0,Belanja Perjalanan Dinas Biasa,Belanja Perjalanan Dinas Biasa
939,1701,1.0,Belanja Perjalanan Dinas Biasa,Belanja Perjalanan Dinas Biasa
939,1697,1.0,Belanja Perjalanan Dinas Biasa,Belanja Perjalanan Dinas Biasa
940,1698,1.0,Belanja Perjalanan Dinas Biasa,Belanja Perjalanan Dinas Biasa
940,1696,1.0,Belanja Perjalanan Dinas Biasa,Belanja Perjalanan Dinas Biasa
940,1699,1.0,Belanja Perjalanan Dinas Biasa,Belanja Perjalanan Dinas Biasa
940,1701,1.0,Belanja Perjalanan Dinas Biasa,Belanja Perjalanan Dinas Biasa
940,1697,1.0,Belanja Perjalanan Dinas Biasa,Belanja Perjalanan Dinas Biasa
941,1698,1.0,Belanja Perjalanan Dinas Biasa,Belanja Perjalanan Dinas Biasa
941,1696,1.0,Belanja Perjalanan Dinas Biasa,Belanja Perjalanan Dinas Biasa
941,1699,1.0,Belanja Perjalanan Dinas Biasa,Belanja Perjalanan Dinas Biasa
941,1701,1.0,Belanja Perjalanan Dinas Biasa,Belanja Perjalanan Dinas Biasa
941,1697,1.0,Belanja Perjalanan Dinas Biasa,Belanja Perjalanan Dinas Biasa
942,1698,1.0,Belanja Perjalanan Dinas Biasa,Belanja Perjalanan Dinas Biasa
942,1696,1.0,Belanja Perjalanan Dinas Biasa,Belanja Perjalanan Dinas Biasa
942,1699,1.0,Belanja Perjalanan Dinas Biasa,Belanja Perjalanan Dinas Biasa
942,1701,1.0,Belanja Perjalanan Dinas Biasa,Belanja Perjalanan Dinas Biasa
942,1697,1.0,Belanja Perjalanan Dinas Biasa,Belanja Perjalanan Dinas Biasa
943,1698,1.0,Belanja Perjalanan Dinas Biasa,Belanja Perjalanan Dinas Biasa
943,1696,1.0,Belanja Perjalanan Dinas Biasa,Belanja Perjalanan Dinas Biasa
943,1699,1.0,Belanja Perjalanan Dinas Biasa,Belanja Perjalanan Dinas Biasa
943,1701,1.0,Belanja Perjalanan Dinas Biasa,Belanja Perjalanan Dinas Biasa
943,1697,1.0,Belanja Perjalanan Dinas Biasa,Belanja Perjalanan Dinas Biasa
944,1698,1.0,Belanja Perjalanan Dinas Biasa,Belanja Perjalanan Dinas Biasa
944,1696,1.0,Belanja Perjalanan Dinas Biasa,Belanja Perjalanan Dinas Biasa
944,1699,1.0,Belanja Perjalanan Dinas Biasa,Belanja Perjalanan Dinas Biasa
944,1701,1.0,Belanja Perjalanan Dinas Biasa,Belanja Perjalanan Dinas Biasa
944,1697,1.0,Belanja Perjalanan Dinas Biasa,Belanja Perjalanan Dinas Biasa
945,1698,1.0,Belanja Perjalanan Dinas Biasa,Belanja Perjalanan Dinas Biasa
945,1696,1.0,Belanja Perjalanan Dinas Biasa,Belanja Perjalanan Dinas Biasa
945,1699,1.0,Belanja Perjalanan Dinas Biasa,Belanja Perjalanan Dinas Biasa
945,1701,1.0,Belanja Perjalanan Dinas Biasa,Belanja Perjalanan Dinas Biasa
945,1697,1.0,Belanja Perjalanan Dinas Biasa,Belanja Perjalanan Dinas Biasa
946,1698,1.0,Belanja Perjalanan Dinas Biasa,Belanja Perjalanan Dinas Biasa
946,1696,1.0,Belanja Perjalanan Dinas Biasa,Belanja Perjalanan Dinas Biasa
946,1699,1.0,Belanja Perjalanan Dinas Biasa,Belanja Perjalanan Dinas Biasa
946,1701,1.0,Belanja Perjalanan Dinas Biasa,Belanja Perjalanan Dinas Biasa
946,1697,1.0,Belanja Perjalanan Dinas Biasa,Belanja Perjalanan Dinas Biasa
947,1698,1.0,Belanja Perjalanan Dinas Biasa,Belanja Perjalanan Dinas Biasa
947,1696,1.0,Belanja Perjalanan Dinas Biasa,Belanja Perjalanan Dinas Biasa
947,1699,1.0,Belanja Perjalanan Dinas Biasa,Belanja Perjalanan Dinas Biasa
947,1701,1.0,Belanja Perjalanan Dinas Biasa,Belanja Perjalanan Dinas Biasa
947,1697,1.0,Belanja Perjalanan Dinas Biasa,Belanja Perjalanan Dinas Biasa
948,1698,1.0,Belanja Perjalanan Dinas Biasa,Belanja Perjalanan Dinas Biasa
948,1696,1.0,Belanja Perjalanan Dinas Biasa,Belanja Perjalanan Dinas Biasa
948,1699,1.0,Belanja Perjalanan Dinas Biasa,Belanja Perjalanan Dinas Biasa
948,1701,1.0,Belanja Perjalanan Dinas Biasa,Belanja Perjalanan Dinas Biasa
948,1697,1.0,Belanja Perjalanan Dinas Biasa,Belanja Perjalanan Dinas Biasa
949,1698,1.0,Belanja Perjalanan Dinas Biasa,Belanja Perjalanan Dinas Biasa
949,1696,1.0,Belanja Perjalanan Dinas Biasa,Belanja Perjalanan Dinas Biasa
949,1699,1.0,Belanja Perjalanan Dinas Biasa,Belanja Perjalanan Dinas Biasa
949,1701,1.0,Belanja Perjalanan Dinas Biasa,Belanja Perjalanan Dinas Biasa
949,1697,1.0,Belanja Perjalanan Dinas Biasa,Belanja Perjalanan Dinas Biasa
950,1698,1.0,Belanja Perjalanan Dinas Biasa,Belanja Perjalanan Dinas Biasa
950,1696,1.0,Belanja Perjalanan Dinas Biasa,Belanja Perjalanan Dinas Biasa
950,1699,1.0,Belanja Perjalanan Dinas Biasa,Belanja Perjalanan Dinas Biasa
950,1701,1.0,Belanja Perjalanan Dinas Biasa,Belanja Perjalanan Dinas Biasa
950,1697,1.0,Belanja Perjalanan Dinas Biasa,Belanja Perjalanan Dinas Biasa
951,1698,1.0,Belanja Perjalanan Dinas Biasa,Belanja Perjalanan Dinas Biasa
951,1696,1.0,Belanja Perjalanan Dinas Biasa,Belanja Perjalanan Dinas Biasa
951,1699,1.0,Belanja Perjalanan Dinas Biasa,Belanja Perjalanan Dinas Biasa
951,1701,1.0,Belanja Perjalanan Dinas Biasa,Belanja Perjalanan Dinas Biasa
951,1697,1.0,Belanja Perjalanan Dinas Biasa,Belanja Perjalanan Dinas Biasa
952,1698,1.0,Belanja Perjalanan Dinas Biasa,Belanja Perjalanan Dinas Biasa
952,1696,1.0,Belanja Perjalanan Dinas Biasa,Belanja Perjalanan Dinas Biasa
952,1699,1.0,Belanja Perjalanan Dinas Biasa,Belanja Perjalanan Dinas Biasa
952,1701,1.0,Belanja Perjalanan Dinas Biasa,Belanja Perjalanan Dinas Biasa
952,1697,1.0,Belanja Perjalanan Dinas Biasa,Belanja Perjalanan Dinas Biasa
953,1698,1.0,Belanja Perjalanan Dinas Biasa,Belanja Perjalanan Dinas Biasa
953,1696,1.0,Belanja Perjalanan Dinas Biasa,Belanja Perjalanan Dinas Biasa
953,1699,1.0,Belanja Perjalanan Dinas Biasa,Belanja Perjalanan Dinas Biasa
953,1701,1.0,Belanja Perjalanan Dinas Biasa,Belanja Perjalanan Dinas Biasa
953,1697,1.0,Belanja Perjalanan Dinas Biasa,Belanja Perjalanan Dinas Biasa
954,1698,1.0,Belanja Perjalanan Dinas Biasa,Belanja Perjalanan Dinas Biasa
954,1696,1.0,Belanja Perjalanan Dinas Biasa,Belanja Perjalanan Dinas Biasa
954,1699,1.0,Belanja Perjalanan Dinas Biasa,Belanja Perjalanan Dinas Biasa
954,1701,1.0,Belanja Perjalanan Dinas Biasa,Belanja Perjalanan Dinas Biasa
954,1697,1.0,Belanja Perjalanan Dinas Biasa,Belanja Perjalanan Dinas Biasa
955,1698,1.0,Belanja Perjalanan Dinas Biasa,Belanja Perjalanan Dinas Biasa
955,1696,1.0,Belanja Perjalanan Dinas Biasa,Belanja Perjalanan Dinas Biasa
955,1699,1.0,Belanja Perjalanan Dinas Biasa,Belanja Perjalanan Dinas Biasa
955,1701,1.0,Belanja Perjalanan Dinas Biasa,Belanja Perjalanan Dinas Biasa
955,1697,1.0,Belanja Perjalanan Dinas Biasa,Belanja Perjalanan Dinas Biasa
956,1698,1.0,Belanja Perjalanan Dinas Biasa,Belanja Perjalanan Dinas Biasa
956,1696,1.0,Belanja Perjalanan Dinas Biasa,Belanja Perjalanan Dinas Biasa
956,1699,1.0,Belanja Perjalanan Dinas Biasa,Belanja Perjalanan Dinas Biasa
956,1701,1.0,Belanja Perjalanan Dinas Biasa,Belanja Perjalanan Dinas Biasa
956,1697,1.0,Belanja Perjalanan Dinas Biasa,Belanja Perjalanan Dinas Biasa
957,1698,1.0,Belanja Perjalanan Dinas Biasa,Belanja Perjalanan Dinas Biasa
957,1696,1.0,Belanja Perjalanan Dinas Biasa,Belanja Perjalanan Dinas Biasa
957,1699,1.0,Belanja Perjalanan Dinas Biasa,Belanja Perjalanan Dinas Biasa
957,1701,1.0,Belanja Perjalanan Dinas Biasa,Belanja Perjalanan Dinas Biasa
957,1697,1.0,Belanja Perjalanan Dinas Biasa,Belanja Perjalanan Dinas Biasa
959,1698,1.0,Belanja Perjalanan Dinas Biasa,Belanja Perjalanan Dinas Biasa
959,1696,1.0,Belanja Perjalanan Dinas Biasa,Belanja Perjalanan Dinas Biasa
959,1699,1.0,Belanja Perjalanan Dinas Biasa,Belanja Perjalanan Dinas Biasa
959,1701,1.0,Belanja Perjalanan Dinas Biasa,Belanja Perjalanan Dinas Biasa
959,1697,1.0,Belanja Perjalanan Dinas Biasa,Belanja Perjalanan Dinas Biasa
960,1698,1.0,Belanja Perjalanan Dinas Biasa,Belanja Perjalanan Dinas Biasa
960,1696,1.0,Belanja Perjalanan Dinas Biasa,Belanja Perjalanan Dinas Biasa
960,1699,1.0,Belanja Perjalanan Dinas Biasa,Belanja Perjalanan Dinas Biasa
960,1701,1.0,Belanja Perjalanan Dinas Biasa,Belanja Perjalanan Dinas Biasa
960,1697,1.0,Belanja Perjalanan Dinas Biasa,Belanja Perjalanan Dinas Biasa
964,1698,1.0,Belanja Perjalanan Dinas Biasa,Belanja Perjalanan Dinas Biasa
964,1696,1.0,Belanja Perjalanan Dinas Biasa,Belanja Perjalanan Dinas Biasa
964,1699,1.0,Belanja Perjalanan Dinas Biasa,Belanja Perjalanan Dinas Biasa
964,1701,1.0,Belanja Perjalanan Dinas Biasa,Belanja Perjalanan Dinas Biasa
964,1697,1.0,Belanja Perjalanan Dinas Biasa,Belanja Perjalanan Dinas Biasa
965,1698,1.0,Belanja Perjalanan Dinas Biasa,Belanja Perjalanan Dinas Biasa
965,1696,1.0,Belanja Perjalanan Dinas Biasa,Belanja Perjalanan Dinas Biasa
965,1699,1.0,Belanja Perjalanan Dinas Biasa,Belanja Perjalanan Dinas Biasa
965,1701,1.0,Belanja Perjalanan Dinas Biasa,Belanja Perjalanan Dinas Biasa
965,1697,1.0,Belanja Perjalanan Dinas Biasa,Belanja Perjalanan Dinas Biasa
966,1698,1.0,Belanja Perjalanan Dinas Biasa,Belanja Perjalanan Dinas Biasa
966,1696,1.0,Belanja Perjalanan Dinas Biasa,Belanja Perjalanan Dinas Biasa
966,1699,1.0,Belanja Perjalanan Dinas Biasa,Belanja Perjalanan Dinas Biasa
966,1701,1.0,Belanja Perjalanan Dinas Biasa,Belanja Perjalanan Dinas Biasa
966,1697,1.0,Belanja Perjalanan Dinas Biasa,Belanja Perjalanan Dinas Biasa
967,1698,1.0,Belanja Perjalanan Dinas Biasa,Belanja Perjalanan Dinas Biasa
967,1696,1.0,Belanja Perjalanan Dinas Biasa,Belanja Perjalanan Dinas Biasa
967,1699,1.0,Belanja Perjalanan Dinas Biasa,Belanja Perjalanan Dinas Biasa
967,1701,1.0,Belanja Perjalanan Dinas Biasa,Belanja Perjalanan Dinas Biasa
967,1697,1.0,Belanja Perjalanan Dinas Biasa,Belanja Perjalanan Dinas Biasa
968,1698,1.0,Belanja Perjalanan Dinas Biasa,Belanja Perjalanan Dinas Biasa
968,1696,1.0,Belanja Perjalanan Dinas Biasa,Belanja Perjalanan Dinas Biasa
968,1699,1.0,Belanja Perjalanan Dinas Biasa,Belanja Perjalanan Dinas Biasa
968,1701,1.0,Belanja Perjalanan Dinas Biasa,Belanja Perjalanan Dinas Biasa
968,1697,1.0,Belanja Perjalanan Dinas Biasa,Belanja Perjalanan Dinas Biasa
969,1698,1.0,Belanja Perjalanan Dinas Biasa,Belanja Perjalanan Dinas Biasa
969,1696,1.0,Belanja Perjalanan Dinas Biasa,Belanja Perjalanan Dinas Biasa
969,1699,1.0,Belanja Perjalanan Dinas Biasa,Belanja Perjalanan Dinas Biasa
969,1701,1.0,Belanja Perjalanan Dinas Biasa,Belanja Perjalanan Dinas Biasa
969,1697,1.0,Belanja Perjalanan Dinas Biasa,Belanja Perjalanan Dinas Biasa
970,1698,1.0,Belanja Perjalanan Dinas Biasa,Belanja Perjalanan Dinas Biasa
970,1696,1.0,Belanja Perjalanan Dinas Biasa,Belanja Perjalanan Dinas Biasa
970,1699,1.0,Belanja Perjalanan Dinas Biasa,Belanja Perjalanan Dinas Biasa
970,1701,1.0,Belanja Perjalanan Dinas Biasa,Belanja Perjalanan Dinas Biasa
970,1697,1.0,Belanja Perjalanan Dinas Biasa,Belanja Perjalanan Dinas Biasa
971,1698,1.0,Belanja Perjalanan Dinas Biasa,Belanja Perjalanan Dinas Biasa
971,1696,1.0,Belanja Perjalanan Dinas Biasa,Belanja Perjalanan Dinas Biasa
971,1699,1.0,Belanja Perjalanan Dinas Biasa,Belanja Perjalanan Dinas Biasa
971,1701,1.0,Belanja Perjalanan Dinas Biasa,Belanja Perjalanan Dinas Biasa
971,1697,1.0,Belanja Perjalanan Dinas Biasa,Belanja Perjalanan Dinas Biasa
972,1698,1.0,Belanja Perjalanan Dinas Biasa,Belanja Perjalanan Dinas Biasa
972,1696,1.0,Belanja Perjalanan Dinas Biasa,Belanja Perjalanan Dinas Biasa
972,1699,1.0,Belanja Perjalanan Dinas Biasa,Belanja Perjalanan Dinas Biasa
972,1701,1.0,Belanja Perjalanan Dinas Biasa,Belanja Perjalanan Dinas Biasa
972,1697,1.0,Belanja Perjalanan Dinas Biasa,Belanja Perjalanan Dinas Biasa
973,1698,1.0,Belanja Perjalanan Dinas Biasa,Belanja Perjalanan Dinas Biasa
973,1696,1.0,Belanja Perjalanan Dinas Biasa,Belanja Perjalanan Dinas Biasa
973,1699,1.0,Belanja Perjalanan Dinas Biasa,Belanja Perjalanan Dinas Biasa
973,1701,1.0,Belanja Perjalanan Dinas Biasa,Belanja Perjalanan Dinas Biasa
973,1697,1.0,Belanja Perjalanan Dinas Biasa,Belanja Perjalanan Dinas Biasa
974,1698,1.0,Belanja Perjalanan Dinas Biasa,Belanja Perjalanan Dinas Biasa
974,1696,1.0,Belanja Perjalanan Dinas Biasa,Belanja Perjalanan Dinas Biasa
974,1699,1.0,Belanja Perjalanan Dinas Biasa,Belanja Perjalanan Dinas Biasa
974,1701,1.0,Belanja Perjalanan Dinas Biasa,Belanja Perjalanan Dinas Biasa
974,1697,1.0,Belanja Perjalanan Dinas Biasa,Belanja Perjalanan Dinas Biasa
975,1698,1.0,Belanja Perjalanan Dinas Biasa,Belanja Perjalanan Dinas Biasa
975,1696,1.0,Belanja Perjalanan Dinas Biasa,Belanja Perjalanan Dinas Biasa
975,1699,1.0,Belanja Perjalanan Dinas Biasa,Belanja Perjalanan Dinas Biasa
975,1701,1.0,Belanja Perjalanan Dinas Biasa,Belanja Perjalanan Dinas Biasa
975,1697,1.0,Belanja Perjalanan Dinas Biasa,Belanja Perjalanan Dinas Biasa
976,1698,1.0,Belanja Perjalanan Dinas Biasa,Belanja Perjalanan Dinas Biasa
976,1696,1.0,Belanja Perjalanan Dinas Biasa,Belanja Perjalanan Dinas Biasa
976,1699,1.0,Belanja Perjalanan Dinas Biasa,Belanja Perjalanan Dinas Biasa
976,1701,1.0,Belanja Perjalanan Dinas Biasa,Belanja Perjalanan Dinas Biasa
976,1697,1.0,Belanja Perjalanan Dinas Biasa,Belanja Perjalanan Dinas Biasa
977,1698,1.0,Belanja Perjalanan Dinas Biasa,Belanja Perjalanan Dinas Biasa
977,1696,1.0,Belanja Perjalanan Dinas Biasa,Belanja Perjalanan Dinas Biasa
977,1699,1.0,Belanja Perjalanan Dinas Biasa,Belanja Perjalanan Dinas Biasa
977,1701,1.0,Belanja Perjalanan Dinas Biasa,Belanja Perjalanan Dinas Biasa
977,1697,1.0,Belanja Perjalanan Dinas Biasa,Belanja Perjalanan Dinas Biasa
978,1698,1.0,Belanja Perjalanan Dinas Biasa,Belanja Perjalanan Dinas Biasa
978,1696,1.0,Belanja Perjalanan Dinas Biasa,Belanja Perjalanan Dinas Biasa
978,1699,1.0,Belanja Perjalanan Dinas Biasa,Belanja Perjalanan Dinas Biasa
978,1701,1.0,Belanja Perjalanan Dinas Biasa,Belanja Perjalanan Dinas Biasa
978,1697,1.0,Belanja Perjalanan Dinas Biasa,Belanja Perjalanan Dinas Biasa
979,1698,1.0,Belanja Perjalanan Dinas Biasa,Belanja Perjalanan Dinas Biasa
979,1696,1.0,Belanja Perjalanan Dinas Biasa,Belanja Perjalanan Dinas Biasa
979,1699,1.0,Belanja Perjalanan Dinas Biasa,Belanja Perjalanan Dinas Biasa
979,1701,1.0,Belanja Perjalanan Dinas Biasa,Belanja Perjalanan Dinas Biasa
979,1697,1.0,Belanja Perjalanan Dinas Biasa,Belanja Perjalanan Dinas Biasa
980,1698,1.0,Belanja Perjalanan Dinas Biasa,Belanja Perjalanan Dinas Biasa
980,1696,1.0,Belanja Perjalanan Dinas Biasa,Belanja Perjalanan Dinas Biasa
980,1699,1.0,Belanja Perjalanan Dinas Biasa,Belanja Perjalanan Dinas Biasa
980,1701,1.0,Belanja Perjalanan Dinas Biasa,Belanja Perjalanan Dinas Biasa
980,1697,1.0,Belanja Perjalanan Dinas Biasa,Belanja Perjalanan Dinas Biasa
981,1698,1.0,Belanja Perjalanan Dinas Biasa,Belanja Perjalanan Dinas Biasa
981,1696,1.0,Belanja Perjalanan Dinas Biasa,Belanja Perjalanan Dinas Biasa
981,1699,1.0,Belanja Perjalanan Dinas Biasa,Belanja Perjalanan Dinas Biasa
981,1701,1.0,Belanja Perjalanan Dinas Biasa,Belanja Perjalanan Dinas Biasa
981,1697,1.0,Belanja Perjalanan Dinas Biasa,Belanja Perjalanan Dinas Biasa
982,1038,0.9098873660067834,Belanja Perjalanan Dinas Biasa Pelabuhan Wilayah 1 dan Wilayah 2,Belanja Perjalanan Dinas Biasa UPT Pelabuhan Wilayah 1 dan Pelabuhan Wilayah 2
983,1698,1.0,Belanja Perjalanan Dinas Biasa,Belanja Perjalanan Dinas Biasa
983,1696,1.0,Belanja Perjalanan Dinas Biasa,Belanja Perjalanan Dinas Biasa
983,1699,1.0,Belanja Perjalanan Dinas Biasa,Belanja Perjalanan Dinas Biasa
983,1701,1.0,Belanja Perjalanan Dinas Biasa,Belanja Perjalanan Dinas Biasa
983,1697,1.0,Belanja Perjalanan Dinas Biasa,Belanja Perjalanan Dinas Biasa
984,1698,1.0,Belanja perjalanan Dinas Biasa,Belanja Perjalanan Dinas Biasa
984,1696,1.0,Belanja perjalanan Dinas Biasa,Belanja Perjalanan Dinas Biasa
984,1699,1.0,Belanja perjalanan Dinas Biasa,Belanja Perjalanan Dinas Biasa
984,1701,1.0,Belanja perjalanan Dinas Biasa,Belanja Perjalanan Dinas Biasa
984,1697,1.0,Belanja perjalanan Dinas Biasa,Belanja Perjalanan Dinas Biasa
985,1698,1.0,Belanja Perjalanan Dinas Biasa,Belanja Perjalanan Dinas Biasa
985,1696,1.0,Belanja Perjalanan Dinas Biasa,Belanja Perjalanan Dinas Biasa
985,1699,1.0,Belanja Perjalanan Dinas Biasa,Belanja Perjalanan Dinas Biasa
985,1701,1.0,Belanja Perjalanan Dinas Biasa,Belanja Perjalanan Dinas Biasa
985,1697,1.0,Belanja Perjalanan Dinas Biasa,Belanja Perjalanan Dinas Biasa
986,1698,1.0,Belanja Perjalanan Dinas Biasa,Belanja Perjalanan Dinas Biasa
986,1696,1.0,Belanja Perjalanan Dinas Biasa,Belanja Perjalanan Dinas Biasa
986,1699,1.0,Belanja Perjalanan Dinas Biasa,Belanja Perjalanan Dinas Biasa
986,1701,1.0,Belanja Perjalanan Dinas Biasa,Belanja Perjalanan Dinas Biasa
986,1697,1.0,Belanja Perjalanan Dinas Biasa,Belanja Perjalanan Dinas Biasa
987,1698,1.0,Belanja Perjalanan Dinas Biasa,Belanja Perjalanan Dinas Biasa
987,1696,1.0,Belanja Perjalanan Dinas Biasa,Belanja Perjalanan Dinas Biasa
987,1699,1.0,Belanja Perjalanan Dinas Biasa,Belanja Perjalanan Dinas Biasa
987,1701,1.0,Belanja Perjalanan Dinas Biasa,Belanja Perjalanan Dinas Biasa
987,1697,1.0,Belanja Perjalanan Dinas Biasa,Belanja Perjalanan Dinas Biasa
988,1698,1.0,Belanja Perjalanan Dinas Biasa,Belanja Perjalanan Dinas Biasa
988,1696,1.0,Belanja Perjalanan Dinas Biasa,Belanja Perjalanan Dinas Biasa
988,1699,1.0,Belanja Perjalanan Dinas Biasa,Belanja Perjalanan Dinas Biasa
988,1701,1.0,Belanja Perjalanan Dinas Biasa,Belanja Perjalanan Dinas Biasa
988,1697,1.0,Belanja Perjalanan Dinas Biasa,Belanja Perjalanan Dinas Biasa
989,2816,1.0,Belanja Perjalanan Dinas Biasa - UPTD I,Belanja Perjalanan Dinas Biasa UPTD 1
989,1002,1.0,Belanja Perjalanan Dinas Biasa - UPTD I,Belanja Perjalanan Dinas Biasa - UPTD I
989,1031,1.0,Belanja Perjalanan Dinas Biasa - UPTD I,Belanja Perjalanan Dinas Biasa - UPTD V
990,1003,1.0,Belanja Perjalanan Dinas Biasa - UPTD VI,Belanja Perjalanan Dinas Biasa - UPTD VI
990,1259,1.0,Belanja Perjalanan Dinas Biasa - UPTD VI,Belanja Perjalanan Dinas Biasa - UPTD VI
990,1355,1.0,Belanja Perjalanan Dinas Biasa - UPTD VI,Belanja Perjalanan Dinas Biasa - UPTD VI
991,1698,1.0,Belanja Perjalanan Dinas Biasa,Belanja Perjalanan Dinas Biasa
991,1696,1.0,Belanja Perjalanan Dinas Biasa,Belanja Perjalanan Dinas Biasa
991,1699,1.0,Belanja Perjalanan Dinas Biasa,Belanja Perjalanan Dinas Biasa
991,1701,1.0,Belanja Perjalanan Dinas Biasa,Belanja Perjalanan Dinas Biasa
991,1697,1.0,Belanja Perjalanan Dinas Biasa,Belanja Perjalanan Dinas Biasa
992,1005,1.0,Belanja Perjalanan Dinas Biasa (Kajian Koleksi Museum Karaeng Pattingalloang-DAK),Belanja Perjalanan Dinas Biasa (Kajian Koleksi Museum Karaeng Pattingalloang-DAK)
993,1006,1.0,Belanja Perjalanan Dinas Biasa -  Monitoring dan Evaluasi SPM Bidang Pendidikan; Penginapan Perjalan Dinas Dalam Wilayah Kab/Kota Se Provinsi Sulawesi Selatan,Belanja Perjalanan Dinas Biasa -  Monitoring dan Evaluasi SPM Bidang Pendidikan; Penginapan Perjalan Dinas Dalam Wilayah Kab/Kota Se Provinsi Sulawesi Selatan
993,1053,1.0,Belanja Perjalanan Dinas Biasa -  Monitoring dan Evaluasi SPM Bidang Pendidikan; Penginapan Perjalan Dinas Dalam Wilayah Kab/Kota Se Provinsi Sulawesi Selatan,Belanja Perjalanan Dinas Biasa -  Monitoring dan Evaluasi SPM Bidang Pendidikan; Penginapan Perjalan Dinas Dalam Wilayah Kab/Kota Se Provinsi Sulawesi Selatan
993,1097,1.0,Belanja Perjalanan Dinas Biasa -  Monitoring dan Evaluasi SPM Bidang Pendidikan; Penginapan Perjalan Dinas Dalam Wilayah Kab/Kota Se Provinsi Sulawesi Selatan,Belanja Perjalanan Dinas Biasa -  Monitoring dan Evaluasi SPM Bidang Pendidikan; Penginapan Perjalan Dinas Dalam Wilayah Kab/Kota Se Provinsi Sulawesi Selatan
995,1698,1.0,Belanja Perjalanan Dinas Biasa,Belanja Perjalanan Dinas Biasa
995,1696,1.0,Belanja Perjalanan Dinas Biasa,Belanja Perjalanan Dinas Biasa
995,1699,1.0,Belanja Perjalanan Dinas Biasa,Belanja Perjalanan Dinas Biasa
995,1701,1.0,Belanja Perjalanan Dinas Biasa,Belanja Perjalanan Dinas Biasa
995,1697,1.0,Belanja Perjalanan Dinas Biasa,Belanja Perjalanan Dinas Biasa
996,1698,1.0,Belanja Perjalanan Dinas Biasa,Belanja Perjalanan Dinas Biasa
996,1696,1.0,Belanja Perjalanan Dinas Biasa,Belanja Perjalanan Dinas Biasa
996,1699,1.0,Belanja Perjalanan Dinas Biasa,Belanja Perjalanan Dinas Biasa
996,1701,1.0,Belanja Perjalanan Dinas Biasa,Belanja Perjalanan Dinas Biasa
996,1697,1.0,Belanja Perjalanan Dinas Biasa,Belanja Perjalanan Dinas Biasa
997,1698,1.0,Belanja Perjalanan Dinas Biasa,Belanja Perjalanan Dinas Biasa
997,1696,1.0,Belanja Perjalanan Dinas Biasa,Belanja Perjalanan Dinas Biasa
997,1699,1.0,Belanja Perjalanan Dinas Biasa,Belanja Perjalanan Dinas Biasa
997,1701,1.0,Belanja Perjalanan Dinas Biasa,Belanja Perjalanan Dinas Biasa
997,1697,1.0,Belanja Perjalanan Dinas Biasa,Belanja Perjalanan Dinas Biasa
998,1698,1.0,Belanja Perjalanan Dinas Biasa,Belanja Perjalanan Dinas Biasa
998,1696,1.0,Belanja Perjalanan Dinas Biasa,Belanja Perjalanan Dinas Biasa
998,1699,1.0,Belanja Perjalanan Dinas Biasa,Belanja Perjalanan Dinas Biasa
998,1701,1.0,Belanja Perjalanan Dinas Biasa,Belanja Perjalanan Dinas Biasa
998,1697,1.0,Belanja Perjalanan Dinas Biasa,Belanja Perjalanan Dinas Biasa
1000,1698,1.0,Belanja Perjalanan Dinas Biasa,Belanja Perjalanan Dinas Biasa
1000,1696,1.0,Belanja Perjalanan Dinas Biasa,Belanja Perjalanan Dinas Biasa
1000,1699,1.0,Belanja Perjalanan Dinas Biasa,Belanja Perjalanan Dinas Biasa
1000,1701,1.0,Belanja Perjalanan Dinas Biasa,Belanja Perjalanan Dinas Biasa
1000,1697,1.0,Belanja Perjalanan Dinas Biasa,Belanja Perjalanan Dinas Biasa
1001,1698,1.0,Belanja Perjalanan Dinas Biasa,Belanja Perjalanan Dinas Biasa
1001,1696,1.0,Belanja Perjalanan Dinas Biasa,Belanja Perjalanan Dinas Biasa
1001,1699,1.0,Belanja Perjalanan Dinas Biasa,Belanja Perjalanan Dinas Biasa
1001,1701,1.0,Belanja Perjalanan Dinas Biasa,Belanja Perjalanan Dinas Biasa
1001,1697,1.0,Belanja Perjalanan Dinas Biasa,Belanja Perjalanan Dinas Biasa
1002,2816,1.0,Belanja Perjalanan Dinas Biasa - UPTD I,Belanja Perjalanan Dinas Biasa UPTD 1
1002,1031,1.0,Belanja Perjalanan Dinas Biasa - UPTD I,Belanja Perjalanan Dinas Biasa - UPTD V
1003,1259,1.0,Belanja Perjalanan Dinas Biasa - UPTD VI,Belanja Perjalanan Dinas Biasa - UPTD VI
1003,1355,1.0,Belanja Perjalanan Dinas Biasa - UPTD VI,Belanja Perjalanan Dinas Biasa - UPTD VI
1004,1698,1.0,Belanja Perjalanan Dinas Biasa,Belanja Perjalanan Dinas Biasa
1004,1696,1.0,Belanja Perjalanan Dinas Biasa,Belanja Perjalanan Dinas Biasa
1004,1699,1.0,Belanja Perjalanan Dinas Biasa,Belanja Perjalanan Dinas Biasa
1004,1701,1.0,Belanja Perjalanan Dinas Biasa,Belanja Perjalanan Dinas Biasa
1004,1697,1.0,Belanja Perjalanan Dinas Biasa,Belanja Perjalanan Dinas Biasa
1006,1053,1.0,Belanja Perjalanan Dinas Biasa -  Monitoring dan Evaluasi SPM Bidang Pendidikan; Penginapan Perjalan Dinas Dalam Wilayah Kab/Kota Se Provinsi Sulawesi Selatan,Belanja Perjalanan Dinas Biasa -  Monitoring dan Evaluasi SPM Bidang Pendidikan; Penginapan Perjalan Dinas Dalam Wilayah Kab/Kota Se Provinsi Sulawesi Selatan
1006,1097,1.0,Belanja Perjalanan Dinas Biasa -  Monitoring dan Evaluasi SPM Bidang Pendidikan; Penginapan Perjalan Dinas Dalam Wilayah Kab/Kota Se Provinsi Sulawesi Selatan,Belanja Perjalanan Dinas Biasa -  Monitoring dan Evaluasi SPM Bidang Pendidikan; Penginapan Perjalan Dinas Dalam Wilayah Kab/Kota Se Provinsi Sulawesi Selatan
1007,1070,1.0,Belanja Perjalanan Dinas Biasa (UPT Larona),Belanja Perjalanan Dinas Biasa (UPT Larona)
1008,1698,1.0,Belanja Perjalanan Dinas Biasa,Belanja Perjalanan Dinas Biasa
1008,1696,1.0,Belanja Perjalanan Dinas Biasa,Belanja Perjalanan Dinas Biasa
1008,1699,1.0,Belanja Perjalanan Dinas Biasa,Belanja Perjalanan Dinas Biasa
1008,1701,1.0,Belanja Perjalanan Dinas Biasa,Belanja Perjalanan Dinas Biasa
1008,1697,1.0,Belanja Perjalanan Dinas Biasa,Belanja Perjalanan Dinas Biasa
1009,1698,1.0,Belanja Perjalanan Dinas Biasa,Belanja Perjalanan Dinas Biasa
1009,1696,1.0,Belanja Perjalanan Dinas Biasa,Belanja Perjalanan Dinas Biasa
1009,1699,1.0,Belanja Perjalanan Dinas Biasa,Belanja Perjalanan Dinas Biasa
1009,1701,1.0,Belanja Perjalanan Dinas Biasa,Belanja Perjalanan Dinas Biasa
1009,1697,1.0,Belanja Perjalanan Dinas Biasa,Belanja Perjalanan Dinas Biasa
1010,1698,1.0,Belanja Perjalanan Dinas Biasa,Belanja Perjalanan Dinas Biasa
1010,1696,1.0,Belanja Perjalanan Dinas Biasa,Belanja Perjalanan Dinas Biasa
1010,1699,1.0,Belanja Perjalanan Dinas Biasa,Belanja Perjalanan Dinas Biasa
1010,1701,1.0,Belanja Perjalanan Dinas Biasa,Belanja Perjalanan Dinas Biasa
1010,1697,1.0,Belanja Perjalanan Dinas Biasa,Belanja Perjalanan Dinas Biasa
1011,1698,1.0,Belanja Perjalanan Dinas Biasa,Belanja Perjalanan Dinas Biasa
1011,1696,1.0,Belanja Perjalanan Dinas Biasa,Belanja Perjalanan Dinas Biasa
1011,1699,1.0,Belanja Perjalanan Dinas Biasa,Belanja Perjalanan Dinas Biasa
1011,1701,1.0,Belanja Perjalanan Dinas Biasa,Belanja Perjalanan Dinas Biasa
1011,1697,1.0,Belanja Perjalanan Dinas Biasa,Belanja Perjalanan Dinas Biasa
1012,1698,1.0,Belanja Perjalanan Dinas Biasa,Belanja Perjalanan Dinas Biasa
1012,1696,1.0,Belanja Perjalanan Dinas Biasa,Belanja Perjalanan Dinas Biasa
1012,1699,1.0,Belanja Perjalanan Dinas Biasa,Belanja Perjalanan Dinas Biasa
1012,1701,1.0,Belanja Perjalanan Dinas Biasa,Belanja Perjalanan Dinas Biasa
1012,1697,1.0,Belanja Perjalanan Dinas Biasa,Belanja Perjalanan Dinas Biasa
1013,1698,1.0,Belanja Perjalanan Dinas Biasa,Belanja Perjalanan Dinas Biasa
1013,1696,1.0,Belanja Perjalanan Dinas Biasa,Belanja Perjalanan Dinas Biasa
1013,1699,1.0,Belanja Perjalanan Dinas Biasa,Belanja Perjalanan Dinas Biasa
1013,1701,1.0,Belanja Perjalanan Dinas Biasa,Belanja Perjalanan Dinas Biasa
1013,1697,1.0,Belanja Perjalanan Dinas Biasa,Belanja Perjalanan Dinas Biasa
1014,1698,1.0,Belanja Perjalanan Dinas Biasa,Belanja Perjalanan Dinas Biasa
1014,1696,1.0,Belanja Perjalanan Dinas Biasa,Belanja Perjalanan Dinas Biasa
1014,1699,1.0,Belanja Perjalanan Dinas Biasa,Belanja Perjalanan Dinas Biasa
1014,1701,1.0,Belanja Perjalanan Dinas Biasa,Belanja Perjalanan Dinas Biasa
1014,1697,1.0,Belanja Perjalanan Dinas Biasa,Belanja Perjalanan Dinas Biasa
1015,1698,1.0,Belanja Perjalanan Dinas Biasa,Belanja Perjalanan Dinas Biasa
1015,1696,1.0,Belanja Perjalanan Dinas Biasa,Belanja Perjalanan Dinas Biasa
1015,1699,1.0,Belanja Perjalanan Dinas Biasa,Belanja Perjalanan Dinas Biasa
1015,1701,1.0,Belanja Perjalanan Dinas Biasa,Belanja Perjalanan Dinas Biasa
1015,1697,1.0,Belanja Perjalanan Dinas Biasa,Belanja Perjalanan Dinas Biasa
1017,1698,1.0,Belanja Perjalanan Dinas Biasa,Belanja Perjalanan Dinas Biasa
1017,1696,1.0,Belanja Perjalanan Dinas Biasa,Belanja Perjalanan Dinas Biasa
1017,1699,1.0,Belanja Perjalanan Dinas Biasa,Belanja Perjalanan Dinas Biasa
1017,1701,1.0,Belanja Perjalanan Dinas Biasa,Belanja Perjalanan Dinas Biasa
1017,1697,1.0,Belanja Perjalanan Dinas Biasa,Belanja Perjalanan Dinas Biasa
1018,1698,1.0,Belanja Perjalanan Dinas Biasa,Belanja Perjalanan Dinas Biasa
1018,1696,1.0,Belanja Perjalanan Dinas Biasa,Belanja Perjalanan Dinas Biasa
1018,1699,1.0,Belanja Perjalanan Dinas Biasa,Belanja Perjalanan Dinas Biasa
1018,1701,1.0,Belanja Perjalanan Dinas Biasa,Belanja Perjalanan Dinas Biasa
1018,1697,1.0,Belanja Perjalanan Dinas Biasa,Belanja Perjalanan Dinas Biasa
1019,1698,1.0,Belanja Perjalanan Dinas Biasa,Belanja Perjalanan Dinas Biasa
1019,1696,1.0,Belanja Perjalanan Dinas Biasa,Belanja Perjalanan Dinas Biasa
1019,1699,1.0,Belanja Perjalanan Dinas Biasa,Belanja Perjalanan Dinas Biasa
1019,1701,1.0,Belanja Perjalanan Dinas Biasa,Belanja Perjalanan Dinas Biasa
1019,1697,1.0,Belanja Perjalanan Dinas Biasa,Belanja Perjalanan Dinas Biasa
1020,1698,1.0,Belanja Perjalanan Dinas Biasa,Belanja Perjalanan Dinas Biasa
1020,1696,1.0,Belanja Perjalanan Dinas Biasa,Belanja Perjalanan Dinas Biasa
1020,1699,1.0,Belanja Perjalanan Dinas Biasa,Belanja Perjalanan Dinas Biasa
1020,1701,1.0,Belanja Perjalanan Dinas Biasa,Belanja Perjalanan Dinas Biasa
1020,1697,1.0,Belanja Perjalanan Dinas Biasa,Belanja Perjalanan Dinas Biasa
1021,1698,1.0,Belanja Perjalanan Dinas Biasa,Belanja Perjalanan Dinas Biasa
1021,1696,1.0,Belanja Perjalanan Dinas Biasa,Belanja Perjalanan Dinas Biasa
1021,1699,1.0,Belanja Perjalanan Dinas Biasa,Belanja Perjalanan Dinas Biasa
1021,1701,1.0,Belanja Perjalanan Dinas Biasa,Belanja Perjalanan Dinas Biasa
1021,1697,1.0,Belanja Perjalanan Dinas Biasa,Belanja Perjalanan Dinas Biasa
1022,1698,1.0,Belanja Perjalanan Dinas Biasa,Belanja Perjalanan Dinas Biasa
1022,1696,1.0,Belanja Perjalanan Dinas Biasa,Belanja Perjalanan Dinas Biasa
1022,1699,1.0,Belanja Perjalanan Dinas Biasa,Belanja Perjalanan Dinas Biasa
1022,1701,1.0,Belanja Perjalanan Dinas Biasa,Belanja Perjalanan Dinas Biasa
1022,1697,1.0,Belanja Perjalanan Dinas Biasa,Belanja Perjalanan Dinas Biasa
1023,1698,1.0,Belanja Perjalanan Dinas Biasa,Belanja Perjalanan Dinas Biasa
1023,1696,1.0,Belanja Perjalanan Dinas Biasa,Belanja Perjalanan Dinas Biasa
1023,1699,1.0,Belanja Perjalanan Dinas Biasa,Belanja Perjalanan Dinas Biasa
1023,1701,1.0,Belanja Perjalanan Dinas Biasa,Belanja Perjalanan Dinas Biasa
1023,1697,1.0,Belanja Perjalanan Dinas Biasa,Belanja Perjalanan Dinas Biasa
1024,1698,1.0,Belanja Perjalanan Dinas Biasa,Belanja Perjalanan Dinas Biasa
1024,1696,1.0,Belanja Perjalanan Dinas Biasa,Belanja Perjalanan Dinas Biasa
1024,1699,1.0,Belanja Perjalanan Dinas Biasa,Belanja Perjalanan Dinas Biasa
1024,1701,1.0,Belanja Perjalanan Dinas Biasa,Belanja Perjalanan Dinas Biasa
1024,1697,1.0,Belanja Perjalanan Dinas Biasa,Belanja Perjalanan Dinas Biasa
1025,1698,1.0,Belanja Perjalanan Dinas Biasa,Belanja Perjalanan Dinas Biasa
1025,1696,1.0,Belanja Perjalanan Dinas Biasa,Belanja Perjalanan Dinas Biasa
1025,1699,1.0,Belanja Perjalanan Dinas Biasa,Belanja Perjalanan Dinas Biasa
1025,1701,1.0,Belanja Perjalanan Dinas Biasa,Belanja Perjalanan Dinas Biasa
1025,1697,1.0,Belanja Perjalanan Dinas Biasa,Belanja Perjalanan Dinas Biasa
1026,1698,1.0,Belanja Perjalanan Dinas Biasa,Belanja Perjalanan Dinas Biasa
1026,1696,1.0,Belanja Perjalanan Dinas Biasa,Belanja Perjalanan Dinas Biasa
1026,1699,1.0,Belanja Perjalanan Dinas Biasa,Belanja Perjalanan Dinas Biasa
1026,1701,1.0,Belanja Perjalanan Dinas Biasa,Belanja Perjalanan Dinas Biasa
1026,1697,1.0,Belanja Perjalanan Dinas Biasa,Belanja Perjalanan Dinas Biasa
1027,1698,1.0,Belanja Perjalanan Dinas Biasa,Belanja Perjalanan Dinas Biasa
1027,1696,1.0,Belanja Perjalanan Dinas Biasa,Belanja Perjalanan Dinas Biasa
1027,1699,1.0,Belanja Perjalanan Dinas Biasa,Belanja Perjalanan Dinas Biasa
1027,1701,1.0,Belanja Perjalanan Dinas Biasa,Belanja Perjalanan Dinas Biasa
1027,1697,1.0,Belanja Perjalanan Dinas Biasa,Belanja Perjalanan Dinas Biasa
1028,1698,1.0,Belanja Perjalanan Dinas Biasa,Belanja Perjalanan Dinas Biasa
1028,1696,1.0,Belanja Perjalanan Dinas Biasa,Belanja Perjalanan Dinas Biasa
1028,1699,1.0,Belanja Perjalanan Dinas Biasa,Belanja Perjalanan Dinas Biasa
1028,1701,1.0,Belanja Perjalanan Dinas Biasa,Belanja Perjalanan Dinas Biasa
1028,1697,1.0,Belanja Perjalanan Dinas Biasa,Belanja Perjalanan Dinas Biasa
1029,1698,1.0,Belanja Perjalanan Dinas Biasa,Belanja Perjalanan Dinas Biasa
1029,1696,1.0,Belanja Perjalanan Dinas Biasa,Belanja Perjalanan Dinas Biasa
1029,1699,1.0,Belanja Perjalanan Dinas Biasa,Belanja Perjalanan Dinas Biasa
1029,1701,1.0,Belanja Perjalanan Dinas Biasa,Belanja Perjalanan Dinas Biasa
1029,1697,1.0,Belanja Perjalanan Dinas Biasa,Belanja Perjalanan Dinas Biasa
1030,1354,1.0,Belanja Perjalanan Dinas Biasa - UPTD III,Belanja Perjalanan Dinas Biasa - UPTD III
1031,2816,1.0,Belanja Perjalanan Dinas Biasa - UPTD V,Belanja Perjalanan Dinas Biasa UPTD 1
1032,1698,1.0,Belanja Perjalanan Dinas Biasa,Belanja Perjalanan Dinas Biasa
1032,1696,1.0,Belanja Perjalanan Dinas Biasa,Belanja Perjalanan Dinas Biasa
1032,1699,1.0,Belanja Perjalanan Dinas Biasa,Belanja Perjalanan Dinas Biasa
1032,1701,1.0,Belanja Perjalanan Dinas Biasa,Belanja Perjalanan Dinas Biasa
1032,1697,1.0,Belanja Perjalanan Dinas Biasa,Belanja Perjalanan Dinas Biasa
1033,1698,1.0,Belanja Perjalanan Dinas Biasa,Belanja Perjalanan Dinas Biasa
1033,1696,1.0,Belanja Perjalanan Dinas Biasa,Belanja Perjalanan Dinas Biasa
1033,1699,1.0,Belanja Perjalanan Dinas Biasa,Belanja Perjalanan Dinas Biasa
1033,1701,1.0,Belanja Perjalanan Dinas Biasa,Belanja Perjalanan Dinas Biasa
1033,1697,1.0,Belanja Perjalanan Dinas Biasa,Belanja Perjalanan Dinas Biasa
1034,1698,1.0,Belanja Perjalanan Dinas Biasa,Belanja Perjalanan Dinas Biasa
1034,1696,1.0,Belanja Perjalanan Dinas Biasa,Belanja Perjalanan Dinas Biasa
1034,1699,1.0,Belanja Perjalanan Dinas Biasa,Belanja Perjalanan Dinas Biasa
1034,1701,1.0,Belanja Perjalanan Dinas Biasa,Belanja Perjalanan Dinas Biasa
1034,1697,1.0,Belanja Perjalanan Dinas Biasa,Belanja Perjalanan Dinas Biasa
1035,1698,1.0,Belanja Perjalanan Dinas Biasa,Belanja Perjalanan Dinas Biasa
1035,1696,1.0,Belanja Perjalanan Dinas Biasa,Belanja Perjalanan Dinas Biasa
1035,1699,1.0,Belanja Perjalanan Dinas Biasa,Belanja Perjalanan Dinas Biasa
1035,1701,1.0,Belanja Perjalanan Dinas Biasa,Belanja Perjalanan Dinas Biasa
1035,1697,1.0,Belanja Perjalanan Dinas Biasa,Belanja Perjalanan Dinas Biasa
1036,1698,1.0,Belanja Perjalanan Dinas Biasa,Belanja Perjalanan Dinas Biasa
1036,1696,1.0,Belanja Perjalanan Dinas Biasa,Belanja Perjalanan Dinas Biasa
1036,1699,1.0,Belanja Perjalanan Dinas Biasa,Belanja Perjalanan Dinas Biasa
1036,1701,1.0,Belanja Perjalanan Dinas Biasa,Belanja Perjalanan Dinas Biasa
1036,1697,1.0,Belanja Perjalanan Dinas Biasa,Belanja Perjalanan Dinas Biasa
1037,1698,1.0,Belanja Perjalanan Dinas Biasa,Belanja Perjalanan Dinas Biasa
1037,1696,1.0,Belanja Perjalanan Dinas Biasa,Belanja Perjalanan Dinas Biasa
1037,1699,1.0,Belanja Perjalanan Dinas Biasa,Belanja Perjalanan Dinas Biasa
1037,1701,1.0,Belanja Perjalanan Dinas Biasa,Belanja Perjalanan Dinas Biasa
1037,1697,1.0,Belanja Perjalanan Dinas Biasa,Belanja Perjalanan Dinas Biasa
1039,1698,1.0,Belanja Perjalanan Dinas Biasa,Belanja Perjalanan Dinas Biasa
1039,1696,1.0,Belanja Perjalanan Dinas Biasa,Belanja Perjalanan Dinas Biasa
1039,1699,1.0,Belanja Perjalanan Dinas Biasa,Belanja Perjalanan Dinas Biasa
1039,1701,1.0,Belanja Perjalanan Dinas Biasa,Belanja Perjalanan Dinas Biasa
1039,1697,1.0,Belanja Perjalanan Dinas Biasa,Belanja Perjalanan Dinas Biasa
1040,1698,1.0,Belanja Perjalanan Dinas Biasa,Belanja Perjalanan Dinas Biasa
1040,1696,1.0,Belanja Perjalanan Dinas Biasa,Belanja Perjalanan Dinas Biasa
1040,1699,1.0,Belanja Perjalanan Dinas Biasa,Belanja Perjalanan Dinas Biasa
1040,1701,1.0,Belanja Perjalanan Dinas Biasa,Belanja Perjalanan Dinas Biasa
1040,1697,1.0,Belanja Perjalanan Dinas Biasa,Belanja Perjalanan Dinas Biasa
1041,1698,1.0,Belanja Perjalanan Dinas Biasa,Belanja Perjalanan Dinas Biasa
1041,1696,1.0,Belanja Perjalanan Dinas Biasa,Belanja Perjalanan Dinas Biasa
1041,1699,1.0,Belanja Perjalanan Dinas Biasa,Belanja Perjalanan Dinas Biasa
1041,1701,1.0,Belanja Perjalanan Dinas Biasa,Belanja Perjalanan Dinas Biasa
1041,1697,1.0,Belanja Perjalanan Dinas Biasa,Belanja Perjalanan Dinas Biasa
1042,1698,1.0,Belanja Perjalanan Dinas Biasa,Belanja Perjalanan Dinas Biasa
1042,1696,1.0,Belanja Perjalanan Dinas Biasa,Belanja Perjalanan Dinas Biasa
1042,1699,1.0,Belanja Perjalanan Dinas Biasa,Belanja Perjalanan Dinas Biasa
1042,1701,1.0,Belanja Perjalanan Dinas Biasa,Belanja Perjalanan Dinas Biasa
1042,1697,1.0,Belanja Perjalanan Dinas Biasa,Belanja Perjalanan Dinas Biasa
1043,1698,1.0,Belanja Perjalanan Dinas Biasa,Belanja Perjalanan Dinas Biasa
1043,1696,1.0,Belanja Perjalanan Dinas Biasa,Belanja Perjalanan Dinas Biasa
1043,1699,1.0,Belanja Perjalanan Dinas Biasa,Belanja Perjalanan Dinas Biasa
1043,1701,1.0,Belanja Perjalanan Dinas Biasa,Belanja Perjalanan Dinas Biasa
1043,1697,1.0,Belanja Perjalanan Dinas Biasa,Belanja Perjalanan Dinas Biasa
1044,1698,1.0,Belanja Perjalanan Dinas Biasa,Belanja Perjalanan Dinas Biasa
1044,1696,1.0,Belanja Perjalanan Dinas Biasa,Belanja Perjalanan Dinas Biasa
1044,1699,1.0,Belanja Perjalanan Dinas Biasa,Belanja Perjalanan Dinas Biasa
1044,1701,1.0,Belanja Perjalanan Dinas Biasa,Belanja Perjalanan Dinas Biasa
1044,1697,1.0,Belanja Perjalanan Dinas Biasa,Belanja Perjalanan Dinas Biasa
1045,1698,1.0,Belanja Perjalanan Dinas Biasa,Belanja Perjalanan Dinas Biasa
1045,1696,1.0,Belanja Perjalanan Dinas Biasa,Belanja Perjalanan Dinas Biasa
1045,1699,1.0,Belanja Perjalanan Dinas Biasa,Belanja Perjalanan Dinas Biasa
1045,1701,1.0,Belanja Perjalanan Dinas Biasa,Belanja Perjalanan Dinas Biasa
1045,1697,1.0,Belanja Perjalanan Dinas Biasa,Belanja Perjalanan Dinas Biasa
1046,1698,1.0,Belanja Perjalanan Dinas Biasa,Belanja Perjalanan Dinas Biasa
1046,1696,1.0,Belanja Perjalanan Dinas Biasa,Belanja Perjalanan Dinas Biasa
1046,1699,1.0,Belanja Perjalanan Dinas Biasa,Belanja Perjalanan Dinas Biasa
1046,1701,1.0,Belanja Perjalanan Dinas Biasa,Belanja Perjalanan Dinas Biasa
1046,1697,1.0,Belanja Perjalanan Dinas Biasa,Belanja Perjalanan Dinas Biasa
1047,1698,1.0,Belanja Perjalanan Dinas Biasa,Belanja Perjalanan Dinas Biasa
1047,1696,1.0,Belanja Perjalanan Dinas Biasa,Belanja Perjalanan Dinas Biasa
1047,1699,1.0,Belanja Perjalanan Dinas Biasa,Belanja Perjalanan Dinas Biasa
1047,1701,1.0,Belanja Perjalanan Dinas Biasa,Belanja Perjalanan Dinas Biasa
1047,1697,1.0,Belanja Perjalanan Dinas Biasa,Belanja Perjalanan Dinas Biasa
1048,1698,1.0,Belanja Perjalanan Dinas Biasa,Belanja Perjalanan Dinas Biasa
1048,1696,1.0,Belanja Perjalanan Dinas Biasa,Belanja Perjalanan Dinas Biasa
1048,1699,1.0,Belanja Perjalanan Dinas Biasa,Belanja Perjalanan Dinas Biasa
1048,1701,1.0,Belanja Perjalanan Dinas Biasa,Belanja Perjalanan Dinas Biasa
1048,1697,1.0,Belanja Perjalanan Dinas Biasa,Belanja Perjalanan Dinas Biasa
1049,1698,1.0,Belanja Perjalanan Dinas Biasa,Belanja Perjalanan Dinas Biasa
1049,1696,1.0,Belanja Perjalanan Dinas Biasa,Belanja Perjalanan Dinas Biasa
1049,1699,1.0,Belanja Perjalanan Dinas Biasa,Belanja Perjalanan Dinas Biasa
1049,1701,1.0,Belanja Perjalanan Dinas Biasa,Belanja Perjalanan Dinas Biasa
1049,1697,1.0,Belanja Perjalanan Dinas Biasa,Belanja Perjalanan Dinas Biasa
1050,1698,1.0,BELANJA PERJALANAN DINAS BIASA,Belanja Perjalanan Dinas Biasa
1050,1696,1.0,BELANJA PERJALANAN DINAS BIASA,Belanja Perjalanan Dinas Biasa
1050,1699,1.0,BELANJA PERJALANAN DINAS BIASA,Belanja Perjalanan Dinas Biasa
1050,1701,1.0,BELANJA PERJALANAN DINAS BIASA,Belanja Perjalanan Dinas Biasa
1050,1697,1.0,BELANJA PERJALANAN DINAS BIASA,Belanja Perjalanan Dinas Biasa
1051,669,1.0,Belanja Perjalanan Dinas Biasa -  Monitoring dan Evaluasi SPM Bidang Pendidikan; Biaya Transportasi Darat dari Ibukota Provinsi ke Kabupaten/Kota dalam Provinsi,Belanja Perjalanan Dinas Biasa -  Monitoring dan Evaluasi SPM Bidang Pendidikan; Biaya Transportasi Darat dari Ibukota Provinsi ke Kabupaten/Kota dalam Provinsi
1051,668,1.0,Belanja Perjalanan Dinas Biasa -  Monitoring dan Evaluasi SPM Bidang Pendidikan; Biaya Transportasi Darat dari Ibukota Provinsi ke Kabupaten/Kota dalam Provinsi,Belanja Perjalanan Dinas Biasa -  Monitoring dan Evaluasi SPM Bidang Pendidikan; Biaya Transportasi Darat dari Ibukota Provinsi ke Kabupaten/Kota dalam Provinsi
1051,671,1.0,Belanja Perjalanan Dinas Biasa -  Monitoring dan Evaluasi SPM Bidang Pendidikan; Biaya Transportasi Darat dari Ibukota Provinsi ke Kabupaten/Kota dalam Provinsi,Belanja Perjalanan Dinas Biasa -  Monitoring dan Evaluasi SPM Bidang Pendidikan; Biaya Transportasi Darat dari Ibukota Provinsi ke Kabupaten/Kota dalam Provinsi
1051,916,1.0,Belanja Perjalanan Dinas Biasa -  Monitoring dan Evaluasi SPM Bidang Pendidikan; Biaya Transportasi Darat dari Ibukota Provinsi ke Kabupaten/Kota dalam Provinsi,Belanja Perjalanan Dinas Biasa -  Monitoring dan Evaluasi SPM Bidang Pendidikan; Biaya Transportasi Darat dari Ibukota Provinsi ke Kabupaten/Kota dalam Provinsi
1051,1271,1.0,Belanja Perjalanan Dinas Biasa -  Monitoring dan Evaluasi SPM Bidang Pendidikan; Biaya Transportasi Darat dari Ibukota Provinsi ke Kabupaten/Kota dalam Provinsi,Belanja Perjalanan Dinas Biasa -  Monitoring dan Evaluasi SPM Bidang Pendidikan; Biaya Transportasi Darat dari Ibukota Provinsi ke Kabupaten/Kota dalam Provinsi
1052,669,1.0,Belanja Perjalanan Dinas Biasa -  Monitoring dan Evaluasi SPM Bidang Pendidikan; Biaya Transportasi Darat dari Ibukota Provinsi ke Kabupaten/Kota dalam Provinsi,Belanja Perjalanan Dinas Biasa -  Monitoring dan Evaluasi SPM Bidang Pendidikan; Biaya Transportasi Darat dari Ibukota Provinsi ke Kabupaten/Kota dalam Provinsi
1052,668,1.0,Belanja Perjalanan Dinas Biasa -  Monitoring dan Evaluasi SPM Bidang Pendidikan; Biaya Transportasi Darat dari Ibukota Provinsi ke Kabupaten/Kota dalam Provinsi,Belanja Perjalanan Dinas Biasa -  Monitoring dan Evaluasi SPM Bidang Pendidikan; Biaya Transportasi Darat dari Ibukota Provinsi ke Kabupaten/Kota dalam Provinsi
1052,671,1.0,Belanja Perjalanan Dinas Biasa -  Monitoring dan Evaluasi SPM Bidang Pendidikan; Biaya Transportasi Darat dari Ibukota Provinsi ke Kabupaten/Kota dalam Provinsi,Belanja Perjalanan Dinas Biasa -  Monitoring dan Evaluasi SPM Bidang Pendidikan; Biaya Transportasi Darat dari Ibukota Provinsi ke Kabupaten/Kota dalam Provinsi
1052,916,1.0,Belanja Perjalanan Dinas Biasa -  Monitoring dan Evaluasi SPM Bidang Pendidikan; Biaya Transportasi Darat dari Ibukota Provinsi ke Kabupaten/Kota dalam Provinsi,Belanja Perjalanan Dinas Biasa -  Monitoring dan Evaluasi SPM Bidang Pendidikan; Biaya Transportasi Darat dari Ibukota Provinsi ke Kabupaten/Kota dalam Provinsi
1052,1271,1.0,Belanja Perjalanan Dinas Biasa -  Monitoring dan Evaluasi SPM Bidang Pendidikan; Biaya Transportasi Darat dari Ibukota Provinsi ke Kabupaten/Kota dalam Provinsi,Belanja Perjalanan Dinas Biasa -  Monitoring dan Evaluasi SPM Bidang Pendidikan; Biaya Transportasi Darat dari Ibukota Provinsi ke Kabupaten/Kota dalam Provinsi
1053,1097,1.0,Belanja Perjalanan Dinas Biasa -  Monitoring dan Evaluasi SPM Bidang Pendidikan; Penginapan Perjalan Dinas Dalam Wilayah Kab/Kota Se Provinsi Sulawesi Selatan,Belanja Perjalanan Dinas Biasa -  Monitoring dan Evaluasi SPM Bidang Pendidikan; Penginapan Perjalan Dinas Dalam Wilayah Kab/Kota Se Provinsi Sulawesi Selatan
1054,1698,1.0,Belanja Perjalanan Dinas Biasa,Belanja Perjalanan Dinas Biasa
1054,1696,1.0,Belanja Perjalanan Dinas Biasa,Belanja Perjalanan Dinas Biasa
1054,1699,1.0,Belanja Perjalanan Dinas Biasa,Belanja Perjalanan Dinas Biasa
1054,1701,1.0,Belanja Perjalanan Dinas Biasa,Belanja Perjalanan Dinas Biasa
1054,1697,1.0,Belanja Perjalanan Dinas Biasa,Belanja Perjalanan Dinas Biasa
1056,1698,1.0,Belanja Perjalanan Dinas Biasa,Belanja Perjalanan Dinas Biasa
1056,1696,1.0,Belanja Perjalanan Dinas Biasa,Belanja Perjalanan Dinas Biasa
1056,1699,1.0,Belanja Perjalanan Dinas Biasa,Belanja Perjalanan Dinas Biasa
1056,1701,1.0,Belanja Perjalanan Dinas Biasa,Belanja Perjalanan Dinas Biasa
1056,1697,1.0,Belanja Perjalanan Dinas Biasa,Belanja Perjalanan Dinas Biasa
1059,1698,1.0,Belanja Perjalanan Dinas Biasa,Belanja Perjalanan Dinas Biasa
1059,1696,1.0,Belanja Perjalanan Dinas Biasa,Belanja Perjalanan Dinas Biasa
1059,1699,1.0,Belanja Perjalanan Dinas Biasa,Belanja Perjalanan Dinas Biasa
1059,1701,1.0,Belanja Perjalanan Dinas Biasa,Belanja Perjalanan Dinas Biasa
1059,1697,1.0,Belanja Perjalanan Dinas Biasa,Belanja Perjalanan Dinas Biasa
1060,1061,0.8931243063031689,Belanja Perjalanan Dinas Biasa (Eselon II Dalam Daerah (Jauh),Belanja Perjalanan Dinas Biasa (Eselon II Luar Daerah - Jauh)
1062,1698,1.0,Belanja Perjalanan Dinas Biasa,Belanja Perjalanan Dinas Biasa
1062,1696,1.0,Belanja Perjalanan Dinas Biasa,Belanja Perjalanan Dinas Biasa
1062,1699,1.0,Belanja Perjalanan Dinas Biasa,Belanja Perjalanan Dinas Biasa
1062,1701,1.0,Belanja Perjalanan Dinas Biasa,Belanja Perjalanan Dinas Biasa
1062,1697,1.0,Belanja Perjalanan Dinas Biasa,Belanja Perjalanan Dinas Biasa
1064,1698,1.0,Belanja Perjalanan Dinas Biasa,Belanja Perjalanan Dinas Biasa
1064,1696,1.0,Belanja Perjalanan Dinas Biasa,Belanja Perjalanan Dinas Biasa
1064,1699,1.0,Belanja Perjalanan Dinas Biasa,Belanja Perjalanan Dinas Biasa
1064,1701,1.0,Belanja Perjalanan Dinas Biasa,Belanja Perjalanan Dinas Biasa
1064,1697,1.0,Belanja Perjalanan Dinas Biasa,Belanja Perjalanan Dinas Biasa
1065,1698,1.0,Belanja Perjalanan Dinas Biasa,Belanja Perjalanan Dinas Biasa
1065,1696,1.0,Belanja Perjalanan Dinas Biasa,Belanja Perjalanan Dinas Biasa
1065,1699,1.0,Belanja Perjalanan Dinas Biasa,Belanja Perjalanan Dinas Biasa
1065,1701,1.0,Belanja Perjalanan Dinas Biasa,Belanja Perjalanan Dinas Biasa
1065,1697,1.0,Belanja Perjalanan Dinas Biasa,Belanja Perjalanan Dinas Biasa
1066,836,1.0,Belanja Perjalanan Dinas Biasa (UPT Walcen),Belanja Perjalanan Dinas Biasa (UPT Walcen)
1066,884,1.0,Belanja Perjalanan Dinas Biasa (UPT Walcen),Belanja Perjalanan Dinas Biasa (UPT Walcen)
1066,715,1.0,Belanja Perjalanan Dinas Biasa (UPT Walcen),Belanja Perjalanan Dinas Biasa (UPT Walcen)
1066,714,1.0,Belanja Perjalanan Dinas Biasa (UPT Walcen),Belanja Perjalanan Dinas Biasa (UPT Walcen)
1066,883,1.0,Belanja Perjalanan Dinas Biasa (UPT Walcen),Belanja Perjalanan Dinas Biasa (UPT Walcen)
1067,932,1.0,Belanja Perjalanan Dinas Biasa (UPT Saddang),Belanja Perjalanan Dinas Biasa (UPT Saddang)
1067,1287,1.0,Belanja Perjalanan Dinas Biasa (UPT Saddang),Belanja Perjalanan Dinas Biasa (UPT Saddang)
1067,676,1.0,Belanja Perjalanan Dinas Biasa (UPT Saddang),Belanja Perjalanan Dinas Biasa (UPT Saddang)
1067,1288,1.0,Belanja Perjalanan Dinas Biasa (UPT Saddang),Belanja Perjalanan Dinas Biasa (UPT Saddang)
1067,677,1.0,Belanja Perjalanan Dinas Biasa (UPT Saddang),Belanja Perjalanan Dinas Biasa (UPT Saddang)
1068,932,1.0,Belanja Perjalanan Dinas Biasa (UPT Saddang),Belanja Perjalanan Dinas Biasa (UPT Saddang)
1068,1287,1.0,Belanja Perjalanan Dinas Biasa (UPT Saddang),Belanja Perjalanan Dinas Biasa (UPT Saddang)
1068,676,1.0,Belanja Perjalanan Dinas Biasa (UPT Saddang),Belanja Perjalanan Dinas Biasa (UPT Saddang)
1068,1288,1.0,Belanja Perjalanan Dinas Biasa (UPT Saddang),Belanja Perjalanan Dinas Biasa (UPT Saddang)
1068,677,1.0,Belanja Perjalanan Dinas Biasa (UPT Saddang),Belanja Perjalanan Dinas Biasa (UPT Saddang)
1069,1698,1.0,Belanja Perjalanan Dinas Biasa,Belanja Perjalanan Dinas Biasa
1069,1696,1.0,Belanja Perjalanan Dinas Biasa,Belanja Perjalanan Dinas Biasa
1069,1699,1.0,Belanja Perjalanan Dinas Biasa,Belanja Perjalanan Dinas Biasa
1069,1701,1.0,Belanja Perjalanan Dinas Biasa,Belanja Perjalanan Dinas Biasa
1069,1697,1.0,Belanja Perjalanan Dinas Biasa,Belanja Perjalanan Dinas Biasa
1071,1698,1.0,Belanja Perjalanan Dinas Biasa,Belanja Perjalanan Dinas Biasa
1071,1696,1.0,Belanja Perjalanan Dinas Biasa,Belanja Perjalanan Dinas Biasa
1071,1699,1.0,Belanja Perjalanan Dinas Biasa,Belanja Perjalanan Dinas Biasa
1071,1701,1.0,Belanja Perjalanan Dinas Biasa,Belanja Perjalanan Dinas Biasa
1071,1697,1.0,Belanja Perjalanan Dinas Biasa,Belanja Perjalanan Dinas Biasa
1072,1698,1.0,Belanja Perjalanan Dinas Biasa,Belanja Perjalanan Dinas Biasa
1072,1696,1.0,Belanja Perjalanan Dinas Biasa,Belanja Perjalanan Dinas Biasa
1072,1699,1.0,Belanja Perjalanan Dinas Biasa,Belanja Perjalanan Dinas Biasa
1072,1701,1.0,Belanja Perjalanan Dinas Biasa,Belanja Perjalanan Dinas Biasa
1072,1697,1.0,Belanja Perjalanan Dinas Biasa,Belanja Perjalanan Dinas Biasa
1073,1698,1.0,Belanja Perjalanan Dinas Biasa,Belanja Perjalanan Dinas Biasa
1073,1696,1.0,Belanja Perjalanan Dinas Biasa,Belanja Perjalanan Dinas Biasa
1073,1699,1.0,Belanja Perjalanan Dinas Biasa,Belanja Perjalanan Dinas Biasa
1073,1701,1.0,Belanja Perjalanan Dinas Biasa,Belanja Perjalanan Dinas Biasa
1073,1697,1.0,Belanja Perjalanan Dinas Biasa,Belanja Perjalanan Dinas Biasa
1075,1698,1.0,Belanja Perjalanan Dinas Biasa,Belanja Perjalanan Dinas Biasa
1075,1696,1.0,Belanja Perjalanan Dinas Biasa,Belanja Perjalanan Dinas Biasa
1075,1699,1.0,Belanja Perjalanan Dinas Biasa,Belanja Perjalanan Dinas Biasa
1075,1701,1.0,Belanja Perjalanan Dinas Biasa,Belanja Perjalanan Dinas Biasa
1075,1697,1.0,Belanja Perjalanan Dinas Biasa,Belanja Perjalanan Dinas Biasa
1076,1698,1.0,Belanja Perjalanan Dinas Biasa,Belanja Perjalanan Dinas Biasa
1076,1696,1.0,Belanja Perjalanan Dinas Biasa,Belanja Perjalanan Dinas Biasa
1076,1699,1.0,Belanja Perjalanan Dinas Biasa,Belanja Perjalanan Dinas Biasa
1076,1701,1.0,Belanja Perjalanan Dinas Biasa,Belanja Perjalanan Dinas Biasa
1076,1697,1.0,Belanja Perjalanan Dinas Biasa,Belanja Perjalanan Dinas Biasa
1077,1698,1.0,Belanja Perjalanan Dinas Biasa,Belanja Perjalanan Dinas Biasa
1077,1696,1.0,Belanja Perjalanan Dinas Biasa,Belanja Perjalanan Dinas Biasa
1077,1699,1.0,Belanja Perjalanan Dinas Biasa,Belanja Perjalanan Dinas Biasa
1077,1701,1.0,Belanja Perjalanan Dinas Biasa,Belanja Perjalanan Dinas Biasa
1077,1697,1.0,Belanja Perjalanan Dinas Biasa,Belanja Perjalanan Dinas Biasa
1078,1698,1.0,Belanja Perjalanan Dinas Biasa,Belanja Perjalanan Dinas Biasa
1078,1696,1.0,Belanja Perjalanan Dinas Biasa,Belanja Perjalanan Dinas Biasa
1078,1699,1.0,Belanja Perjalanan Dinas Biasa,Belanja Perjalanan Dinas Biasa
1078,1701,1.0,Belanja Perjalanan Dinas Biasa,Belanja Perjalanan Dinas Biasa
1078,1697,1.0,Belanja Perjalanan Dinas Biasa,Belanja Perjalanan Dinas Biasa
1079,1698,1.0,Belanja Perjalanan Dinas Biasa,Belanja Perjalanan Dinas Biasa
1079,1696,1.0,Belanja Perjalanan Dinas Biasa,Belanja Perjalanan Dinas Biasa
1079,1699,1.0,Belanja Perjalanan Dinas Biasa,Belanja Perjalanan Dinas Biasa
1079,1701,1.0,Belanja Perjalanan Dinas Biasa,Belanja Perjalanan Dinas Biasa
1079,1697,1.0,Belanja Perjalanan Dinas Biasa,Belanja Perjalanan Dinas Biasa
1080,1698,1.0,Belanja Perjalanan Dinas Biasa,Belanja Perjalanan Dinas Biasa
1080,1696,1.0,Belanja Perjalanan Dinas Biasa,Belanja Perjalanan Dinas Biasa
1080,1699,1.0,Belanja Perjalanan Dinas Biasa,Belanja Perjalanan Dinas Biasa
1080,1701,1.0,Belanja Perjalanan Dinas Biasa,Belanja Perjalanan Dinas Biasa
1080,1697,1.0,Belanja Perjalanan Dinas Biasa,Belanja Perjalanan Dinas Biasa
1081,1698,1.0,Belanja Perjalanan Dinas Biasa,Belanja Perjalanan Dinas Biasa
1081,1696,1.0,Belanja Perjalanan Dinas Biasa,Belanja Perjalanan Dinas Biasa
1081,1699,1.0,Belanja Perjalanan Dinas Biasa,Belanja Perjalanan Dinas Biasa
1081,1701,1.0,Belanja Perjalanan Dinas Biasa,Belanja Perjalanan Dinas Biasa
1081,1697,1.0,Belanja Perjalanan Dinas Biasa,Belanja Perjalanan Dinas Biasa
1084,1698,1.0,Belanja Perjalanan Dinas Biasa,Belanja Perjalanan Dinas Biasa
1084,1696,1.0,Belanja Perjalanan Dinas Biasa,Belanja Perjalanan Dinas Biasa
1084,1699,1.0,Belanja Perjalanan Dinas Biasa,Belanja Perjalanan Dinas Biasa
1084,1701,1.0,Belanja Perjalanan Dinas Biasa,Belanja Perjalanan Dinas Biasa
1084,1697,1.0,Belanja Perjalanan Dinas Biasa,Belanja Perjalanan Dinas Biasa
1085,1698,1.0,Belanja Perjalanan Dinas Biasa,Belanja Perjalanan Dinas Biasa
1085,1696,1.0,Belanja Perjalanan Dinas Biasa,Belanja Perjalanan Dinas Biasa
1085,1699,1.0,Belanja Perjalanan Dinas Biasa,Belanja Perjalanan Dinas Biasa
1085,1701,1.0,Belanja Perjalanan Dinas Biasa,Belanja Perjalanan Dinas Biasa
1085,1697,1.0,Belanja Perjalanan Dinas Biasa,Belanja Perjalanan Dinas Biasa
1087,1698,1.0,Belanja Perjalanan Dinas Biasa,Belanja Perjalanan Dinas Biasa
1087,1696,1.0,Belanja Perjalanan Dinas Biasa,Belanja Perjalanan Dinas Biasa
1087,1699,1.0,Belanja Perjalanan Dinas Biasa,Belanja Perjalanan Dinas Biasa
1087,1701,1.0,Belanja Perjalanan Dinas Biasa,Belanja Perjalanan Dinas Biasa
1087,1697,1.0,Belanja Perjalanan Dinas Biasa,Belanja Perjalanan Dinas Biasa
1088,1698,1.0,Belanja Perjalanan Dinas Biasa,Belanja Perjalanan Dinas Biasa
1088,1696,1.0,Belanja Perjalanan Dinas Biasa,Belanja Perjalanan Dinas Biasa
1088,1699,1.0,Belanja Perjalanan Dinas Biasa,Belanja Perjalanan Dinas Biasa
1088,1701,1.0,Belanja Perjalanan Dinas Biasa,Belanja Perjalanan Dinas Biasa
1088,1697,1.0,Belanja Perjalanan Dinas Biasa,Belanja Perjalanan Dinas Biasa
1089,1698,1.0,Belanja Perjalanan Dinas Biasa,Belanja Perjalanan Dinas Biasa
1089,1696,1.0,Belanja Perjalanan Dinas Biasa,Belanja Perjalanan Dinas Biasa
1089,1699,1.0,Belanja Perjalanan Dinas Biasa,Belanja Perjalanan Dinas Biasa
1089,1701,1.0,Belanja Perjalanan Dinas Biasa,Belanja Perjalanan Dinas Biasa
1089,1697,1.0,Belanja Perjalanan Dinas Biasa,Belanja Perjalanan Dinas Biasa
1090,1698,1.0,Belanja Perjalanan Dinas Biasa,Belanja Perjalanan Dinas Biasa
1090,1696,1.0,Belanja Perjalanan Dinas Biasa,Belanja Perjalanan Dinas Biasa
1090,1699,1.0,Belanja Perjalanan Dinas Biasa,Belanja Perjalanan Dinas Biasa
1090,1701,1.0,Belanja Perjalanan Dinas Biasa,Belanja Perjalanan Dinas Biasa
1090,1697,1.0,Belanja Perjalanan Dinas Biasa,Belanja Perjalanan Dinas Biasa
1091,1698,1.0,Belanja Perjalanan Dinas Biasa,Belanja Perjalanan Dinas Biasa
1091,1696,1.0,Belanja Perjalanan Dinas Biasa,Belanja Perjalanan Dinas Biasa
1091,1699,1.0,Belanja Perjalanan Dinas Biasa,Belanja Perjalanan Dinas Biasa
1091,1701,1.0,Belanja Perjalanan Dinas Biasa,Belanja Perjalanan Dinas Biasa
1091,1697,1.0,Belanja Perjalanan Dinas Biasa,Belanja Perjalanan Dinas Biasa
1092,1698,1.0,Belanja Perjalanan Dinas Biasa,Belanja Perjalanan Dinas Biasa
1092,1696,1.0,Belanja Perjalanan Dinas Biasa,Belanja Perjalanan Dinas Biasa
1092,1699,1.0,Belanja Perjalanan Dinas Biasa,Belanja Perjalanan Dinas Biasa
1092,1701,1.0,Belanja Perjalanan Dinas Biasa,Belanja Perjalanan Dinas Biasa
1092,1697,1.0,Belanja Perjalanan Dinas Biasa,Belanja Perjalanan Dinas Biasa
1093,669,1.0,Belanja Perjalanan Dinas Biasa -  Monitoring dan Evaluasi SPM Bidang Pendidikan; Biaya Transportasi Darat dari Ibukota Provinsi ke Kabupaten/Kota dalam Provinsi,Belanja Perjalanan Dinas Biasa -  Monitoring dan Evaluasi SPM Bidang Pendidikan; Biaya Transportasi Darat dari Ibukota Provinsi ke Kabupaten/Kota dalam Provinsi
1093,668,1.0,Belanja Perjalanan Dinas Biasa -  Monitoring dan Evaluasi SPM Bidang Pendidikan; Biaya Transportasi Darat dari Ibukota Provinsi ke Kabupaten/Kota dalam Provinsi,Belanja Perjalanan Dinas Biasa -  Monitoring dan Evaluasi SPM Bidang Pendidikan; Biaya Transportasi Darat dari Ibukota Provinsi ke Kabupaten/Kota dalam Provinsi
1093,671,1.0,Belanja Perjalanan Dinas Biasa -  Monitoring dan Evaluasi SPM Bidang Pendidikan; Biaya Transportasi Darat dari Ibukota Provinsi ke Kabupaten/Kota dalam Provinsi,Belanja Perjalanan Dinas Biasa -  Monitoring dan Evaluasi SPM Bidang Pendidikan; Biaya Transportasi Darat dari Ibukota Provinsi ke Kabupaten/Kota dalam Provinsi
1093,916,1.0,Belanja Perjalanan Dinas Biasa -  Monitoring dan Evaluasi SPM Bidang Pendidikan; Biaya Transportasi Darat dari Ibukota Provinsi ke Kabupaten/Kota dalam Provinsi,Belanja Perjalanan Dinas Biasa -  Monitoring dan Evaluasi SPM Bidang Pendidikan; Biaya Transportasi Darat dari Ibukota Provinsi ke Kabupaten/Kota dalam Provinsi
1093,1271,1.0,Belanja Perjalanan Dinas Biasa -  Monitoring dan Evaluasi SPM Bidang Pendidikan; Biaya Transportasi Darat dari Ibukota Provinsi ke Kabupaten/Kota dalam Provinsi,Belanja Perjalanan Dinas Biasa -  Monitoring dan Evaluasi SPM Bidang Pendidikan; Biaya Transportasi Darat dari Ibukota Provinsi ke Kabupaten/Kota dalam Provinsi
1095,669,1.0,Belanja Perjalanan Dinas Biasa -  Monitoring dan Evaluasi SPM Bidang Pendidikan; Biaya Transportasi Darat dari Ibukota Provinsi ke Kabupaten/Kota dalam Provinsi,Belanja Perjalanan Dinas Biasa -  Monitoring dan Evaluasi SPM Bidang Pendidikan; Biaya Transportasi Darat dari Ibukota Provinsi ke Kabupaten/Kota dalam Provinsi
1095,668,1.0,Belanja Perjalanan Dinas Biasa -  Monitoring dan Evaluasi SPM Bidang Pendidikan; Biaya Transportasi Darat dari Ibukota Provinsi ke Kabupaten/Kota dalam Provinsi,Belanja Perjalanan Dinas Biasa -  Monitoring dan Evaluasi SPM Bidang Pendidikan; Biaya Transportasi Darat dari Ibukota Provinsi ke Kabupaten/Kota dalam Provinsi
1095,671,1.0,Belanja Perjalanan Dinas Biasa -  Monitoring dan Evaluasi SPM Bidang Pendidikan; Biaya Transportasi Darat dari Ibukota Provinsi ke Kabupaten/Kota dalam Provinsi,Belanja Perjalanan Dinas Biasa -  Monitoring dan Evaluasi SPM Bidang Pendidikan; Biaya Transportasi Darat dari Ibukota Provinsi ke Kabupaten/Kota dalam Provinsi
1095,916,1.0,Belanja Perjalanan Dinas Biasa -  Monitoring dan Evaluasi SPM Bidang Pendidikan; Biaya Transportasi Darat dari Ibukota Provinsi ke Kabupaten/Kota dalam Provinsi,Belanja Perjalanan Dinas Biasa -  Monitoring dan Evaluasi SPM Bidang Pendidikan; Biaya Transportasi Darat dari Ibukota Provinsi ke Kabupaten/Kota dalam Provinsi
1095,1271,1.0,Belanja Perjalanan Dinas Biasa -  Monitoring dan Evaluasi SPM Bidang Pendidikan; Biaya Transportasi Darat dari Ibukota Provinsi ke Kabupaten/Kota dalam Provinsi,Belanja Perjalanan Dinas Biasa -  Monitoring dan Evaluasi SPM Bidang Pendidikan; Biaya Transportasi Darat dari Ibukota Provinsi ke Kabupaten/Kota dalam Provinsi
1096,669,1.0,Belanja Perjalanan Dinas Biasa -  Monitoring dan Evaluasi SPM Bidang Pendidikan; Biaya Transportasi Darat dari Ibukota Provinsi ke Kabupaten/Kota dalam Provinsi,Belanja Perjalanan Dinas Biasa -  Monitoring dan Evaluasi SPM Bidang Pendidikan; Biaya Transportasi Darat dari Ibukota Provinsi ke Kabupaten/Kota dalam Provinsi
1096,668,1.0,Belanja Perjalanan Dinas Biasa -  Monitoring dan Evaluasi SPM Bidang Pendidikan; Biaya Transportasi Darat dari Ibukota Provinsi ke Kabupaten/Kota dalam Provinsi,Belanja Perjalanan Dinas Biasa -  Monitoring dan Evaluasi SPM Bidang Pendidikan; Biaya Transportasi Darat dari Ibukota Provinsi ke Kabupaten/Kota dalam Provinsi
1096,671,1.0,Belanja Perjalanan Dinas Biasa -  Monitoring dan Evaluasi SPM Bidang Pendidikan; Biaya Transportasi Darat dari Ibukota Provinsi ke Kabupaten/Kota dalam Provinsi,Belanja Perjalanan Dinas Biasa -  Monitoring dan Evaluasi SPM Bidang Pendidikan; Biaya Transportasi Darat dari Ibukota Provinsi ke Kabupaten/Kota dalam Provinsi
1096,916,1.0,Belanja Perjalanan Dinas Biasa -  Monitoring dan Evaluasi SPM Bidang Pendidikan; Biaya Transportasi Darat dari Ibukota Provinsi ke Kabupaten/Kota dalam Provinsi,Belanja Perjalanan Dinas Biasa -  Monitoring dan Evaluasi SPM Bidang Pendidikan; Biaya Transportasi Darat dari Ibukota Provinsi ke Kabupaten/Kota dalam Provinsi
1096,1271,1.0,Belanja Perjalanan Dinas Biasa -  Monitoring dan Evaluasi SPM Bidang Pendidikan; Biaya Transportasi Darat dari Ibukota Provinsi ke Kabupaten/Kota dalam Provinsi,Belanja Perjalanan Dinas Biasa -  Monitoring dan Evaluasi SPM Bidang Pendidikan; Biaya Transportasi Darat dari Ibukota Provinsi ke Kabupaten/Kota dalam Provinsi
1098,669,1.0,Belanja Perjalanan Dinas Biasa -  Monitoring dan Evaluasi SPM Bidang Pendidikan; Biaya Transportasi Darat dari Ibukota Provinsi ke Kabupaten/Kota dalam Provinsi,Belanja Perjalanan Dinas Biasa -  Monitoring dan Evaluasi SPM Bidang Pendidikan; Biaya Transportasi Darat dari Ibukota Provinsi ke Kabupaten/Kota dalam Provinsi
1098,668,1.0,Belanja Perjalanan Dinas Biasa -  Monitoring dan Evaluasi SPM Bidang Pendidikan; Biaya Transportasi Darat dari Ibukota Provinsi ke Kabupaten/Kota dalam Provinsi,Belanja Perjalanan Dinas Biasa -  Monitoring dan Evaluasi SPM Bidang Pendidikan; Biaya Transportasi Darat dari Ibukota Provinsi ke Kabupaten/Kota dalam Provinsi
1098,671,1.0,Belanja Perjalanan Dinas Biasa -  Monitoring dan Evaluasi SPM Bidang Pendidikan; Biaya Transportasi Darat dari Ibukota Provinsi ke Kabupaten/Kota dalam Provinsi,Belanja Perjalanan Dinas Biasa -  Monitoring dan Evaluasi SPM Bidang Pendidikan; Biaya Transportasi Darat dari Ibukota Provinsi ke Kabupaten/Kota dalam Provinsi
1098,916,1.0,Belanja Perjalanan Dinas Biasa -  Monitoring dan Evaluasi SPM Bidang Pendidikan; Biaya Transportasi Darat dari Ibukota Provinsi ke Kabupaten/Kota dalam Provinsi,Belanja Perjalanan Dinas Biasa -  Monitoring dan Evaluasi SPM Bidang Pendidikan; Biaya Transportasi Darat dari Ibukota Provinsi ke Kabupaten/Kota dalam Provinsi
1098,1271,1.0,Belanja Perjalanan Dinas Biasa -  Monitoring dan Evaluasi SPM Bidang Pendidikan; Biaya Transportasi Darat dari Ibukota Provinsi ke Kabupaten/Kota dalam Provinsi,Belanja Perjalanan Dinas Biasa -  Monitoring dan Evaluasi SPM Bidang Pendidikan; Biaya Transportasi Darat dari Ibukota Provinsi ke Kabupaten/Kota dalam Provinsi
1099,1698,1.0,Belanja Perjalanan Dinas Biasa,Belanja Perjalanan Dinas Biasa
1099,1696,1.0,Belanja Perjalanan Dinas Biasa,Belanja Perjalanan Dinas Biasa
1099,1699,1.0,Belanja Perjalanan Dinas Biasa,Belanja Perjalanan Dinas Biasa
1099,1701,1.0,Belanja Perjalanan Dinas Biasa,Belanja Perjalanan Dinas Biasa
1099,1697,1.0,Belanja Perjalanan Dinas Biasa,Belanja Perjalanan Dinas Biasa
1100,1202,1.0,,
1100,1904,1.0,,
1100,2606,1.0,,
1101,2607,1.0,Paket,Paket
1101,1905,1.0,Paket,Paket
1101,1203,1.0,Paket,Paket
1103,1698,1.0,Belanja Perjalanan Dinas Biasa,Belanja Perjalanan Dinas Biasa
1103,1696,1.0,Belanja Perjalanan Dinas Biasa,Belanja Perjalanan Dinas Biasa
1103,1699,1.0,Belanja Perjalanan Dinas Biasa,Belanja Perjalanan Dinas Biasa
1103,1701,1.0,Belanja Perjalanan Dinas Biasa,Belanja Perjalanan Dinas Biasa
1103,1697,1.0,Belanja Perjalanan Dinas Biasa,Belanja Perjalanan Dinas Biasa
1104,1698,1.0,Belanja Perjalanan Dinas Biasa,Belanja Perjalanan Dinas Biasa
1104,1696,1.0,Belanja Perjalanan Dinas Biasa,Belanja Perjalanan Dinas Biasa
1104,1699,1.0,Belanja Perjalanan Dinas Biasa,Belanja Perjalanan Dinas Biasa
1104,1701,1.0,Belanja Perjalanan Dinas Biasa,Belanja Perjalanan Dinas Biasa
1104,1697,1.0,Belanja Perjalanan Dinas Biasa,Belanja Perjalanan Dinas Biasa
1105,1698,1.0,Belanja Perjalanan Dinas Biasa,Belanja Perjalanan Dinas Biasa
1105,1696,1.0,Belanja Perjalanan Dinas Biasa,Belanja Perjalanan Dinas Biasa
1105,1699,1.0,Belanja Perjalanan Dinas Biasa,Belanja Perjalanan Dinas Biasa
1105,1701,1.0,Belanja Perjalanan Dinas Biasa,Belanja Perjalanan Dinas Biasa
1105,1697,1.0,Belanja Perjalanan Dinas Biasa,Belanja Perjalanan Dinas Biasa
1106,1698,1.0,Belanja Perjalanan Dinas Biasa,Belanja Perjalanan Dinas Biasa
1106,1696,1.0,Belanja Perjalanan Dinas Biasa,Belanja Perjalanan Dinas Biasa
1106,1699,1.0,Belanja Perjalanan Dinas Biasa,Belanja Perjalanan Dinas Biasa
1106,1701,1.0,Belanja Perjalanan Dinas Biasa,Belanja Perjalanan Dinas Biasa
1106,1697,1.0,Belanja Perjalanan Dinas Biasa,Belanja Perjalanan Dinas Biasa
1107,1698,1.0,Belanja Perjalanan Dinas Biasa,Belanja Perjalanan Dinas Biasa
1107,1696,1.0,Belanja Perjalanan Dinas Biasa,Belanja Perjalanan Dinas Biasa
1107,1699,1.0,Belanja Perjalanan Dinas Biasa,Belanja Perjalanan Dinas Biasa
1107,1701,1.0,Belanja Perjalanan Dinas Biasa,Belanja Perjalanan Dinas Biasa
1107,1697,1.0,Belanja Perjalanan Dinas Biasa,Belanja Perjalanan Dinas Biasa
1108,2800,1.0,Belanja Perjalanan Dinas,Belanja Perjalanan Dinas
1108,2238,1.0,Belanja Perjalanan Dinas,Belanja Perjalanan Dinas
1108,2652,1.0,Belanja Perjalanan Dinas,Belanja Perjalanan Dinas
1108,2840,1.0,Belanja Perjalanan Dinas,Belanja Perjalanan Dinas
1108,2651,1.0,Belanja Perjalanan Dinas,Belanja Perjalanan Dinas
1109,1698,1.0,Belanja Perjalanan Dinas Biasa,Belanja Perjalanan Dinas Biasa
1109,1696,1.0,Belanja Perjalanan Dinas Biasa,Belanja Perjalanan Dinas Biasa
1109,1699,1.0,Belanja Perjalanan Dinas Biasa,Belanja Perjalanan Dinas Biasa
1109,1701,1.0,Belanja Perjalanan Dinas Biasa,Belanja Perjalanan Dinas Biasa
1109,1697,1.0,Belanja Perjalanan Dinas Biasa,Belanja Perjalanan Dinas Biasa
1110,1145,1.0,Belanja Perjalanan Dinas Dalam Kota,Belanja Perjalanan Dinas Dalam Kota
1110,1147,1.0,Belanja Perjalanan Dinas Dalam Kota,Belanja Perjalanan Dinas Dalam Kota
1110,1144,1.0,Belanja Perjalanan Dinas Dalam Kota,Belanja Perjalanan Dinas Dalam Kota
1110,1141,1.0,Belanja Perjalanan Dinas Dalam Kota,Belanja Perjalanan Dinas Dalam Kota
1110,1148,1.0,Belanja Perjalanan Dinas Dalam Kota,Belanja Perjalanan Dinas Dalam Kota
1111,1698,1.0,Belanja Perjalanan Dinas Biasa,Belanja Perjalanan Dinas Biasa
1111,1696,1.0,Belanja Perjalanan Dinas Biasa,Belanja Perjalanan Dinas Biasa
1111,1699,1.0,Belanja Perjalanan Dinas Biasa,Belanja Perjalanan Dinas Biasa
1111,1701,1.0,Belanja Perjalanan Dinas Biasa,Belanja Perjalanan Dinas Biasa
1111,1697,1.0,Belanja Perjalanan Dinas Biasa,Belanja Perjalanan Dinas Biasa
1114,1698,1.0,Belanja Perjalanan Dinas Biasa,Belanja Perjalanan Dinas Biasa
1114,1696,1.0,Belanja Perjalanan Dinas Biasa,Belanja Perjalanan Dinas Biasa
1114,1699,1.0,Belanja Perjalanan Dinas Biasa,Belanja Perjalanan Dinas Biasa
1114,1701,1.0,Belanja Perjalanan Dinas Biasa,Belanja Perjalanan Dinas Biasa
1114,1697,1.0,Belanja Perjalanan Dinas Biasa,Belanja Perjalanan Dinas Biasa
1115,1698,1.0,Belanja Perjalanan Dinas Biasa,Belanja Perjalanan Dinas Biasa
1115,1696,1.0,Belanja Perjalanan Dinas Biasa,Belanja Perjalanan Dinas Biasa
1115,1699,1.0,Belanja Perjalanan Dinas Biasa,Belanja Perjalanan Dinas Biasa
1115,1701,1.0,Belanja Perjalanan Dinas Biasa,Belanja Perjalanan Dinas Biasa
1115,1697,1.0,Belanja Perjalanan Dinas Biasa,Belanja Perjalanan Dinas Biasa
1116,1698,1.0,Belanja Perjalanan Dinas Biasa,Belanja Perjalanan Dinas Biasa
1116,1696,1.0,Belanja Perjalanan Dinas Biasa,Belanja Perjalanan Dinas Biasa
1116,1699,1.0,Belanja Perjalanan Dinas Biasa,Belanja Perjalanan Dinas Biasa
1116,1701,1.0,Belanja Perjalanan Dinas Biasa,Belanja Perjalanan Dinas Biasa
1116,1697,1.0,Belanja Perjalanan Dinas Biasa,Belanja Perjalanan Dinas Biasa
1118,1698,1.0,Belanja Perjalanan Dinas Biasa,Belanja Perjalanan Dinas Biasa
1118,1696,1.0,Belanja Perjalanan Dinas Biasa,Belanja Perjalanan Dinas Biasa
1118,1699,1.0,Belanja Perjalanan Dinas Biasa,Belanja Perjalanan Dinas Biasa
1118,1701,1.0,Belanja Perjalanan Dinas Biasa,Belanja Perjalanan Dinas Biasa
1118,1697,1.0,Belanja Perjalanan Dinas Biasa,Belanja Perjalanan Dinas Biasa
1119,1698,1.0,Belanja Perjalanan Dinas Biasa,Belanja Perjalanan Dinas Biasa
1119,1696,1.0,Belanja Perjalanan Dinas Biasa,Belanja Perjalanan Dinas Biasa
1119,1699,1.0,Belanja Perjalanan Dinas Biasa,Belanja Perjalanan Dinas Biasa
1119,1701,1.0,Belanja Perjalanan Dinas Biasa,Belanja Perjalanan Dinas Biasa
1119,1697,1.0,Belanja Perjalanan Dinas Biasa,Belanja Perjalanan Dinas Biasa
1120,1698,1.0,Belanja Perjalanan Dinas Biasa,Belanja Perjalanan Dinas Biasa
1120,1696,1.0,Belanja Perjalanan Dinas Biasa,Belanja Perjalanan Dinas Biasa
1120,1699,1.0,Belanja Perjalanan Dinas Biasa,Belanja Perjalanan Dinas Biasa
1120,1701,1.0,Belanja Perjalanan Dinas Biasa,Belanja Perjalanan Dinas Biasa
1120,1697,1.0,Belanja Perjalanan Dinas Biasa,Belanja Perjalanan Dinas Biasa
1121,1698,1.0,Belanja Perjalanan Dinas Biasa,Belanja Perjalanan Dinas Biasa
1121,1696,1.0,Belanja Perjalanan Dinas Biasa,Belanja Perjalanan Dinas Biasa
1121,1699,1.0,Belanja Perjalanan Dinas Biasa,Belanja Perjalanan Dinas Biasa
1121,1701,1.0,Belanja Perjalanan Dinas Biasa,Belanja Perjalanan Dinas Biasa
1121,1697,1.0,Belanja Perjalanan Dinas Biasa,Belanja Perjalanan Dinas Biasa
1125,2458,1.0,Belanja Perjalanan Dinas Biasa (UPTD Pelatihan Kesehatan Provsu),Belanja Perjalanan Dinas Biasa (UPTD Pelatihan Kesehatan Provsu)
1127,1698,1.0,Belanja Perjalanan Dinas Biasa,Belanja Perjalanan Dinas Biasa
1127,1696,1.0,Belanja Perjalanan Dinas Biasa,Belanja Perjalanan Dinas Biasa
1127,1699,1.0,Belanja Perjalanan Dinas Biasa,Belanja Perjalanan Dinas Biasa
1127,1701,1.0,Belanja Perjalanan Dinas Biasa,Belanja Perjalanan Dinas Biasa
1127,1697,1.0,Belanja Perjalanan Dinas Biasa,Belanja Perjalanan Dinas Biasa
1128,2938,1.0,Belanja Perjalanan Dinas Paket Meeting Dalam Kota,Belanja Perjalanan Dinas Paket Meeting Dalam Kota
1128,2555,1.0,Belanja Perjalanan Dinas Paket Meeting Dalam Kota,Belanja Perjalanan Dinas Paket Meeting Dalam Kota
1128,2532,1.0,Belanja Perjalanan Dinas Paket Meeting Dalam Kota,Belanja Perjalanan Dinas Paket Meeting Dalam Kota
1128,2278,1.0,Belanja Perjalanan Dinas Paket Meeting Dalam Kota,Belanja Perjalanan Dinas Paket Meeting Dalam Kota
1129,1145,1.0,Belanja Perjalanan Dinas Dalam Kota,Belanja Perjalanan Dinas Dalam Kota
1129,1147,1.0,Belanja Perjalanan Dinas Dalam Kota,Belanja Perjalanan Dinas Dalam Kota
1129,1144,1.0,Belanja Perjalanan Dinas Dalam Kota,Belanja Perjalanan Dinas Dalam Kota
1129,1141,1.0,Belanja Perjalanan Dinas Dalam Kota,Belanja Perjalanan Dinas Dalam Kota
1129,1148,1.0,Belanja Perjalanan Dinas Dalam Kota,Belanja Perjalanan Dinas Dalam Kota
1130,2938,1.0,Belanja Perjalanan Dinas Paket Meeting Dalam Kota,Belanja Perjalanan Dinas Paket Meeting Dalam Kota
1130,1128,1.0,Belanja Perjalanan Dinas Paket Meeting Dalam Kota,Belanja Perjalanan Dinas Paket Meeting Dalam Kota
1130,2555,1.0,Belanja Perjalanan Dinas Paket Meeting Dalam Kota,Belanja Perjalanan Dinas Paket Meeting Dalam Kota
1130,2532,1.0,Belanja Perjalanan Dinas Paket Meeting Dalam Kota,Belanja Perjalanan Dinas Paket Meeting Dalam Kota
1130,2278,1.0,Belanja Perjalanan Dinas Paket Meeting Dalam Kota,Belanja Perjalanan Dinas Paket Meeting Dalam Kota
1131,1132,0.9568801076674978,Belanja Perjalanan Dinas Biasa - Fast Track Youngpreneur level up,Belanja Perjalanan Dinas Dalam Kota- Fast Track Youngpreneur level up
1133,1698,1.0,Belanja Perjalanan Dinas Biasa,Belanja Perjalanan Dinas Biasa
1133,1696,1.0,Belanja Perjalanan Dinas Biasa,Belanja Perjalanan Dinas Biasa
1133,1699,1.0,Belanja Perjalanan Dinas Biasa,Belanja Perjalanan Dinas Biasa
1133,1701,1.0,Belanja Perjalanan Dinas Biasa,Belanja Perjalanan Dinas Biasa
1133,1697,1.0,Belanja Perjalanan Dinas Biasa,Belanja Perjalanan Dinas Biasa
1134,1698,1.0,Belanja Perjalanan Dinas Biasa,Belanja Perjalanan Dinas Biasa
1134,1696,1.0,Belanja Perjalanan Dinas Biasa,Belanja Perjalanan Dinas Biasa
1134,1699,1.0,Belanja Perjalanan Dinas Biasa,Belanja Perjalanan Dinas Biasa
1134,1701,1.0,Belanja Perjalanan Dinas Biasa,Belanja Perjalanan Dinas Biasa
1134,1697,1.0,Belanja Perjalanan Dinas Biasa,Belanja Perjalanan Dinas Biasa
1135,1698,1.0,Belanja Perjalanan Dinas Biasa,Belanja Perjalanan Dinas Biasa
1135,1696,1.0,Belanja Perjalanan Dinas Biasa,Belanja Perjalanan Dinas Biasa
1135,1699,1.0,Belanja Perjalanan Dinas Biasa,Belanja Perjalanan Dinas Biasa
1135,1701,1.0,Belanja Perjalanan Dinas Biasa,Belanja Perjalanan Dinas Biasa
1135,1697,1.0,Belanja Perjalanan Dinas Biasa,Belanja Perjalanan Dinas Biasa
1136,2938,1.0,Belanja Perjalanan Dinas Paket Meeting Dalam Kota,Belanja Perjalanan Dinas Paket Meeting Dalam Kota
1136,1128,1.0,Belanja Perjalanan Dinas Paket Meeting Dalam Kota,Belanja Perjalanan Dinas Paket Meeting Dalam Kota
1136,2555,1.0,Belanja Perjalanan Dinas Paket Meeting Dalam Kota,Belanja Perjalanan Dinas Paket Meeting Dalam Kota
1136,2532,1.0,Belanja Perjalanan Dinas Paket Meeting Dalam Kota,Belanja Perjalanan Dinas Paket Meeting Dalam Kota
1136,2278,1.0,Belanja Perjalanan Dinas Paket Meeting Dalam Kota,Belanja Perjalanan Dinas Paket Meeting Dalam Kota
1137,1698,1.0,Belanja Perjalanan Dinas Biasa,Belanja Perjalanan Dinas Biasa
1137,1696,1.0,Belanja Perjalanan Dinas Biasa,Belanja Perjalanan Dinas Biasa
1137,1699,1.0,Belanja Perjalanan Dinas Biasa,Belanja Perjalanan Dinas Biasa
1137,1701,1.0,Belanja Perjalanan Dinas Biasa,Belanja Perjalanan Dinas Biasa
1137,1697,1.0,Belanja Perjalanan Dinas Biasa,Belanja Perjalanan Dinas Biasa
1138,1698,1.0,Belanja Perjalanan Dinas Biasa,Belanja Perjalanan Dinas Biasa
1138,1696,1.0,Belanja Perjalanan Dinas Biasa,Belanja Perjalanan Dinas Biasa
1138,1699,1.0,Belanja Perjalanan Dinas Biasa,Belanja Perjalanan Dinas Biasa
1138,1701,1.0,Belanja Perjalanan Dinas Biasa,Belanja Perjalanan Dinas Biasa
1138,1697,1.0,Belanja Perjalanan Dinas Biasa,Belanja Perjalanan Dinas Biasa
1139,2229,0.9293145960158353,Belanja Perjalanan Dinas Biasa Fasilitasi Kelembagaan Bina Spiritual,Belanja Perjalanan Dinas Dalam Kota Fasilitasi Kelembagaan Bina Spiritual
1139,2388,0.8795931939900444,Belanja Perjalanan Dinas Biasa Fasilitasi Kelembagaan Bina Spiritual,Belanja Perjalanan Dinas Biasa Luar Negeri Fasilitasi Kelembagaan Bina Spiritual
1140,1698,1.0,Belanja Perjalanan Dinas Biasa,Belanja Perjalanan Dinas Biasa
1140,1696,1.0,Belanja Perjalanan Dinas Biasa,Belanja Perjalanan Dinas Biasa
1140,1699,1.0,Belanja Perjalanan Dinas Biasa,Belanja Perjalanan Dinas Biasa
1140,1701,1.0,Belanja Perjalanan Dinas Biasa,Belanja Perjalanan Dinas Biasa
1140,1697,1.0,Belanja Perjalanan Dinas Biasa,Belanja Perjalanan Dinas Biasa
1141,1145,1.0,Belanja Perjalanan Dinas Dalam Kota,Belanja Perjalanan Dinas Dalam Kota
1141,1147,1.0,Belanja Perjalanan Dinas Dalam Kota,Belanja Perjalanan Dinas Dalam Kota
1141,1144,1.0,Belanja Perjalanan Dinas Dalam Kota,Belanja Perjalanan Dinas Dalam Kota
1141,1148,1.0,Belanja Perjalanan Dinas Dalam Kota,Belanja Perjalanan Dinas Dalam Kota
1142,2390,0.9438072015876895,Belanja Perjalanan Dinas Biasa - Mall UMKM (Optimalisasi PLUT),Belanja Perjalanan Dinas Dalam Kota - Mall UMKM (Optimalisasi PLUT)
1143,1145,1.0,Belanja Perjalanan Dinas Dalam Kota,Belanja Perjalanan Dinas Dalam Kota
1143,1147,1.0,Belanja Perjalanan Dinas Dalam Kota,Belanja Perjalanan Dinas Dalam Kota
1143,1144,1.0,Belanja Perjalanan Dinas Dalam Kota,Belanja Perjalanan Dinas Dalam Kota
1143,1141,1.0,Belanja Perjalanan Dinas Dalam Kota,Belanja Perjalanan Dinas Dalam Kota
1143,1148,1.0,Belanja Perjalanan Dinas Dalam Kota,Belanja Perjalanan Dinas Dalam Kota
1144,1145,1.0,Belanja Perjalanan Dinas Dalam Kota,Belanja Perjalanan Dinas Dalam Kota
1144,1147,1.0,Belanja Perjalanan Dinas Dalam Kota,Belanja Perjalanan Dinas Dalam Kota
1144,1148,1.0,Belanja Perjalanan Dinas Dalam Kota,Belanja Perjalanan Dinas Dalam Kota
1145,1147,1.0,Belanja Perjalanan Dinas Dalam Kota,Belanja Perjalanan Dinas Dalam Kota
1145,1148,1.0,Belanja Perjalanan Dinas Dalam Kota,Belanja Perjalanan Dinas Dalam Kota
1146,1698,1.0,Belanja Perjalanan Dinas Biasa,Belanja Perjalanan Dinas Biasa
1146,1696,1.0,Belanja Perjalanan Dinas Biasa,Belanja Perjalanan Dinas Biasa
1146,1699,1.0,Belanja Perjalanan Dinas Biasa,Belanja Perjalanan Dinas Biasa
1146,1701,1.0,Belanja Perjalanan Dinas Biasa,Belanja Perjalanan Dinas Biasa
1146,1697,1.0,Belanja Perjalanan Dinas Biasa,Belanja Perjalanan Dinas Biasa
1147,1148,1.0,Belanja Perjalanan Dinas Dalam Kota,Belanja Perjalanan Dinas Dalam Kota
1149,2869,1.0,Belanja Perjalanan Dinas Paket Meeting Luar Kota,Belanja Perjalanan Dinas Paket Meeting Luar Kota
1149,2372,1.0,Belanja Perjalanan Dinas Paket Meeting Luar Kota,Belanja Perjalanan Dinas Paket Meeting Luar Kota
1149,1195,1.0,Belanja Perjalanan Dinas Paket Meeting Luar Kota,Belanja Perjalanan Dinas Paket Meeting Luar Kota
1149,2389,1.0,Belanja Perjalanan Dinas Paket Meeting Luar Kota,Belanja Perjalanan Dinas Paket Meeting Luar Kota
1150,1698,1.0,Belanja Perjalanan Dinas Biasa,Belanja Perjalanan Dinas Biasa
1150,1696,1.0,Belanja Perjalanan Dinas Biasa,Belanja Perjalanan Dinas Biasa
1150,1699,1.0,Belanja Perjalanan Dinas Biasa,Belanja Perjalanan Dinas Biasa
1150,1701,1.0,Belanja Perjalanan Dinas Biasa,Belanja Perjalanan Dinas Biasa
1150,1697,1.0,Belanja Perjalanan Dinas Biasa,Belanja Perjalanan Dinas Biasa
1151,1698,1.0,Belanja Perjalanan Dinas Biasa,Belanja Perjalanan Dinas Biasa
1151,1696,1.0,Belanja Perjalanan Dinas Biasa,Belanja Perjalanan Dinas Biasa
1151,1699,1.0,Belanja Perjalanan Dinas Biasa,Belanja Perjalanan Dinas Biasa
1151,1701,1.0,Belanja Perjalanan Dinas Biasa,Belanja Perjalanan Dinas Biasa
1151,1697,1.0,Belanja Perjalanan Dinas Biasa,Belanja Perjalanan Dinas Biasa
1152,1698,1.0,Belanja Perjalanan Dinas Biasa,Belanja Perjalanan Dinas Biasa
1152,1696,1.0,Belanja Perjalanan Dinas Biasa,Belanja Perjalanan Dinas Biasa
1152,1699,1.0,Belanja Perjalanan Dinas Biasa,Belanja Perjalanan Dinas Biasa
1152,1701,1.0,Belanja Perjalanan Dinas Biasa,Belanja Perjalanan Dinas Biasa
1152,1697,1.0,Belanja Perjalanan Dinas Biasa,Belanja Perjalanan Dinas Biasa
1153,1698,1.0,Belanja Perjalanan Dinas Biasa,Belanja Perjalanan Dinas Biasa
1153,1696,1.0,Belanja Perjalanan Dinas Biasa,Belanja Perjalanan Dinas Biasa
1153,1699,1.0,Belanja Perjalanan Dinas Biasa,Belanja Perjalanan Dinas Biasa
1153,1701,1.0,Belanja Perjalanan Dinas Biasa,Belanja Perjalanan Dinas Biasa
1153,1697,1.0,Belanja Perjalanan Dinas Biasa,Belanja Perjalanan Dinas Biasa
1156,2869,1.0,Belanja Perjalanan Dinas Paket Meeting Luar Kota,Belanja Perjalanan Dinas Paket Meeting Luar Kota
1156,2372,1.0,Belanja Perjalanan Dinas Paket Meeting Luar Kota,Belanja Perjalanan Dinas Paket Meeting Luar Kota
1156,1195,1.0,Belanja Perjalanan Dinas Paket Meeting Luar Kota,Belanja Perjalanan Dinas Paket Meeting Luar Kota
1156,1149,1.0,Belanja Perjalanan Dinas Paket Meeting Luar Kota,Belanja Perjalanan Dinas Paket Meeting Luar Kota
1156,2389,1.0,Belanja Perjalanan Dinas Paket Meeting Luar Kota,Belanja Perjalanan Dinas Paket Meeting Luar Kota
1157,1698,1.0,Belanja Perjalanan Dinas Biasa,Belanja Perjalanan Dinas Biasa
1157,1696,1.0,Belanja Perjalanan Dinas Biasa,Belanja Perjalanan Dinas Biasa
1157,1699,1.0,Belanja Perjalanan Dinas Biasa,Belanja Perjalanan Dinas Biasa
1157,1701,1.0,Belanja Perjalanan Dinas Biasa,Belanja Perjalanan Dinas Biasa
1157,1697,1.0,Belanja Perjalanan Dinas Biasa,Belanja Perjalanan Dinas Biasa
1158,1698,1.0,Belanja Perjalanan Dinas Biasa,Belanja Perjalanan Dinas Biasa
1158,1696,1.0,Belanja Perjalanan Dinas Biasa,Belanja Perjalanan Dinas Biasa
1158,1699,1.0,Belanja Perjalanan Dinas Biasa,Belanja Perjalanan Dinas Biasa
1158,1701,1.0,Belanja Perjalanan Dinas Biasa,Belanja Perjalanan Dinas Biasa
1158,1697,1.0,Belanja Perjalanan Dinas Biasa,Belanja Perjalanan Dinas Biasa
1159,1698,1.0,Belanja Perjalanan Dinas Biasa,Belanja Perjalanan Dinas Biasa
1159,1696,1.0,Belanja Perjalanan Dinas Biasa,Belanja Perjalanan Dinas Biasa
1159,1699,1.0,Belanja Perjalanan Dinas Biasa,Belanja Perjalanan Dinas Biasa
1159,1701,1.0,Belanja Perjalanan Dinas Biasa,Belanja Perjalanan Dinas Biasa
1159,1697,1.0,Belanja Perjalanan Dinas Biasa,Belanja Perjalanan Dinas Biasa
1160,1698,1.0,Belanja Perjalanan Dinas Biasa,Belanja Perjalanan Dinas Biasa
1160,1696,1.0,Belanja Perjalanan Dinas Biasa,Belanja Perjalanan Dinas Biasa
1160,1699,1.0,Belanja Perjalanan Dinas Biasa,Belanja Perjalanan Dinas Biasa
1160,1701,1.0,Belanja Perjalanan Dinas Biasa,Belanja Perjalanan Dinas Biasa
1160,1697,1.0,Belanja Perjalanan Dinas Biasa,Belanja Perjalanan Dinas Biasa
1161,1698,1.0,Belanja Perjalanan Dinas Biasa,Belanja Perjalanan Dinas Biasa
1161,1696,1.0,Belanja Perjalanan Dinas Biasa,Belanja Perjalanan Dinas Biasa
1161,1699,1.0,Belanja Perjalanan Dinas Biasa,Belanja Perjalanan Dinas Biasa
1161,1701,1.0,Belanja Perjalanan Dinas Biasa,Belanja Perjalanan Dinas Biasa
1161,1697,1.0,Belanja Perjalanan Dinas Biasa,Belanja Perjalanan Dinas Biasa
1162,2938,1.0,Belanja Perjalanan Dinas Paket Meeting Dalam Kota,Belanja Perjalanan Dinas Paket Meeting Dalam Kota
1162,1128,1.0,Belanja Perjalanan Dinas Paket Meeting Dalam Kota,Belanja Perjalanan Dinas Paket Meeting Dalam Kota
1162,2555,1.0,Belanja Perjalanan Dinas Paket Meeting Dalam Kota,Belanja Perjalanan Dinas Paket Meeting Dalam Kota
1162,2532,1.0,Belanja Perjalanan Dinas Paket Meeting Dalam Kota,Belanja Perjalanan Dinas Paket Meeting Dalam Kota
1162,2278,1.0,Belanja Perjalanan Dinas Paket Meeting Dalam Kota,Belanja Perjalanan Dinas Paket Meeting Dalam Kota
1163,1698,1.0,Belanja Perjalanan Dinas Biasa,Belanja Perjalanan Dinas Biasa
1163,1696,1.0,Belanja Perjalanan Dinas Biasa,Belanja Perjalanan Dinas Biasa
1163,1699,1.0,Belanja Perjalanan Dinas Biasa,Belanja Perjalanan Dinas Biasa
1163,1701,1.0,Belanja Perjalanan Dinas Biasa,Belanja Perjalanan Dinas Biasa
1163,1697,1.0,Belanja Perjalanan Dinas Biasa,Belanja Perjalanan Dinas Biasa
1164,2936,0.9236936621381941,Belanja Perjalanan Dinas Biasa - Fasilitasi Penguatan Kelembagaan Koperasi,Belanja Perjalanan Dinas Dalam Kota - Fasilitasi Penguatan Kelembagaan Koperasi
1165,1698,1.0,Belanja Perjalanan Dinas Biasa,Belanja Perjalanan Dinas Biasa
1165,1696,1.0,Belanja Perjalanan Dinas Biasa,Belanja Perjalanan Dinas Biasa
1165,1699,1.0,Belanja Perjalanan Dinas Biasa,Belanja Perjalanan Dinas Biasa
1165,1701,1.0,Belanja Perjalanan Dinas Biasa,Belanja Perjalanan Dinas Biasa
1165,1697,1.0,Belanja Perjalanan Dinas Biasa,Belanja Perjalanan Dinas Biasa
1166,1698,1.0,Belanja Perjalanan Dinas Biasa,Belanja Perjalanan Dinas Biasa
1166,1696,1.0,Belanja Perjalanan Dinas Biasa,Belanja Perjalanan Dinas Biasa
1166,1699,1.0,Belanja Perjalanan Dinas Biasa,Belanja Perjalanan Dinas Biasa
1166,1701,1.0,Belanja Perjalanan Dinas Biasa,Belanja Perjalanan Dinas Biasa
1166,1697,1.0,Belanja Perjalanan Dinas Biasa,Belanja Perjalanan Dinas Biasa
1167,1698,1.0,Belanja Perjalanan Dinas Biasa,Belanja Perjalanan Dinas Biasa
1167,1696,1.0,Belanja Perjalanan Dinas Biasa,Belanja Perjalanan Dinas Biasa
1167,1699,1.0,Belanja Perjalanan Dinas Biasa,Belanja Perjalanan Dinas Biasa
1167,1701,1.0,Belanja Perjalanan Dinas Biasa,Belanja Perjalanan Dinas Biasa
1167,1697,1.0,Belanja Perjalanan Dinas Biasa,Belanja Perjalanan Dinas Biasa
1169,1698,1.0,Belanja Perjalanan Dinas Biasa,Belanja Perjalanan Dinas Biasa
1169,1696,1.0,Belanja Perjalanan Dinas Biasa,Belanja Perjalanan Dinas Biasa
1169,1699,1.0,Belanja Perjalanan Dinas Biasa,Belanja Perjalanan Dinas Biasa
1169,1701,1.0,Belanja Perjalanan Dinas Biasa,Belanja Perjalanan Dinas Biasa
1169,1697,1.0,Belanja Perjalanan Dinas Biasa,Belanja Perjalanan Dinas Biasa
1170,1698,1.0,Belanja Perjalanan Dinas Biasa,Belanja Perjalanan Dinas Biasa
1170,1696,1.0,Belanja Perjalanan Dinas Biasa,Belanja Perjalanan Dinas Biasa
1170,1699,1.0,Belanja Perjalanan Dinas Biasa,Belanja Perjalanan Dinas Biasa
1170,1701,1.0,Belanja Perjalanan Dinas Biasa,Belanja Perjalanan Dinas Biasa
1170,1697,1.0,Belanja Perjalanan Dinas Biasa,Belanja Perjalanan Dinas Biasa
1171,1698,1.0,Belanja Perjalanan Dinas Biasa,Belanja Perjalanan Dinas Biasa
1171,1696,1.0,Belanja Perjalanan Dinas Biasa,Belanja Perjalanan Dinas Biasa
1171,1699,1.0,Belanja Perjalanan Dinas Biasa,Belanja Perjalanan Dinas Biasa
1171,1701,1.0,Belanja Perjalanan Dinas Biasa,Belanja Perjalanan Dinas Biasa
1171,1697,1.0,Belanja Perjalanan Dinas Biasa,Belanja Perjalanan Dinas Biasa
1172,1698,1.0,Belanja Perjalanan Dinas Biasa,Belanja Perjalanan Dinas Biasa
1172,1696,1.0,Belanja Perjalanan Dinas Biasa,Belanja Perjalanan Dinas Biasa
1172,1699,1.0,Belanja Perjalanan Dinas Biasa,Belanja Perjalanan Dinas Biasa
1172,1701,1.0,Belanja Perjalanan Dinas Biasa,Belanja Perjalanan Dinas Biasa
1172,1697,1.0,Belanja Perjalanan Dinas Biasa,Belanja Perjalanan Dinas Biasa
1174,2243,0.8346868596438012,Belanja Perjalanan Dinas Biasa - Koordinasi Penyusunan Dokumen Pergeseran/Perubahan DPA-SKPD,Belanja Perjalanan Dinas Biasa - Koordinasi Penyusunan Dokumen DPA-SKPD
1176,1698,1.0,Belanja Perjalanan Dinas Biasa,Belanja Perjalanan Dinas Biasa
1176,1696,1.0,Belanja Perjalanan Dinas Biasa,Belanja Perjalanan Dinas Biasa
1176,1699,1.0,Belanja Perjalanan Dinas Biasa,Belanja Perjalanan Dinas Biasa
1176,1701,1.0,Belanja Perjalanan Dinas Biasa,Belanja Perjalanan Dinas Biasa
1176,1697,1.0,Belanja Perjalanan Dinas Biasa,Belanja Perjalanan Dinas Biasa
1177,1698,1.0,Belanja Perjalanan Dinas Biasa,Belanja Perjalanan Dinas Biasa
1177,1696,1.0,Belanja Perjalanan Dinas Biasa,Belanja Perjalanan Dinas Biasa
1177,1699,1.0,Belanja Perjalanan Dinas Biasa,Belanja Perjalanan Dinas Biasa
1177,1701,1.0,Belanja Perjalanan Dinas Biasa,Belanja Perjalanan Dinas Biasa
1177,1697,1.0,Belanja Perjalanan Dinas Biasa,Belanja Perjalanan Dinas Biasa
1179,1698,1.0,Belanja Perjalanan Dinas Biasa,Belanja Perjalanan Dinas Biasa
1179,1696,1.0,Belanja Perjalanan Dinas Biasa,Belanja Perjalanan Dinas Biasa
1179,1699,1.0,Belanja Perjalanan Dinas Biasa,Belanja Perjalanan Dinas Biasa
1179,1701,1.0,Belanja Perjalanan Dinas Biasa,Belanja Perjalanan Dinas Biasa
1179,1697,1.0,Belanja Perjalanan Dinas Biasa,Belanja Perjalanan Dinas Biasa
1180,1145,1.0,Belanja perjalanan dinas dalam kota,Belanja Perjalanan Dinas Dalam Kota
1180,1147,1.0,Belanja perjalanan dinas dalam kota,Belanja Perjalanan Dinas Dalam Kota
1180,1144,1.0,Belanja perjalanan dinas dalam kota,Belanja Perjalanan Dinas Dalam Kota
1180,1141,1.0,Belanja perjalanan dinas dalam kota,Belanja Perjalanan Dinas Dalam Kota
1180,1148,1.0,Belanja perjalanan dinas dalam kota,Belanja Perjalanan Dinas Dalam Kota
1181,1698,1.0,Belanja Perjalanan Dinas Biasa,Belanja Perjalanan Dinas Biasa
1181,1696,1.0,Belanja Perjalanan Dinas Biasa,Belanja Perjalanan Dinas Biasa
1181,1699,1.0,Belanja Perjalanan Dinas Biasa,Belanja Perjalanan Dinas Biasa
1181,1701,1.0,Belanja Perjalanan Dinas Biasa,Belanja Perjalanan Dinas Biasa
1181,1697,1.0,Belanja Perjalanan Dinas Biasa,Belanja Perjalanan Dinas Biasa
1182,1200,1.0,Uang Harian Perjalanan Dinas Dalam Negeri - Luar Kota -  Sumatera Utara,Uang Harian Perjalanan Dinas Dalam Negeri - Luar Kota -  Sumatera Utara
1182,2374,1.0,Uang Harian Perjalanan Dinas Dalam Negeri - Luar Kota -  Sumatera Utara,Uang Harian Perjalanan Dinas Dalam Negeri - Luar Kota -  Sumatera Utara
1184,1698,1.0,Belanja Perjalanan Dinas Biasa,Belanja Perjalanan Dinas Biasa
1184,1696,1.0,Belanja Perjalanan Dinas Biasa,Belanja Perjalanan Dinas Biasa
1184,1699,1.0,Belanja Perjalanan Dinas Biasa,Belanja Perjalanan Dinas Biasa
1184,1701,1.0,Belanja Perjalanan Dinas Biasa,Belanja Perjalanan Dinas Biasa
1184,1697,1.0,Belanja Perjalanan Dinas Biasa,Belanja Perjalanan Dinas Biasa
1186,2923,1.0,Belanja Perjalanan Dinas Biasa (Cabang Dinas II),Belanja Perjalanan Dinas Biasa (Cabang Dinas II)
1186,2475,1.0,Belanja Perjalanan Dinas Biasa (Cabang Dinas II),Belanja Perjalanan Dinas Biasa (Cabang Dinas II)
1186,1187,1.0,Belanja Perjalanan Dinas Biasa (Cabang Dinas II),Belanja Perjalanan Dinas Biasa (Cabang Dinas II)
1187,2923,1.0,Belanja Perjalanan Dinas Biasa (Cabang Dinas II),Belanja Perjalanan Dinas Biasa (Cabang Dinas II)
1187,2475,1.0,Belanja Perjalanan Dinas Biasa (Cabang Dinas II),Belanja Perjalanan Dinas Biasa (Cabang Dinas II)
1188,2485,1.0,Belanja Perjalanan Dinas Dalam Daerah,BELANJA PERJALANAN DINAS DALAM DAERAH
1188,2472,1.0,Belanja Perjalanan Dinas Dalam Daerah,Belanja Perjalanan Dinas Dalam Daerah
1188,2473,1.0,Belanja Perjalanan Dinas Dalam Daerah,Belanja Perjalanan Dinas Dalam Daerah
1188,2528,0.9863252474478923,Belanja Perjalanan Dinas Dalam Daerah,Belanja Belanja Perjalanan Dinas Dalam Daerah
1189,2580,1.0,Perjalanan Dinas Dalam Daerah,Perjalanan Dinas Dalam Daerah
1189,2533,1.0,Perjalanan Dinas Dalam Daerah,Perjalanan Dinas Dalam Daerah
1189,2609,1.0,Perjalanan Dinas Dalam Daerah,PERJALANAN DINAS DALAM DAERAH
1189,2581,1.0,Perjalanan Dinas Dalam Daerah,Perjalanan Dinas Dalam Daerah
1190,1698,1.0,Belanja Perjalanan Dinas Biasa,Belanja Perjalanan Dinas Biasa
1190,1696,1.0,Belanja Perjalanan Dinas Biasa,Belanja Perjalanan Dinas Biasa
1190,1699,1.0,Belanja Perjalanan Dinas Biasa,Belanja Perjalanan Dinas Biasa
1190,1701,1.0,Belanja Perjalanan Dinas Biasa,Belanja Perjalanan Dinas Biasa
1190,1697,1.0,Belanja Perjalanan Dinas Biasa,Belanja Perjalanan Dinas Biasa
1192,1698,1.0,Belanja Perjalanan Dinas Biasa,Belanja Perjalanan Dinas Biasa
1192,1696,1.0,Belanja Perjalanan Dinas Biasa,Belanja Perjalanan Dinas Biasa
1192,1699,1.0,Belanja Perjalanan Dinas Biasa,Belanja Perjalanan Dinas Biasa
1192,1701,1.0,Belanja Perjalanan Dinas Biasa,Belanja Perjalanan Dinas Biasa
1192,1697,1.0,Belanja Perjalanan Dinas Biasa,Belanja Perjalanan Dinas Biasa
1193,1698,1.0,Belanja Perjalanan Dinas Biasa,Belanja Perjalanan Dinas Biasa
1193,1696,1.0,Belanja Perjalanan Dinas Biasa,Belanja Perjalanan Dinas Biasa
1193,1699,1.0,Belanja Perjalanan Dinas Biasa,Belanja Perjalanan Dinas Biasa
1193,1701,1.0,Belanja Perjalanan Dinas Biasa,Belanja Perjalanan Dinas Biasa
1193,1697,1.0,Belanja Perjalanan Dinas Biasa,Belanja Perjalanan Dinas Biasa
1194,2258,1.0,Belanja Perjalanan Dinas Biasa  (PSD 6) LIGA SEPAKBOLA PELAJAR PIALA GUBERNUR PROVINSI SUMATERA UTARA,Belanja Perjalanan Dinas Biasa  (PSD 6) LIGA SEPAKBOLA PELAJAR PIALA GUBERNUR PROVINSI SUMATERA UTARA
1195,2869,1.0,Belanja Perjalanan Dinas Paket Meeting Luar Kota,Belanja Perjalanan Dinas Paket Meeting Luar Kota
1195,2372,1.0,Belanja Perjalanan Dinas Paket Meeting Luar Kota,Belanja Perjalanan Dinas Paket Meeting Luar Kota
1195,2389,1.0,Belanja Perjalanan Dinas Paket Meeting Luar Kota,Belanja Perjalanan Dinas Paket Meeting Luar Kota
1198,1698,1.0,Belanja Perjalanan Dinas Biasa,Belanja Perjalanan Dinas Biasa
1198,1696,1.0,Belanja Perjalanan Dinas Biasa,Belanja Perjalanan Dinas Biasa
1198,1699,1.0,Belanja Perjalanan Dinas Biasa,Belanja Perjalanan Dinas Biasa
1198,1701,1.0,Belanja Perjalanan Dinas Biasa,Belanja Perjalanan Dinas Biasa
1198,1697,1.0,Belanja Perjalanan Dinas Biasa,Belanja Perjalanan Dinas Biasa
1199,1200,0.9147313061026547,Uang Harian Perjalanan Dinas Dalam Negeri - Dalam Kota -  Sumatera Utara,Uang Harian Perjalanan Dinas Dalam Negeri - Luar Kota -  Sumatera Utara
1199,2374,0.9147313061026547,Uang Harian Perjalanan Dinas Dalam Negeri - Dalam Kota -  Sumatera Utara,Uang Harian Perjalanan Dinas Dalam Negeri - Luar Kota -  Sumatera Utara
1199,54,0.9147313061026547,Uang Harian Perjalanan Dinas Dalam Negeri - Dalam Kota -  Sumatera Utara,Uang Harian Perjalanan Dinas Dalam Negeri - Luar Kota -  Sumatera Utara
1200,2374,1.0,Uang Harian Perjalanan Dinas Dalam Negeri - Luar Kota -  Sumatera Utara,Uang Harian Perjalanan Dinas Dalam Negeri - Luar Kota -  Sumatera Utara
1201,2467,1.0,Biaya Penginapan Perjalanan Dinas Dalam Negeri - Pejabat Eselon III/ Golongan IV -  Sumatera Utara,Biaya Penginapan Perjalanan Dinas Dalam Negeri - Pejabat Eselon III/ Golongan IV -  Sumatera Utara
1201,2468,0.9433142310994571,Biaya Penginapan Perjalanan Dinas Dalam Negeri - Pejabat Eselon III/ Golongan IV -  Sumatera Utara,"Biaya Penginapan Perjalanan Dinas Dalam Negeri - Pejabat Eselon IV/ Golongan III, II Dan I -  Sumatera Utara"
1201,2264,0.9433142310994571,Biaya Penginapan Perjalanan Dinas Dalam Negeri - Pejabat Eselon III/ Golongan IV -  Sumatera Utara,"Biaya Penginapan Perjalanan Dinas Dalam Negeri - Pejabat Eselon IV/ Golongan III, II Dan I -  Sumatera Utara"
1201,2972,0.9433142310994571,Biaya Penginapan Perjalanan Dinas Dalam Negeri - Pejabat Eselon III/ Golongan IV -  Sumatera Utara,"Biaya Penginapan Perjalanan Dinas Dalam Negeri - Pejabat Eselon IV/ Golongan III, II Dan I -  Sumatera Utara"
1202,1904,1.0,,
1202,2606,1.0,,
1203,2607,1.0,Paket,Paket
1203,1905,1.0,Paket,Paket
1204,669,1.0,Belanja Perjalanan Dinas Biasa -  Monitoring dan Evaluasi SPM Bidang Pendidikan; Biaya Transportasi Darat dari Ibukota Provinsi ke Kabupaten/Kota dalam Provinsi,Belanja Perjalanan Dinas Biasa -  Monitoring dan Evaluasi SPM Bidang Pendidikan; Biaya Transportasi Darat dari Ibukota Provinsi ke Kabupaten/Kota dalam Provinsi
1204,668,1.0,Belanja Perjalanan Dinas Biasa -  Monitoring dan Evaluasi SPM Bidang Pendidikan; Biaya Transportasi Darat dari Ibukota Provinsi ke Kabupaten/Kota dalam Provinsi,Belanja Perjalanan Dinas Biasa -  Monitoring dan Evaluasi SPM Bidang Pendidikan; Biaya Transportasi Darat dari Ibukota Provinsi ke Kabupaten/Kota dalam Provinsi
1204,671,1.0,Belanja Perjalanan Dinas Biasa -  Monitoring dan Evaluasi SPM Bidang Pendidikan; Biaya Transportasi Darat dari Ibukota Provinsi ke Kabupaten/Kota dalam Provinsi,Belanja Perjalanan Dinas Biasa -  Monitoring dan Evaluasi SPM Bidang Pendidikan; Biaya Transportasi Darat dari Ibukota Provinsi ke Kabupaten/Kota dalam Provinsi
1204,916,1.0,Belanja Perjalanan Dinas Biasa -  Monitoring dan Evaluasi SPM Bidang Pendidikan; Biaya Transportasi Darat dari Ibukota Provinsi ke Kabupaten/Kota dalam Provinsi,Belanja Perjalanan Dinas Biasa -  Monitoring dan Evaluasi SPM Bidang Pendidikan; Biaya Transportasi Darat dari Ibukota Provinsi ke Kabupaten/Kota dalam Provinsi
1204,1271,1.0,Belanja Perjalanan Dinas Biasa -  Monitoring dan Evaluasi SPM Bidang Pendidikan; Biaya Transportasi Darat dari Ibukota Provinsi ke Kabupaten/Kota dalam Provinsi,Belanja Perjalanan Dinas Biasa -  Monitoring dan Evaluasi SPM Bidang Pendidikan; Biaya Transportasi Darat dari Ibukota Provinsi ke Kabupaten/Kota dalam Provinsi
1205,1698,1.0,Belanja Perjalanan Dinas Biasa,Belanja Perjalanan Dinas Biasa
1205,1696,1.0,Belanja Perjalanan Dinas Biasa,Belanja Perjalanan Dinas Biasa
1205,1699,1.0,Belanja Perjalanan Dinas Biasa,Belanja Perjalanan Dinas Biasa
1205,1701,1.0,Belanja Perjalanan Dinas Biasa,Belanja Perjalanan Dinas Biasa
1205,1697,1.0,Belanja Perjalanan Dinas Biasa,Belanja Perjalanan Dinas Biasa
1206,1698,1.0,Belanja Perjalanan Dinas Biasa,Belanja Perjalanan Dinas Biasa
1206,1696,1.0,Belanja Perjalanan Dinas Biasa,Belanja Perjalanan Dinas Biasa
1206,1699,1.0,Belanja Perjalanan Dinas Biasa,Belanja Perjalanan Dinas Biasa
1206,1701,1.0,Belanja Perjalanan Dinas Biasa,Belanja Perjalanan Dinas Biasa
1206,1697,1.0,Belanja Perjalanan Dinas Biasa,Belanja Perjalanan Dinas Biasa
1207,1331,0.8824117797358608,Belanja Perjalanan Dinas Biasa (Eselon II Dalam Daerah - Sedang),Belanja Perjalanan Dinas Biasa Eselon II Luar Daerah - Sedang)
1208,1698,1.0,Belanja Perjalanan Dinas Biasa,Belanja Perjalanan Dinas Biasa
1208,1696,1.0,Belanja Perjalanan Dinas Biasa,Belanja Perjalanan Dinas Biasa
1208,1699,1.0,Belanja Perjalanan Dinas Biasa,Belanja Perjalanan Dinas Biasa
1208,1701,1.0,Belanja Perjalanan Dinas Biasa,Belanja Perjalanan Dinas Biasa
1208,1697,1.0,Belanja Perjalanan Dinas Biasa,Belanja Perjalanan Dinas Biasa
1209,1698,1.0,Belanja Perjalanan Dinas Biasa,Belanja Perjalanan Dinas Biasa
1209,1696,1.0,Belanja Perjalanan Dinas Biasa,Belanja Perjalanan Dinas Biasa
1209,1699,1.0,Belanja Perjalanan Dinas Biasa,Belanja Perjalanan Dinas Biasa
1209,1701,1.0,Belanja Perjalanan Dinas Biasa,Belanja Perjalanan Dinas Biasa
1209,1697,1.0,Belanja Perjalanan Dinas Biasa,Belanja Perjalanan Dinas Biasa
1210,1698,1.0,Belanja Perjalanan Dinas Biasa,Belanja Perjalanan Dinas Biasa
1210,1696,1.0,Belanja Perjalanan Dinas Biasa,Belanja Perjalanan Dinas Biasa
1210,1699,1.0,Belanja Perjalanan Dinas Biasa,Belanja Perjalanan Dinas Biasa
1210,1701,1.0,Belanja Perjalanan Dinas Biasa,Belanja Perjalanan Dinas Biasa
1210,1697,1.0,Belanja Perjalanan Dinas Biasa,Belanja Perjalanan Dinas Biasa
1211,1698,1.0,Belanja Perjalanan Dinas Biasa,Belanja Perjalanan Dinas Biasa
1211,1696,1.0,Belanja Perjalanan Dinas Biasa,Belanja Perjalanan Dinas Biasa
1211,1699,1.0,Belanja Perjalanan Dinas Biasa,Belanja Perjalanan Dinas Biasa
1211,1701,1.0,Belanja Perjalanan Dinas Biasa,Belanja Perjalanan Dinas Biasa
1211,1697,1.0,Belanja Perjalanan Dinas Biasa,Belanja Perjalanan Dinas Biasa
1212,1698,1.0,Belanja Perjalanan Dinas Biasa,Belanja Perjalanan Dinas Biasa
1212,1696,1.0,Belanja Perjalanan Dinas Biasa,Belanja Perjalanan Dinas Biasa
1212,1699,1.0,Belanja Perjalanan Dinas Biasa,Belanja Perjalanan Dinas Biasa
1212,1701,1.0,Belanja Perjalanan Dinas Biasa,Belanja Perjalanan Dinas Biasa
1212,1697,1.0,Belanja Perjalanan Dinas Biasa,Belanja Perjalanan Dinas Biasa
1213,1698,1.0,Belanja Perjalanan Dinas Biasa,Belanja Perjalanan Dinas Biasa
1213,1696,1.0,Belanja Perjalanan Dinas Biasa,Belanja Perjalanan Dinas Biasa
1213,1699,1.0,Belanja Perjalanan Dinas Biasa,Belanja Perjalanan Dinas Biasa
1213,1701,1.0,Belanja Perjalanan Dinas Biasa,Belanja Perjalanan Dinas Biasa
1213,1697,1.0,Belanja Perjalanan Dinas Biasa,Belanja Perjalanan Dinas Biasa
1214,1698,1.0,Belanja Perjalanan Dinas Biasa,Belanja Perjalanan Dinas Biasa
1214,1696,1.0,Belanja Perjalanan Dinas Biasa,Belanja Perjalanan Dinas Biasa
1214,1699,1.0,Belanja Perjalanan Dinas Biasa,Belanja Perjalanan Dinas Biasa
1214,1701,1.0,Belanja Perjalanan Dinas Biasa,Belanja Perjalanan Dinas Biasa
1214,1697,1.0,Belanja Perjalanan Dinas Biasa,Belanja Perjalanan Dinas Biasa
1218,1698,1.0,Belanja Perjalanan Dinas Biasa,Belanja Perjalanan Dinas Biasa
1218,1696,1.0,Belanja Perjalanan Dinas Biasa,Belanja Perjalanan Dinas Biasa
1218,1699,1.0,Belanja Perjalanan Dinas Biasa,Belanja Perjalanan Dinas Biasa
1218,1701,1.0,Belanja Perjalanan Dinas Biasa,Belanja Perjalanan Dinas Biasa
1218,1697,1.0,Belanja Perjalanan Dinas Biasa,Belanja Perjalanan Dinas Biasa
1219,1698,1.0,Belanja Perjalanan Dinas Biasa,Belanja Perjalanan Dinas Biasa
1219,1696,1.0,Belanja Perjalanan Dinas Biasa,Belanja Perjalanan Dinas Biasa
1219,1699,1.0,Belanja Perjalanan Dinas Biasa,Belanja Perjalanan Dinas Biasa
1219,1701,1.0,Belanja Perjalanan Dinas Biasa,Belanja Perjalanan Dinas Biasa
1219,1697,1.0,Belanja Perjalanan Dinas Biasa,Belanja Perjalanan Dinas Biasa
1220,1698,1.0,Belanja Perjalanan Dinas Biasa,Belanja Perjalanan Dinas Biasa
1220,1696,1.0,Belanja Perjalanan Dinas Biasa,Belanja Perjalanan Dinas Biasa
1220,1699,1.0,Belanja Perjalanan Dinas Biasa,Belanja Perjalanan Dinas Biasa
1220,1701,1.0,Belanja Perjalanan Dinas Biasa,Belanja Perjalanan Dinas Biasa
1220,1697,1.0,Belanja Perjalanan Dinas Biasa,Belanja Perjalanan Dinas Biasa
1221,1698,1.0,Belanja Perjalanan Dinas Biasa,Belanja Perjalanan Dinas Biasa
1221,1696,1.0,Belanja Perjalanan Dinas Biasa,Belanja Perjalanan Dinas Biasa
1221,1699,1.0,Belanja Perjalanan Dinas Biasa,Belanja Perjalanan Dinas Biasa
1221,1701,1.0,Belanja Perjalanan Dinas Biasa,Belanja Perjalanan Dinas Biasa
1221,1697,1.0,Belanja Perjalanan Dinas Biasa,Belanja Perjalanan Dinas Biasa
1222,1333,1.0,Belanja Perjalanan Dinas Biasa (UPT Jeneberang),Belanja Perjalanan Dinas Biasa (UPT Jeneberang)
1223,1070,1.0,Belanja Perjalanan Dinas Biasa (UPT Larona),Belanja Perjalanan Dinas Biasa (UPT Larona)
1223,886,1.0,Belanja Perjalanan Dinas Biasa (UPT Larona),Belanja Perjalanan Dinas Biasa (UPT Larona)
1223,1007,1.0,Belanja Perjalanan Dinas Biasa (UPT Larona),Belanja Perjalanan Dinas Biasa (UPT Larona)
1223,885,1.0,Belanja Perjalanan Dinas Biasa (UPT Larona),Belanja Perjalanan Dinas Biasa (UPT Larona)
1223,717,1.0,Belanja Perjalanan Dinas Biasa (UPT Larona),Belanja Perjalanan Dinas Biasa (UPT larona)
1224,1698,1.0,Belanja Perjalanan Dinas Biasa,Belanja Perjalanan Dinas Biasa
1224,1696,1.0,Belanja Perjalanan Dinas Biasa,Belanja Perjalanan Dinas Biasa
1224,1699,1.0,Belanja Perjalanan Dinas Biasa,Belanja Perjalanan Dinas Biasa
1224,1701,1.0,Belanja Perjalanan Dinas Biasa,Belanja Perjalanan Dinas Biasa
1224,1697,1.0,Belanja Perjalanan Dinas Biasa,Belanja Perjalanan Dinas Biasa
1225,1698,1.0,Belanja Perjalanan Dinas Biasa,Belanja Perjalanan Dinas Biasa
1225,1696,1.0,Belanja Perjalanan Dinas Biasa,Belanja Perjalanan Dinas Biasa
1225,1699,1.0,Belanja Perjalanan Dinas Biasa,Belanja Perjalanan Dinas Biasa
1225,1701,1.0,Belanja Perjalanan Dinas Biasa,Belanja Perjalanan Dinas Biasa
1225,1697,1.0,Belanja Perjalanan Dinas Biasa,Belanja Perjalanan Dinas Biasa
1226,1698,1.0,Belanja Perjalanan Dinas Biasa,Belanja Perjalanan Dinas Biasa
1226,1696,1.0,Belanja Perjalanan Dinas Biasa,Belanja Perjalanan Dinas Biasa
1226,1699,1.0,Belanja Perjalanan Dinas Biasa,Belanja Perjalanan Dinas Biasa
1226,1701,1.0,Belanja Perjalanan Dinas Biasa,Belanja Perjalanan Dinas Biasa
1226,1697,1.0,Belanja Perjalanan Dinas Biasa,Belanja Perjalanan Dinas Biasa
1227,1698,1.0,Belanja Perjalanan Dinas Biasa,Belanja Perjalanan Dinas Biasa
1227,1696,1.0,Belanja Perjalanan Dinas Biasa,Belanja Perjalanan Dinas Biasa
1227,1699,1.0,Belanja Perjalanan Dinas Biasa,Belanja Perjalanan Dinas Biasa
1227,1701,1.0,Belanja Perjalanan Dinas Biasa,Belanja Perjalanan Dinas Biasa
1227,1697,1.0,Belanja Perjalanan Dinas Biasa,Belanja Perjalanan Dinas Biasa
1228,1698,1.0,Belanja Perjalanan Dinas Biasa,Belanja Perjalanan Dinas Biasa
1228,1696,1.0,Belanja Perjalanan Dinas Biasa,Belanja Perjalanan Dinas Biasa
1228,1699,1.0,Belanja Perjalanan Dinas Biasa,Belanja Perjalanan Dinas Biasa
1228,1701,1.0,Belanja Perjalanan Dinas Biasa,Belanja Perjalanan Dinas Biasa
1228,1697,1.0,Belanja Perjalanan Dinas Biasa,Belanja Perjalanan Dinas Biasa
1231,1698,1.0,Belanja Perjalanan Dinas Biasa,Belanja Perjalanan Dinas Biasa
1231,1696,1.0,Belanja Perjalanan Dinas Biasa,Belanja Perjalanan Dinas Biasa
1231,1699,1.0,Belanja Perjalanan Dinas Biasa,Belanja Perjalanan Dinas Biasa
1231,1701,1.0,Belanja Perjalanan Dinas Biasa,Belanja Perjalanan Dinas Biasa
1231,1697,1.0,Belanja Perjalanan Dinas Biasa,Belanja Perjalanan Dinas Biasa
1232,1698,1.0,Belanja Perjalanan Dinas Biasa,Belanja Perjalanan Dinas Biasa
1232,1696,1.0,Belanja Perjalanan Dinas Biasa,Belanja Perjalanan Dinas Biasa
1232,1699,1.0,Belanja Perjalanan Dinas Biasa,Belanja Perjalanan Dinas Biasa
1232,1701,1.0,Belanja Perjalanan Dinas Biasa,Belanja Perjalanan Dinas Biasa
1232,1697,1.0,Belanja Perjalanan Dinas Biasa,Belanja Perjalanan Dinas Biasa
1233,1698,1.0,Belanja Perjalanan Dinas Biasa,Belanja Perjalanan Dinas Biasa
1233,1696,1.0,Belanja Perjalanan Dinas Biasa,Belanja Perjalanan Dinas Biasa
1233,1699,1.0,Belanja Perjalanan Dinas Biasa,Belanja Perjalanan Dinas Biasa
1233,1701,1.0,Belanja Perjalanan Dinas Biasa,Belanja Perjalanan Dinas Biasa
1233,1697,1.0,Belanja Perjalanan Dinas Biasa,Belanja Perjalanan Dinas Biasa
1234,1698,1.0,Belanja Perjalanan Dinas Biasa,Belanja Perjalanan Dinas Biasa
1234,1696,1.0,Belanja Perjalanan Dinas Biasa,Belanja Perjalanan Dinas Biasa
1234,1699,1.0,Belanja Perjalanan Dinas Biasa,Belanja Perjalanan Dinas Biasa
1234,1701,1.0,Belanja Perjalanan Dinas Biasa,Belanja Perjalanan Dinas Biasa
1234,1697,1.0,Belanja Perjalanan Dinas Biasa,Belanja Perjalanan Dinas Biasa
1235,1698,1.0,Belanja Perjalanan Dinas Biasa,Belanja Perjalanan Dinas Biasa
1235,1696,1.0,Belanja Perjalanan Dinas Biasa,Belanja Perjalanan Dinas Biasa
1235,1699,1.0,Belanja Perjalanan Dinas Biasa,Belanja Perjalanan Dinas Biasa
1235,1701,1.0,Belanja Perjalanan Dinas Biasa,Belanja Perjalanan Dinas Biasa
1235,1697,1.0,Belanja Perjalanan Dinas Biasa,Belanja Perjalanan Dinas Biasa
1236,1698,1.0,Belanja Perjalanan Dinas Biasa,Belanja Perjalanan Dinas Biasa
1236,1696,1.0,Belanja Perjalanan Dinas Biasa,Belanja Perjalanan Dinas Biasa
1236,1699,1.0,Belanja Perjalanan Dinas Biasa,Belanja Perjalanan Dinas Biasa
1236,1701,1.0,Belanja Perjalanan Dinas Biasa,Belanja Perjalanan Dinas Biasa
1236,1697,1.0,Belanja Perjalanan Dinas Biasa,Belanja Perjalanan Dinas Biasa
1237,1698,1.0,Belanja Perjalanan Dinas Biasa,Belanja Perjalanan Dinas Biasa
1237,1696,1.0,Belanja Perjalanan Dinas Biasa,Belanja Perjalanan Dinas Biasa
1237,1699,1.0,Belanja Perjalanan Dinas Biasa,Belanja Perjalanan Dinas Biasa
1237,1701,1.0,Belanja Perjalanan Dinas Biasa,Belanja Perjalanan Dinas Biasa
1237,1697,1.0,Belanja Perjalanan Dinas Biasa,Belanja Perjalanan Dinas Biasa
1238,1698,1.0,Belanja Perjalanan Dinas Biasa,Belanja Perjalanan Dinas Biasa
1238,1696,1.0,Belanja Perjalanan Dinas Biasa,Belanja Perjalanan Dinas Biasa
1238,1699,1.0,Belanja Perjalanan Dinas Biasa,Belanja Perjalanan Dinas Biasa
1238,1701,1.0,Belanja Perjalanan Dinas Biasa,Belanja Perjalanan Dinas Biasa
1238,1697,1.0,Belanja Perjalanan Dinas Biasa,Belanja Perjalanan Dinas Biasa
1239,1698,1.0,Belanja Perjalanan Dinas Biasa,Belanja Perjalanan Dinas Biasa
1239,1696,1.0,Belanja Perjalanan Dinas Biasa,Belanja Perjalanan Dinas Biasa
1239,1699,1.0,Belanja Perjalanan Dinas Biasa,Belanja Perjalanan Dinas Biasa
1239,1701,1.0,Belanja Perjalanan Dinas Biasa,Belanja Perjalanan Dinas Biasa
1239,1697,1.0,Belanja Perjalanan Dinas Biasa,Belanja Perjalanan Dinas Biasa
1240,1698,1.0,Belanja Perjalanan Dinas Biasa,Belanja Perjalanan Dinas Biasa
1240,1696,1.0,Belanja Perjalanan Dinas Biasa,Belanja Perjalanan Dinas Biasa
1240,1699,1.0,Belanja Perjalanan Dinas Biasa,Belanja Perjalanan Dinas Biasa
1240,1701,1.0,Belanja Perjalanan Dinas Biasa,Belanja Perjalanan Dinas Biasa
1240,1697,1.0,Belanja Perjalanan Dinas Biasa,Belanja Perjalanan Dinas Biasa
1241,1698,1.0,Belanja Perjalanan Dinas Biasa,Belanja Perjalanan Dinas Biasa
1241,1696,1.0,Belanja Perjalanan Dinas Biasa,Belanja Perjalanan Dinas Biasa
1241,1699,1.0,Belanja Perjalanan Dinas Biasa,Belanja Perjalanan Dinas Biasa
1241,1701,1.0,Belanja Perjalanan Dinas Biasa,Belanja Perjalanan Dinas Biasa
1241,1697,1.0,Belanja Perjalanan Dinas Biasa,Belanja Perjalanan Dinas Biasa
1242,1698,1.0,Belanja Perjalanan Dinas Biasa,Belanja Perjalanan Dinas Biasa
1242,1696,1.0,Belanja Perjalanan Dinas Biasa,Belanja Perjalanan Dinas Biasa
1242,1699,1.0,Belanja Perjalanan Dinas Biasa,Belanja Perjalanan Dinas Biasa
1242,1701,1.0,Belanja Perjalanan Dinas Biasa,Belanja Perjalanan Dinas Biasa
1242,1697,1.0,Belanja Perjalanan Dinas Biasa,Belanja Perjalanan Dinas Biasa
1243,1698,1.0,Belanja Perjalanan Dinas Biasa,Belanja Perjalanan Dinas Biasa
1243,1696,1.0,Belanja Perjalanan Dinas Biasa,Belanja Perjalanan Dinas Biasa
1243,1699,1.0,Belanja Perjalanan Dinas Biasa,Belanja Perjalanan Dinas Biasa
1243,1701,1.0,Belanja Perjalanan Dinas Biasa,Belanja Perjalanan Dinas Biasa
1243,1697,1.0,Belanja Perjalanan Dinas Biasa,Belanja Perjalanan Dinas Biasa
1244,1698,1.0,Belanja Perjalanan Dinas Biasa,Belanja Perjalanan Dinas Biasa
1244,1696,1.0,Belanja Perjalanan Dinas Biasa,Belanja Perjalanan Dinas Biasa
1244,1699,1.0,Belanja Perjalanan Dinas Biasa,Belanja Perjalanan Dinas Biasa
1244,1701,1.0,Belanja Perjalanan Dinas Biasa,Belanja Perjalanan Dinas Biasa
1244,1697,1.0,Belanja Perjalanan Dinas Biasa,Belanja Perjalanan Dinas Biasa
1245,1698,1.0,Belanja Perjalanan Dinas Biasa,Belanja Perjalanan Dinas Biasa
1245,1696,1.0,Belanja Perjalanan Dinas Biasa,Belanja Perjalanan Dinas Biasa
1245,1699,1.0,Belanja Perjalanan Dinas Biasa,Belanja Perjalanan Dinas Biasa
1245,1701,1.0,Belanja Perjalanan Dinas Biasa,Belanja Perjalanan Dinas Biasa
1245,1697,1.0,Belanja Perjalanan Dinas Biasa,Belanja Perjalanan Dinas Biasa
1247,1699,0.9458754936404272,Belanja Perjalanan Dinas Biasa - Dinas,Belanja Perjalanan Dinas Biasa
1247,1700,0.9458754936404272,Belanja Perjalanan Dinas Biasa - Dinas,Belanja Perjalanan Dinas Biasa
1248,1698,1.0,Belanja Perjalanan Dinas Biasa,Belanja Perjalanan Dinas Biasa
1248,1696,1.0,Belanja Perjalanan Dinas Biasa,Belanja Perjalanan Dinas Biasa
1248,1699,1.0,Belanja Perjalanan Dinas Biasa,Belanja Perjalanan Dinas Biasa
1248,1701,1.0,Belanja Perjalanan Dinas Biasa,Belanja Perjalanan Dinas Biasa
1248,1697,1.0,Belanja Perjalanan Dinas Biasa,Belanja Perjalanan Dinas Biasa
1249,1698,1.0,Belanja Perjalanan Dinas Biasa,Belanja Perjalanan Dinas Biasa
1249,1696,1.0,Belanja Perjalanan Dinas Biasa,Belanja Perjalanan Dinas Biasa
1249,1699,1.0,Belanja Perjalanan Dinas Biasa,Belanja Perjalanan Dinas Biasa
1249,1701,1.0,Belanja Perjalanan Dinas Biasa,Belanja Perjalanan Dinas Biasa
1249,1697,1.0,Belanja Perjalanan Dinas Biasa,Belanja Perjalanan Dinas Biasa
1250,1698,1.0,Belanja Perjalanan Dinas Biasa,Belanja Perjalanan Dinas Biasa
1250,1696,1.0,Belanja Perjalanan Dinas Biasa,Belanja Perjalanan Dinas Biasa
1250,1699,1.0,Belanja Perjalanan Dinas Biasa,Belanja Perjalanan Dinas Biasa
1250,1701,1.0,Belanja Perjalanan Dinas Biasa,Belanja Perjalanan Dinas Biasa
1250,1697,1.0,Belanja Perjalanan Dinas Biasa,Belanja Perjalanan Dinas Biasa
1251,1698,1.0,Belanja Perjalanan Dinas Biasa,Belanja Perjalanan Dinas Biasa
1251,1696,1.0,Belanja Perjalanan Dinas Biasa,Belanja Perjalanan Dinas Biasa
1251,1699,1.0,Belanja Perjalanan Dinas Biasa,Belanja Perjalanan Dinas Biasa
1251,1701,1.0,Belanja Perjalanan Dinas Biasa,Belanja Perjalanan Dinas Biasa
1251,1697,1.0,Belanja Perjalanan Dinas Biasa,Belanja Perjalanan Dinas Biasa
1253,1698,1.0,Belanja Perjalanan Dinas Biasa,Belanja Perjalanan Dinas Biasa
1253,1696,1.0,Belanja Perjalanan Dinas Biasa,Belanja Perjalanan Dinas Biasa
1253,1699,1.0,Belanja Perjalanan Dinas Biasa,Belanja Perjalanan Dinas Biasa
1253,1701,1.0,Belanja Perjalanan Dinas Biasa,Belanja Perjalanan Dinas Biasa
1253,1697,1.0,Belanja Perjalanan Dinas Biasa,Belanja Perjalanan Dinas Biasa
1254,1698,1.0,Belanja Perjalanan Dinas Biasa,Belanja Perjalanan Dinas Biasa
1254,1696,1.0,Belanja Perjalanan Dinas Biasa,Belanja Perjalanan Dinas Biasa
1254,1699,1.0,Belanja Perjalanan Dinas Biasa,Belanja Perjalanan Dinas Biasa
1254,1701,1.0,Belanja Perjalanan Dinas Biasa,Belanja Perjalanan Dinas Biasa
1254,1697,1.0,Belanja Perjalanan Dinas Biasa,Belanja Perjalanan Dinas Biasa
1255,1698,1.0,Belanja Perjalanan Dinas Biasa,Belanja Perjalanan Dinas Biasa
1255,1696,1.0,Belanja Perjalanan Dinas Biasa,Belanja Perjalanan Dinas Biasa
1255,1699,1.0,Belanja Perjalanan Dinas Biasa,Belanja Perjalanan Dinas Biasa
1255,1701,1.0,Belanja Perjalanan Dinas Biasa,Belanja Perjalanan Dinas Biasa
1255,1697,1.0,Belanja Perjalanan Dinas Biasa,Belanja Perjalanan Dinas Biasa
1256,1698,1.0,Belanja Perjalanan Dinas Biasa,Belanja Perjalanan Dinas Biasa
1256,1696,1.0,Belanja Perjalanan Dinas Biasa,Belanja Perjalanan Dinas Biasa
1256,1699,1.0,Belanja Perjalanan Dinas Biasa,Belanja Perjalanan Dinas Biasa
1256,1701,1.0,Belanja Perjalanan Dinas Biasa,Belanja Perjalanan Dinas Biasa
1256,1697,1.0,Belanja Perjalanan Dinas Biasa,Belanja Perjalanan Dinas Biasa
1257,2816,1.0,Belanja Perjalanan Dinas Biasa - UPTD I,Belanja Perjalanan Dinas Biasa UPTD 1
1257,989,1.0,Belanja Perjalanan Dinas Biasa - UPTD I,Belanja Perjalanan Dinas Biasa - UPTD I
1257,1002,1.0,Belanja Perjalanan Dinas Biasa - UPTD I,Belanja Perjalanan Dinas Biasa - UPTD I
1257,1031,1.0,Belanja Perjalanan Dinas Biasa - UPTD I,Belanja Perjalanan Dinas Biasa - UPTD V
1257,830,1.0,Belanja Perjalanan Dinas Biasa - UPTD I,Belanja Perjalanan Dinas Biasa - UPTD V
1258,1698,1.0,Belanja Perjalanan Dinas Biasa,Belanja Perjalanan Dinas Biasa
1258,1696,1.0,Belanja Perjalanan Dinas Biasa,Belanja Perjalanan Dinas Biasa
1258,1699,1.0,Belanja Perjalanan Dinas Biasa,Belanja Perjalanan Dinas Biasa
1258,1701,1.0,Belanja Perjalanan Dinas Biasa,Belanja Perjalanan Dinas Biasa
1258,1697,1.0,Belanja Perjalanan Dinas Biasa,Belanja Perjalanan Dinas Biasa
1259,1355,1.0,Belanja Perjalanan Dinas Biasa - UPTD VI,Belanja Perjalanan Dinas Biasa - UPTD VI
1260,1698,1.0,Belanja Perjalanan Dinas Biasa,Belanja Perjalanan Dinas Biasa
1260,1696,1.0,Belanja Perjalanan Dinas Biasa,Belanja Perjalanan Dinas Biasa
1260,1699,1.0,Belanja Perjalanan Dinas Biasa,Belanja Perjalanan Dinas Biasa
1260,1701,1.0,Belanja Perjalanan Dinas Biasa,Belanja Perjalanan Dinas Biasa
1260,1697,1.0,Belanja Perjalanan Dinas Biasa,Belanja Perjalanan Dinas Biasa
1261,1698,1.0,Belanja Perjalanan Dinas Biasa,Belanja Perjalanan Dinas Biasa
1261,1696,1.0,Belanja Perjalanan Dinas Biasa,Belanja Perjalanan Dinas Biasa
1261,1699,1.0,Belanja Perjalanan Dinas Biasa,Belanja Perjalanan Dinas Biasa
1261,1701,1.0,Belanja Perjalanan Dinas Biasa,Belanja Perjalanan Dinas Biasa
1261,1697,1.0,Belanja Perjalanan Dinas Biasa,Belanja Perjalanan Dinas Biasa
1262,1698,1.0,Belanja Perjalanan Dinas Biasa,Belanja Perjalanan Dinas Biasa
1262,1696,1.0,Belanja Perjalanan Dinas Biasa,Belanja Perjalanan Dinas Biasa
1262,1699,1.0,Belanja Perjalanan Dinas Biasa,Belanja Perjalanan Dinas Biasa
1262,1701,1.0,Belanja Perjalanan Dinas Biasa,Belanja Perjalanan Dinas Biasa
1262,1697,1.0,Belanja Perjalanan Dinas Biasa,Belanja Perjalanan Dinas Biasa
1263,1698,1.0,Belanja Perjalanan Dinas Biasa,Belanja Perjalanan Dinas Biasa
1263,1696,1.0,Belanja Perjalanan Dinas Biasa,Belanja Perjalanan Dinas Biasa
1263,1699,1.0,Belanja Perjalanan Dinas Biasa,Belanja Perjalanan Dinas Biasa
1263,1701,1.0,Belanja Perjalanan Dinas Biasa,Belanja Perjalanan Dinas Biasa
1263,1697,1.0,Belanja Perjalanan Dinas Biasa,Belanja Perjalanan Dinas Biasa
1264,1698,1.0,Belanja Perjalanan Dinas Biasa,Belanja Perjalanan Dinas Biasa
1264,1696,1.0,Belanja Perjalanan Dinas Biasa,Belanja Perjalanan Dinas Biasa
1264,1699,1.0,Belanja Perjalanan Dinas Biasa,Belanja Perjalanan Dinas Biasa
1264,1701,1.0,Belanja Perjalanan Dinas Biasa,Belanja Perjalanan Dinas Biasa
1264,1697,1.0,Belanja Perjalanan Dinas Biasa,Belanja Perjalanan Dinas Biasa
1265,1698,1.0,Belanja Perjalanan Dinas Biasa,Belanja Perjalanan Dinas Biasa
1265,1696,1.0,Belanja Perjalanan Dinas Biasa,Belanja Perjalanan Dinas Biasa
1265,1699,1.0,Belanja Perjalanan Dinas Biasa,Belanja Perjalanan Dinas Biasa
1265,1701,1.0,Belanja Perjalanan Dinas Biasa,Belanja Perjalanan Dinas Biasa
1265,1697,1.0,Belanja Perjalanan Dinas Biasa,Belanja Perjalanan Dinas Biasa
1266,1698,1.0,Belanja Perjalanan Dinas Biasa,Belanja Perjalanan Dinas Biasa
1266,1696,1.0,Belanja Perjalanan Dinas Biasa,Belanja Perjalanan Dinas Biasa
1266,1699,1.0,Belanja Perjalanan Dinas Biasa,Belanja Perjalanan Dinas Biasa
1266,1701,1.0,Belanja Perjalanan Dinas Biasa,Belanja Perjalanan Dinas Biasa
1266,1697,1.0,Belanja Perjalanan Dinas Biasa,Belanja Perjalanan Dinas Biasa
1267,1698,1.0,Belanja Perjalanan Dinas Biasa,Belanja Perjalanan Dinas Biasa
1267,1696,1.0,Belanja Perjalanan Dinas Biasa,Belanja Perjalanan Dinas Biasa
1267,1699,1.0,Belanja Perjalanan Dinas Biasa,Belanja Perjalanan Dinas Biasa
1267,1701,1.0,Belanja Perjalanan Dinas Biasa,Belanja Perjalanan Dinas Biasa
1267,1697,1.0,Belanja Perjalanan Dinas Biasa,Belanja Perjalanan Dinas Biasa
1268,1698,1.0,Belanja Perjalanan Dinas Biasa,Belanja Perjalanan Dinas Biasa
1268,1696,1.0,Belanja Perjalanan Dinas Biasa,Belanja Perjalanan Dinas Biasa
1268,1699,1.0,Belanja Perjalanan Dinas Biasa,Belanja Perjalanan Dinas Biasa
1268,1701,1.0,Belanja Perjalanan Dinas Biasa,Belanja Perjalanan Dinas Biasa
1268,1697,1.0,Belanja Perjalanan Dinas Biasa,Belanja Perjalanan Dinas Biasa
1269,669,1.0,Belanja Perjalanan Dinas Biasa -  Monitoring dan Evaluasi SPM Bidang Pendidikan; Biaya Transportasi Darat dari Ibukota Provinsi ke Kabupaten/Kota dalam Provinsi,Belanja Perjalanan Dinas Biasa -  Monitoring dan Evaluasi SPM Bidang Pendidikan; Biaya Transportasi Darat dari Ibukota Provinsi ke Kabupaten/Kota dalam Provinsi
1269,668,1.0,Belanja Perjalanan Dinas Biasa -  Monitoring dan Evaluasi SPM Bidang Pendidikan; Biaya Transportasi Darat dari Ibukota Provinsi ke Kabupaten/Kota dalam Provinsi,Belanja Perjalanan Dinas Biasa -  Monitoring dan Evaluasi SPM Bidang Pendidikan; Biaya Transportasi Darat dari Ibukota Provinsi ke Kabupaten/Kota dalam Provinsi
1269,671,1.0,Belanja Perjalanan Dinas Biasa -  Monitoring dan Evaluasi SPM Bidang Pendidikan; Biaya Transportasi Darat dari Ibukota Provinsi ke Kabupaten/Kota dalam Provinsi,Belanja Perjalanan Dinas Biasa -  Monitoring dan Evaluasi SPM Bidang Pendidikan; Biaya Transportasi Darat dari Ibukota Provinsi ke Kabupaten/Kota dalam Provinsi
1269,916,1.0,Belanja Perjalanan Dinas Biasa -  Monitoring dan Evaluasi SPM Bidang Pendidikan; Biaya Transportasi Darat dari Ibukota Provinsi ke Kabupaten/Kota dalam Provinsi,Belanja Perjalanan Dinas Biasa -  Monitoring dan Evaluasi SPM Bidang Pendidikan; Biaya Transportasi Darat dari Ibukota Provinsi ke Kabupaten/Kota dalam Provinsi
1269,1271,1.0,Belanja Perjalanan Dinas Biasa -  Monitoring dan Evaluasi SPM Bidang Pendidikan; Biaya Transportasi Darat dari Ibukota Provinsi ke Kabupaten/Kota dalam Provinsi,Belanja Perjalanan Dinas Biasa -  Monitoring dan Evaluasi SPM Bidang Pendidikan; Biaya Transportasi Darat dari Ibukota Provinsi ke Kabupaten/Kota dalam Provinsi
1270,669,1.0,Belanja Perjalanan Dinas Biasa -  Monitoring dan Evaluasi SPM Bidang Pendidikan; Biaya Transportasi Darat dari Ibukota Provinsi ke Kabupaten/Kota dalam Provinsi,Belanja Perjalanan Dinas Biasa -  Monitoring dan Evaluasi SPM Bidang Pendidikan; Biaya Transportasi Darat dari Ibukota Provinsi ke Kabupaten/Kota dalam Provinsi
1270,668,1.0,Belanja Perjalanan Dinas Biasa -  Monitoring dan Evaluasi SPM Bidang Pendidikan; Biaya Transportasi Darat dari Ibukota Provinsi ke Kabupaten/Kota dalam Provinsi,Belanja Perjalanan Dinas Biasa -  Monitoring dan Evaluasi SPM Bidang Pendidikan; Biaya Transportasi Darat dari Ibukota Provinsi ke Kabupaten/Kota dalam Provinsi
1270,671,1.0,Belanja Perjalanan Dinas Biasa -  Monitoring dan Evaluasi SPM Bidang Pendidikan; Biaya Transportasi Darat dari Ibukota Provinsi ke Kabupaten/Kota dalam Provinsi,Belanja Perjalanan Dinas Biasa -  Monitoring dan Evaluasi SPM Bidang Pendidikan; Biaya Transportasi Darat dari Ibukota Provinsi ke Kabupaten/Kota dalam Provinsi
1270,916,1.0,Belanja Perjalanan Dinas Biasa -  Monitoring dan Evaluasi SPM Bidang Pendidikan; Biaya Transportasi Darat dari Ibukota Provinsi ke Kabupaten/Kota dalam Provinsi,Belanja Perjalanan Dinas Biasa -  Monitoring dan Evaluasi SPM Bidang Pendidikan; Biaya Transportasi Darat dari Ibukota Provinsi ke Kabupaten/Kota dalam Provinsi
1270,1271,1.0,Belanja Perjalanan Dinas Biasa -  Monitoring dan Evaluasi SPM Bidang Pendidikan; Biaya Transportasi Darat dari Ibukota Provinsi ke Kabupaten/Kota dalam Provinsi,Belanja Perjalanan Dinas Biasa -  Monitoring dan Evaluasi SPM Bidang Pendidikan; Biaya Transportasi Darat dari Ibukota Provinsi ke Kabupaten/Kota dalam Provinsi
1272,669,1.0,Belanja Perjalanan Dinas Biasa -  Monitoring dan Evaluasi SPM Bidang Pendidikan; Biaya Transportasi Darat dari Ibukota Provinsi ke Kabupaten/Kota dalam Provinsi,Belanja Perjalanan Dinas Biasa -  Monitoring dan Evaluasi SPM Bidang Pendidikan; Biaya Transportasi Darat dari Ibukota Provinsi ke Kabupaten/Kota dalam Provinsi
1272,668,1.0,Belanja Perjalanan Dinas Biasa -  Monitoring dan Evaluasi SPM Bidang Pendidikan; Biaya Transportasi Darat dari Ibukota Provinsi ke Kabupaten/Kota dalam Provinsi,Belanja Perjalanan Dinas Biasa -  Monitoring dan Evaluasi SPM Bidang Pendidikan; Biaya Transportasi Darat dari Ibukota Provinsi ke Kabupaten/Kota dalam Provinsi
1272,671,1.0,Belanja Perjalanan Dinas Biasa -  Monitoring dan Evaluasi SPM Bidang Pendidikan; Biaya Transportasi Darat dari Ibukota Provinsi ke Kabupaten/Kota dalam Provinsi,Belanja Perjalanan Dinas Biasa -  Monitoring dan Evaluasi SPM Bidang Pendidikan; Biaya Transportasi Darat dari Ibukota Provinsi ke Kabupaten/Kota dalam Provinsi
1272,916,1.0,Belanja Perjalanan Dinas Biasa -  Monitoring dan Evaluasi SPM Bidang Pendidikan; Biaya Transportasi Darat dari Ibukota Provinsi ke Kabupaten/Kota dalam Provinsi,Belanja Perjalanan Dinas Biasa -  Monitoring dan Evaluasi SPM Bidang Pendidikan; Biaya Transportasi Darat dari Ibukota Provinsi ke Kabupaten/Kota dalam Provinsi
1272,1271,1.0,Belanja Perjalanan Dinas Biasa -  Monitoring dan Evaluasi SPM Bidang Pendidikan; Biaya Transportasi Darat dari Ibukota Provinsi ke Kabupaten/Kota dalam Provinsi,Belanja Perjalanan Dinas Biasa -  Monitoring dan Evaluasi SPM Bidang Pendidikan; Biaya Transportasi Darat dari Ibukota Provinsi ke Kabupaten/Kota dalam Provinsi
1277,1698,1.0,Belanja Perjalanan Dinas Biasa,Belanja Perjalanan Dinas Biasa
1277,1696,1.0,Belanja Perjalanan Dinas Biasa,Belanja Perjalanan Dinas Biasa
1277,1699,1.0,Belanja Perjalanan Dinas Biasa,Belanja Perjalanan Dinas Biasa
1277,1701,1.0,Belanja Perjalanan Dinas Biasa,Belanja Perjalanan Dinas Biasa
1277,1697,1.0,Belanja Perjalanan Dinas Biasa,Belanja Perjalanan Dinas Biasa
1278,1698,1.0,Belanja Perjalanan Dinas Biasa,Belanja Perjalanan Dinas Biasa
1278,1696,1.0,Belanja Perjalanan Dinas Biasa,Belanja Perjalanan Dinas Biasa
1278,1699,1.0,Belanja Perjalanan Dinas Biasa,Belanja Perjalanan Dinas Biasa
1278,1701,1.0,Belanja Perjalanan Dinas Biasa,Belanja Perjalanan Dinas Biasa
1278,1697,1.0,Belanja Perjalanan Dinas Biasa,Belanja Perjalanan Dinas Biasa
1279,1698,1.0,Belanja Perjalanan Dinas Biasa,Belanja Perjalanan Dinas Biasa
1279,1696,1.0,Belanja Perjalanan Dinas Biasa,Belanja Perjalanan Dinas Biasa
1279,1699,1.0,Belanja Perjalanan Dinas Biasa,Belanja Perjalanan Dinas Biasa
1279,1701,1.0,Belanja Perjalanan Dinas Biasa,Belanja Perjalanan Dinas Biasa
1279,1697,1.0,Belanja Perjalanan Dinas Biasa,Belanja Perjalanan Dinas Biasa
1282,1698,1.0,Belanja Perjalanan Dinas Biasa,Belanja Perjalanan Dinas Biasa
1282,1696,1.0,Belanja Perjalanan Dinas Biasa,Belanja Perjalanan Dinas Biasa
1282,1699,1.0,Belanja Perjalanan Dinas Biasa,Belanja Perjalanan Dinas Biasa
1282,1701,1.0,Belanja Perjalanan Dinas Biasa,Belanja Perjalanan Dinas Biasa
1282,1697,1.0,Belanja Perjalanan Dinas Biasa,Belanja Perjalanan Dinas Biasa
1283,1698,1.0,Belanja Perjalanan Dinas Biasa,Belanja Perjalanan Dinas Biasa
1283,1696,1.0,Belanja Perjalanan Dinas Biasa,Belanja Perjalanan Dinas Biasa
1283,1699,1.0,Belanja Perjalanan Dinas Biasa,Belanja Perjalanan Dinas Biasa
1283,1701,1.0,Belanja Perjalanan Dinas Biasa,Belanja Perjalanan Dinas Biasa
1283,1697,1.0,Belanja Perjalanan Dinas Biasa,Belanja Perjalanan Dinas Biasa
1284,1698,1.0,Belanja Perjalanan Dinas Biasa,Belanja Perjalanan Dinas Biasa
1284,1696,1.0,Belanja Perjalanan Dinas Biasa,Belanja Perjalanan Dinas Biasa
1284,1699,1.0,Belanja Perjalanan Dinas Biasa,Belanja Perjalanan Dinas Biasa
1284,1701,1.0,Belanja Perjalanan Dinas Biasa,Belanja Perjalanan Dinas Biasa
1284,1697,1.0,Belanja Perjalanan Dinas Biasa,Belanja Perjalanan Dinas Biasa
1285,1698,1.0,Belanja Perjalanan Dinas Biasa,Belanja Perjalanan Dinas Biasa
1285,1696,1.0,Belanja Perjalanan Dinas Biasa,Belanja Perjalanan Dinas Biasa
1285,1699,1.0,Belanja Perjalanan Dinas Biasa,Belanja Perjalanan Dinas Biasa
1285,1701,1.0,Belanja Perjalanan Dinas Biasa,Belanja Perjalanan Dinas Biasa
1285,1697,1.0,Belanja Perjalanan Dinas Biasa,Belanja Perjalanan Dinas Biasa
1286,932,1.0,Belanja Perjalanan Dinas Biasa (UPT Saddang),Belanja Perjalanan Dinas Biasa (UPT Saddang)
1286,1287,1.0,Belanja Perjalanan Dinas Biasa (UPT Saddang),Belanja Perjalanan Dinas Biasa (UPT Saddang)
1286,676,1.0,Belanja Perjalanan Dinas Biasa (UPT Saddang),Belanja Perjalanan Dinas Biasa (UPT Saddang)
1286,1288,1.0,Belanja Perjalanan Dinas Biasa (UPT Saddang),Belanja Perjalanan Dinas Biasa (UPT Saddang)
1286,677,1.0,Belanja Perjalanan Dinas Biasa (UPT Saddang),Belanja Perjalanan Dinas Biasa (UPT Saddang)
1287,1288,1.0,Belanja Perjalanan Dinas Biasa (UPT Saddang),Belanja Perjalanan Dinas Biasa (UPT Saddang)
1289,1070,1.0,Belanja Perjalanan Dinas Biasa (UPT Larona),Belanja Perjalanan Dinas Biasa (UPT Larona)
1289,886,1.0,Belanja Perjalanan Dinas Biasa (UPT Larona),Belanja Perjalanan Dinas Biasa (UPT Larona)
1289,1007,1.0,Belanja Perjalanan Dinas Biasa (UPT Larona),Belanja Perjalanan Dinas Biasa (UPT Larona)
1289,885,1.0,Belanja Perjalanan Dinas Biasa (UPT Larona),Belanja Perjalanan Dinas Biasa (UPT Larona)
1289,717,1.0,Belanja Perjalanan Dinas Biasa (UPT Larona),Belanja Perjalanan Dinas Biasa (UPT larona)
1290,1698,1.0,Belanja Perjalanan Dinas Biasa,Belanja Perjalanan Dinas Biasa
1290,1696,1.0,Belanja Perjalanan Dinas Biasa,Belanja Perjalanan Dinas Biasa
1290,1699,1.0,Belanja Perjalanan Dinas Biasa,Belanja Perjalanan Dinas Biasa
1290,1701,1.0,Belanja Perjalanan Dinas Biasa,Belanja Perjalanan Dinas Biasa
1290,1697,1.0,Belanja Perjalanan Dinas Biasa,Belanja Perjalanan Dinas Biasa
1291,1698,1.0,Belanja Perjalanan Dinas Biasa,Belanja Perjalanan Dinas Biasa
1291,1696,1.0,Belanja Perjalanan Dinas Biasa,Belanja Perjalanan Dinas Biasa
1291,1699,1.0,Belanja Perjalanan Dinas Biasa,Belanja Perjalanan Dinas Biasa
1291,1701,1.0,Belanja Perjalanan Dinas Biasa,Belanja Perjalanan Dinas Biasa
1291,1697,1.0,Belanja Perjalanan Dinas Biasa,Belanja Perjalanan Dinas Biasa
1292,1698,1.0,Belanja Perjalanan Dinas Biasa,Belanja Perjalanan Dinas Biasa
1292,1696,1.0,Belanja Perjalanan Dinas Biasa,Belanja Perjalanan Dinas Biasa
1292,1699,1.0,Belanja Perjalanan Dinas Biasa,Belanja Perjalanan Dinas Biasa
1292,1701,1.0,Belanja Perjalanan Dinas Biasa,Belanja Perjalanan Dinas Biasa
1292,1697,1.0,Belanja Perjalanan Dinas Biasa,Belanja Perjalanan Dinas Biasa
1293,1350,1.0,Belanja Perjalanan Dinas Biasa #Pengawasan Norma Kerja,Belanja Perjalanan Dinas Biasa #Pengawasan Norma Kerja
1294,1698,1.0,Belanja Perjalanan Dinas Biasa,Belanja Perjalanan Dinas Biasa
1294,1696,1.0,Belanja Perjalanan Dinas Biasa,Belanja Perjalanan Dinas Biasa
1294,1699,1.0,Belanja Perjalanan Dinas Biasa,Belanja Perjalanan Dinas Biasa
1294,1701,1.0,Belanja Perjalanan Dinas Biasa,Belanja Perjalanan Dinas Biasa
1294,1697,1.0,Belanja Perjalanan Dinas Biasa,Belanja Perjalanan Dinas Biasa
1295,1698,1.0,Belanja Perjalanan Dinas Biasa,Belanja Perjalanan Dinas Biasa
1295,1696,1.0,Belanja Perjalanan Dinas Biasa,Belanja Perjalanan Dinas Biasa
1295,1699,1.0,Belanja Perjalanan Dinas Biasa,Belanja Perjalanan Dinas Biasa
1295,1701,1.0,Belanja Perjalanan Dinas Biasa,Belanja Perjalanan Dinas Biasa
1295,1697,1.0,Belanja Perjalanan Dinas Biasa,Belanja Perjalanan Dinas Biasa
1296,1698,1.0,Belanja Perjalanan Dinas Biasa,Belanja Perjalanan Dinas Biasa
1296,1696,1.0,Belanja Perjalanan Dinas Biasa,Belanja Perjalanan Dinas Biasa
1296,1699,1.0,Belanja Perjalanan Dinas Biasa,Belanja Perjalanan Dinas Biasa
1296,1701,1.0,Belanja Perjalanan Dinas Biasa,Belanja Perjalanan Dinas Biasa
1296,1697,1.0,Belanja Perjalanan Dinas Biasa,Belanja Perjalanan Dinas Biasa
1297,1698,1.0,Belanja Perjalanan Dinas Biasa,Belanja Perjalanan Dinas Biasa
1297,1696,1.0,Belanja Perjalanan Dinas Biasa,Belanja Perjalanan Dinas Biasa
1297,1699,1.0,Belanja Perjalanan Dinas Biasa,Belanja Perjalanan Dinas Biasa
1297,1701,1.0,Belanja Perjalanan Dinas Biasa,Belanja Perjalanan Dinas Biasa
1297,1697,1.0,Belanja Perjalanan Dinas Biasa,Belanja Perjalanan Dinas Biasa
1298,1698,1.0,Belanja Perjalanan Dinas Biasa,Belanja Perjalanan Dinas Biasa
1298,1696,1.0,Belanja Perjalanan Dinas Biasa,Belanja Perjalanan Dinas Biasa
1298,1699,1.0,Belanja Perjalanan Dinas Biasa,Belanja Perjalanan Dinas Biasa
1298,1701,1.0,Belanja Perjalanan Dinas Biasa,Belanja Perjalanan Dinas Biasa
1298,1697,1.0,Belanja Perjalanan Dinas Biasa,Belanja Perjalanan Dinas Biasa
1299,1698,1.0,Belanja Perjalanan Dinas Biasa,Belanja Perjalanan Dinas Biasa
1299,1696,1.0,Belanja Perjalanan Dinas Biasa,Belanja Perjalanan Dinas Biasa
1299,1699,1.0,Belanja Perjalanan Dinas Biasa,Belanja Perjalanan Dinas Biasa
1299,1701,1.0,Belanja Perjalanan Dinas Biasa,Belanja Perjalanan Dinas Biasa
1299,1697,1.0,Belanja Perjalanan Dinas Biasa,Belanja Perjalanan Dinas Biasa
1300,1698,1.0,Belanja Perjalanan Dinas Biasa,Belanja Perjalanan Dinas Biasa
1300,1696,1.0,Belanja Perjalanan Dinas Biasa,Belanja Perjalanan Dinas Biasa
1300,1699,1.0,Belanja Perjalanan Dinas Biasa,Belanja Perjalanan Dinas Biasa
1300,1701,1.0,Belanja Perjalanan Dinas Biasa,Belanja Perjalanan Dinas Biasa
1300,1697,1.0,Belanja Perjalanan Dinas Biasa,Belanja Perjalanan Dinas Biasa
1301,1698,1.0,Belanja Perjalanan Dinas Biasa,Belanja Perjalanan Dinas Biasa
1301,1696,1.0,Belanja Perjalanan Dinas Biasa,Belanja Perjalanan Dinas Biasa
1301,1699,1.0,Belanja Perjalanan Dinas Biasa,Belanja Perjalanan Dinas Biasa
1301,1701,1.0,Belanja Perjalanan Dinas Biasa,Belanja Perjalanan Dinas Biasa
1301,1697,1.0,Belanja Perjalanan Dinas Biasa,Belanja Perjalanan Dinas Biasa
1302,1698,1.0,Belanja Perjalanan Dinas Biasa,Belanja Perjalanan Dinas Biasa
1302,1696,1.0,Belanja Perjalanan Dinas Biasa,Belanja Perjalanan Dinas Biasa
1302,1699,1.0,Belanja Perjalanan Dinas Biasa,Belanja Perjalanan Dinas Biasa
1302,1701,1.0,Belanja Perjalanan Dinas Biasa,Belanja Perjalanan Dinas Biasa
1302,1697,1.0,Belanja Perjalanan Dinas Biasa,Belanja Perjalanan Dinas Biasa
1304,1698,1.0,Belanja Perjalanan Dinas Biasa,Belanja Perjalanan Dinas Biasa
1304,1696,1.0,Belanja Perjalanan Dinas Biasa,Belanja Perjalanan Dinas Biasa
1304,1699,1.0,Belanja Perjalanan Dinas Biasa,Belanja Perjalanan Dinas Biasa
1304,1701,1.0,Belanja Perjalanan Dinas Biasa,Belanja Perjalanan Dinas Biasa
1304,1697,1.0,Belanja Perjalanan Dinas Biasa,Belanja Perjalanan Dinas Biasa
1305,1698,1.0,Belanja Perjalanan Dinas Biasa,Belanja Perjalanan Dinas Biasa
1305,1696,1.0,Belanja Perjalanan Dinas Biasa,Belanja Perjalanan Dinas Biasa
1305,1699,1.0,Belanja Perjalanan Dinas Biasa,Belanja Perjalanan Dinas Biasa
1305,1701,1.0,Belanja Perjalanan Dinas Biasa,Belanja Perjalanan Dinas Biasa
1305,1697,1.0,Belanja Perjalanan Dinas Biasa,Belanja Perjalanan Dinas Biasa
1306,1698,1.0,Belanja Perjalanan Dinas Biasa,Belanja Perjalanan Dinas Biasa
1306,1696,1.0,Belanja Perjalanan Dinas Biasa,Belanja Perjalanan Dinas Biasa
1306,1699,1.0,Belanja Perjalanan Dinas Biasa,Belanja Perjalanan Dinas Biasa
1306,1701,1.0,Belanja Perjalanan Dinas Biasa,Belanja Perjalanan Dinas Biasa
1306,1697,1.0,Belanja Perjalanan Dinas Biasa,Belanja Perjalanan Dinas Biasa
1307,1698,1.0,Belanja Perjalanan Dinas Biasa,Belanja Perjalanan Dinas Biasa
1307,1696,1.0,Belanja Perjalanan Dinas Biasa,Belanja Perjalanan Dinas Biasa
1307,1699,1.0,Belanja Perjalanan Dinas Biasa,Belanja Perjalanan Dinas Biasa
1307,1701,1.0,Belanja Perjalanan Dinas Biasa,Belanja Perjalanan Dinas Biasa
1307,1697,1.0,Belanja Perjalanan Dinas Biasa,Belanja Perjalanan Dinas Biasa
1308,1698,1.0,Belanja Perjalanan Dinas Biasa,Belanja Perjalanan Dinas Biasa
1308,1696,1.0,Belanja Perjalanan Dinas Biasa,Belanja Perjalanan Dinas Biasa
1308,1699,1.0,Belanja Perjalanan Dinas Biasa,Belanja Perjalanan Dinas Biasa
1308,1701,1.0,Belanja Perjalanan Dinas Biasa,Belanja Perjalanan Dinas Biasa
1308,1697,1.0,Belanja Perjalanan Dinas Biasa,Belanja Perjalanan Dinas Biasa
1309,1698,1.0,Belanja Perjalanan Dinas Biasa,Belanja Perjalanan Dinas Biasa
1309,1696,1.0,Belanja Perjalanan Dinas Biasa,Belanja Perjalanan Dinas Biasa
1309,1699,1.0,Belanja Perjalanan Dinas Biasa,Belanja Perjalanan Dinas Biasa
1309,1701,1.0,Belanja Perjalanan Dinas Biasa,Belanja Perjalanan Dinas Biasa
1309,1697,1.0,Belanja Perjalanan Dinas Biasa,Belanja Perjalanan Dinas Biasa
1310,1698,1.0,Belanja Perjalanan Dinas Biasa,Belanja Perjalanan Dinas Biasa
1310,1696,1.0,Belanja Perjalanan Dinas Biasa,Belanja Perjalanan Dinas Biasa
1310,1699,1.0,Belanja Perjalanan Dinas Biasa,Belanja Perjalanan Dinas Biasa
1310,1701,1.0,Belanja Perjalanan Dinas Biasa,Belanja Perjalanan Dinas Biasa
1310,1697,1.0,Belanja Perjalanan Dinas Biasa,Belanja Perjalanan Dinas Biasa
1311,1698,1.0,Belanja Perjalanan Dinas Biasa,Belanja Perjalanan Dinas Biasa
1311,1696,1.0,Belanja Perjalanan Dinas Biasa,Belanja Perjalanan Dinas Biasa
1311,1699,1.0,Belanja Perjalanan Dinas Biasa,Belanja Perjalanan Dinas Biasa
1311,1701,1.0,Belanja Perjalanan Dinas Biasa,Belanja Perjalanan Dinas Biasa
1311,1697,1.0,Belanja Perjalanan Dinas Biasa,Belanja Perjalanan Dinas Biasa
1312,1698,1.0,Belanja Perjalanan Dinas Biasa,Belanja Perjalanan Dinas Biasa
1312,1696,1.0,Belanja Perjalanan Dinas Biasa,Belanja Perjalanan Dinas Biasa
1312,1699,1.0,Belanja Perjalanan Dinas Biasa,Belanja Perjalanan Dinas Biasa
1312,1701,1.0,Belanja Perjalanan Dinas Biasa,Belanja Perjalanan Dinas Biasa
1312,1697,1.0,Belanja Perjalanan Dinas Biasa,Belanja Perjalanan Dinas Biasa
1313,1698,1.0,Belanja Perjalanan Dinas Biasa,Belanja Perjalanan Dinas Biasa
1313,1696,1.0,Belanja Perjalanan Dinas Biasa,Belanja Perjalanan Dinas Biasa
1313,1699,1.0,Belanja Perjalanan Dinas Biasa,Belanja Perjalanan Dinas Biasa
1313,1701,1.0,Belanja Perjalanan Dinas Biasa,Belanja Perjalanan Dinas Biasa
1313,1697,1.0,Belanja Perjalanan Dinas Biasa,Belanja Perjalanan Dinas Biasa
1315,1698,1.0,Belanja Perjalanan Dinas Biasa,Belanja Perjalanan Dinas Biasa
1315,1696,1.0,Belanja Perjalanan Dinas Biasa,Belanja Perjalanan Dinas Biasa
1315,1699,1.0,Belanja Perjalanan Dinas Biasa,Belanja Perjalanan Dinas Biasa
1315,1701,1.0,Belanja Perjalanan Dinas Biasa,Belanja Perjalanan Dinas Biasa
1315,1697,1.0,Belanja Perjalanan Dinas Biasa,Belanja Perjalanan Dinas Biasa
1316,1698,1.0,Belanja Perjalanan Dinas Biasa,Belanja Perjalanan Dinas Biasa
1316,1696,1.0,Belanja Perjalanan Dinas Biasa,Belanja Perjalanan Dinas Biasa
1316,1699,1.0,Belanja Perjalanan Dinas Biasa,Belanja Perjalanan Dinas Biasa
1316,1701,1.0,Belanja Perjalanan Dinas Biasa,Belanja Perjalanan Dinas Biasa
1316,1697,1.0,Belanja Perjalanan Dinas Biasa,Belanja Perjalanan Dinas Biasa
1318,1698,1.0,Belanja Perjalanan Dinas Biasa,Belanja Perjalanan Dinas Biasa
1318,1696,1.0,Belanja Perjalanan Dinas Biasa,Belanja Perjalanan Dinas Biasa
1318,1699,1.0,Belanja Perjalanan Dinas Biasa,Belanja Perjalanan Dinas Biasa
1318,1701,1.0,Belanja Perjalanan Dinas Biasa,Belanja Perjalanan Dinas Biasa
1318,1697,1.0,Belanja Perjalanan Dinas Biasa,Belanja Perjalanan Dinas Biasa
1319,1698,1.0,Belanja Perjalanan Dinas Biasa,Belanja Perjalanan Dinas Biasa
1319,1696,1.0,Belanja Perjalanan Dinas Biasa,Belanja Perjalanan Dinas Biasa
1319,1699,1.0,Belanja Perjalanan Dinas Biasa,Belanja Perjalanan Dinas Biasa
1319,1701,1.0,Belanja Perjalanan Dinas Biasa,Belanja Perjalanan Dinas Biasa
1319,1697,1.0,Belanja Perjalanan Dinas Biasa,Belanja Perjalanan Dinas Biasa
1320,1698,1.0,Belanja Perjalanan Dinas Biasa,Belanja Perjalanan Dinas Biasa
1320,1696,1.0,Belanja Perjalanan Dinas Biasa,Belanja Perjalanan Dinas Biasa
1320,1699,1.0,Belanja Perjalanan Dinas Biasa,Belanja Perjalanan Dinas Biasa
1320,1701,1.0,Belanja Perjalanan Dinas Biasa,Belanja Perjalanan Dinas Biasa
1320,1697,1.0,Belanja Perjalanan Dinas Biasa,Belanja Perjalanan Dinas Biasa
1321,1698,1.0,Belanja Perjalanan Dinas Biasa,Belanja Perjalanan Dinas Biasa
1321,1696,1.0,Belanja Perjalanan Dinas Biasa,Belanja Perjalanan Dinas Biasa
1321,1699,1.0,Belanja Perjalanan Dinas Biasa,Belanja Perjalanan Dinas Biasa
1321,1701,1.0,Belanja Perjalanan Dinas Biasa,Belanja Perjalanan Dinas Biasa
1321,1697,1.0,Belanja Perjalanan Dinas Biasa,Belanja Perjalanan Dinas Biasa
1322,1698,1.0,Belanja Perjalanan Dinas Biasa,Belanja Perjalanan Dinas Biasa
1322,1696,1.0,Belanja Perjalanan Dinas Biasa,Belanja Perjalanan Dinas Biasa
1322,1699,1.0,Belanja Perjalanan Dinas Biasa,Belanja Perjalanan Dinas Biasa
1322,1701,1.0,Belanja Perjalanan Dinas Biasa,Belanja Perjalanan Dinas Biasa
1322,1697,1.0,Belanja Perjalanan Dinas Biasa,Belanja Perjalanan Dinas Biasa
1323,1698,1.0,Belanja Perjalanan Dinas Biasa,Belanja Perjalanan Dinas Biasa
1323,1696,1.0,Belanja Perjalanan Dinas Biasa,Belanja Perjalanan Dinas Biasa
1323,1699,1.0,Belanja Perjalanan Dinas Biasa,Belanja Perjalanan Dinas Biasa
1323,1701,1.0,Belanja Perjalanan Dinas Biasa,Belanja Perjalanan Dinas Biasa
1323,1697,1.0,Belanja Perjalanan Dinas Biasa,Belanja Perjalanan Dinas Biasa
1324,1698,1.0,Belanja Perjalanan Dinas Biasa,Belanja Perjalanan Dinas Biasa
1324,1696,1.0,Belanja Perjalanan Dinas Biasa,Belanja Perjalanan Dinas Biasa
1324,1699,1.0,Belanja Perjalanan Dinas Biasa,Belanja Perjalanan Dinas Biasa
1324,1701,1.0,Belanja Perjalanan Dinas Biasa,Belanja Perjalanan Dinas Biasa
1324,1697,1.0,Belanja Perjalanan Dinas Biasa,Belanja Perjalanan Dinas Biasa
1326,669,1.0,Belanja Perjalanan Dinas Biasa -  Monitoring dan Evaluasi SPM Bidang Pendidikan; Biaya Transportasi Darat dari Ibukota Provinsi ke Kabupaten/Kota dalam Provinsi,Belanja Perjalanan Dinas Biasa -  Monitoring dan Evaluasi SPM Bidang Pendidikan; Biaya Transportasi Darat dari Ibukota Provinsi ke Kabupaten/Kota dalam Provinsi
1326,668,1.0,Belanja Perjalanan Dinas Biasa -  Monitoring dan Evaluasi SPM Bidang Pendidikan; Biaya Transportasi Darat dari Ibukota Provinsi ke Kabupaten/Kota dalam Provinsi,Belanja Perjalanan Dinas Biasa -  Monitoring dan Evaluasi SPM Bidang Pendidikan; Biaya Transportasi Darat dari Ibukota Provinsi ke Kabupaten/Kota dalam Provinsi
1326,671,1.0,Belanja Perjalanan Dinas Biasa -  Monitoring dan Evaluasi SPM Bidang Pendidikan; Biaya Transportasi Darat dari Ibukota Provinsi ke Kabupaten/Kota dalam Provinsi,Belanja Perjalanan Dinas Biasa -  Monitoring dan Evaluasi SPM Bidang Pendidikan; Biaya Transportasi Darat dari Ibukota Provinsi ke Kabupaten/Kota dalam Provinsi
1326,916,1.0,Belanja Perjalanan Dinas Biasa -  Monitoring dan Evaluasi SPM Bidang Pendidikan; Biaya Transportasi Darat dari Ibukota Provinsi ke Kabupaten/Kota dalam Provinsi,Belanja Perjalanan Dinas Biasa -  Monitoring dan Evaluasi SPM Bidang Pendidikan; Biaya Transportasi Darat dari Ibukota Provinsi ke Kabupaten/Kota dalam Provinsi
1326,1271,1.0,Belanja Perjalanan Dinas Biasa -  Monitoring dan Evaluasi SPM Bidang Pendidikan; Biaya Transportasi Darat dari Ibukota Provinsi ke Kabupaten/Kota dalam Provinsi,Belanja Perjalanan Dinas Biasa -  Monitoring dan Evaluasi SPM Bidang Pendidikan; Biaya Transportasi Darat dari Ibukota Provinsi ke Kabupaten/Kota dalam Provinsi
1327,669,1.0,Belanja Perjalanan Dinas Biasa -  Monitoring dan Evaluasi SPM Bidang Pendidikan; Biaya Transportasi Darat dari Ibukota Provinsi ke Kabupaten/Kota dalam Provinsi,Belanja Perjalanan Dinas Biasa -  Monitoring dan Evaluasi SPM Bidang Pendidikan; Biaya Transportasi Darat dari Ibukota Provinsi ke Kabupaten/Kota dalam Provinsi
1327,668,1.0,Belanja Perjalanan Dinas Biasa -  Monitoring dan Evaluasi SPM Bidang Pendidikan; Biaya Transportasi Darat dari Ibukota Provinsi ke Kabupaten/Kota dalam Provinsi,Belanja Perjalanan Dinas Biasa -  Monitoring dan Evaluasi SPM Bidang Pendidikan; Biaya Transportasi Darat dari Ibukota Provinsi ke Kabupaten/Kota dalam Provinsi
1327,671,1.0,Belanja Perjalanan Dinas Biasa -  Monitoring dan Evaluasi SPM Bidang Pendidikan; Biaya Transportasi Darat dari Ibukota Provinsi ke Kabupaten/Kota dalam Provinsi,Belanja Perjalanan Dinas Biasa -  Monitoring dan Evaluasi SPM Bidang Pendidikan; Biaya Transportasi Darat dari Ibukota Provinsi ke Kabupaten/Kota dalam Provinsi
1327,916,1.0,Belanja Perjalanan Dinas Biasa -  Monitoring dan Evaluasi SPM Bidang Pendidikan; Biaya Transportasi Darat dari Ibukota Provinsi ke Kabupaten/Kota dalam Provinsi,Belanja Perjalanan Dinas Biasa -  Monitoring dan Evaluasi SPM Bidang Pendidikan; Biaya Transportasi Darat dari Ibukota Provinsi ke Kabupaten/Kota dalam Provinsi
1327,1271,1.0,Belanja Perjalanan Dinas Biasa -  Monitoring dan Evaluasi SPM Bidang Pendidikan; Biaya Transportasi Darat dari Ibukota Provinsi ke Kabupaten/Kota dalam Provinsi,Belanja Perjalanan Dinas Biasa -  Monitoring dan Evaluasi SPM Bidang Pendidikan; Biaya Transportasi Darat dari Ibukota Provinsi ke Kabupaten/Kota dalam Provinsi
1328,1698,1.0,Belanja Perjalanan Dinas Biasa,Belanja Perjalanan Dinas Biasa
1328,1696,1.0,Belanja Perjalanan Dinas Biasa,Belanja Perjalanan Dinas Biasa
1328,1699,1.0,Belanja Perjalanan Dinas Biasa,Belanja Perjalanan Dinas Biasa
1328,1701,1.0,Belanja Perjalanan Dinas Biasa,Belanja Perjalanan Dinas Biasa
1328,1697,1.0,Belanja Perjalanan Dinas Biasa,Belanja Perjalanan Dinas Biasa
1329,1698,1.0,Belanja Perjalanan Dinas Biasa,Belanja Perjalanan Dinas Biasa
1329,1696,1.0,Belanja Perjalanan Dinas Biasa,Belanja Perjalanan Dinas Biasa
1329,1699,1.0,Belanja Perjalanan Dinas Biasa,Belanja Perjalanan Dinas Biasa
1329,1701,1.0,Belanja Perjalanan Dinas Biasa,Belanja Perjalanan Dinas Biasa
1329,1697,1.0,Belanja Perjalanan Dinas Biasa,Belanja Perjalanan Dinas Biasa
1332,1698,1.0,Belanja Perjalanan Dinas Biasa,Belanja Perjalanan Dinas Biasa
1332,1696,1.0,Belanja Perjalanan Dinas Biasa,Belanja Perjalanan Dinas Biasa
1332,1699,1.0,Belanja Perjalanan Dinas Biasa,Belanja Perjalanan Dinas Biasa
1332,1701,1.0,Belanja Perjalanan Dinas Biasa,Belanja Perjalanan Dinas Biasa
1332,1697,1.0,Belanja Perjalanan Dinas Biasa,Belanja Perjalanan Dinas Biasa
1334,1698,1.0,Belanja Perjalanan Dinas Biasa,Belanja Perjalanan Dinas Biasa
1334,1696,1.0,Belanja Perjalanan Dinas Biasa,Belanja Perjalanan Dinas Biasa
1334,1699,1.0,Belanja Perjalanan Dinas Biasa,Belanja Perjalanan Dinas Biasa
1334,1701,1.0,Belanja Perjalanan Dinas Biasa,Belanja Perjalanan Dinas Biasa
1334,1697,1.0,Belanja Perjalanan Dinas Biasa,Belanja Perjalanan Dinas Biasa
1335,1698,1.0,Belanja Perjalanan Dinas Biasa,Belanja Perjalanan Dinas Biasa
1335,1696,1.0,Belanja Perjalanan Dinas Biasa,Belanja Perjalanan Dinas Biasa
1335,1699,1.0,Belanja Perjalanan Dinas Biasa,Belanja Perjalanan Dinas Biasa
1335,1701,1.0,Belanja Perjalanan Dinas Biasa,Belanja Perjalanan Dinas Biasa
1335,1697,1.0,Belanja Perjalanan Dinas Biasa,Belanja Perjalanan Dinas Biasa
1336,1698,1.0,Belanja Perjalanan Dinas Biasa,Belanja Perjalanan Dinas Biasa
1336,1696,1.0,Belanja Perjalanan Dinas Biasa,Belanja Perjalanan Dinas Biasa
1336,1699,1.0,Belanja Perjalanan Dinas Biasa,Belanja Perjalanan Dinas Biasa
1336,1701,1.0,Belanja Perjalanan Dinas Biasa,Belanja Perjalanan Dinas Biasa
1336,1697,1.0,Belanja Perjalanan Dinas Biasa,Belanja Perjalanan Dinas Biasa
1337,1698,1.0,Belanja Perjalanan Dinas Biasa,Belanja Perjalanan Dinas Biasa
1337,1696,1.0,Belanja Perjalanan Dinas Biasa,Belanja Perjalanan Dinas Biasa
1337,1699,1.0,Belanja Perjalanan Dinas Biasa,Belanja Perjalanan Dinas Biasa
1337,1701,1.0,Belanja Perjalanan Dinas Biasa,Belanja Perjalanan Dinas Biasa
1337,1697,1.0,Belanja Perjalanan Dinas Biasa,Belanja Perjalanan Dinas Biasa
1338,1698,1.0,Belanja Perjalanan Dinas Biasa,Belanja Perjalanan Dinas Biasa
1338,1696,1.0,Belanja Perjalanan Dinas Biasa,Belanja Perjalanan Dinas Biasa
1338,1699,1.0,Belanja Perjalanan Dinas Biasa,Belanja Perjalanan Dinas Biasa
1338,1701,1.0,Belanja Perjalanan Dinas Biasa,Belanja Perjalanan Dinas Biasa
1338,1697,1.0,Belanja Perjalanan Dinas Biasa,Belanja Perjalanan Dinas Biasa
1340,1698,1.0,Belanja Perjalanan Dinas Biasa,Belanja Perjalanan Dinas Biasa
1340,1696,1.0,Belanja Perjalanan Dinas Biasa,Belanja Perjalanan Dinas Biasa
1340,1699,1.0,Belanja Perjalanan Dinas Biasa,Belanja Perjalanan Dinas Biasa
1340,1701,1.0,Belanja Perjalanan Dinas Biasa,Belanja Perjalanan Dinas Biasa
1340,1697,1.0,Belanja Perjalanan Dinas Biasa,Belanja Perjalanan Dinas Biasa
1341,2888,1.0,Belanja Perjalanan Dinas Biasa #Rapat Koordinasi dan Konsultasi SKPD,Belanja Perjalanan Dinas Biasa (Rapat Koordinasi dan Konsultasi SKPD)
1341,2398,0.8974111456515811,Belanja Perjalanan Dinas Biasa #Rapat Koordinasi dan Konsultasi SKPD,Belanja Perjalanan Dinas Biasa Penyelenggaraan Rapat Koordinasi dan Konsultasi SKPD
1341,1399,0.8974111456515811,Belanja Perjalanan Dinas Biasa #Rapat Koordinasi dan Konsultasi SKPD,Belanja Perjalanan Dinas Biasa Penyelenggaraan Rapat Koordinasi dan Konsultasi SKPD
1341,2527,0.8927419927223084,Belanja Perjalanan Dinas Biasa #Rapat Koordinasi dan Konsultasi SKPD,Perjalanan Dinas Biasa Penyelenggaraan Rapat Koordinasi dan Konsultasi SKPD
1342,1698,1.0,Belanja Perjalanan Dinas Biasa,Belanja Perjalanan Dinas Biasa
1342,1696,1.0,Belanja Perjalanan Dinas Biasa,Belanja Perjalanan Dinas Biasa
1342,1699,1.0,Belanja Perjalanan Dinas Biasa,Belanja Perjalanan Dinas Biasa
1342,1701,1.0,Belanja Perjalanan Dinas Biasa,Belanja Perjalanan Dinas Biasa
1342,1697,1.0,Belanja Perjalanan Dinas Biasa,Belanja Perjalanan Dinas Biasa
1343,1698,1.0,Belanja Perjalanan Dinas Biasa,Belanja Perjalanan Dinas Biasa
1343,1696,1.0,Belanja Perjalanan Dinas Biasa,Belanja Perjalanan Dinas Biasa
1343,1699,1.0,Belanja Perjalanan Dinas Biasa,Belanja Perjalanan Dinas Biasa
1343,1701,1.0,Belanja Perjalanan Dinas Biasa,Belanja Perjalanan Dinas Biasa
1343,1697,1.0,Belanja Perjalanan Dinas Biasa,Belanja Perjalanan Dinas Biasa
1345,1698,1.0,Belanja Perjalanan Dinas Biasa,Belanja Perjalanan Dinas Biasa
1345,1696,1.0,Belanja Perjalanan Dinas Biasa,Belanja Perjalanan Dinas Biasa
1345,1699,1.0,Belanja Perjalanan Dinas Biasa,Belanja Perjalanan Dinas Biasa
1345,1701,1.0,Belanja Perjalanan Dinas Biasa,Belanja Perjalanan Dinas Biasa
1345,1697,1.0,Belanja Perjalanan Dinas Biasa,Belanja Perjalanan Dinas Biasa
1346,1347,1.0,Belanja Perjalanan Dinas Biasa #Peningkatan Kualitas Lembaga Pelatihan,Belanja Perjalanan Dinas Biasa #Peningkatan Kualitas Lembaga Pelatihan
1348,1698,1.0,Belanja Perjalanan Dinas Biasa,Belanja Perjalanan Dinas Biasa
1348,1696,1.0,Belanja Perjalanan Dinas Biasa,Belanja Perjalanan Dinas Biasa
1348,1699,1.0,Belanja Perjalanan Dinas Biasa,Belanja Perjalanan Dinas Biasa
1348,1701,1.0,Belanja Perjalanan Dinas Biasa,Belanja Perjalanan Dinas Biasa
1348,1697,1.0,Belanja Perjalanan Dinas Biasa,Belanja Perjalanan Dinas Biasa
1349,1698,1.0,Belanja Perjalanan Dinas Biasa,Belanja Perjalanan Dinas Biasa
1349,1696,1.0,Belanja Perjalanan Dinas Biasa,Belanja Perjalanan Dinas Biasa
1349,1699,1.0,Belanja Perjalanan Dinas Biasa,Belanja Perjalanan Dinas Biasa
1349,1701,1.0,Belanja Perjalanan Dinas Biasa,Belanja Perjalanan Dinas Biasa
1349,1697,1.0,Belanja Perjalanan Dinas Biasa,Belanja Perjalanan Dinas Biasa
1352,1698,1.0,Belanja Perjalanan Dinas Biasa,Belanja Perjalanan Dinas Biasa
1352,1696,1.0,Belanja Perjalanan Dinas Biasa,Belanja Perjalanan Dinas Biasa
1352,1699,1.0,Belanja Perjalanan Dinas Biasa,Belanja Perjalanan Dinas Biasa
1352,1701,1.0,Belanja Perjalanan Dinas Biasa,Belanja Perjalanan Dinas Biasa
1352,1697,1.0,Belanja Perjalanan Dinas Biasa,Belanja Perjalanan Dinas Biasa
1353,1698,1.0,Belanja Perjalanan Dinas Biasa,Belanja Perjalanan Dinas Biasa
1353,1696,1.0,Belanja Perjalanan Dinas Biasa,Belanja Perjalanan Dinas Biasa
1353,1699,1.0,Belanja Perjalanan Dinas Biasa,Belanja Perjalanan Dinas Biasa
1353,1701,1.0,Belanja Perjalanan Dinas Biasa,Belanja Perjalanan Dinas Biasa
1353,1697,1.0,Belanja Perjalanan Dinas Biasa,Belanja Perjalanan Dinas Biasa
1357,1698,1.0,Belanja Perjalanan Dinas Biasa,Belanja Perjalanan Dinas Biasa
1357,1696,1.0,Belanja Perjalanan Dinas Biasa,Belanja Perjalanan Dinas Biasa
1357,1699,1.0,Belanja Perjalanan Dinas Biasa,Belanja Perjalanan Dinas Biasa
1357,1701,1.0,Belanja Perjalanan Dinas Biasa,Belanja Perjalanan Dinas Biasa
1357,1697,1.0,Belanja Perjalanan Dinas Biasa,Belanja Perjalanan Dinas Biasa
1358,1698,1.0,Belanja Perjalanan Dinas Biasa,Belanja Perjalanan Dinas Biasa
1358,1696,1.0,Belanja Perjalanan Dinas Biasa,Belanja Perjalanan Dinas Biasa
1358,1699,1.0,Belanja Perjalanan Dinas Biasa,Belanja Perjalanan Dinas Biasa
1358,1701,1.0,Belanja Perjalanan Dinas Biasa,Belanja Perjalanan Dinas Biasa
1358,1697,1.0,Belanja Perjalanan Dinas Biasa,Belanja Perjalanan Dinas Biasa
1359,1698,1.0,Belanja Perjalanan Dinas Biasa,Belanja Perjalanan Dinas Biasa
1359,1696,1.0,Belanja Perjalanan Dinas Biasa,Belanja Perjalanan Dinas Biasa
1359,1699,1.0,Belanja Perjalanan Dinas Biasa,Belanja Perjalanan Dinas Biasa
1359,1701,1.0,Belanja Perjalanan Dinas Biasa,Belanja Perjalanan Dinas Biasa
1359,1697,1.0,Belanja Perjalanan Dinas Biasa,Belanja Perjalanan Dinas Biasa
1360,1698,1.0,Belanja Perjalanan Dinas Biasa,Belanja Perjalanan Dinas Biasa
1360,1696,1.0,Belanja Perjalanan Dinas Biasa,Belanja Perjalanan Dinas Biasa
1360,1699,1.0,Belanja Perjalanan Dinas Biasa,Belanja Perjalanan Dinas Biasa
1360,1701,1.0,Belanja Perjalanan Dinas Biasa,Belanja Perjalanan Dinas Biasa
1360,1697,1.0,Belanja Perjalanan Dinas Biasa,Belanja Perjalanan Dinas Biasa
1361,1698,1.0,Belanja Perjalanan Dinas Biasa,Belanja Perjalanan Dinas Biasa
1361,1696,1.0,Belanja Perjalanan Dinas Biasa,Belanja Perjalanan Dinas Biasa
1361,1699,1.0,Belanja Perjalanan Dinas Biasa,Belanja Perjalanan Dinas Biasa
1361,1701,1.0,Belanja Perjalanan Dinas Biasa,Belanja Perjalanan Dinas Biasa
1361,1697,1.0,Belanja Perjalanan Dinas Biasa,Belanja Perjalanan Dinas Biasa
1362,1698,1.0,Belanja Perjalanan Dinas Biasa,Belanja Perjalanan Dinas Biasa
1362,1696,1.0,Belanja Perjalanan Dinas Biasa,Belanja Perjalanan Dinas Biasa
1362,1699,1.0,Belanja Perjalanan Dinas Biasa,Belanja Perjalanan Dinas Biasa
1362,1701,1.0,Belanja Perjalanan Dinas Biasa,Belanja Perjalanan Dinas Biasa
1362,1697,1.0,Belanja Perjalanan Dinas Biasa,Belanja Perjalanan Dinas Biasa
1363,1698,1.0,Belanja Perjalanan Dinas Biasa,Belanja Perjalanan Dinas Biasa
1363,1696,1.0,Belanja Perjalanan Dinas Biasa,Belanja Perjalanan Dinas Biasa
1363,1699,1.0,Belanja Perjalanan Dinas Biasa,Belanja Perjalanan Dinas Biasa
1363,1701,1.0,Belanja Perjalanan Dinas Biasa,Belanja Perjalanan Dinas Biasa
1363,1697,1.0,Belanja Perjalanan Dinas Biasa,Belanja Perjalanan Dinas Biasa
1365,1698,1.0,Belanja Perjalanan Dinas Biasa,Belanja Perjalanan Dinas Biasa
1365,1696,1.0,Belanja Perjalanan Dinas Biasa,Belanja Perjalanan Dinas Biasa
1365,1699,1.0,Belanja Perjalanan Dinas Biasa,Belanja Perjalanan Dinas Biasa
1365,1701,1.0,Belanja Perjalanan Dinas Biasa,Belanja Perjalanan Dinas Biasa
1365,1697,1.0,Belanja Perjalanan Dinas Biasa,Belanja Perjalanan Dinas Biasa
1366,1698,1.0,Belanja Perjalanan Dinas Biasa,Belanja Perjalanan Dinas Biasa
1366,1696,1.0,Belanja Perjalanan Dinas Biasa,Belanja Perjalanan Dinas Biasa
1366,1699,1.0,Belanja Perjalanan Dinas Biasa,Belanja Perjalanan Dinas Biasa
1366,1701,1.0,Belanja Perjalanan Dinas Biasa,Belanja Perjalanan Dinas Biasa
1366,1697,1.0,Belanja Perjalanan Dinas Biasa,Belanja Perjalanan Dinas Biasa
1367,1698,1.0,Belanja Perjalanan Dinas Biasa,Belanja Perjalanan Dinas Biasa
1367,1696,1.0,Belanja Perjalanan Dinas Biasa,Belanja Perjalanan Dinas Biasa
1367,1699,1.0,Belanja Perjalanan Dinas Biasa,Belanja Perjalanan Dinas Biasa
1367,1701,1.0,Belanja Perjalanan Dinas Biasa,Belanja Perjalanan Dinas Biasa
1367,1697,1.0,Belanja Perjalanan Dinas Biasa,Belanja Perjalanan Dinas Biasa
1368,1698,1.0,Belanja Perjalanan Dinas Biasa,Belanja Perjalanan Dinas Biasa
1368,1696,1.0,Belanja Perjalanan Dinas Biasa,Belanja Perjalanan Dinas Biasa
1368,1699,1.0,Belanja Perjalanan Dinas Biasa,Belanja Perjalanan Dinas Biasa
1368,1701,1.0,Belanja Perjalanan Dinas Biasa,Belanja Perjalanan Dinas Biasa
1368,1697,1.0,Belanja Perjalanan Dinas Biasa,Belanja Perjalanan Dinas Biasa
1370,1698,1.0,Belanja Perjalanan Dinas Biasa,Belanja Perjalanan Dinas Biasa
1370,1696,1.0,Belanja Perjalanan Dinas Biasa,Belanja Perjalanan Dinas Biasa
1370,1699,1.0,Belanja Perjalanan Dinas Biasa,Belanja Perjalanan Dinas Biasa
1370,1701,1.0,Belanja Perjalanan Dinas Biasa,Belanja Perjalanan Dinas Biasa
1370,1697,1.0,Belanja Perjalanan Dinas Biasa,Belanja Perjalanan Dinas Biasa
1371,1698,1.0,Belanja Perjalanan Dinas Biasa,Belanja Perjalanan Dinas Biasa
1371,1696,1.0,Belanja Perjalanan Dinas Biasa,Belanja Perjalanan Dinas Biasa
1371,1699,1.0,Belanja Perjalanan Dinas Biasa,Belanja Perjalanan Dinas Biasa
1371,1701,1.0,Belanja Perjalanan Dinas Biasa,Belanja Perjalanan Dinas Biasa
1371,1697,1.0,Belanja Perjalanan Dinas Biasa,Belanja Perjalanan Dinas Biasa
1372,1698,1.0,Belanja Perjalanan Dinas Biasa,Belanja Perjalanan Dinas Biasa
1372,1696,1.0,Belanja Perjalanan Dinas Biasa,Belanja Perjalanan Dinas Biasa
1372,1699,1.0,Belanja Perjalanan Dinas Biasa,Belanja Perjalanan Dinas Biasa
1372,1701,1.0,Belanja Perjalanan Dinas Biasa,Belanja Perjalanan Dinas Biasa
1372,1697,1.0,Belanja Perjalanan Dinas Biasa,Belanja Perjalanan Dinas Biasa
1373,1983,1.0,Belanja Perjalanan Dinas Biasa Luar Negeri,Belanja Perjalanan Dinas Biasa Luar Negeri
1373,1975,1.0,Belanja Perjalanan Dinas Biasa Luar Negeri,Belanja Perjalanan Dinas Biasa Luar Negeri
1373,2674,1.0,Belanja Perjalanan Dinas Biasa Luar Negeri,Belanja  Perjalanan Dinas Biasa Luar Negeri
1374,1698,1.0,Belanja Perjalanan Dinas Biasa,Belanja Perjalanan Dinas Biasa
1374,1696,1.0,Belanja Perjalanan Dinas Biasa,Belanja Perjalanan Dinas Biasa
1374,1699,1.0,Belanja Perjalanan Dinas Biasa,Belanja Perjalanan Dinas Biasa
1374,1701,1.0,Belanja Perjalanan Dinas Biasa,Belanja Perjalanan Dinas Biasa
1374,1697,1.0,Belanja Perjalanan Dinas Biasa,Belanja Perjalanan Dinas Biasa
1375,1698,1.0,Belanja Perjalanan Dinas Biasa,Belanja Perjalanan Dinas Biasa
1375,1696,1.0,Belanja Perjalanan Dinas Biasa,Belanja Perjalanan Dinas Biasa
1375,1699,1.0,Belanja Perjalanan Dinas Biasa,Belanja Perjalanan Dinas Biasa
1375,1701,1.0,Belanja Perjalanan Dinas Biasa,Belanja Perjalanan Dinas Biasa
1375,1697,1.0,Belanja Perjalanan Dinas Biasa,Belanja Perjalanan Dinas Biasa
1376,1698,1.0,Belanja Perjalanan Dinas Biasa,Belanja Perjalanan Dinas Biasa
1376,1696,1.0,Belanja Perjalanan Dinas Biasa,Belanja Perjalanan Dinas Biasa
1376,1699,1.0,Belanja Perjalanan Dinas Biasa,Belanja Perjalanan Dinas Biasa
1376,1701,1.0,Belanja Perjalanan Dinas Biasa,Belanja Perjalanan Dinas Biasa
1376,1697,1.0,Belanja Perjalanan Dinas Biasa,Belanja Perjalanan Dinas Biasa
1377,1698,1.0,Belanja Perjalanan Dinas Biasa,Belanja Perjalanan Dinas Biasa
1377,1696,1.0,Belanja Perjalanan Dinas Biasa,Belanja Perjalanan Dinas Biasa
1377,1699,1.0,Belanja Perjalanan Dinas Biasa,Belanja Perjalanan Dinas Biasa
1377,1701,1.0,Belanja Perjalanan Dinas Biasa,Belanja Perjalanan Dinas Biasa
1377,1697,1.0,Belanja Perjalanan Dinas Biasa,Belanja Perjalanan Dinas Biasa
1379,1698,1.0,Belanja Perjalanan Dinas Biasa,Belanja Perjalanan Dinas Biasa
1379,1696,1.0,Belanja Perjalanan Dinas Biasa,Belanja Perjalanan Dinas Biasa
1379,1699,1.0,Belanja Perjalanan Dinas Biasa,Belanja Perjalanan Dinas Biasa
1379,1701,1.0,Belanja Perjalanan Dinas Biasa,Belanja Perjalanan Dinas Biasa
1379,1697,1.0,Belanja Perjalanan Dinas Biasa,Belanja Perjalanan Dinas Biasa
1380,1698,1.0,Belanja Perjalanan Dinas Biasa,Belanja Perjalanan Dinas Biasa
1380,1696,1.0,Belanja Perjalanan Dinas Biasa,Belanja Perjalanan Dinas Biasa
1380,1699,1.0,Belanja Perjalanan Dinas Biasa,Belanja Perjalanan Dinas Biasa
1380,1701,1.0,Belanja Perjalanan Dinas Biasa,Belanja Perjalanan Dinas Biasa
1380,1697,1.0,Belanja Perjalanan Dinas Biasa,Belanja Perjalanan Dinas Biasa
1381,1698,1.0,Belanja Perjalanan Dinas Biasa,Belanja Perjalanan Dinas Biasa
1381,1696,1.0,Belanja Perjalanan Dinas Biasa,Belanja Perjalanan Dinas Biasa
1381,1699,1.0,Belanja Perjalanan Dinas Biasa,Belanja Perjalanan Dinas Biasa
1381,1701,1.0,Belanja Perjalanan Dinas Biasa,Belanja Perjalanan Dinas Biasa
1381,1697,1.0,Belanja Perjalanan Dinas Biasa,Belanja Perjalanan Dinas Biasa
1382,1698,1.0,Belanja Perjalanan Dinas Biasa,Belanja Perjalanan Dinas Biasa
1382,1696,1.0,Belanja Perjalanan Dinas Biasa,Belanja Perjalanan Dinas Biasa
1382,1699,1.0,Belanja Perjalanan Dinas Biasa,Belanja Perjalanan Dinas Biasa
1382,1701,1.0,Belanja Perjalanan Dinas Biasa,Belanja Perjalanan Dinas Biasa
1382,1697,1.0,Belanja Perjalanan Dinas Biasa,Belanja Perjalanan Dinas Biasa
1383,1698,1.0,Belanja Perjalanan Dinas Biasa,Belanja Perjalanan Dinas Biasa
1383,1696,1.0,Belanja Perjalanan Dinas Biasa,Belanja Perjalanan Dinas Biasa
1383,1699,1.0,Belanja Perjalanan Dinas Biasa,Belanja Perjalanan Dinas Biasa
1383,1701,1.0,Belanja Perjalanan Dinas Biasa,Belanja Perjalanan Dinas Biasa
1383,1697,1.0,Belanja Perjalanan Dinas Biasa,Belanja Perjalanan Dinas Biasa
1384,1698,1.0,Belanja Perjalanan Dinas Biasa,Belanja Perjalanan Dinas Biasa
1384,1696,1.0,Belanja Perjalanan Dinas Biasa,Belanja Perjalanan Dinas Biasa
1384,1699,1.0,Belanja Perjalanan Dinas Biasa,Belanja Perjalanan Dinas Biasa
1384,1701,1.0,Belanja Perjalanan Dinas Biasa,Belanja Perjalanan Dinas Biasa
1384,1697,1.0,Belanja Perjalanan Dinas Biasa,Belanja Perjalanan Dinas Biasa
1385,1698,1.0,Belanja Perjalanan Dinas Biasa,Belanja Perjalanan Dinas Biasa
1385,1696,1.0,Belanja Perjalanan Dinas Biasa,Belanja Perjalanan Dinas Biasa
1385,1699,1.0,Belanja Perjalanan Dinas Biasa,Belanja Perjalanan Dinas Biasa
1385,1701,1.0,Belanja Perjalanan Dinas Biasa,Belanja Perjalanan Dinas Biasa
1385,1697,1.0,Belanja Perjalanan Dinas Biasa,Belanja Perjalanan Dinas Biasa
1386,1698,1.0,Belanja Perjalanan Dinas Biasa,Belanja Perjalanan Dinas Biasa
1386,1696,1.0,Belanja Perjalanan Dinas Biasa,Belanja Perjalanan Dinas Biasa
1386,1699,1.0,Belanja Perjalanan Dinas Biasa,Belanja Perjalanan Dinas Biasa
1386,1701,1.0,Belanja Perjalanan Dinas Biasa,Belanja Perjalanan Dinas Biasa
1386,1697,1.0,Belanja Perjalanan Dinas Biasa,Belanja Perjalanan Dinas Biasa
1388,1698,1.0,Belanja Perjalanan Dinas Biasa,Belanja Perjalanan Dinas Biasa
1388,1696,1.0,Belanja Perjalanan Dinas Biasa,Belanja Perjalanan Dinas Biasa
1388,1699,1.0,Belanja Perjalanan Dinas Biasa,Belanja Perjalanan Dinas Biasa
1388,1701,1.0,Belanja Perjalanan Dinas Biasa,Belanja Perjalanan Dinas Biasa
1388,1697,1.0,Belanja Perjalanan Dinas Biasa,Belanja Perjalanan Dinas Biasa
1389,1698,1.0,Belanja Perjalanan Dinas Biasa,Belanja Perjalanan Dinas Biasa
1389,1696,1.0,Belanja Perjalanan Dinas Biasa,Belanja Perjalanan Dinas Biasa
1389,1699,1.0,Belanja Perjalanan Dinas Biasa,Belanja Perjalanan Dinas Biasa
1389,1701,1.0,Belanja Perjalanan Dinas Biasa,Belanja Perjalanan Dinas Biasa
1389,1697,1.0,Belanja Perjalanan Dinas Biasa,Belanja Perjalanan Dinas Biasa
1390,1698,1.0,Belanja Perjalanan Dinas Biasa,Belanja Perjalanan Dinas Biasa
1390,1696,1.0,Belanja Perjalanan Dinas Biasa,Belanja Perjalanan Dinas Biasa
1390,1699,1.0,Belanja Perjalanan Dinas Biasa,Belanja Perjalanan Dinas Biasa
1390,1701,1.0,Belanja Perjalanan Dinas Biasa,Belanja Perjalanan Dinas Biasa
1390,1697,1.0,Belanja Perjalanan Dinas Biasa,Belanja Perjalanan Dinas Biasa
1393,1698,1.0,Belanja Perjalanan Dinas Biasa,Belanja Perjalanan Dinas Biasa
1393,1696,1.0,Belanja Perjalanan Dinas Biasa,Belanja Perjalanan Dinas Biasa
1393,1699,1.0,Belanja Perjalanan Dinas Biasa,Belanja Perjalanan Dinas Biasa
1393,1701,1.0,Belanja Perjalanan Dinas Biasa,Belanja Perjalanan Dinas Biasa
1393,1697,1.0,Belanja Perjalanan Dinas Biasa,Belanja Perjalanan Dinas Biasa
1395,1698,1.0,Belanja Perjalanan Dinas Biasa,Belanja Perjalanan Dinas Biasa
1395,1696,1.0,Belanja Perjalanan Dinas Biasa,Belanja Perjalanan Dinas Biasa
1395,1699,1.0,Belanja Perjalanan Dinas Biasa,Belanja Perjalanan Dinas Biasa
1395,1701,1.0,Belanja Perjalanan Dinas Biasa,Belanja Perjalanan Dinas Biasa
1395,1697,1.0,Belanja Perjalanan Dinas Biasa,Belanja Perjalanan Dinas Biasa
1397,1698,1.0,Belanja Perjalanan Dinas Biasa,Belanja Perjalanan Dinas Biasa
1397,1696,1.0,Belanja Perjalanan Dinas Biasa,Belanja Perjalanan Dinas Biasa
1397,1699,1.0,Belanja Perjalanan Dinas Biasa,Belanja Perjalanan Dinas Biasa
1397,1701,1.0,Belanja Perjalanan Dinas Biasa,Belanja Perjalanan Dinas Biasa
1397,1697,1.0,Belanja Perjalanan Dinas Biasa,Belanja Perjalanan Dinas Biasa
1398,1698,1.0,Belanja Perjalanan Dinas Biasa,Belanja Perjalanan Dinas Biasa
1398,1696,1.0,Belanja Perjalanan Dinas Biasa,Belanja Perjalanan Dinas Biasa
1398,1699,1.0,Belanja Perjalanan Dinas Biasa,Belanja Perjalanan Dinas Biasa
1398,1701,1.0,Belanja Perjalanan Dinas Biasa,Belanja Perjalanan Dinas Biasa
1398,1697,1.0,Belanja Perjalanan Dinas Biasa,Belanja Perjalanan Dinas Biasa
1399,2398,0.9999999999999999,Belanja Perjalanan Dinas Biasa Penyelenggaraan Rapat Koordinasi dan Konsultasi SKPD,Belanja Perjalanan Dinas Biasa Penyelenggaraan Rapat Koordinasi dan Konsultasi SKPD
1399,2527,0.9964945898433974,Belanja Perjalanan Dinas Biasa Penyelenggaraan Rapat Koordinasi dan Konsultasi SKPD,Perjalanan Dinas Biasa Penyelenggaraan Rapat Koordinasi dan Konsultasi SKPD
1399,2874,0.996031058470935,Belanja Perjalanan Dinas Biasa Penyelenggaraan Rapat Koordinasi dan Konsultasi SKPD,Belanja Perjalanan Dinas (Penyelenggaraan Rapat Koordinasi dan Konsultasi SKPD)
1399,2740,0.9925116306753747,Belanja Perjalanan Dinas Biasa Penyelenggaraan Rapat Koordinasi dan Konsultasi SKPD,Perjalanan Dinas Penyelenggaraan Rapat Koordinasi dan Konsultasi SKPD)
1400,1698,1.0,Belanja Perjalanan Dinas Biasa,Belanja Perjalanan Dinas Biasa
1400,1696,1.0,Belanja Perjalanan Dinas Biasa,Belanja Perjalanan Dinas Biasa
1400,1699,1.0,Belanja Perjalanan Dinas Biasa,Belanja Perjalanan Dinas Biasa
1400,1701,1.0,Belanja Perjalanan Dinas Biasa,Belanja Perjalanan Dinas Biasa
1400,1697,1.0,Belanja Perjalanan Dinas Biasa,Belanja Perjalanan Dinas Biasa
1402,1698,1.0,Belanja Perjalanan Dinas Biasa,Belanja Perjalanan Dinas Biasa
1402,1696,1.0,Belanja Perjalanan Dinas Biasa,Belanja Perjalanan Dinas Biasa
1402,1699,1.0,Belanja Perjalanan Dinas Biasa,Belanja Perjalanan Dinas Biasa
1402,1701,1.0,Belanja Perjalanan Dinas Biasa,Belanja Perjalanan Dinas Biasa
1402,1697,1.0,Belanja Perjalanan Dinas Biasa,Belanja Perjalanan Dinas Biasa
1403,1698,1.0,Belanja Perjalanan Dinas Biasa,Belanja Perjalanan Dinas Biasa
1403,1696,1.0,Belanja Perjalanan Dinas Biasa,Belanja Perjalanan Dinas Biasa
1403,1699,1.0,Belanja Perjalanan Dinas Biasa,Belanja Perjalanan Dinas Biasa
1403,1701,1.0,Belanja Perjalanan Dinas Biasa,Belanja Perjalanan Dinas Biasa
1403,1697,1.0,Belanja Perjalanan Dinas Biasa,Belanja Perjalanan Dinas Biasa
1404,1698,1.0,Belanja Perjalanan Dinas Biasa,Belanja Perjalanan Dinas Biasa
1404,1696,1.0,Belanja Perjalanan Dinas Biasa,Belanja Perjalanan Dinas Biasa
1404,1699,1.0,Belanja Perjalanan Dinas Biasa,Belanja Perjalanan Dinas Biasa
1404,1701,1.0,Belanja Perjalanan Dinas Biasa,Belanja Perjalanan Dinas Biasa
1404,1697,1.0,Belanja Perjalanan Dinas Biasa,Belanja Perjalanan Dinas Biasa
1405,1698,1.0,Belanja Perjalanan Dinas Biasa,Belanja Perjalanan Dinas Biasa
1405,1696,1.0,Belanja Perjalanan Dinas Biasa,Belanja Perjalanan Dinas Biasa
1405,1699,1.0,Belanja Perjalanan Dinas Biasa,Belanja Perjalanan Dinas Biasa
1405,1701,1.0,Belanja Perjalanan Dinas Biasa,Belanja Perjalanan Dinas Biasa
1405,1697,1.0,Belanja Perjalanan Dinas Biasa,Belanja Perjalanan Dinas Biasa
1406,1698,1.0,Belanja Perjalanan Dinas Biasa,Belanja Perjalanan Dinas Biasa
1406,1696,1.0,Belanja Perjalanan Dinas Biasa,Belanja Perjalanan Dinas Biasa
1406,1699,1.0,Belanja Perjalanan Dinas Biasa,Belanja Perjalanan Dinas Biasa
1406,1701,1.0,Belanja Perjalanan Dinas Biasa,Belanja Perjalanan Dinas Biasa
1406,1697,1.0,Belanja Perjalanan Dinas Biasa,Belanja Perjalanan Dinas Biasa
1407,1698,1.0,Belanja Perjalanan Dinas Biasa,Belanja Perjalanan Dinas Biasa
1407,1696,1.0,Belanja Perjalanan Dinas Biasa,Belanja Perjalanan Dinas Biasa
1407,1699,1.0,Belanja Perjalanan Dinas Biasa,Belanja Perjalanan Dinas Biasa
1407,1701,1.0,Belanja Perjalanan Dinas Biasa,Belanja Perjalanan Dinas Biasa
1407,1697,1.0,Belanja Perjalanan Dinas Biasa,Belanja Perjalanan Dinas Biasa
1410,1698,1.0,Belanja Perjalanan Dinas Biasa,Belanja Perjalanan Dinas Biasa
1410,1696,1.0,Belanja Perjalanan Dinas Biasa,Belanja Perjalanan Dinas Biasa
1410,1699,1.0,Belanja Perjalanan Dinas Biasa,Belanja Perjalanan Dinas Biasa
1410,1701,1.0,Belanja Perjalanan Dinas Biasa,Belanja Perjalanan Dinas Biasa
1410,1697,1.0,Belanja Perjalanan Dinas Biasa,Belanja Perjalanan Dinas Biasa
1412,1698,1.0,Belanja Perjalanan Dinas Biasa,Belanja Perjalanan Dinas Biasa
1412,1696,1.0,Belanja Perjalanan Dinas Biasa,Belanja Perjalanan Dinas Biasa
1412,1699,1.0,Belanja Perjalanan Dinas Biasa,Belanja Perjalanan Dinas Biasa
1412,1701,1.0,Belanja Perjalanan Dinas Biasa,Belanja Perjalanan Dinas Biasa
1412,1697,1.0,Belanja Perjalanan Dinas Biasa,Belanja Perjalanan Dinas Biasa
1413,1698,1.0,Belanja Perjalanan Dinas Biasa,Belanja Perjalanan Dinas Biasa
1413,1696,1.0,Belanja Perjalanan Dinas Biasa,Belanja Perjalanan Dinas Biasa
1413,1699,1.0,Belanja Perjalanan Dinas Biasa,Belanja Perjalanan Dinas Biasa
1413,1701,1.0,Belanja Perjalanan Dinas Biasa,Belanja Perjalanan Dinas Biasa
1413,1697,1.0,Belanja Perjalanan Dinas Biasa,Belanja Perjalanan Dinas Biasa
1414,1698,1.0,Belanja Perjalanan Dinas Biasa,Belanja Perjalanan Dinas Biasa
1414,1696,1.0,Belanja Perjalanan Dinas Biasa,Belanja Perjalanan Dinas Biasa
1414,1699,1.0,Belanja Perjalanan Dinas Biasa,Belanja Perjalanan Dinas Biasa
1414,1701,1.0,Belanja Perjalanan Dinas Biasa,Belanja Perjalanan Dinas Biasa
1414,1697,1.0,Belanja Perjalanan Dinas Biasa,Belanja Perjalanan Dinas Biasa
1416,1698,1.0,Belanja Perjalanan Dinas Biasa,Belanja Perjalanan Dinas Biasa
1416,1696,1.0,Belanja Perjalanan Dinas Biasa,Belanja Perjalanan Dinas Biasa
1416,1699,1.0,Belanja Perjalanan Dinas Biasa,Belanja Perjalanan Dinas Biasa
1416,1701,1.0,Belanja Perjalanan Dinas Biasa,Belanja Perjalanan Dinas Biasa
1416,1697,1.0,Belanja Perjalanan Dinas Biasa,Belanja Perjalanan Dinas Biasa
1417,1698,1.0,Belanja Perjalanan Dinas Biasa,Belanja Perjalanan Dinas Biasa
1417,1696,1.0,Belanja Perjalanan Dinas Biasa,Belanja Perjalanan Dinas Biasa
1417,1699,1.0,Belanja Perjalanan Dinas Biasa,Belanja Perjalanan Dinas Biasa
1417,1701,1.0,Belanja Perjalanan Dinas Biasa,Belanja Perjalanan Dinas Biasa
1417,1697,1.0,Belanja Perjalanan Dinas Biasa,Belanja Perjalanan Dinas Biasa
1418,1698,1.0,Belanja Perjalanan Dinas Biasa,Belanja Perjalanan Dinas Biasa
1418,1696,1.0,Belanja Perjalanan Dinas Biasa,Belanja Perjalanan Dinas Biasa
1418,1699,1.0,Belanja Perjalanan Dinas Biasa,Belanja Perjalanan Dinas Biasa
1418,1701,1.0,Belanja Perjalanan Dinas Biasa,Belanja Perjalanan Dinas Biasa
1418,1697,1.0,Belanja Perjalanan Dinas Biasa,Belanja Perjalanan Dinas Biasa
1419,1698,1.0,Belanja Perjalanan Dinas Biasa,Belanja Perjalanan Dinas Biasa
1419,1696,1.0,Belanja Perjalanan Dinas Biasa,Belanja Perjalanan Dinas Biasa
1419,1699,1.0,Belanja Perjalanan Dinas Biasa,Belanja Perjalanan Dinas Biasa
1419,1701,1.0,Belanja Perjalanan Dinas Biasa,Belanja Perjalanan Dinas Biasa
1419,1697,1.0,Belanja Perjalanan Dinas Biasa,Belanja Perjalanan Dinas Biasa
1420,1698,1.0,Belanja Perjalanan Dinas Biasa,Belanja Perjalanan Dinas Biasa
1420,1696,1.0,Belanja Perjalanan Dinas Biasa,Belanja Perjalanan Dinas Biasa
1420,1699,1.0,Belanja Perjalanan Dinas Biasa,Belanja Perjalanan Dinas Biasa
1420,1701,1.0,Belanja Perjalanan Dinas Biasa,Belanja Perjalanan Dinas Biasa
1420,1697,1.0,Belanja Perjalanan Dinas Biasa,Belanja Perjalanan Dinas Biasa
1421,1698,1.0,Belanja Perjalanan Dinas Biasa,Belanja Perjalanan Dinas Biasa
1421,1696,1.0,Belanja Perjalanan Dinas Biasa,Belanja Perjalanan Dinas Biasa
1421,1699,1.0,Belanja Perjalanan Dinas Biasa,Belanja Perjalanan Dinas Biasa
1421,1701,1.0,Belanja Perjalanan Dinas Biasa,Belanja Perjalanan Dinas Biasa
1421,1697,1.0,Belanja Perjalanan Dinas Biasa,Belanja Perjalanan Dinas Biasa
1422,1698,1.0,Belanja Perjalanan Dinas Biasa,Belanja Perjalanan Dinas Biasa
1422,1696,1.0,Belanja Perjalanan Dinas Biasa,Belanja Perjalanan Dinas Biasa
1422,1699,1.0,Belanja Perjalanan Dinas Biasa,Belanja Perjalanan Dinas Biasa
1422,1701,1.0,Belanja Perjalanan Dinas Biasa,Belanja Perjalanan Dinas Biasa
1422,1697,1.0,Belanja Perjalanan Dinas Biasa,Belanja Perjalanan Dinas Biasa
1423,1698,1.0,Belanja Perjalanan Dinas Biasa,Belanja Perjalanan Dinas Biasa
1423,1696,1.0,Belanja Perjalanan Dinas Biasa,Belanja Perjalanan Dinas Biasa
1423,1699,1.0,Belanja Perjalanan Dinas Biasa,Belanja Perjalanan Dinas Biasa
1423,1701,1.0,Belanja Perjalanan Dinas Biasa,Belanja Perjalanan Dinas Biasa
1423,1697,1.0,Belanja Perjalanan Dinas Biasa,Belanja Perjalanan Dinas Biasa
1424,1698,1.0,Belanja Perjalanan Dinas Biasa,Belanja Perjalanan Dinas Biasa
1424,1696,1.0,Belanja Perjalanan Dinas Biasa,Belanja Perjalanan Dinas Biasa
1424,1699,1.0,Belanja Perjalanan Dinas Biasa,Belanja Perjalanan Dinas Biasa
1424,1701,1.0,Belanja Perjalanan Dinas Biasa,Belanja Perjalanan Dinas Biasa
1424,1697,1.0,Belanja Perjalanan Dinas Biasa,Belanja Perjalanan Dinas Biasa
1425,1698,1.0,Belanja Perjalanan Dinas Biasa,Belanja Perjalanan Dinas Biasa
1425,1696,1.0,Belanja Perjalanan Dinas Biasa,Belanja Perjalanan Dinas Biasa
1425,1699,1.0,Belanja Perjalanan Dinas Biasa,Belanja Perjalanan Dinas Biasa
1425,1701,1.0,Belanja Perjalanan Dinas Biasa,Belanja Perjalanan Dinas Biasa
1425,1697,1.0,Belanja Perjalanan Dinas Biasa,Belanja Perjalanan Dinas Biasa
1426,1698,1.0,Belanja Perjalanan Dinas Biasa,Belanja Perjalanan Dinas Biasa
1426,1696,1.0,Belanja Perjalanan Dinas Biasa,Belanja Perjalanan Dinas Biasa
1426,1699,1.0,Belanja Perjalanan Dinas Biasa,Belanja Perjalanan Dinas Biasa
1426,1701,1.0,Belanja Perjalanan Dinas Biasa,Belanja Perjalanan Dinas Biasa
1426,1697,1.0,Belanja Perjalanan Dinas Biasa,Belanja Perjalanan Dinas Biasa
1427,1698,1.0,Belanja Perjalanan Dinas Biasa,Belanja Perjalanan Dinas Biasa
1427,1696,1.0,Belanja Perjalanan Dinas Biasa,Belanja Perjalanan Dinas Biasa
1427,1699,1.0,Belanja Perjalanan Dinas Biasa,Belanja Perjalanan Dinas Biasa
1427,1701,1.0,Belanja Perjalanan Dinas Biasa,Belanja Perjalanan Dinas Biasa
1427,1697,1.0,Belanja Perjalanan Dinas Biasa,Belanja Perjalanan Dinas Biasa
1428,1698,1.0,Belanja Perjalanan Dinas Biasa,Belanja Perjalanan Dinas Biasa
1428,1696,1.0,Belanja Perjalanan Dinas Biasa,Belanja Perjalanan Dinas Biasa
1428,1699,1.0,Belanja Perjalanan Dinas Biasa,Belanja Perjalanan Dinas Biasa
1428,1701,1.0,Belanja Perjalanan Dinas Biasa,Belanja Perjalanan Dinas Biasa
1428,1697,1.0,Belanja Perjalanan Dinas Biasa,Belanja Perjalanan Dinas Biasa
1429,1698,1.0,Belanja Perjalanan Dinas Biasa,Belanja Perjalanan Dinas Biasa
1429,1696,1.0,Belanja Perjalanan Dinas Biasa,Belanja Perjalanan Dinas Biasa
1429,1699,1.0,Belanja Perjalanan Dinas Biasa,Belanja Perjalanan Dinas Biasa
1429,1701,1.0,Belanja Perjalanan Dinas Biasa,Belanja Perjalanan Dinas Biasa
1429,1697,1.0,Belanja Perjalanan Dinas Biasa,Belanja Perjalanan Dinas Biasa
1431,1698,1.0,Belanja Perjalanan Dinas Biasa,Belanja Perjalanan Dinas Biasa
1431,1696,1.0,Belanja Perjalanan Dinas Biasa,Belanja Perjalanan Dinas Biasa
1431,1699,1.0,Belanja Perjalanan Dinas Biasa,Belanja Perjalanan Dinas Biasa
1431,1701,1.0,Belanja Perjalanan Dinas Biasa,Belanja Perjalanan Dinas Biasa
1431,1697,1.0,Belanja Perjalanan Dinas Biasa,Belanja Perjalanan Dinas Biasa
1432,1698,1.0,Belanja Perjalanan Dinas Biasa,Belanja Perjalanan Dinas Biasa
1432,1696,1.0,Belanja Perjalanan Dinas Biasa,Belanja Perjalanan Dinas Biasa
1432,1699,1.0,Belanja Perjalanan Dinas Biasa,Belanja Perjalanan Dinas Biasa
1432,1701,1.0,Belanja Perjalanan Dinas Biasa,Belanja Perjalanan Dinas Biasa
1432,1697,1.0,Belanja Perjalanan Dinas Biasa,Belanja Perjalanan Dinas Biasa
1433,1698,1.0,Belanja Perjalanan Dinas Biasa,Belanja Perjalanan Dinas Biasa
1433,1696,1.0,Belanja Perjalanan Dinas Biasa,Belanja Perjalanan Dinas Biasa
1433,1699,1.0,Belanja Perjalanan Dinas Biasa,Belanja Perjalanan Dinas Biasa
1433,1701,1.0,Belanja Perjalanan Dinas Biasa,Belanja Perjalanan Dinas Biasa
1433,1697,1.0,Belanja Perjalanan Dinas Biasa,Belanja Perjalanan Dinas Biasa
1434,1698,1.0,Belanja Perjalanan Dinas Biasa,Belanja Perjalanan Dinas Biasa
1434,1696,1.0,Belanja Perjalanan Dinas Biasa,Belanja Perjalanan Dinas Biasa
1434,1699,1.0,Belanja Perjalanan Dinas Biasa,Belanja Perjalanan Dinas Biasa
1434,1701,1.0,Belanja Perjalanan Dinas Biasa,Belanja Perjalanan Dinas Biasa
1434,1697,1.0,Belanja Perjalanan Dinas Biasa,Belanja Perjalanan Dinas Biasa
1435,1698,1.0,Belanja Perjalanan Dinas Biasa,Belanja Perjalanan Dinas Biasa
1435,1696,1.0,Belanja Perjalanan Dinas Biasa,Belanja Perjalanan Dinas Biasa
1435,1699,1.0,Belanja Perjalanan Dinas Biasa,Belanja Perjalanan Dinas Biasa
1435,1701,1.0,Belanja Perjalanan Dinas Biasa,Belanja Perjalanan Dinas Biasa
1435,1697,1.0,Belanja Perjalanan Dinas Biasa,Belanja Perjalanan Dinas Biasa
1436,1698,1.0,Belanja Perjalanan Dinas Biasa,Belanja Perjalanan Dinas Biasa
1436,1696,1.0,Belanja Perjalanan Dinas Biasa,Belanja Perjalanan Dinas Biasa
1436,1699,1.0,Belanja Perjalanan Dinas Biasa,Belanja Perjalanan Dinas Biasa
1436,1701,1.0,Belanja Perjalanan Dinas Biasa,Belanja Perjalanan Dinas Biasa
1436,1697,1.0,Belanja Perjalanan Dinas Biasa,Belanja Perjalanan Dinas Biasa
1437,1698,1.0,Belanja Perjalanan Dinas Biasa,Belanja Perjalanan Dinas Biasa
1437,1696,1.0,Belanja Perjalanan Dinas Biasa,Belanja Perjalanan Dinas Biasa
1437,1699,1.0,Belanja Perjalanan Dinas Biasa,Belanja Perjalanan Dinas Biasa
1437,1701,1.0,Belanja Perjalanan Dinas Biasa,Belanja Perjalanan Dinas Biasa
1437,1697,1.0,Belanja Perjalanan Dinas Biasa,Belanja Perjalanan Dinas Biasa
1438,1698,1.0,Belanja Perjalanan Dinas Biasa,Belanja Perjalanan Dinas Biasa
1438,1696,1.0,Belanja Perjalanan Dinas Biasa,Belanja Perjalanan Dinas Biasa
1438,1699,1.0,Belanja Perjalanan Dinas Biasa,Belanja Perjalanan Dinas Biasa
1438,1701,1.0,Belanja Perjalanan Dinas Biasa,Belanja Perjalanan Dinas Biasa
1438,1697,1.0,Belanja Perjalanan Dinas Biasa,Belanja Perjalanan Dinas Biasa
1439,1698,1.0,Belanja Perjalanan Dinas Biasa,Belanja Perjalanan Dinas Biasa
1439,1696,1.0,Belanja Perjalanan Dinas Biasa,Belanja Perjalanan Dinas Biasa
1439,1699,1.0,Belanja Perjalanan Dinas Biasa,Belanja Perjalanan Dinas Biasa
1439,1701,1.0,Belanja Perjalanan Dinas Biasa,Belanja Perjalanan Dinas Biasa
1439,1697,1.0,Belanja Perjalanan Dinas Biasa,Belanja Perjalanan Dinas Biasa
1440,1698,1.0,Belanja Perjalanan Dinas Biasa,Belanja Perjalanan Dinas Biasa
1440,1696,1.0,Belanja Perjalanan Dinas Biasa,Belanja Perjalanan Dinas Biasa
1440,1699,1.0,Belanja Perjalanan Dinas Biasa,Belanja Perjalanan Dinas Biasa
1440,1701,1.0,Belanja Perjalanan Dinas Biasa,Belanja Perjalanan Dinas Biasa
1440,1697,1.0,Belanja Perjalanan Dinas Biasa,Belanja Perjalanan Dinas Biasa
1441,1698,1.0,Belanja Perjalanan Dinas Biasa,Belanja Perjalanan Dinas Biasa
1441,1696,1.0,Belanja Perjalanan Dinas Biasa,Belanja Perjalanan Dinas Biasa
1441,1699,1.0,Belanja Perjalanan Dinas Biasa,Belanja Perjalanan Dinas Biasa
1441,1701,1.0,Belanja Perjalanan Dinas Biasa,Belanja Perjalanan Dinas Biasa
1441,1697,1.0,Belanja Perjalanan Dinas Biasa,Belanja Perjalanan Dinas Biasa
1442,1698,1.0,Belanja Perjalanan Dinas Biasa,Belanja Perjalanan Dinas Biasa
1442,1696,1.0,Belanja Perjalanan Dinas Biasa,Belanja Perjalanan Dinas Biasa
1442,1699,1.0,Belanja Perjalanan Dinas Biasa,Belanja Perjalanan Dinas Biasa
1442,1701,1.0,Belanja Perjalanan Dinas Biasa,Belanja Perjalanan Dinas Biasa
1442,1697,1.0,Belanja Perjalanan Dinas Biasa,Belanja Perjalanan Dinas Biasa
1443,1698,1.0,Belanja Perjalanan Dinas Biasa,Belanja Perjalanan Dinas Biasa
1443,1696,1.0,Belanja Perjalanan Dinas Biasa,Belanja Perjalanan Dinas Biasa
1443,1699,1.0,Belanja Perjalanan Dinas Biasa,Belanja Perjalanan Dinas Biasa
1443,1701,1.0,Belanja Perjalanan Dinas Biasa,Belanja Perjalanan Dinas Biasa
1443,1697,1.0,Belanja Perjalanan Dinas Biasa,Belanja Perjalanan Dinas Biasa
1444,1698,1.0,Belanja Perjalanan Dinas Biasa,Belanja Perjalanan Dinas Biasa
1444,1696,1.0,Belanja Perjalanan Dinas Biasa,Belanja Perjalanan Dinas Biasa
1444,1699,1.0,Belanja Perjalanan Dinas Biasa,Belanja Perjalanan Dinas Biasa
1444,1701,1.0,Belanja Perjalanan Dinas Biasa,Belanja Perjalanan Dinas Biasa
1444,1697,1.0,Belanja Perjalanan Dinas Biasa,Belanja Perjalanan Dinas Biasa
1445,1698,1.0,Belanja Perjalanan Dinas Biasa,Belanja Perjalanan Dinas Biasa
1445,1696,1.0,Belanja Perjalanan Dinas Biasa,Belanja Perjalanan Dinas Biasa
1445,1699,1.0,Belanja Perjalanan Dinas Biasa,Belanja Perjalanan Dinas Biasa
1445,1701,1.0,Belanja Perjalanan Dinas Biasa,Belanja Perjalanan Dinas Biasa
1445,1697,1.0,Belanja Perjalanan Dinas Biasa,Belanja Perjalanan Dinas Biasa
1446,1698,1.0,Belanja Perjalanan Dinas Biasa,Belanja Perjalanan Dinas Biasa
1446,1696,1.0,Belanja Perjalanan Dinas Biasa,Belanja Perjalanan Dinas Biasa
1446,1699,1.0,Belanja Perjalanan Dinas Biasa,Belanja Perjalanan Dinas Biasa
1446,1701,1.0,Belanja Perjalanan Dinas Biasa,Belanja Perjalanan Dinas Biasa
1446,1697,1.0,Belanja Perjalanan Dinas Biasa,Belanja Perjalanan Dinas Biasa
1447,1698,1.0,Belanja Perjalanan Dinas Biasa,Belanja Perjalanan Dinas Biasa
1447,1696,1.0,Belanja Perjalanan Dinas Biasa,Belanja Perjalanan Dinas Biasa
1447,1699,1.0,Belanja Perjalanan Dinas Biasa,Belanja Perjalanan Dinas Biasa
1447,1701,1.0,Belanja Perjalanan Dinas Biasa,Belanja Perjalanan Dinas Biasa
1447,1697,1.0,Belanja Perjalanan Dinas Biasa,Belanja Perjalanan Dinas Biasa
1448,1698,1.0,Belanja Perjalanan Dinas Biasa,Belanja Perjalanan Dinas Biasa
1448,1696,1.0,Belanja Perjalanan Dinas Biasa,Belanja Perjalanan Dinas Biasa
1448,1699,1.0,Belanja Perjalanan Dinas Biasa,Belanja Perjalanan Dinas Biasa
1448,1701,1.0,Belanja Perjalanan Dinas Biasa,Belanja Perjalanan Dinas Biasa
1448,1697,1.0,Belanja Perjalanan Dinas Biasa,Belanja Perjalanan Dinas Biasa
1449,1698,1.0,Belanja Perjalanan Dinas Biasa,Belanja Perjalanan Dinas Biasa
1449,1696,1.0,Belanja Perjalanan Dinas Biasa,Belanja Perjalanan Dinas Biasa
1449,1699,1.0,Belanja Perjalanan Dinas Biasa,Belanja Perjalanan Dinas Biasa
1449,1701,1.0,Belanja Perjalanan Dinas Biasa,Belanja Perjalanan Dinas Biasa
1449,1697,1.0,Belanja Perjalanan Dinas Biasa,Belanja Perjalanan Dinas Biasa
1450,1698,1.0,Belanja Perjalanan Dinas Biasa,Belanja Perjalanan Dinas Biasa
1450,1696,1.0,Belanja Perjalanan Dinas Biasa,Belanja Perjalanan Dinas Biasa
1450,1699,1.0,Belanja Perjalanan Dinas Biasa,Belanja Perjalanan Dinas Biasa
1450,1701,1.0,Belanja Perjalanan Dinas Biasa,Belanja Perjalanan Dinas Biasa
1450,1697,1.0,Belanja Perjalanan Dinas Biasa,Belanja Perjalanan Dinas Biasa
1451,1698,1.0,Belanja Perjalanan Dinas Biasa,Belanja Perjalanan Dinas Biasa
1451,1696,1.0,Belanja Perjalanan Dinas Biasa,Belanja Perjalanan Dinas Biasa
1451,1699,1.0,Belanja Perjalanan Dinas Biasa,Belanja Perjalanan Dinas Biasa
1451,1701,1.0,Belanja Perjalanan Dinas Biasa,Belanja Perjalanan Dinas Biasa
1451,1697,1.0,Belanja Perjalanan Dinas Biasa,Belanja Perjalanan Dinas Biasa
1452,1698,1.0,Belanja Perjalanan Dinas Biasa,Belanja Perjalanan Dinas Biasa
1452,1696,1.0,Belanja Perjalanan Dinas Biasa,Belanja Perjalanan Dinas Biasa
1452,1699,1.0,Belanja Perjalanan Dinas Biasa,Belanja Perjalanan Dinas Biasa
1452,1701,1.0,Belanja Perjalanan Dinas Biasa,Belanja Perjalanan Dinas Biasa
1452,1697,1.0,Belanja Perjalanan Dinas Biasa,Belanja Perjalanan Dinas Biasa
1453,1698,1.0,Belanja Perjalanan Dinas Biasa,Belanja Perjalanan Dinas Biasa
1453,1696,1.0,Belanja Perjalanan Dinas Biasa,Belanja Perjalanan Dinas Biasa
1453,1699,1.0,Belanja Perjalanan Dinas Biasa,Belanja Perjalanan Dinas Biasa
1453,1701,1.0,Belanja Perjalanan Dinas Biasa,Belanja Perjalanan Dinas Biasa
1453,1697,1.0,Belanja Perjalanan Dinas Biasa,Belanja Perjalanan Dinas Biasa
1454,1698,1.0,Belanja Perjalanan Dinas Biasa,Belanja Perjalanan Dinas Biasa
1454,1696,1.0,Belanja Perjalanan Dinas Biasa,Belanja Perjalanan Dinas Biasa
1454,1699,1.0,Belanja Perjalanan Dinas Biasa,Belanja Perjalanan Dinas Biasa
1454,1701,1.0,Belanja Perjalanan Dinas Biasa,Belanja Perjalanan Dinas Biasa
1454,1697,1.0,Belanja Perjalanan Dinas Biasa,Belanja Perjalanan Dinas Biasa
1455,1698,1.0,Belanja Perjalanan Dinas Biasa,Belanja Perjalanan Dinas Biasa
1455,1696,1.0,Belanja Perjalanan Dinas Biasa,Belanja Perjalanan Dinas Biasa
1455,1699,1.0,Belanja Perjalanan Dinas Biasa,Belanja Perjalanan Dinas Biasa
1455,1701,1.0,Belanja Perjalanan Dinas Biasa,Belanja Perjalanan Dinas Biasa
1455,1697,1.0,Belanja Perjalanan Dinas Biasa,Belanja Perjalanan Dinas Biasa
1456,1698,1.0,Belanja Perjalanan Dinas Biasa,Belanja Perjalanan Dinas Biasa
1456,1696,1.0,Belanja Perjalanan Dinas Biasa,Belanja Perjalanan Dinas Biasa
1456,1699,1.0,Belanja Perjalanan Dinas Biasa,Belanja Perjalanan Dinas Biasa
1456,1701,1.0,Belanja Perjalanan Dinas Biasa,Belanja Perjalanan Dinas Biasa
1456,1697,1.0,Belanja Perjalanan Dinas Biasa,Belanja Perjalanan Dinas Biasa
1457,1698,1.0,Belanja Perjalanan Dinas Biasa,Belanja Perjalanan Dinas Biasa
1457,1696,1.0,Belanja Perjalanan Dinas Biasa,Belanja Perjalanan Dinas Biasa
1457,1699,1.0,Belanja Perjalanan Dinas Biasa,Belanja Perjalanan Dinas Biasa
1457,1701,1.0,Belanja Perjalanan Dinas Biasa,Belanja Perjalanan Dinas Biasa
1457,1697,1.0,Belanja Perjalanan Dinas Biasa,Belanja Perjalanan Dinas Biasa
1458,1698,1.0,Belanja Perjalanan Dinas Biasa,Belanja Perjalanan Dinas Biasa
1458,1696,1.0,Belanja Perjalanan Dinas Biasa,Belanja Perjalanan Dinas Biasa
1458,1699,1.0,Belanja Perjalanan Dinas Biasa,Belanja Perjalanan Dinas Biasa
1458,1701,1.0,Belanja Perjalanan Dinas Biasa,Belanja Perjalanan Dinas Biasa
1458,1697,1.0,Belanja Perjalanan Dinas Biasa,Belanja Perjalanan Dinas Biasa
1459,1698,1.0,Belanja Perjalanan Dinas Biasa,Belanja Perjalanan Dinas Biasa
1459,1696,1.0,Belanja Perjalanan Dinas Biasa,Belanja Perjalanan Dinas Biasa
1459,1699,1.0,Belanja Perjalanan Dinas Biasa,Belanja Perjalanan Dinas Biasa
1459,1701,1.0,Belanja Perjalanan Dinas Biasa,Belanja Perjalanan Dinas Biasa
1459,1697,1.0,Belanja Perjalanan Dinas Biasa,Belanja Perjalanan Dinas Biasa
1460,1698,1.0,Belanja Perjalanan Dinas Biasa,Belanja Perjalanan Dinas Biasa
1460,1696,1.0,Belanja Perjalanan Dinas Biasa,Belanja Perjalanan Dinas Biasa
1460,1699,1.0,Belanja Perjalanan Dinas Biasa,Belanja Perjalanan Dinas Biasa
1460,1701,1.0,Belanja Perjalanan Dinas Biasa,Belanja Perjalanan Dinas Biasa
1460,1697,1.0,Belanja Perjalanan Dinas Biasa,Belanja Perjalanan Dinas Biasa
1461,1698,1.0,Belanja Perjalanan Dinas Biasa,Belanja Perjalanan Dinas Biasa
1461,1696,1.0,Belanja Perjalanan Dinas Biasa,Belanja Perjalanan Dinas Biasa
1461,1699,1.0,Belanja Perjalanan Dinas Biasa,Belanja Perjalanan Dinas Biasa
1461,1701,1.0,Belanja Perjalanan Dinas Biasa,Belanja Perjalanan Dinas Biasa
1461,1697,1.0,Belanja Perjalanan Dinas Biasa,Belanja Perjalanan Dinas Biasa
1462,1698,1.0,Belanja Perjalanan Dinas Biasa,Belanja Perjalanan Dinas Biasa
1462,1696,1.0,Belanja Perjalanan Dinas Biasa,Belanja Perjalanan Dinas Biasa
1462,1699,1.0,Belanja Perjalanan Dinas Biasa,Belanja Perjalanan Dinas Biasa
1462,1701,1.0,Belanja Perjalanan Dinas Biasa,Belanja Perjalanan Dinas Biasa
1462,1697,1.0,Belanja Perjalanan Dinas Biasa,Belanja Perjalanan Dinas Biasa
1463,1698,1.0,Belanja Perjalanan Dinas Biasa,Belanja Perjalanan Dinas Biasa
1463,1696,1.0,Belanja Perjalanan Dinas Biasa,Belanja Perjalanan Dinas Biasa
1463,1699,1.0,Belanja Perjalanan Dinas Biasa,Belanja Perjalanan Dinas Biasa
1463,1701,1.0,Belanja Perjalanan Dinas Biasa,Belanja Perjalanan Dinas Biasa
1463,1697,1.0,Belanja Perjalanan Dinas Biasa,Belanja Perjalanan Dinas Biasa
1464,1698,1.0,Belanja Perjalanan Dinas Biasa,Belanja Perjalanan Dinas Biasa
1464,1696,1.0,Belanja Perjalanan Dinas Biasa,Belanja Perjalanan Dinas Biasa
1464,1699,1.0,Belanja Perjalanan Dinas Biasa,Belanja Perjalanan Dinas Biasa
1464,1701,1.0,Belanja Perjalanan Dinas Biasa,Belanja Perjalanan Dinas Biasa
1464,1697,1.0,Belanja Perjalanan Dinas Biasa,Belanja Perjalanan Dinas Biasa
1465,1698,1.0,Belanja Perjalanan Dinas Biasa,Belanja Perjalanan Dinas Biasa
1465,1696,1.0,Belanja Perjalanan Dinas Biasa,Belanja Perjalanan Dinas Biasa
1465,1699,1.0,Belanja Perjalanan Dinas Biasa,Belanja Perjalanan Dinas Biasa
1465,1701,1.0,Belanja Perjalanan Dinas Biasa,Belanja Perjalanan Dinas Biasa
1465,1697,1.0,Belanja Perjalanan Dinas Biasa,Belanja Perjalanan Dinas Biasa
1466,1698,1.0,Belanja Perjalanan Dinas Biasa,Belanja Perjalanan Dinas Biasa
1466,1696,1.0,Belanja Perjalanan Dinas Biasa,Belanja Perjalanan Dinas Biasa
1466,1699,1.0,Belanja Perjalanan Dinas Biasa,Belanja Perjalanan Dinas Biasa
1466,1701,1.0,Belanja Perjalanan Dinas Biasa,Belanja Perjalanan Dinas Biasa
1466,1697,1.0,Belanja Perjalanan Dinas Biasa,Belanja Perjalanan Dinas Biasa
1467,1698,1.0,Belanja Perjalanan Dinas Biasa,Belanja Perjalanan Dinas Biasa
1467,1696,1.0,Belanja Perjalanan Dinas Biasa,Belanja Perjalanan Dinas Biasa
1467,1699,1.0,Belanja Perjalanan Dinas Biasa,Belanja Perjalanan Dinas Biasa
1467,1701,1.0,Belanja Perjalanan Dinas Biasa,Belanja Perjalanan Dinas Biasa
1467,1697,1.0,Belanja Perjalanan Dinas Biasa,Belanja Perjalanan Dinas Biasa
1468,1698,1.0,Belanja Perjalanan Dinas Biasa,Belanja Perjalanan Dinas Biasa
1468,1696,1.0,Belanja Perjalanan Dinas Biasa,Belanja Perjalanan Dinas Biasa
1468,1699,1.0,Belanja Perjalanan Dinas Biasa,Belanja Perjalanan Dinas Biasa
1468,1701,1.0,Belanja Perjalanan Dinas Biasa,Belanja Perjalanan Dinas Biasa
1468,1697,1.0,Belanja Perjalanan Dinas Biasa,Belanja Perjalanan Dinas Biasa
1469,1698,1.0,Belanja Perjalanan Dinas Biasa,Belanja Perjalanan Dinas Biasa
1469,1696,1.0,Belanja Perjalanan Dinas Biasa,Belanja Perjalanan Dinas Biasa
1469,1699,1.0,Belanja Perjalanan Dinas Biasa,Belanja Perjalanan Dinas Biasa
1469,1701,1.0,Belanja Perjalanan Dinas Biasa,Belanja Perjalanan Dinas Biasa
1469,1697,1.0,Belanja Perjalanan Dinas Biasa,Belanja Perjalanan Dinas Biasa
1470,1698,1.0,Belanja Perjalanan Dinas Biasa,Belanja Perjalanan Dinas Biasa
1470,1696,1.0,Belanja Perjalanan Dinas Biasa,Belanja Perjalanan Dinas Biasa
1470,1699,1.0,Belanja Perjalanan Dinas Biasa,Belanja Perjalanan Dinas Biasa
1470,1701,1.0,Belanja Perjalanan Dinas Biasa,Belanja Perjalanan Dinas Biasa
1470,1697,1.0,Belanja Perjalanan Dinas Biasa,Belanja Perjalanan Dinas Biasa
1471,1698,1.0,Belanja Perjalanan Dinas Biasa,Belanja Perjalanan Dinas Biasa
1471,1696,1.0,Belanja Perjalanan Dinas Biasa,Belanja Perjalanan Dinas Biasa
1471,1699,1.0,Belanja Perjalanan Dinas Biasa,Belanja Perjalanan Dinas Biasa
1471,1701,1.0,Belanja Perjalanan Dinas Biasa,Belanja Perjalanan Dinas Biasa
1471,1697,1.0,Belanja Perjalanan Dinas Biasa,Belanja Perjalanan Dinas Biasa
1472,1698,1.0,Belanja Perjalanan Dinas Biasa,Belanja Perjalanan Dinas Biasa
1472,1696,1.0,Belanja Perjalanan Dinas Biasa,Belanja Perjalanan Dinas Biasa
1472,1699,1.0,Belanja Perjalanan Dinas Biasa,Belanja Perjalanan Dinas Biasa
1472,1701,1.0,Belanja Perjalanan Dinas Biasa,Belanja Perjalanan Dinas Biasa
1472,1697,1.0,Belanja Perjalanan Dinas Biasa,Belanja Perjalanan Dinas Biasa
1473,1698,1.0,Belanja Perjalanan Dinas Biasa,Belanja Perjalanan Dinas Biasa
1473,1696,1.0,Belanja Perjalanan Dinas Biasa,Belanja Perjalanan Dinas Biasa
1473,1699,1.0,Belanja Perjalanan Dinas Biasa,Belanja Perjalanan Dinas Biasa
1473,1701,1.0,Belanja Perjalanan Dinas Biasa,Belanja Perjalanan Dinas Biasa
1473,1697,1.0,Belanja Perjalanan Dinas Biasa,Belanja Perjalanan Dinas Biasa
1474,1698,1.0,Belanja Perjalanan Dinas Biasa,Belanja Perjalanan Dinas Biasa
1474,1696,1.0,Belanja Perjalanan Dinas Biasa,Belanja Perjalanan Dinas Biasa
1474,1699,1.0,Belanja Perjalanan Dinas Biasa,Belanja Perjalanan Dinas Biasa
1474,1701,1.0,Belanja Perjalanan Dinas Biasa,Belanja Perjalanan Dinas Biasa
1474,1697,1.0,Belanja Perjalanan Dinas Biasa,Belanja Perjalanan Dinas Biasa
1476,1698,1.0,Belanja Perjalanan Dinas Biasa,Belanja Perjalanan Dinas Biasa
1476,1696,1.0,Belanja Perjalanan Dinas Biasa,Belanja Perjalanan Dinas Biasa
1476,1699,1.0,Belanja Perjalanan Dinas Biasa,Belanja Perjalanan Dinas Biasa
1476,1701,1.0,Belanja Perjalanan Dinas Biasa,Belanja Perjalanan Dinas Biasa
1476,1697,1.0,Belanja Perjalanan Dinas Biasa,Belanja Perjalanan Dinas Biasa
1477,1698,1.0,Belanja Perjalanan Dinas Biasa,Belanja Perjalanan Dinas Biasa
1477,1696,1.0,Belanja Perjalanan Dinas Biasa,Belanja Perjalanan Dinas Biasa
1477,1699,1.0,Belanja Perjalanan Dinas Biasa,Belanja Perjalanan Dinas Biasa
1477,1701,1.0,Belanja Perjalanan Dinas Biasa,Belanja Perjalanan Dinas Biasa
1477,1697,1.0,Belanja Perjalanan Dinas Biasa,Belanja Perjalanan Dinas Biasa
1478,1698,1.0,Belanja Perjalanan Dinas Biasa,Belanja Perjalanan Dinas Biasa
1478,1696,1.0,Belanja Perjalanan Dinas Biasa,Belanja Perjalanan Dinas Biasa
1478,1699,1.0,Belanja Perjalanan Dinas Biasa,Belanja Perjalanan Dinas Biasa
1478,1701,1.0,Belanja Perjalanan Dinas Biasa,Belanja Perjalanan Dinas Biasa
1478,1697,1.0,Belanja Perjalanan Dinas Biasa,Belanja Perjalanan Dinas Biasa
1480,1698,1.0,Belanja Perjalanan Dinas Biasa,Belanja Perjalanan Dinas Biasa
1480,1696,1.0,Belanja Perjalanan Dinas Biasa,Belanja Perjalanan Dinas Biasa
1480,1699,1.0,Belanja Perjalanan Dinas Biasa,Belanja Perjalanan Dinas Biasa
1480,1701,1.0,Belanja Perjalanan Dinas Biasa,Belanja Perjalanan Dinas Biasa
1480,1697,1.0,Belanja Perjalanan Dinas Biasa,Belanja Perjalanan Dinas Biasa
1481,1698,1.0,Belanja Perjalanan Dinas Biasa,Belanja Perjalanan Dinas Biasa
1481,1696,1.0,Belanja Perjalanan Dinas Biasa,Belanja Perjalanan Dinas Biasa
1481,1699,1.0,Belanja Perjalanan Dinas Biasa,Belanja Perjalanan Dinas Biasa
1481,1701,1.0,Belanja Perjalanan Dinas Biasa,Belanja Perjalanan Dinas Biasa
1481,1697,1.0,Belanja Perjalanan Dinas Biasa,Belanja Perjalanan Dinas Biasa
1482,1698,1.0,Belanja Perjalanan Dinas Biasa,Belanja Perjalanan Dinas Biasa
1482,1696,1.0,Belanja Perjalanan Dinas Biasa,Belanja Perjalanan Dinas Biasa
1482,1699,1.0,Belanja Perjalanan Dinas Biasa,Belanja Perjalanan Dinas Biasa
1482,1701,1.0,Belanja Perjalanan Dinas Biasa,Belanja Perjalanan Dinas Biasa
1482,1697,1.0,Belanja Perjalanan Dinas Biasa,Belanja Perjalanan Dinas Biasa
1483,1698,1.0,Belanja Perjalanan Dinas Biasa,Belanja Perjalanan Dinas Biasa
1483,1696,1.0,Belanja Perjalanan Dinas Biasa,Belanja Perjalanan Dinas Biasa
1483,1699,1.0,Belanja Perjalanan Dinas Biasa,Belanja Perjalanan Dinas Biasa
1483,1701,1.0,Belanja Perjalanan Dinas Biasa,Belanja Perjalanan Dinas Biasa
1483,1697,1.0,Belanja Perjalanan Dinas Biasa,Belanja Perjalanan Dinas Biasa
1484,1698,1.0,Belanja Perjalanan Dinas Biasa,Belanja Perjalanan Dinas Biasa
1484,1696,1.0,Belanja Perjalanan Dinas Biasa,Belanja Perjalanan Dinas Biasa
1484,1699,1.0,Belanja Perjalanan Dinas Biasa,Belanja Perjalanan Dinas Biasa
1484,1701,1.0,Belanja Perjalanan Dinas Biasa,Belanja Perjalanan Dinas Biasa
1484,1697,1.0,Belanja Perjalanan Dinas Biasa,Belanja Perjalanan Dinas Biasa
1485,1698,1.0,Belanja Perjalanan Dinas Biasa,Belanja Perjalanan Dinas Biasa
1485,1696,1.0,Belanja Perjalanan Dinas Biasa,Belanja Perjalanan Dinas Biasa
1485,1699,1.0,Belanja Perjalanan Dinas Biasa,Belanja Perjalanan Dinas Biasa
1485,1701,1.0,Belanja Perjalanan Dinas Biasa,Belanja Perjalanan Dinas Biasa
1485,1697,1.0,Belanja Perjalanan Dinas Biasa,Belanja Perjalanan Dinas Biasa
1486,1698,1.0,Belanja Perjalanan Dinas Biasa,Belanja Perjalanan Dinas Biasa
1486,1696,1.0,Belanja Perjalanan Dinas Biasa,Belanja Perjalanan Dinas Biasa
1486,1699,1.0,Belanja Perjalanan Dinas Biasa,Belanja Perjalanan Dinas Biasa
1486,1701,1.0,Belanja Perjalanan Dinas Biasa,Belanja Perjalanan Dinas Biasa
1486,1697,1.0,Belanja Perjalanan Dinas Biasa,Belanja Perjalanan Dinas Biasa
1488,1698,1.0,Belanja Perjalanan Dinas Biasa,Belanja Perjalanan Dinas Biasa
1488,1696,1.0,Belanja Perjalanan Dinas Biasa,Belanja Perjalanan Dinas Biasa
1488,1699,1.0,Belanja Perjalanan Dinas Biasa,Belanja Perjalanan Dinas Biasa
1488,1701,1.0,Belanja Perjalanan Dinas Biasa,Belanja Perjalanan Dinas Biasa
1488,1697,1.0,Belanja Perjalanan Dinas Biasa,Belanja Perjalanan Dinas Biasa
1489,1698,1.0,Belanja Perjalanan Dinas Biasa,Belanja Perjalanan Dinas Biasa
1489,1696,1.0,Belanja Perjalanan Dinas Biasa,Belanja Perjalanan Dinas Biasa
1489,1699,1.0,Belanja Perjalanan Dinas Biasa,Belanja Perjalanan Dinas Biasa
1489,1701,1.0,Belanja Perjalanan Dinas Biasa,Belanja Perjalanan Dinas Biasa
1489,1697,1.0,Belanja Perjalanan Dinas Biasa,Belanja Perjalanan Dinas Biasa
1490,1698,1.0,Belanja Perjalanan Dinas Biasa,Belanja Perjalanan Dinas Biasa
1490,1696,1.0,Belanja Perjalanan Dinas Biasa,Belanja Perjalanan Dinas Biasa
1490,1699,1.0,Belanja Perjalanan Dinas Biasa,Belanja Perjalanan Dinas Biasa
1490,1701,1.0,Belanja Perjalanan Dinas Biasa,Belanja Perjalanan Dinas Biasa
1490,1697,1.0,Belanja Perjalanan Dinas Biasa,Belanja Perjalanan Dinas Biasa
1491,1698,1.0,Belanja Perjalanan Dinas Biasa,Belanja Perjalanan Dinas Biasa
1491,1696,1.0,Belanja Perjalanan Dinas Biasa,Belanja Perjalanan Dinas Biasa
1491,1699,1.0,Belanja Perjalanan Dinas Biasa,Belanja Perjalanan Dinas Biasa
1491,1701,1.0,Belanja Perjalanan Dinas Biasa,Belanja Perjalanan Dinas Biasa
1491,1697,1.0,Belanja Perjalanan Dinas Biasa,Belanja Perjalanan Dinas Biasa
1492,1698,1.0,Belanja Perjalanan Dinas Biasa,Belanja Perjalanan Dinas Biasa
1492,1696,1.0,Belanja Perjalanan Dinas Biasa,Belanja Perjalanan Dinas Biasa
1492,1699,1.0,Belanja Perjalanan Dinas Biasa,Belanja Perjalanan Dinas Biasa
1492,1701,1.0,Belanja Perjalanan Dinas Biasa,Belanja Perjalanan Dinas Biasa
1492,1697,1.0,Belanja Perjalanan Dinas Biasa,Belanja Perjalanan Dinas Biasa
1495,1698,1.0,Belanja Perjalanan Dinas Biasa,Belanja Perjalanan Dinas Biasa
1495,1696,1.0,Belanja Perjalanan Dinas Biasa,Belanja Perjalanan Dinas Biasa
1495,1699,1.0,Belanja Perjalanan Dinas Biasa,Belanja Perjalanan Dinas Biasa
1495,1701,1.0,Belanja Perjalanan Dinas Biasa,Belanja Perjalanan Dinas Biasa
1495,1697,1.0,Belanja Perjalanan Dinas Biasa,Belanja Perjalanan Dinas Biasa
1497,1698,1.0,Belanja Perjalanan Dinas Biasa,Belanja Perjalanan Dinas Biasa
1497,1696,1.0,Belanja Perjalanan Dinas Biasa,Belanja Perjalanan Dinas Biasa
1497,1699,1.0,Belanja Perjalanan Dinas Biasa,Belanja Perjalanan Dinas Biasa
1497,1701,1.0,Belanja Perjalanan Dinas Biasa,Belanja Perjalanan Dinas Biasa
1497,1697,1.0,Belanja Perjalanan Dinas Biasa,Belanja Perjalanan Dinas Biasa
1498,1698,1.0,Belanja Perjalanan Dinas Biasa,Belanja Perjalanan Dinas Biasa
1498,1696,1.0,Belanja Perjalanan Dinas Biasa,Belanja Perjalanan Dinas Biasa
1498,1699,1.0,Belanja Perjalanan Dinas Biasa,Belanja Perjalanan Dinas Biasa
1498,1701,1.0,Belanja Perjalanan Dinas Biasa,Belanja Perjalanan Dinas Biasa
1498,1697,1.0,Belanja Perjalanan Dinas Biasa,Belanja Perjalanan Dinas Biasa
1499,1698,1.0,Belanja Perjalanan Dinas Biasa,Belanja Perjalanan Dinas Biasa
1499,1696,1.0,Belanja Perjalanan Dinas Biasa,Belanja Perjalanan Dinas Biasa
1499,1699,1.0,Belanja Perjalanan Dinas Biasa,Belanja Perjalanan Dinas Biasa
1499,1701,1.0,Belanja Perjalanan Dinas Biasa,Belanja Perjalanan Dinas Biasa
1499,1697,1.0,Belanja Perjalanan Dinas Biasa,Belanja Perjalanan Dinas Biasa
1501,1698,1.0,Belanja Perjalanan Dinas Biasa,Belanja Perjalanan Dinas Biasa
1501,1696,1.0,Belanja Perjalanan Dinas Biasa,Belanja Perjalanan Dinas Biasa
1501,1699,1.0,Belanja Perjalanan Dinas Biasa,Belanja Perjalanan Dinas Biasa
1501,1701,1.0,Belanja Perjalanan Dinas Biasa,Belanja Perjalanan Dinas Biasa
1501,1697,1.0,Belanja Perjalanan Dinas Biasa,Belanja Perjalanan Dinas Biasa
1502,1511,1.0,Belanja Perjalanan Dinas Biasa Fasilitas Kerjasama Antar Pemerintah,Belanja Perjalanan Dinas Biasa Fasilitas Kerjasama Antar Pemerintah
1503,1512,1.0,Belanja Perjalanan Dinas Biasa (Penyelenggaraan Rakor SKPD),Belanja Perjalanan Dinas Biasa (Penyelenggaraan Rakor SKPD)
1504,1698,1.0,Belanja Perjalanan Dinas Biasa,Belanja Perjalanan Dinas Biasa
1504,1696,1.0,Belanja Perjalanan Dinas Biasa,Belanja Perjalanan Dinas Biasa
1504,1699,1.0,Belanja Perjalanan Dinas Biasa,Belanja Perjalanan Dinas Biasa
1504,1701,1.0,Belanja Perjalanan Dinas Biasa,Belanja Perjalanan Dinas Biasa
1504,1697,1.0,Belanja Perjalanan Dinas Biasa,Belanja Perjalanan Dinas Biasa
1506,1698,1.0,Belanja Perjalanan Dinas Biasa,Belanja Perjalanan Dinas Biasa
1506,1696,1.0,Belanja Perjalanan Dinas Biasa,Belanja Perjalanan Dinas Biasa
1506,1699,1.0,Belanja Perjalanan Dinas Biasa,Belanja Perjalanan Dinas Biasa
1506,1701,1.0,Belanja Perjalanan Dinas Biasa,Belanja Perjalanan Dinas Biasa
1506,1697,1.0,Belanja Perjalanan Dinas Biasa,Belanja Perjalanan Dinas Biasa
1507,1698,1.0,Belanja Perjalanan Dinas Biasa,Belanja Perjalanan Dinas Biasa
1507,1696,1.0,Belanja Perjalanan Dinas Biasa,Belanja Perjalanan Dinas Biasa
1507,1699,1.0,Belanja Perjalanan Dinas Biasa,Belanja Perjalanan Dinas Biasa
1507,1701,1.0,Belanja Perjalanan Dinas Biasa,Belanja Perjalanan Dinas Biasa
1507,1697,1.0,Belanja Perjalanan Dinas Biasa,Belanja Perjalanan Dinas Biasa
1509,1698,1.0,Belanja Perjalanan Dinas Biasa,Belanja Perjalanan Dinas Biasa
1509,1696,1.0,Belanja Perjalanan Dinas Biasa,Belanja Perjalanan Dinas Biasa
1509,1699,1.0,Belanja Perjalanan Dinas Biasa,Belanja Perjalanan Dinas Biasa
1509,1701,1.0,Belanja Perjalanan Dinas Biasa,Belanja Perjalanan Dinas Biasa
1509,1697,1.0,Belanja Perjalanan Dinas Biasa,Belanja Perjalanan Dinas Biasa
1510,1698,1.0,Belanja Perjalanan Dinas Biasa,Belanja Perjalanan Dinas Biasa
1510,1696,1.0,Belanja Perjalanan Dinas Biasa,Belanja Perjalanan Dinas Biasa
1510,1699,1.0,Belanja Perjalanan Dinas Biasa,Belanja Perjalanan Dinas Biasa
1510,1701,1.0,Belanja Perjalanan Dinas Biasa,Belanja Perjalanan Dinas Biasa
1510,1697,1.0,Belanja Perjalanan Dinas Biasa,Belanja Perjalanan Dinas Biasa
1513,1698,1.0,Belanja Perjalanan Dinas Biasa,Belanja Perjalanan Dinas Biasa
1513,1696,1.0,Belanja Perjalanan Dinas Biasa,Belanja Perjalanan Dinas Biasa
1513,1699,1.0,Belanja Perjalanan Dinas Biasa,Belanja Perjalanan Dinas Biasa
1513,1701,1.0,Belanja Perjalanan Dinas Biasa,Belanja Perjalanan Dinas Biasa
1513,1697,1.0,Belanja Perjalanan Dinas Biasa,Belanja Perjalanan Dinas Biasa
1514,1698,1.0,Belanja Perjalanan Dinas Biasa,Belanja Perjalanan Dinas Biasa
1514,1696,1.0,Belanja Perjalanan Dinas Biasa,Belanja Perjalanan Dinas Biasa
1514,1699,1.0,Belanja Perjalanan Dinas Biasa,Belanja Perjalanan Dinas Biasa
1514,1701,1.0,Belanja Perjalanan Dinas Biasa,Belanja Perjalanan Dinas Biasa
1514,1697,1.0,Belanja Perjalanan Dinas Biasa,Belanja Perjalanan Dinas Biasa
1515,1698,1.0,Belanja Perjalanan Dinas Biasa,Belanja Perjalanan Dinas Biasa
1515,1696,1.0,Belanja Perjalanan Dinas Biasa,Belanja Perjalanan Dinas Biasa
1515,1699,1.0,Belanja Perjalanan Dinas Biasa,Belanja Perjalanan Dinas Biasa
1515,1701,1.0,Belanja Perjalanan Dinas Biasa,Belanja Perjalanan Dinas Biasa
1515,1697,1.0,Belanja Perjalanan Dinas Biasa,Belanja Perjalanan Dinas Biasa
1516,1698,1.0,Belanja Perjalanan Dinas Biasa,Belanja Perjalanan Dinas Biasa
1516,1696,1.0,Belanja Perjalanan Dinas Biasa,Belanja Perjalanan Dinas Biasa
1516,1699,1.0,Belanja Perjalanan Dinas Biasa,Belanja Perjalanan Dinas Biasa
1516,1701,1.0,Belanja Perjalanan Dinas Biasa,Belanja Perjalanan Dinas Biasa
1516,1697,1.0,Belanja Perjalanan Dinas Biasa,Belanja Perjalanan Dinas Biasa
1517,1698,1.0,Belanja Perjalanan Dinas Biasa,Belanja Perjalanan Dinas Biasa
1517,1696,1.0,Belanja Perjalanan Dinas Biasa,Belanja Perjalanan Dinas Biasa
1517,1699,1.0,Belanja Perjalanan Dinas Biasa,Belanja Perjalanan Dinas Biasa
1517,1701,1.0,Belanja Perjalanan Dinas Biasa,Belanja Perjalanan Dinas Biasa
1517,1697,1.0,Belanja Perjalanan Dinas Biasa,Belanja Perjalanan Dinas Biasa
1518,1698,1.0,Belanja Perjalanan Dinas Biasa,Belanja Perjalanan Dinas Biasa
1518,1696,1.0,Belanja Perjalanan Dinas Biasa,Belanja Perjalanan Dinas Biasa
1518,1699,1.0,Belanja Perjalanan Dinas Biasa,Belanja Perjalanan Dinas Biasa
1518,1701,1.0,Belanja Perjalanan Dinas Biasa,Belanja Perjalanan Dinas Biasa
1518,1697,1.0,Belanja Perjalanan Dinas Biasa,Belanja Perjalanan Dinas Biasa
1519,1698,1.0,Belanja Perjalanan Dinas Biasa,Belanja Perjalanan Dinas Biasa
1519,1696,1.0,Belanja Perjalanan Dinas Biasa,Belanja Perjalanan Dinas Biasa
1519,1699,1.0,Belanja Perjalanan Dinas Biasa,Belanja Perjalanan Dinas Biasa
1519,1701,1.0,Belanja Perjalanan Dinas Biasa,Belanja Perjalanan Dinas Biasa
1519,1697,1.0,Belanja Perjalanan Dinas Biasa,Belanja Perjalanan Dinas Biasa
1520,1698,1.0,Belanja Perjalanan Dinas Biasa,Belanja Perjalanan Dinas Biasa
1520,1696,1.0,Belanja Perjalanan Dinas Biasa,Belanja Perjalanan Dinas Biasa
1520,1699,1.0,Belanja Perjalanan Dinas Biasa,Belanja Perjalanan Dinas Biasa
1520,1701,1.0,Belanja Perjalanan Dinas Biasa,Belanja Perjalanan Dinas Biasa
1520,1697,1.0,Belanja Perjalanan Dinas Biasa,Belanja Perjalanan Dinas Biasa
1521,2245,0.8715447148458516,Belanja Perjalanan Dinas Biasa - Pada Sub Kegiatan Penyelenggaraan Rapat Koordinasi dan Konsultasi SKPD,Belanja Perjalanan Dinas Biasa - pada kegiatan Rapat Koordinasi dan Konsultasi SKPD
1521,2850,0.8701437747822773,Belanja Perjalanan Dinas Biasa - Pada Sub Kegiatan Penyelenggaraan Rapat Koordinasi dan Konsultasi SKPD,"Penyelenggaraan Perjalanan Dinas Kegiatan, Rapat Koordinasi dan Konsultasi SKPD"
1523,1698,1.0,Belanja Perjalanan Dinas Biasa,Belanja Perjalanan Dinas Biasa
1523,1696,1.0,Belanja Perjalanan Dinas Biasa,Belanja Perjalanan Dinas Biasa
1523,1699,1.0,Belanja Perjalanan Dinas Biasa,Belanja Perjalanan Dinas Biasa
1523,1701,1.0,Belanja Perjalanan Dinas Biasa,Belanja Perjalanan Dinas Biasa
1523,1697,1.0,Belanja Perjalanan Dinas Biasa,Belanja Perjalanan Dinas Biasa
1524,1698,1.0,Belanja Perjalanan Dinas Biasa,Belanja Perjalanan Dinas Biasa
1524,1696,1.0,Belanja Perjalanan Dinas Biasa,Belanja Perjalanan Dinas Biasa
1524,1699,1.0,Belanja Perjalanan Dinas Biasa,Belanja Perjalanan Dinas Biasa
1524,1701,1.0,Belanja Perjalanan Dinas Biasa,Belanja Perjalanan Dinas Biasa
1524,1697,1.0,Belanja Perjalanan Dinas Biasa,Belanja Perjalanan Dinas Biasa
1525,1698,1.0,Belanja Perjalanan Dinas Biasa,Belanja Perjalanan Dinas Biasa
1525,1696,1.0,Belanja Perjalanan Dinas Biasa,Belanja Perjalanan Dinas Biasa
1525,1699,1.0,Belanja Perjalanan Dinas Biasa,Belanja Perjalanan Dinas Biasa
1525,1701,1.0,Belanja Perjalanan Dinas Biasa,Belanja Perjalanan Dinas Biasa
1525,1697,1.0,Belanja Perjalanan Dinas Biasa,Belanja Perjalanan Dinas Biasa
1526,1698,1.0,Belanja Perjalanan Dinas Biasa,Belanja Perjalanan Dinas Biasa
1526,1696,1.0,Belanja Perjalanan Dinas Biasa,Belanja Perjalanan Dinas Biasa
1526,1699,1.0,Belanja Perjalanan Dinas Biasa,Belanja Perjalanan Dinas Biasa
1526,1701,1.0,Belanja Perjalanan Dinas Biasa,Belanja Perjalanan Dinas Biasa
1526,1697,1.0,Belanja Perjalanan Dinas Biasa,Belanja Perjalanan Dinas Biasa
1527,1698,1.0,Belanja Perjalanan Dinas Biasa,Belanja Perjalanan Dinas Biasa
1527,1696,1.0,Belanja Perjalanan Dinas Biasa,Belanja Perjalanan Dinas Biasa
1527,1699,1.0,Belanja Perjalanan Dinas Biasa,Belanja Perjalanan Dinas Biasa
1527,1701,1.0,Belanja Perjalanan Dinas Biasa,Belanja Perjalanan Dinas Biasa
1527,1697,1.0,Belanja Perjalanan Dinas Biasa,Belanja Perjalanan Dinas Biasa
1528,1698,1.0,Belanja Perjalanan Dinas Biasa,Belanja Perjalanan Dinas Biasa
1528,1696,1.0,Belanja Perjalanan Dinas Biasa,Belanja Perjalanan Dinas Biasa
1528,1699,1.0,Belanja Perjalanan Dinas Biasa,Belanja Perjalanan Dinas Biasa
1528,1701,1.0,Belanja Perjalanan Dinas Biasa,Belanja Perjalanan Dinas Biasa
1528,1697,1.0,Belanja Perjalanan Dinas Biasa,Belanja Perjalanan Dinas Biasa
1529,1698,1.0,Belanja Perjalanan Dinas Biasa,Belanja Perjalanan Dinas Biasa
1529,1696,1.0,Belanja Perjalanan Dinas Biasa,Belanja Perjalanan Dinas Biasa
1529,1699,1.0,Belanja Perjalanan Dinas Biasa,Belanja Perjalanan Dinas Biasa
1529,1701,1.0,Belanja Perjalanan Dinas Biasa,Belanja Perjalanan Dinas Biasa
1529,1697,1.0,Belanja Perjalanan Dinas Biasa,Belanja Perjalanan Dinas Biasa
1530,1698,1.0,Belanja Perjalanan Dinas Biasa,Belanja Perjalanan Dinas Biasa
1530,1696,1.0,Belanja Perjalanan Dinas Biasa,Belanja Perjalanan Dinas Biasa
1530,1699,1.0,Belanja Perjalanan Dinas Biasa,Belanja Perjalanan Dinas Biasa
1530,1701,1.0,Belanja Perjalanan Dinas Biasa,Belanja Perjalanan Dinas Biasa
1530,1697,1.0,Belanja Perjalanan Dinas Biasa,Belanja Perjalanan Dinas Biasa
1531,1698,1.0,Belanja Perjalanan Dinas Biasa,Belanja Perjalanan Dinas Biasa
1531,1696,1.0,Belanja Perjalanan Dinas Biasa,Belanja Perjalanan Dinas Biasa
1531,1699,1.0,Belanja Perjalanan Dinas Biasa,Belanja Perjalanan Dinas Biasa
1531,1701,1.0,Belanja Perjalanan Dinas Biasa,Belanja Perjalanan Dinas Biasa
1531,1697,1.0,Belanja Perjalanan Dinas Biasa,Belanja Perjalanan Dinas Biasa
1533,1698,1.0,Belanja Perjalanan Dinas Biasa,Belanja Perjalanan Dinas Biasa
1533,1696,1.0,Belanja Perjalanan Dinas Biasa,Belanja Perjalanan Dinas Biasa
1533,1699,1.0,Belanja Perjalanan Dinas Biasa,Belanja Perjalanan Dinas Biasa
1533,1701,1.0,Belanja Perjalanan Dinas Biasa,Belanja Perjalanan Dinas Biasa
1533,1697,1.0,Belanja Perjalanan Dinas Biasa,Belanja Perjalanan Dinas Biasa
1534,1698,1.0,Belanja Perjalanan Dinas Biasa,Belanja Perjalanan Dinas Biasa
1534,1696,1.0,Belanja Perjalanan Dinas Biasa,Belanja Perjalanan Dinas Biasa
1534,1699,1.0,Belanja Perjalanan Dinas Biasa,Belanja Perjalanan Dinas Biasa
1534,1701,1.0,Belanja Perjalanan Dinas Biasa,Belanja Perjalanan Dinas Biasa
1534,1697,1.0,Belanja Perjalanan Dinas Biasa,Belanja Perjalanan Dinas Biasa
1535,1698,1.0,Belanja Perjalanan Dinas Biasa,Belanja Perjalanan Dinas Biasa
1535,1696,1.0,Belanja Perjalanan Dinas Biasa,Belanja Perjalanan Dinas Biasa
1535,1699,1.0,Belanja Perjalanan Dinas Biasa,Belanja Perjalanan Dinas Biasa
1535,1701,1.0,Belanja Perjalanan Dinas Biasa,Belanja Perjalanan Dinas Biasa
1535,1697,1.0,Belanja Perjalanan Dinas Biasa,Belanja Perjalanan Dinas Biasa
1536,1698,1.0,Belanja Perjalanan Dinas Biasa,Belanja Perjalanan Dinas Biasa
1536,1696,1.0,Belanja Perjalanan Dinas Biasa,Belanja Perjalanan Dinas Biasa
1536,1699,1.0,Belanja Perjalanan Dinas Biasa,Belanja Perjalanan Dinas Biasa
1536,1701,1.0,Belanja Perjalanan Dinas Biasa,Belanja Perjalanan Dinas Biasa
1536,1697,1.0,Belanja Perjalanan Dinas Biasa,Belanja Perjalanan Dinas Biasa
1537,1698,1.0,Belanja Perjalanan Dinas Biasa,Belanja Perjalanan Dinas Biasa
1537,1696,1.0,Belanja Perjalanan Dinas Biasa,Belanja Perjalanan Dinas Biasa
1537,1699,1.0,Belanja Perjalanan Dinas Biasa,Belanja Perjalanan Dinas Biasa
1537,1701,1.0,Belanja Perjalanan Dinas Biasa,Belanja Perjalanan Dinas Biasa
1537,1697,1.0,Belanja Perjalanan Dinas Biasa,Belanja Perjalanan Dinas Biasa
1538,1698,1.0,Belanja Perjalanan Dinas Biasa,Belanja Perjalanan Dinas Biasa
1538,1696,1.0,Belanja Perjalanan Dinas Biasa,Belanja Perjalanan Dinas Biasa
1538,1699,1.0,Belanja Perjalanan Dinas Biasa,Belanja Perjalanan Dinas Biasa
1538,1701,1.0,Belanja Perjalanan Dinas Biasa,Belanja Perjalanan Dinas Biasa
1538,1697,1.0,Belanja Perjalanan Dinas Biasa,Belanja Perjalanan Dinas Biasa
1539,1698,1.0,Belanja Perjalanan Dinas Biasa,Belanja Perjalanan Dinas Biasa
1539,1696,1.0,Belanja Perjalanan Dinas Biasa,Belanja Perjalanan Dinas Biasa
1539,1699,1.0,Belanja Perjalanan Dinas Biasa,Belanja Perjalanan Dinas Biasa
1539,1701,1.0,Belanja Perjalanan Dinas Biasa,Belanja Perjalanan Dinas Biasa
1539,1697,1.0,Belanja Perjalanan Dinas Biasa,Belanja Perjalanan Dinas Biasa
1541,1698,1.0,Belanja Perjalanan Dinas Biasa,Belanja Perjalanan Dinas Biasa
1541,1696,1.0,Belanja Perjalanan Dinas Biasa,Belanja Perjalanan Dinas Biasa
1541,1699,1.0,Belanja Perjalanan Dinas Biasa,Belanja Perjalanan Dinas Biasa
1541,1701,1.0,Belanja Perjalanan Dinas Biasa,Belanja Perjalanan Dinas Biasa
1541,1697,1.0,Belanja Perjalanan Dinas Biasa,Belanja Perjalanan Dinas Biasa
1542,1698,1.0,Belanja Perjalanan Dinas Biasa,Belanja Perjalanan Dinas Biasa
1542,1696,1.0,Belanja Perjalanan Dinas Biasa,Belanja Perjalanan Dinas Biasa
1542,1699,1.0,Belanja Perjalanan Dinas Biasa,Belanja Perjalanan Dinas Biasa
1542,1701,1.0,Belanja Perjalanan Dinas Biasa,Belanja Perjalanan Dinas Biasa
1542,1697,1.0,Belanja Perjalanan Dinas Biasa,Belanja Perjalanan Dinas Biasa
1543,1698,1.0,Belanja Perjalanan Dinas Biasa,Belanja Perjalanan Dinas Biasa
1543,1696,1.0,Belanja Perjalanan Dinas Biasa,Belanja Perjalanan Dinas Biasa
1543,1699,1.0,Belanja Perjalanan Dinas Biasa,Belanja Perjalanan Dinas Biasa
1543,1701,1.0,Belanja Perjalanan Dinas Biasa,Belanja Perjalanan Dinas Biasa
1543,1697,1.0,Belanja Perjalanan Dinas Biasa,Belanja Perjalanan Dinas Biasa
1544,1698,1.0,Belanja Perjalanan Dinas Biasa,Belanja Perjalanan Dinas Biasa
1544,1696,1.0,Belanja Perjalanan Dinas Biasa,Belanja Perjalanan Dinas Biasa
1544,1699,1.0,Belanja Perjalanan Dinas Biasa,Belanja Perjalanan Dinas Biasa
1544,1701,1.0,Belanja Perjalanan Dinas Biasa,Belanja Perjalanan Dinas Biasa
1544,1697,1.0,Belanja Perjalanan Dinas Biasa,Belanja Perjalanan Dinas Biasa
1545,1698,1.0,Belanja Perjalanan Dinas Biasa,Belanja Perjalanan Dinas Biasa
1545,1696,1.0,Belanja Perjalanan Dinas Biasa,Belanja Perjalanan Dinas Biasa
1545,1699,1.0,Belanja Perjalanan Dinas Biasa,Belanja Perjalanan Dinas Biasa
1545,1701,1.0,Belanja Perjalanan Dinas Biasa,Belanja Perjalanan Dinas Biasa
1545,1697,1.0,Belanja Perjalanan Dinas Biasa,Belanja Perjalanan Dinas Biasa
1546,1698,1.0,Belanja Perjalanan Dinas Biasa,Belanja Perjalanan Dinas Biasa
1546,1696,1.0,Belanja Perjalanan Dinas Biasa,Belanja Perjalanan Dinas Biasa
1546,1699,1.0,Belanja Perjalanan Dinas Biasa,Belanja Perjalanan Dinas Biasa
1546,1701,1.0,Belanja Perjalanan Dinas Biasa,Belanja Perjalanan Dinas Biasa
1546,1697,1.0,Belanja Perjalanan Dinas Biasa,Belanja Perjalanan Dinas Biasa
1547,1698,1.0,Belanja Perjalanan Dinas Biasa,Belanja Perjalanan Dinas Biasa
1547,1696,1.0,Belanja Perjalanan Dinas Biasa,Belanja Perjalanan Dinas Biasa
1547,1699,1.0,Belanja Perjalanan Dinas Biasa,Belanja Perjalanan Dinas Biasa
1547,1701,1.0,Belanja Perjalanan Dinas Biasa,Belanja Perjalanan Dinas Biasa
1547,1697,1.0,Belanja Perjalanan Dinas Biasa,Belanja Perjalanan Dinas Biasa
1548,1698,1.0,Belanja Perjalanan Dinas Biasa,Belanja Perjalanan Dinas Biasa
1548,1696,1.0,Belanja Perjalanan Dinas Biasa,Belanja Perjalanan Dinas Biasa
1548,1699,1.0,Belanja Perjalanan Dinas Biasa,Belanja Perjalanan Dinas Biasa
1548,1701,1.0,Belanja Perjalanan Dinas Biasa,Belanja Perjalanan Dinas Biasa
1548,1697,1.0,Belanja Perjalanan Dinas Biasa,Belanja Perjalanan Dinas Biasa
1549,1698,1.0,Belanja Perjalanan Dinas Biasa,Belanja Perjalanan Dinas Biasa
1549,1696,1.0,Belanja Perjalanan Dinas Biasa,Belanja Perjalanan Dinas Biasa
1549,1699,1.0,Belanja Perjalanan Dinas Biasa,Belanja Perjalanan Dinas Biasa
1549,1701,1.0,Belanja Perjalanan Dinas Biasa,Belanja Perjalanan Dinas Biasa
1549,1697,1.0,Belanja Perjalanan Dinas Biasa,Belanja Perjalanan Dinas Biasa
1550,1696,0.8751881406127044,Belanja Perjalanan Biasa,Belanja Perjalanan Dinas Biasa
1550,1698,0.8751881406127044,Belanja Perjalanan Biasa,Belanja Perjalanan Dinas Biasa
1550,1697,0.8751881406127044,Belanja Perjalanan Biasa,Belanja Perjalanan Dinas Biasa
1550,1700,0.8751881406127044,Belanja Perjalanan Biasa,Belanja Perjalanan Dinas Biasa
1551,1698,1.0,Belanja Perjalanan Dinas Biasa,Belanja Perjalanan Dinas Biasa
1551,1696,1.0,Belanja Perjalanan Dinas Biasa,Belanja Perjalanan Dinas Biasa
1551,1699,1.0,Belanja Perjalanan Dinas Biasa,Belanja Perjalanan Dinas Biasa
1551,1701,1.0,Belanja Perjalanan Dinas Biasa,Belanja Perjalanan Dinas Biasa
1551,1697,1.0,Belanja Perjalanan Dinas Biasa,Belanja Perjalanan Dinas Biasa
1552,1698,1.0,Belanja Perjalanan Dinas Biasa,Belanja Perjalanan Dinas Biasa
1552,1696,1.0,Belanja Perjalanan Dinas Biasa,Belanja Perjalanan Dinas Biasa
1552,1699,1.0,Belanja Perjalanan Dinas Biasa,Belanja Perjalanan Dinas Biasa
1552,1701,1.0,Belanja Perjalanan Dinas Biasa,Belanja Perjalanan Dinas Biasa
1552,1697,1.0,Belanja Perjalanan Dinas Biasa,Belanja Perjalanan Dinas Biasa
1553,1698,1.0,Belanja Perjalanan Dinas Biasa,Belanja Perjalanan Dinas Biasa
1553,1696,1.0,Belanja Perjalanan Dinas Biasa,Belanja Perjalanan Dinas Biasa
1553,1699,1.0,Belanja Perjalanan Dinas Biasa,Belanja Perjalanan Dinas Biasa
1553,1701,1.0,Belanja Perjalanan Dinas Biasa,Belanja Perjalanan Dinas Biasa
1553,1697,1.0,Belanja Perjalanan Dinas Biasa,Belanja Perjalanan Dinas Biasa
1554,1698,1.0,Belanja Perjalanan Dinas Biasa,Belanja Perjalanan Dinas Biasa
1554,1696,1.0,Belanja Perjalanan Dinas Biasa,Belanja Perjalanan Dinas Biasa
1554,1699,1.0,Belanja Perjalanan Dinas Biasa,Belanja Perjalanan Dinas Biasa
1554,1701,1.0,Belanja Perjalanan Dinas Biasa,Belanja Perjalanan Dinas Biasa
1554,1697,1.0,Belanja Perjalanan Dinas Biasa,Belanja Perjalanan Dinas Biasa
1555,1698,1.0,Belanja Perjalanan Dinas Biasa,Belanja Perjalanan Dinas Biasa
1555,1696,1.0,Belanja Perjalanan Dinas Biasa,Belanja Perjalanan Dinas Biasa
1555,1699,1.0,Belanja Perjalanan Dinas Biasa,Belanja Perjalanan Dinas Biasa
1555,1701,1.0,Belanja Perjalanan Dinas Biasa,Belanja Perjalanan Dinas Biasa
1555,1697,1.0,Belanja Perjalanan Dinas Biasa,Belanja Perjalanan Dinas Biasa
1556,1698,1.0,Belanja Perjalanan Dinas Biasa,Belanja Perjalanan Dinas Biasa
1556,1696,1.0,Belanja Perjalanan Dinas Biasa,Belanja Perjalanan Dinas Biasa
1556,1699,1.0,Belanja Perjalanan Dinas Biasa,Belanja Perjalanan Dinas Biasa
1556,1701,1.0,Belanja Perjalanan Dinas Biasa,Belanja Perjalanan Dinas Biasa
1556,1697,1.0,Belanja Perjalanan Dinas Biasa,Belanja Perjalanan Dinas Biasa
1557,1698,1.0,Belanja Perjalanan Dinas Biasa,Belanja Perjalanan Dinas Biasa
1557,1696,1.0,Belanja Perjalanan Dinas Biasa,Belanja Perjalanan Dinas Biasa
1557,1699,1.0,Belanja Perjalanan Dinas Biasa,Belanja Perjalanan Dinas Biasa
1557,1701,1.0,Belanja Perjalanan Dinas Biasa,Belanja Perjalanan Dinas Biasa
1557,1697,1.0,Belanja Perjalanan Dinas Biasa,Belanja Perjalanan Dinas Biasa
1558,1698,1.0,Belanja Perjalanan Dinas Biasa,Belanja Perjalanan Dinas Biasa
1558,1696,1.0,Belanja Perjalanan Dinas Biasa,Belanja Perjalanan Dinas Biasa
1558,1699,1.0,Belanja Perjalanan Dinas Biasa,Belanja Perjalanan Dinas Biasa
1558,1701,1.0,Belanja Perjalanan Dinas Biasa,Belanja Perjalanan Dinas Biasa
1558,1697,1.0,Belanja Perjalanan Dinas Biasa,Belanja Perjalanan Dinas Biasa
1560,1698,1.0,Belanja Perjalanan Dinas Biasa,Belanja Perjalanan Dinas Biasa
1560,1696,1.0,Belanja Perjalanan Dinas Biasa,Belanja Perjalanan Dinas Biasa
1560,1699,1.0,Belanja Perjalanan Dinas Biasa,Belanja Perjalanan Dinas Biasa
1560,1701,1.0,Belanja Perjalanan Dinas Biasa,Belanja Perjalanan Dinas Biasa
1560,1697,1.0,Belanja Perjalanan Dinas Biasa,Belanja Perjalanan Dinas Biasa
1561,1698,1.0,Belanja Perjalanan Dinas Biasa,Belanja Perjalanan Dinas Biasa
1561,1696,1.0,Belanja Perjalanan Dinas Biasa,Belanja Perjalanan Dinas Biasa
1561,1699,1.0,Belanja Perjalanan Dinas Biasa,Belanja Perjalanan Dinas Biasa
1561,1701,1.0,Belanja Perjalanan Dinas Biasa,Belanja Perjalanan Dinas Biasa
1561,1697,1.0,Belanja Perjalanan Dinas Biasa,Belanja Perjalanan Dinas Biasa
1562,1698,1.0,Belanja Perjalanan Dinas Biasa,Belanja Perjalanan Dinas Biasa
1562,1696,1.0,Belanja Perjalanan Dinas Biasa,Belanja Perjalanan Dinas Biasa
1562,1699,1.0,Belanja Perjalanan Dinas Biasa,Belanja Perjalanan Dinas Biasa
1562,1701,1.0,Belanja Perjalanan Dinas Biasa,Belanja Perjalanan Dinas Biasa
1562,1697,1.0,Belanja Perjalanan Dinas Biasa,Belanja Perjalanan Dinas Biasa
1563,1698,1.0,Belanja Perjalanan Dinas Biasa,Belanja Perjalanan Dinas Biasa
1563,1696,1.0,Belanja Perjalanan Dinas Biasa,Belanja Perjalanan Dinas Biasa
1563,1699,1.0,Belanja Perjalanan Dinas Biasa,Belanja Perjalanan Dinas Biasa
1563,1701,1.0,Belanja Perjalanan Dinas Biasa,Belanja Perjalanan Dinas Biasa
1563,1697,1.0,Belanja Perjalanan Dinas Biasa,Belanja Perjalanan Dinas Biasa
1564,1698,1.0,Belanja Perjalanan Dinas Biasa,Belanja Perjalanan Dinas Biasa
1564,1696,1.0,Belanja Perjalanan Dinas Biasa,Belanja Perjalanan Dinas Biasa
1564,1699,1.0,Belanja Perjalanan Dinas Biasa,Belanja Perjalanan Dinas Biasa
1564,1701,1.0,Belanja Perjalanan Dinas Biasa,Belanja Perjalanan Dinas Biasa
1564,1697,1.0,Belanja Perjalanan Dinas Biasa,Belanja Perjalanan Dinas Biasa
1567,1604,0.8648531255277616,Belanja Perjalanan Dinas Biasa Uang Harian Peserta Pelatihan Penanggulangan TBC bagi Tenaga Kesehatan di Fasilitas Pelayanan Kesehatan,Belanja Perjalanan Dinas Biasa Transportasi Peserta Pelatihan Penanggulangan Tuberkulosis (TBC) bagi Tenaga Kesehatan di Fasilitas Pelayanan Kesehatan
1567,1665,0.8508044250236562,Belanja Perjalanan Dinas Biasa Uang Harian Peserta Pelatihan Penanggulangan TBC bagi Tenaga Kesehatan di Fasilitas Pelayanan Kesehatan,Belanja Perjalanan Dinas Biasa  Pelatihan Penanggulangan Tuberkulosis (TBC) bagi Tenaga Kesehatan di Fasilitas Pelayanan Kesehatan
1571,1698,1.0,Belanja Perjalanan Dinas Biasa,Belanja Perjalanan Dinas Biasa
1571,1696,1.0,Belanja Perjalanan Dinas Biasa,Belanja Perjalanan Dinas Biasa
1571,1699,1.0,Belanja Perjalanan Dinas Biasa,Belanja Perjalanan Dinas Biasa
1571,1701,1.0,Belanja Perjalanan Dinas Biasa,Belanja Perjalanan Dinas Biasa
1571,1697,1.0,Belanja Perjalanan Dinas Biasa,Belanja Perjalanan Dinas Biasa
1572,1698,1.0,Belanja Perjalanan Dinas Biasa,Belanja Perjalanan Dinas Biasa
1572,1696,1.0,Belanja Perjalanan Dinas Biasa,Belanja Perjalanan Dinas Biasa
1572,1699,1.0,Belanja Perjalanan Dinas Biasa,Belanja Perjalanan Dinas Biasa
1572,1701,1.0,Belanja Perjalanan Dinas Biasa,Belanja Perjalanan Dinas Biasa
1572,1697,1.0,Belanja Perjalanan Dinas Biasa,Belanja Perjalanan Dinas Biasa
1573,1698,1.0,Belanja Perjalanan Dinas Biasa,Belanja Perjalanan Dinas Biasa
1573,1696,1.0,Belanja Perjalanan Dinas Biasa,Belanja Perjalanan Dinas Biasa
1573,1699,1.0,Belanja Perjalanan Dinas Biasa,Belanja Perjalanan Dinas Biasa
1573,1701,1.0,Belanja Perjalanan Dinas Biasa,Belanja Perjalanan Dinas Biasa
1573,1697,1.0,Belanja Perjalanan Dinas Biasa,Belanja Perjalanan Dinas Biasa
1574,1698,1.0,Belanja Perjalanan Dinas Biasa,Belanja Perjalanan Dinas Biasa
1574,1696,1.0,Belanja Perjalanan Dinas Biasa,Belanja Perjalanan Dinas Biasa
1574,1699,1.0,Belanja Perjalanan Dinas Biasa,Belanja Perjalanan Dinas Biasa
1574,1701,1.0,Belanja Perjalanan Dinas Biasa,Belanja Perjalanan Dinas Biasa
1574,1697,1.0,Belanja Perjalanan Dinas Biasa,Belanja Perjalanan Dinas Biasa
1575,1698,1.0,Belanja Perjalanan Dinas Biasa,Belanja Perjalanan Dinas Biasa
1575,1696,1.0,Belanja Perjalanan Dinas Biasa,Belanja Perjalanan Dinas Biasa
1575,1699,1.0,Belanja Perjalanan Dinas Biasa,Belanja Perjalanan Dinas Biasa
1575,1701,1.0,Belanja Perjalanan Dinas Biasa,Belanja Perjalanan Dinas Biasa
1575,1697,1.0,Belanja Perjalanan Dinas Biasa,Belanja Perjalanan Dinas Biasa
1576,1698,1.0,Belanja Perjalanan Dinas Biasa,Belanja Perjalanan Dinas Biasa
1576,1696,1.0,Belanja Perjalanan Dinas Biasa,Belanja Perjalanan Dinas Biasa
1576,1699,1.0,Belanja Perjalanan Dinas Biasa,Belanja Perjalanan Dinas Biasa
1576,1701,1.0,Belanja Perjalanan Dinas Biasa,Belanja Perjalanan Dinas Biasa
1576,1697,1.0,Belanja Perjalanan Dinas Biasa,Belanja Perjalanan Dinas Biasa
1577,1698,1.0,Belanja Perjalanan Dinas Biasa,Belanja Perjalanan Dinas Biasa
1577,1696,1.0,Belanja Perjalanan Dinas Biasa,Belanja Perjalanan Dinas Biasa
1577,1699,1.0,Belanja Perjalanan Dinas Biasa,Belanja Perjalanan Dinas Biasa
1577,1701,1.0,Belanja Perjalanan Dinas Biasa,Belanja Perjalanan Dinas Biasa
1577,1697,1.0,Belanja Perjalanan Dinas Biasa,Belanja Perjalanan Dinas Biasa
1578,1698,1.0,Belanja Perjalanan Dinas Biasa,Belanja Perjalanan Dinas Biasa
1578,1696,1.0,Belanja Perjalanan Dinas Biasa,Belanja Perjalanan Dinas Biasa
1578,1699,1.0,Belanja Perjalanan Dinas Biasa,Belanja Perjalanan Dinas Biasa
1578,1701,1.0,Belanja Perjalanan Dinas Biasa,Belanja Perjalanan Dinas Biasa
1578,1697,1.0,Belanja Perjalanan Dinas Biasa,Belanja Perjalanan Dinas Biasa
1579,1698,1.0,Belanja Perjalanan Dinas Biasa,Belanja Perjalanan Dinas Biasa
1579,1696,1.0,Belanja Perjalanan Dinas Biasa,Belanja Perjalanan Dinas Biasa
1579,1699,1.0,Belanja Perjalanan Dinas Biasa,Belanja Perjalanan Dinas Biasa
1579,1701,1.0,Belanja Perjalanan Dinas Biasa,Belanja Perjalanan Dinas Biasa
1579,1697,1.0,Belanja Perjalanan Dinas Biasa,Belanja Perjalanan Dinas Biasa
1580,1698,1.0,Belanja Perjalanan Dinas Biasa,Belanja Perjalanan Dinas Biasa
1580,1696,1.0,Belanja Perjalanan Dinas Biasa,Belanja Perjalanan Dinas Biasa
1580,1699,1.0,Belanja Perjalanan Dinas Biasa,Belanja Perjalanan Dinas Biasa
1580,1701,1.0,Belanja Perjalanan Dinas Biasa,Belanja Perjalanan Dinas Biasa
1580,1697,1.0,Belanja Perjalanan Dinas Biasa,Belanja Perjalanan Dinas Biasa
1583,1698,1.0,Belanja Perjalanan Dinas Biasa,Belanja Perjalanan Dinas Biasa
1583,1696,1.0,Belanja Perjalanan Dinas Biasa,Belanja Perjalanan Dinas Biasa
1583,1699,1.0,Belanja Perjalanan Dinas Biasa,Belanja Perjalanan Dinas Biasa
1583,1701,1.0,Belanja Perjalanan Dinas Biasa,Belanja Perjalanan Dinas Biasa
1583,1697,1.0,Belanja Perjalanan Dinas Biasa,Belanja Perjalanan Dinas Biasa
1584,1698,1.0,Belanja Perjalanan Dinas Biasa,Belanja Perjalanan Dinas Biasa
1584,1696,1.0,Belanja Perjalanan Dinas Biasa,Belanja Perjalanan Dinas Biasa
1584,1699,1.0,Belanja Perjalanan Dinas Biasa,Belanja Perjalanan Dinas Biasa
1584,1701,1.0,Belanja Perjalanan Dinas Biasa,Belanja Perjalanan Dinas Biasa
1584,1697,1.0,Belanja Perjalanan Dinas Biasa,Belanja Perjalanan Dinas Biasa
1585,1698,1.0,Belanja Perjalanan Dinas Biasa,Belanja Perjalanan Dinas Biasa
1585,1696,1.0,Belanja Perjalanan Dinas Biasa,Belanja Perjalanan Dinas Biasa
1585,1699,1.0,Belanja Perjalanan Dinas Biasa,Belanja Perjalanan Dinas Biasa
1585,1701,1.0,Belanja Perjalanan Dinas Biasa,Belanja Perjalanan Dinas Biasa
1585,1697,1.0,Belanja Perjalanan Dinas Biasa,Belanja Perjalanan Dinas Biasa
1586,1698,1.0,Belanja Perjalanan Dinas Biasa,Belanja Perjalanan Dinas Biasa
1586,1696,1.0,Belanja Perjalanan Dinas Biasa,Belanja Perjalanan Dinas Biasa
1586,1699,1.0,Belanja Perjalanan Dinas Biasa,Belanja Perjalanan Dinas Biasa
1586,1701,1.0,Belanja Perjalanan Dinas Biasa,Belanja Perjalanan Dinas Biasa
1586,1697,1.0,Belanja Perjalanan Dinas Biasa,Belanja Perjalanan Dinas Biasa
1587,1698,1.0,Belanja Perjalanan Dinas Biasa,Belanja Perjalanan Dinas Biasa
1587,1696,1.0,Belanja Perjalanan Dinas Biasa,Belanja Perjalanan Dinas Biasa
1587,1699,1.0,Belanja Perjalanan Dinas Biasa,Belanja Perjalanan Dinas Biasa
1587,1701,1.0,Belanja Perjalanan Dinas Biasa,Belanja Perjalanan Dinas Biasa
1587,1697,1.0,Belanja Perjalanan Dinas Biasa,Belanja Perjalanan Dinas Biasa
1588,1698,1.0,Belanja Perjalanan Dinas Biasa,Belanja Perjalanan Dinas Biasa
1588,1696,1.0,Belanja Perjalanan Dinas Biasa,Belanja Perjalanan Dinas Biasa
1588,1699,1.0,Belanja Perjalanan Dinas Biasa,Belanja Perjalanan Dinas Biasa
1588,1701,1.0,Belanja Perjalanan Dinas Biasa,Belanja Perjalanan Dinas Biasa
1588,1697,1.0,Belanja Perjalanan Dinas Biasa,Belanja Perjalanan Dinas Biasa
1589,1698,1.0,Belanja Perjalanan Dinas Biasa,Belanja Perjalanan Dinas Biasa
1589,1696,1.0,Belanja Perjalanan Dinas Biasa,Belanja Perjalanan Dinas Biasa
1589,1699,1.0,Belanja Perjalanan Dinas Biasa,Belanja Perjalanan Dinas Biasa
1589,1701,1.0,Belanja Perjalanan Dinas Biasa,Belanja Perjalanan Dinas Biasa
1589,1697,1.0,Belanja Perjalanan Dinas Biasa,Belanja Perjalanan Dinas Biasa
1590,1698,1.0,Belanja Perjalanan Dinas Biasa,Belanja Perjalanan Dinas Biasa
1590,1696,1.0,Belanja Perjalanan Dinas Biasa,Belanja Perjalanan Dinas Biasa
1590,1699,1.0,Belanja Perjalanan Dinas Biasa,Belanja Perjalanan Dinas Biasa
1590,1701,1.0,Belanja Perjalanan Dinas Biasa,Belanja Perjalanan Dinas Biasa
1590,1697,1.0,Belanja Perjalanan Dinas Biasa,Belanja Perjalanan Dinas Biasa
1591,1698,1.0,Belanja Perjalanan Dinas Biasa,Belanja Perjalanan Dinas Biasa
1591,1696,1.0,Belanja Perjalanan Dinas Biasa,Belanja Perjalanan Dinas Biasa
1591,1699,1.0,Belanja Perjalanan Dinas Biasa,Belanja Perjalanan Dinas Biasa
1591,1701,1.0,Belanja Perjalanan Dinas Biasa,Belanja Perjalanan Dinas Biasa
1591,1697,1.0,Belanja Perjalanan Dinas Biasa,Belanja Perjalanan Dinas Biasa
1592,1698,1.0,Belanja Perjalanan Dinas Biasa,Belanja Perjalanan Dinas Biasa
1592,1696,1.0,Belanja Perjalanan Dinas Biasa,Belanja Perjalanan Dinas Biasa
1592,1699,1.0,Belanja Perjalanan Dinas Biasa,Belanja Perjalanan Dinas Biasa
1592,1701,1.0,Belanja Perjalanan Dinas Biasa,Belanja Perjalanan Dinas Biasa
1592,1697,1.0,Belanja Perjalanan Dinas Biasa,Belanja Perjalanan Dinas Biasa
1593,1698,1.0,Belanja Perjalanan Dinas Biasa,Belanja Perjalanan Dinas Biasa
1593,1696,1.0,Belanja Perjalanan Dinas Biasa,Belanja Perjalanan Dinas Biasa
1593,1699,1.0,Belanja Perjalanan Dinas Biasa,Belanja Perjalanan Dinas Biasa
1593,1701,1.0,Belanja Perjalanan Dinas Biasa,Belanja Perjalanan Dinas Biasa
1593,1697,1.0,Belanja Perjalanan Dinas Biasa,Belanja Perjalanan Dinas Biasa
1594,1698,1.0,Belanja Perjalanan Dinas Biasa,Belanja Perjalanan Dinas Biasa
1594,1696,1.0,Belanja Perjalanan Dinas Biasa,Belanja Perjalanan Dinas Biasa
1594,1699,1.0,Belanja Perjalanan Dinas Biasa,Belanja Perjalanan Dinas Biasa
1594,1701,1.0,Belanja Perjalanan Dinas Biasa,Belanja Perjalanan Dinas Biasa
1594,1697,1.0,Belanja Perjalanan Dinas Biasa,Belanja Perjalanan Dinas Biasa
1595,1698,1.0,Belanja Perjalanan Dinas Biasa,Belanja Perjalanan Dinas Biasa
1595,1696,1.0,Belanja Perjalanan Dinas Biasa,Belanja Perjalanan Dinas Biasa
1595,1699,1.0,Belanja Perjalanan Dinas Biasa,Belanja Perjalanan Dinas Biasa
1595,1701,1.0,Belanja Perjalanan Dinas Biasa,Belanja Perjalanan Dinas Biasa
1595,1697,1.0,Belanja Perjalanan Dinas Biasa,Belanja Perjalanan Dinas Biasa
1596,1698,1.0,Belanja Perjalanan Dinas Biasa,Belanja Perjalanan Dinas Biasa
1596,1696,1.0,Belanja Perjalanan Dinas Biasa,Belanja Perjalanan Dinas Biasa
1596,1699,1.0,Belanja Perjalanan Dinas Biasa,Belanja Perjalanan Dinas Biasa
1596,1701,1.0,Belanja Perjalanan Dinas Biasa,Belanja Perjalanan Dinas Biasa
1596,1697,1.0,Belanja Perjalanan Dinas Biasa,Belanja Perjalanan Dinas Biasa
1597,1698,1.0,Belanja Perjalanan Dinas Biasa,Belanja Perjalanan Dinas Biasa
1597,1696,1.0,Belanja Perjalanan Dinas Biasa,Belanja Perjalanan Dinas Biasa
1597,1699,1.0,Belanja Perjalanan Dinas Biasa,Belanja Perjalanan Dinas Biasa
1597,1701,1.0,Belanja Perjalanan Dinas Biasa,Belanja Perjalanan Dinas Biasa
1597,1697,1.0,Belanja Perjalanan Dinas Biasa,Belanja Perjalanan Dinas Biasa
1598,1698,1.0,Belanja Perjalanan Dinas Biasa,Belanja Perjalanan Dinas Biasa
1598,1696,1.0,Belanja Perjalanan Dinas Biasa,Belanja Perjalanan Dinas Biasa
1598,1699,1.0,Belanja Perjalanan Dinas Biasa,Belanja Perjalanan Dinas Biasa
1598,1701,1.0,Belanja Perjalanan Dinas Biasa,Belanja Perjalanan Dinas Biasa
1598,1697,1.0,Belanja Perjalanan Dinas Biasa,Belanja Perjalanan Dinas Biasa
1600,1698,1.0,Belanja Perjalanan Dinas Biasa,Belanja Perjalanan Dinas Biasa
1600,1696,1.0,Belanja Perjalanan Dinas Biasa,Belanja Perjalanan Dinas Biasa
1600,1699,1.0,Belanja Perjalanan Dinas Biasa,Belanja Perjalanan Dinas Biasa
1600,1701,1.0,Belanja Perjalanan Dinas Biasa,Belanja Perjalanan Dinas Biasa
1600,1697,1.0,Belanja Perjalanan Dinas Biasa,Belanja Perjalanan Dinas Biasa
1601,1698,1.0,Belanja Perjalanan Dinas Biasa,Belanja Perjalanan Dinas Biasa
1601,1696,1.0,Belanja Perjalanan Dinas Biasa,Belanja Perjalanan Dinas Biasa
1601,1699,1.0,Belanja Perjalanan Dinas Biasa,Belanja Perjalanan Dinas Biasa
1601,1701,1.0,Belanja Perjalanan Dinas Biasa,Belanja Perjalanan Dinas Biasa
1601,1697,1.0,Belanja Perjalanan Dinas Biasa,Belanja Perjalanan Dinas Biasa
1602,1698,1.0,Belanja Perjalanan Dinas Biasa,Belanja Perjalanan Dinas Biasa
1602,1696,1.0,Belanja Perjalanan Dinas Biasa,Belanja Perjalanan Dinas Biasa
1602,1699,1.0,Belanja Perjalanan Dinas Biasa,Belanja Perjalanan Dinas Biasa
1602,1701,1.0,Belanja Perjalanan Dinas Biasa,Belanja Perjalanan Dinas Biasa
1602,1697,1.0,Belanja Perjalanan Dinas Biasa,Belanja Perjalanan Dinas Biasa
1603,1612,1.0,Belanja Perjalanan Dinas Biasa Kepatuhan Pelaporan,Belanja Perjalanan Dinas Biasa Kepatuhan Pelaporan
1604,1665,0.9412861164384204,Belanja Perjalanan Dinas Biasa Transportasi Peserta Pelatihan Penanggulangan Tuberkulosis (TBC) bagi Tenaga Kesehatan di Fasilitas Pelayanan Kesehatan,Belanja Perjalanan Dinas Biasa  Pelatihan Penanggulangan Tuberkulosis (TBC) bagi Tenaga Kesehatan di Fasilitas Pelayanan Kesehatan
1605,1698,1.0,Belanja Perjalanan Dinas Biasa,Belanja Perjalanan Dinas Biasa
1605,1696,1.0,Belanja Perjalanan Dinas Biasa,Belanja Perjalanan Dinas Biasa
1605,1699,1.0,Belanja Perjalanan Dinas Biasa,Belanja Perjalanan Dinas Biasa
1605,1701,1.0,Belanja Perjalanan Dinas Biasa,Belanja Perjalanan Dinas Biasa
1605,1697,1.0,Belanja Perjalanan Dinas Biasa,Belanja Perjalanan Dinas Biasa
1606,1698,1.0,Belanja Perjalanan Dinas Biasa,Belanja Perjalanan Dinas Biasa
1606,1696,1.0,Belanja Perjalanan Dinas Biasa,Belanja Perjalanan Dinas Biasa
1606,1699,1.0,Belanja Perjalanan Dinas Biasa,Belanja Perjalanan Dinas Biasa
1606,1701,1.0,Belanja Perjalanan Dinas Biasa,Belanja Perjalanan Dinas Biasa
1606,1697,1.0,Belanja Perjalanan Dinas Biasa,Belanja Perjalanan Dinas Biasa
1607,1698,1.0,Belanja Perjalanan Dinas Biasa,Belanja Perjalanan Dinas Biasa
1607,1696,1.0,Belanja Perjalanan Dinas Biasa,Belanja Perjalanan Dinas Biasa
1607,1699,1.0,Belanja Perjalanan Dinas Biasa,Belanja Perjalanan Dinas Biasa
1607,1701,1.0,Belanja Perjalanan Dinas Biasa,Belanja Perjalanan Dinas Biasa
1607,1697,1.0,Belanja Perjalanan Dinas Biasa,Belanja Perjalanan Dinas Biasa
1608,1698,1.0,Belanja Perjalanan Dinas Biasa,Belanja Perjalanan Dinas Biasa
1608,1696,1.0,Belanja Perjalanan Dinas Biasa,Belanja Perjalanan Dinas Biasa
1608,1699,1.0,Belanja Perjalanan Dinas Biasa,Belanja Perjalanan Dinas Biasa
1608,1701,1.0,Belanja Perjalanan Dinas Biasa,Belanja Perjalanan Dinas Biasa
1608,1697,1.0,Belanja Perjalanan Dinas Biasa,Belanja Perjalanan Dinas Biasa
1609,1698,1.0,Belanja Perjalanan Dinas Biasa,Belanja Perjalanan Dinas Biasa
1609,1696,1.0,Belanja Perjalanan Dinas Biasa,Belanja Perjalanan Dinas Biasa
1609,1699,1.0,Belanja Perjalanan Dinas Biasa,Belanja Perjalanan Dinas Biasa
1609,1701,1.0,Belanja Perjalanan Dinas Biasa,Belanja Perjalanan Dinas Biasa
1609,1697,1.0,Belanja Perjalanan Dinas Biasa,Belanja Perjalanan Dinas Biasa
1610,1698,1.0,Belanja Perjalanan Dinas Biasa,Belanja Perjalanan Dinas Biasa
1610,1696,1.0,Belanja Perjalanan Dinas Biasa,Belanja Perjalanan Dinas Biasa
1610,1699,1.0,Belanja Perjalanan Dinas Biasa,Belanja Perjalanan Dinas Biasa
1610,1701,1.0,Belanja Perjalanan Dinas Biasa,Belanja Perjalanan Dinas Biasa
1610,1697,1.0,Belanja Perjalanan Dinas Biasa,Belanja Perjalanan Dinas Biasa
1611,1698,1.0,Belanja Perjalanan Dinas Biasa,Belanja Perjalanan Dinas Biasa
1611,1696,1.0,Belanja Perjalanan Dinas Biasa,Belanja Perjalanan Dinas Biasa
1611,1699,1.0,Belanja Perjalanan Dinas Biasa,Belanja Perjalanan Dinas Biasa
1611,1701,1.0,Belanja Perjalanan Dinas Biasa,Belanja Perjalanan Dinas Biasa
1611,1697,1.0,Belanja Perjalanan Dinas Biasa,Belanja Perjalanan Dinas Biasa
1613,1698,1.0,Belanja Perjalanan Dinas Biasa,Belanja Perjalanan Dinas Biasa
1613,1696,1.0,Belanja Perjalanan Dinas Biasa,Belanja Perjalanan Dinas Biasa
1613,1699,1.0,Belanja Perjalanan Dinas Biasa,Belanja Perjalanan Dinas Biasa
1613,1701,1.0,Belanja Perjalanan Dinas Biasa,Belanja Perjalanan Dinas Biasa
1613,1697,1.0,Belanja Perjalanan Dinas Biasa,Belanja Perjalanan Dinas Biasa
1614,1698,1.0,Belanja Perjalanan Dinas Biasa,Belanja Perjalanan Dinas Biasa
1614,1696,1.0,Belanja Perjalanan Dinas Biasa,Belanja Perjalanan Dinas Biasa
1614,1699,1.0,Belanja Perjalanan Dinas Biasa,Belanja Perjalanan Dinas Biasa
1614,1701,1.0,Belanja Perjalanan Dinas Biasa,Belanja Perjalanan Dinas Biasa
1614,1697,1.0,Belanja Perjalanan Dinas Biasa,Belanja Perjalanan Dinas Biasa
1615,1698,1.0,Belanja Perjalanan Dinas Biasa,Belanja Perjalanan Dinas Biasa
1615,1696,1.0,Belanja Perjalanan Dinas Biasa,Belanja Perjalanan Dinas Biasa
1615,1699,1.0,Belanja Perjalanan Dinas Biasa,Belanja Perjalanan Dinas Biasa
1615,1701,1.0,Belanja Perjalanan Dinas Biasa,Belanja Perjalanan Dinas Biasa
1615,1697,1.0,Belanja Perjalanan Dinas Biasa,Belanja Perjalanan Dinas Biasa
1616,1698,1.0,Belanja Perjalanan Dinas Biasa,Belanja Perjalanan Dinas Biasa
1616,1696,1.0,Belanja Perjalanan Dinas Biasa,Belanja Perjalanan Dinas Biasa
1616,1699,1.0,Belanja Perjalanan Dinas Biasa,Belanja Perjalanan Dinas Biasa
1616,1701,1.0,Belanja Perjalanan Dinas Biasa,Belanja Perjalanan Dinas Biasa
1616,1697,1.0,Belanja Perjalanan Dinas Biasa,Belanja Perjalanan Dinas Biasa
1617,1698,1.0,Belanja Perjalanan Dinas Biasa,Belanja Perjalanan Dinas Biasa
1617,1696,1.0,Belanja Perjalanan Dinas Biasa,Belanja Perjalanan Dinas Biasa
1617,1699,1.0,Belanja Perjalanan Dinas Biasa,Belanja Perjalanan Dinas Biasa
1617,1701,1.0,Belanja Perjalanan Dinas Biasa,Belanja Perjalanan Dinas Biasa
1617,1697,1.0,Belanja Perjalanan Dinas Biasa,Belanja Perjalanan Dinas Biasa
1618,1698,1.0,Belanja Perjalanan Dinas Biasa,Belanja Perjalanan Dinas Biasa
1618,1696,1.0,Belanja Perjalanan Dinas Biasa,Belanja Perjalanan Dinas Biasa
1618,1699,1.0,Belanja Perjalanan Dinas Biasa,Belanja Perjalanan Dinas Biasa
1618,1701,1.0,Belanja Perjalanan Dinas Biasa,Belanja Perjalanan Dinas Biasa
1618,1697,1.0,Belanja Perjalanan Dinas Biasa,Belanja Perjalanan Dinas Biasa
1620,1750,1.0,Belanja Perjalanan Dinas Biasa Sub Kegiatan Pemberdayaan dan Pembinaan Masyarakat untuk Pengembangan Pariwisata (Transportasi Peserta dari Kabupaten-Kota),Belanja Perjalanan Dinas Biasa Sub Kegiatan Pemberdayaan dan Pembinaan Masyarakat untuk Pengembangan Pariwisata (Transportasi Peserta dari Kabupaten-Kota)
1620,1691,0.8633245354885517,Belanja Perjalanan Dinas Biasa Sub Kegiatan Pemberdayaan dan Pembinaan Masyarakat untuk Pengembangan Pariwisata (Transportasi Peserta dari Kabupaten-Kota),Belanja Perjalanan Dinas Biasa Sub Kegiatan Pemberdayaan dan Pembinaan Masyarakat untuk Pengembangan Pariwisata (Penggantian Transportasi Peserta)
1621,1698,1.0,Belanja Perjalanan Dinas Biasa,Belanja Perjalanan Dinas Biasa
1621,1696,1.0,Belanja Perjalanan Dinas Biasa,Belanja Perjalanan Dinas Biasa
1621,1699,1.0,Belanja Perjalanan Dinas Biasa,Belanja Perjalanan Dinas Biasa
1621,1701,1.0,Belanja Perjalanan Dinas Biasa,Belanja Perjalanan Dinas Biasa
1621,1697,1.0,Belanja Perjalanan Dinas Biasa,Belanja Perjalanan Dinas Biasa
1622,1698,1.0,Belanja Perjalanan Dinas Biasa,Belanja Perjalanan Dinas Biasa
1622,1696,1.0,Belanja Perjalanan Dinas Biasa,Belanja Perjalanan Dinas Biasa
1622,1699,1.0,Belanja Perjalanan Dinas Biasa,Belanja Perjalanan Dinas Biasa
1622,1701,1.0,Belanja Perjalanan Dinas Biasa,Belanja Perjalanan Dinas Biasa
1622,1697,1.0,Belanja Perjalanan Dinas Biasa,Belanja Perjalanan Dinas Biasa
1623,1698,1.0,Belanja Perjalanan Dinas Biasa,Belanja Perjalanan Dinas Biasa
1623,1696,1.0,Belanja Perjalanan Dinas Biasa,Belanja Perjalanan Dinas Biasa
1623,1699,1.0,Belanja Perjalanan Dinas Biasa,Belanja Perjalanan Dinas Biasa
1623,1701,1.0,Belanja Perjalanan Dinas Biasa,Belanja Perjalanan Dinas Biasa
1623,1697,1.0,Belanja Perjalanan Dinas Biasa,Belanja Perjalanan Dinas Biasa
1624,1698,1.0,Belanja Perjalanan Dinas Biasa,Belanja Perjalanan Dinas Biasa
1624,1696,1.0,Belanja Perjalanan Dinas Biasa,Belanja Perjalanan Dinas Biasa
1624,1699,1.0,Belanja Perjalanan Dinas Biasa,Belanja Perjalanan Dinas Biasa
1624,1701,1.0,Belanja Perjalanan Dinas Biasa,Belanja Perjalanan Dinas Biasa
1624,1697,1.0,Belanja Perjalanan Dinas Biasa,Belanja Perjalanan Dinas Biasa
1625,1698,1.0,Belanja Perjalanan Dinas Biasa,Belanja Perjalanan Dinas Biasa
1625,1696,1.0,Belanja Perjalanan Dinas Biasa,Belanja Perjalanan Dinas Biasa
1625,1699,1.0,Belanja Perjalanan Dinas Biasa,Belanja Perjalanan Dinas Biasa
1625,1701,1.0,Belanja Perjalanan Dinas Biasa,Belanja Perjalanan Dinas Biasa
1625,1697,1.0,Belanja Perjalanan Dinas Biasa,Belanja Perjalanan Dinas Biasa
1626,1698,1.0,Belanja Perjalanan Dinas Biasa,Belanja Perjalanan Dinas Biasa
1626,1696,1.0,Belanja Perjalanan Dinas Biasa,Belanja Perjalanan Dinas Biasa
1626,1699,1.0,Belanja Perjalanan Dinas Biasa,Belanja Perjalanan Dinas Biasa
1626,1701,1.0,Belanja Perjalanan Dinas Biasa,Belanja Perjalanan Dinas Biasa
1626,1697,1.0,Belanja Perjalanan Dinas Biasa,Belanja Perjalanan Dinas Biasa
1627,1698,1.0,Belanja Perjalanan Dinas Biasa,Belanja Perjalanan Dinas Biasa
1627,1696,1.0,Belanja Perjalanan Dinas Biasa,Belanja Perjalanan Dinas Biasa
1627,1699,1.0,Belanja Perjalanan Dinas Biasa,Belanja Perjalanan Dinas Biasa
1627,1701,1.0,Belanja Perjalanan Dinas Biasa,Belanja Perjalanan Dinas Biasa
1627,1697,1.0,Belanja Perjalanan Dinas Biasa,Belanja Perjalanan Dinas Biasa
1628,1698,1.0,Belanja Perjalanan Dinas Biasa,Belanja Perjalanan Dinas Biasa
1628,1696,1.0,Belanja Perjalanan Dinas Biasa,Belanja Perjalanan Dinas Biasa
1628,1699,1.0,Belanja Perjalanan Dinas Biasa,Belanja Perjalanan Dinas Biasa
1628,1701,1.0,Belanja Perjalanan Dinas Biasa,Belanja Perjalanan Dinas Biasa
1628,1697,1.0,Belanja Perjalanan Dinas Biasa,Belanja Perjalanan Dinas Biasa
1629,1698,1.0,Belanja Perjalanan Dinas Biasa,Belanja Perjalanan Dinas Biasa
1629,1696,1.0,Belanja Perjalanan Dinas Biasa,Belanja Perjalanan Dinas Biasa
1629,1699,1.0,Belanja Perjalanan Dinas Biasa,Belanja Perjalanan Dinas Biasa
1629,1701,1.0,Belanja Perjalanan Dinas Biasa,Belanja Perjalanan Dinas Biasa
1629,1697,1.0,Belanja Perjalanan Dinas Biasa,Belanja Perjalanan Dinas Biasa
1630,1698,1.0,Belanja Perjalanan Dinas Biasa,Belanja Perjalanan Dinas Biasa
1630,1696,1.0,Belanja Perjalanan Dinas Biasa,Belanja Perjalanan Dinas Biasa
1630,1699,1.0,Belanja Perjalanan Dinas Biasa,Belanja Perjalanan Dinas Biasa
1630,1701,1.0,Belanja Perjalanan Dinas Biasa,Belanja Perjalanan Dinas Biasa
1630,1697,1.0,Belanja Perjalanan Dinas Biasa,Belanja Perjalanan Dinas Biasa
1631,1698,1.0,Belanja Perjalanan Dinas Biasa,Belanja Perjalanan Dinas Biasa
1631,1696,1.0,Belanja Perjalanan Dinas Biasa,Belanja Perjalanan Dinas Biasa
1631,1699,1.0,Belanja Perjalanan Dinas Biasa,Belanja Perjalanan Dinas Biasa
1631,1701,1.0,Belanja Perjalanan Dinas Biasa,Belanja Perjalanan Dinas Biasa
1631,1697,1.0,Belanja Perjalanan Dinas Biasa,Belanja Perjalanan Dinas Biasa
1632,1698,1.0,Belanja Perjalanan Dinas Biasa,Belanja Perjalanan Dinas Biasa
1632,1696,1.0,Belanja Perjalanan Dinas Biasa,Belanja Perjalanan Dinas Biasa
1632,1699,1.0,Belanja Perjalanan Dinas Biasa,Belanja Perjalanan Dinas Biasa
1632,1701,1.0,Belanja Perjalanan Dinas Biasa,Belanja Perjalanan Dinas Biasa
1632,1697,1.0,Belanja Perjalanan Dinas Biasa,Belanja Perjalanan Dinas Biasa
1633,1698,1.0,Belanja Perjalanan Dinas Biasa,Belanja Perjalanan Dinas Biasa
1633,1696,1.0,Belanja Perjalanan Dinas Biasa,Belanja Perjalanan Dinas Biasa
1633,1699,1.0,Belanja Perjalanan Dinas Biasa,Belanja Perjalanan Dinas Biasa
1633,1701,1.0,Belanja Perjalanan Dinas Biasa,Belanja Perjalanan Dinas Biasa
1633,1697,1.0,Belanja Perjalanan Dinas Biasa,Belanja Perjalanan Dinas Biasa
1634,1698,1.0,Belanja Perjalanan Dinas Biasa,Belanja Perjalanan Dinas Biasa
1634,1696,1.0,Belanja Perjalanan Dinas Biasa,Belanja Perjalanan Dinas Biasa
1634,1699,1.0,Belanja Perjalanan Dinas Biasa,Belanja Perjalanan Dinas Biasa
1634,1701,1.0,Belanja Perjalanan Dinas Biasa,Belanja Perjalanan Dinas Biasa
1634,1697,1.0,Belanja Perjalanan Dinas Biasa,Belanja Perjalanan Dinas Biasa
1635,1698,1.0,Belanja Perjalanan Dinas Biasa,Belanja Perjalanan Dinas Biasa
1635,1696,1.0,Belanja Perjalanan Dinas Biasa,Belanja Perjalanan Dinas Biasa
1635,1699,1.0,Belanja Perjalanan Dinas Biasa,Belanja Perjalanan Dinas Biasa
1635,1701,1.0,Belanja Perjalanan Dinas Biasa,Belanja Perjalanan Dinas Biasa
1635,1697,1.0,Belanja Perjalanan Dinas Biasa,Belanja Perjalanan Dinas Biasa
1636,1698,1.0,Belanja Perjalanan Dinas Biasa,Belanja Perjalanan Dinas Biasa
1636,1696,1.0,Belanja Perjalanan Dinas Biasa,Belanja Perjalanan Dinas Biasa
1636,1699,1.0,Belanja Perjalanan Dinas Biasa,Belanja Perjalanan Dinas Biasa
1636,1701,1.0,Belanja Perjalanan Dinas Biasa,Belanja Perjalanan Dinas Biasa
1636,1697,1.0,Belanja Perjalanan Dinas Biasa,Belanja Perjalanan Dinas Biasa
1637,1698,1.0,Belanja Perjalanan Dinas Biasa,Belanja Perjalanan Dinas Biasa
1637,1696,1.0,Belanja Perjalanan Dinas Biasa,Belanja Perjalanan Dinas Biasa
1637,1699,1.0,Belanja Perjalanan Dinas Biasa,Belanja Perjalanan Dinas Biasa
1637,1701,1.0,Belanja Perjalanan Dinas Biasa,Belanja Perjalanan Dinas Biasa
1637,1697,1.0,Belanja Perjalanan Dinas Biasa,Belanja Perjalanan Dinas Biasa
1638,1698,1.0,Belanja Perjalanan Dinas Biasa,Belanja Perjalanan Dinas Biasa
1638,1696,1.0,Belanja Perjalanan Dinas Biasa,Belanja Perjalanan Dinas Biasa
1638,1699,1.0,Belanja Perjalanan Dinas Biasa,Belanja Perjalanan Dinas Biasa
1638,1701,1.0,Belanja Perjalanan Dinas Biasa,Belanja Perjalanan Dinas Biasa
1638,1697,1.0,Belanja Perjalanan Dinas Biasa,Belanja Perjalanan Dinas Biasa
1639,1698,1.0,Belanja Perjalanan Dinas Biasa,Belanja Perjalanan Dinas Biasa
1639,1696,1.0,Belanja Perjalanan Dinas Biasa,Belanja Perjalanan Dinas Biasa
1639,1699,1.0,Belanja Perjalanan Dinas Biasa,Belanja Perjalanan Dinas Biasa
1639,1701,1.0,Belanja Perjalanan Dinas Biasa,Belanja Perjalanan Dinas Biasa
1639,1697,1.0,Belanja Perjalanan Dinas Biasa,Belanja Perjalanan Dinas Biasa
1640,1698,1.0,Belanja Perjalanan Dinas Biasa,Belanja Perjalanan Dinas Biasa
1640,1696,1.0,Belanja Perjalanan Dinas Biasa,Belanja Perjalanan Dinas Biasa
1640,1699,1.0,Belanja Perjalanan Dinas Biasa,Belanja Perjalanan Dinas Biasa
1640,1701,1.0,Belanja Perjalanan Dinas Biasa,Belanja Perjalanan Dinas Biasa
1640,1697,1.0,Belanja Perjalanan Dinas Biasa,Belanja Perjalanan Dinas Biasa
1641,1698,1.0,Belanja Perjalanan Dinas Biasa,Belanja Perjalanan Dinas Biasa
1641,1696,1.0,Belanja Perjalanan Dinas Biasa,Belanja Perjalanan Dinas Biasa
1641,1699,1.0,Belanja Perjalanan Dinas Biasa,Belanja Perjalanan Dinas Biasa
1641,1701,1.0,Belanja Perjalanan Dinas Biasa,Belanja Perjalanan Dinas Biasa
1641,1697,1.0,Belanja Perjalanan Dinas Biasa,Belanja Perjalanan Dinas Biasa
1643,1842,1.0,Belanja Perjalanan Dinas Biasa SEKSI PELAYANAN KESEHATAN PRIMER DAN KESTRAD,Belanja Perjalanan Dinas Biasa SEKSI PELAYANAN KESEHATAN PRIMER DAN KESTRAD
1643,1779,1.0,Belanja Perjalanan Dinas Biasa SEKSI PELAYANAN KESEHATAN PRIMER DAN KESTRAD,Belanja Perjalanan Dinas Biasa SEKSI PELAYANAN KESEHATAN PRIMER DAN KESTRAD
1647,1698,1.0,Belanja Perjalanan Dinas Biasa,Belanja Perjalanan Dinas Biasa
1647,1696,1.0,Belanja Perjalanan Dinas Biasa,Belanja Perjalanan Dinas Biasa
1647,1699,1.0,Belanja Perjalanan Dinas Biasa,Belanja Perjalanan Dinas Biasa
1647,1701,1.0,Belanja Perjalanan Dinas Biasa,Belanja Perjalanan Dinas Biasa
1647,1697,1.0,Belanja Perjalanan Dinas Biasa,Belanja Perjalanan Dinas Biasa
1648,1698,1.0,Belanja Perjalanan Dinas Biasa,Belanja Perjalanan Dinas Biasa
1648,1696,1.0,Belanja Perjalanan Dinas Biasa,Belanja Perjalanan Dinas Biasa
1648,1699,1.0,Belanja Perjalanan Dinas Biasa,Belanja Perjalanan Dinas Biasa
1648,1701,1.0,Belanja Perjalanan Dinas Biasa,Belanja Perjalanan Dinas Biasa
1648,1697,1.0,Belanja Perjalanan Dinas Biasa,Belanja Perjalanan Dinas Biasa
1649,1698,1.0,Belanja Perjalanan Dinas Biasa,Belanja Perjalanan Dinas Biasa
1649,1696,1.0,Belanja Perjalanan Dinas Biasa,Belanja Perjalanan Dinas Biasa
1649,1699,1.0,Belanja Perjalanan Dinas Biasa,Belanja Perjalanan Dinas Biasa
1649,1701,1.0,Belanja Perjalanan Dinas Biasa,Belanja Perjalanan Dinas Biasa
1649,1697,1.0,Belanja Perjalanan Dinas Biasa,Belanja Perjalanan Dinas Biasa
1650,1698,1.0,Belanja Perjalanan Dinas Biasa,Belanja Perjalanan Dinas Biasa
1650,1696,1.0,Belanja Perjalanan Dinas Biasa,Belanja Perjalanan Dinas Biasa
1650,1699,1.0,Belanja Perjalanan Dinas Biasa,Belanja Perjalanan Dinas Biasa
1650,1701,1.0,Belanja Perjalanan Dinas Biasa,Belanja Perjalanan Dinas Biasa
1650,1697,1.0,Belanja Perjalanan Dinas Biasa,Belanja Perjalanan Dinas Biasa
1651,1698,1.0,Belanja Perjalanan Dinas Biasa,Belanja Perjalanan Dinas Biasa
1651,1696,1.0,Belanja Perjalanan Dinas Biasa,Belanja Perjalanan Dinas Biasa
1651,1699,1.0,Belanja Perjalanan Dinas Biasa,Belanja Perjalanan Dinas Biasa
1651,1701,1.0,Belanja Perjalanan Dinas Biasa,Belanja Perjalanan Dinas Biasa
1651,1697,1.0,Belanja Perjalanan Dinas Biasa,Belanja Perjalanan Dinas Biasa
1652,1698,1.0,Belanja Perjalanan Dinas Biasa,Belanja Perjalanan Dinas Biasa
1652,1696,1.0,Belanja Perjalanan Dinas Biasa,Belanja Perjalanan Dinas Biasa
1652,1699,1.0,Belanja Perjalanan Dinas Biasa,Belanja Perjalanan Dinas Biasa
1652,1701,1.0,Belanja Perjalanan Dinas Biasa,Belanja Perjalanan Dinas Biasa
1652,1697,1.0,Belanja Perjalanan Dinas Biasa,Belanja Perjalanan Dinas Biasa
1653,1698,1.0,Belanja Perjalanan Dinas Biasa,Belanja Perjalanan Dinas Biasa
1653,1696,1.0,Belanja Perjalanan Dinas Biasa,Belanja Perjalanan Dinas Biasa
1653,1699,1.0,Belanja Perjalanan Dinas Biasa,Belanja Perjalanan Dinas Biasa
1653,1701,1.0,Belanja Perjalanan Dinas Biasa,Belanja Perjalanan Dinas Biasa
1653,1697,1.0,Belanja Perjalanan Dinas Biasa,Belanja Perjalanan Dinas Biasa
1654,1698,1.0,Belanja Perjalanan Dinas Biasa,Belanja Perjalanan Dinas Biasa
1654,1696,1.0,Belanja Perjalanan Dinas Biasa,Belanja Perjalanan Dinas Biasa
1654,1699,1.0,Belanja Perjalanan Dinas Biasa,Belanja Perjalanan Dinas Biasa
1654,1701,1.0,Belanja Perjalanan Dinas Biasa,Belanja Perjalanan Dinas Biasa
1654,1697,1.0,Belanja Perjalanan Dinas Biasa,Belanja Perjalanan Dinas Biasa
1655,1698,1.0,Belanja Perjalanan Dinas Biasa,Belanja Perjalanan Dinas Biasa
1655,1696,1.0,Belanja Perjalanan Dinas Biasa,Belanja Perjalanan Dinas Biasa
1655,1699,1.0,Belanja Perjalanan Dinas Biasa,Belanja Perjalanan Dinas Biasa
1655,1701,1.0,Belanja Perjalanan Dinas Biasa,Belanja Perjalanan Dinas Biasa
1655,1697,1.0,Belanja Perjalanan Dinas Biasa,Belanja Perjalanan Dinas Biasa
1656,1698,1.0,Belanja Perjalanan Dinas Biasa,Belanja Perjalanan Dinas Biasa
1656,1696,1.0,Belanja Perjalanan Dinas Biasa,Belanja Perjalanan Dinas Biasa
1656,1699,1.0,Belanja Perjalanan Dinas Biasa,Belanja Perjalanan Dinas Biasa
1656,1701,1.0,Belanja Perjalanan Dinas Biasa,Belanja Perjalanan Dinas Biasa
1656,1697,1.0,Belanja Perjalanan Dinas Biasa,Belanja Perjalanan Dinas Biasa
1657,1698,1.0,Belanja Perjalanan Dinas Biasa,Belanja Perjalanan Dinas Biasa
1657,1696,1.0,Belanja Perjalanan Dinas Biasa,Belanja Perjalanan Dinas Biasa
1657,1699,1.0,Belanja Perjalanan Dinas Biasa,Belanja Perjalanan Dinas Biasa
1657,1701,1.0,Belanja Perjalanan Dinas Biasa,Belanja Perjalanan Dinas Biasa
1657,1697,1.0,Belanja Perjalanan Dinas Biasa,Belanja Perjalanan Dinas Biasa
1658,1698,1.0,Belanja Perjalanan Dinas Biasa,Belanja Perjalanan Dinas Biasa
1658,1696,1.0,Belanja Perjalanan Dinas Biasa,Belanja Perjalanan Dinas Biasa
1658,1699,1.0,Belanja Perjalanan Dinas Biasa,Belanja Perjalanan Dinas Biasa
1658,1701,1.0,Belanja Perjalanan Dinas Biasa,Belanja Perjalanan Dinas Biasa
1658,1697,1.0,Belanja Perjalanan Dinas Biasa,Belanja Perjalanan Dinas Biasa
1659,1698,1.0,Belanja Perjalanan Dinas Biasa,Belanja Perjalanan Dinas Biasa
1659,1696,1.0,Belanja Perjalanan Dinas Biasa,Belanja Perjalanan Dinas Biasa
1659,1699,1.0,Belanja Perjalanan Dinas Biasa,Belanja Perjalanan Dinas Biasa
1659,1701,1.0,Belanja Perjalanan Dinas Biasa,Belanja Perjalanan Dinas Biasa
1659,1697,1.0,Belanja Perjalanan Dinas Biasa,Belanja Perjalanan Dinas Biasa
1660,1698,1.0,Belanja Perjalanan Dinas Biasa,Belanja Perjalanan Dinas Biasa
1660,1696,1.0,Belanja Perjalanan Dinas Biasa,Belanja Perjalanan Dinas Biasa
1660,1699,1.0,Belanja Perjalanan Dinas Biasa,Belanja Perjalanan Dinas Biasa
1660,1701,1.0,Belanja Perjalanan Dinas Biasa,Belanja Perjalanan Dinas Biasa
1660,1697,1.0,Belanja Perjalanan Dinas Biasa,Belanja Perjalanan Dinas Biasa
1661,1698,1.0,Belanja Perjalanan Dinas Biasa,Belanja Perjalanan Dinas Biasa
1661,1696,1.0,Belanja Perjalanan Dinas Biasa,Belanja Perjalanan Dinas Biasa
1661,1699,1.0,Belanja Perjalanan Dinas Biasa,Belanja Perjalanan Dinas Biasa
1661,1701,1.0,Belanja Perjalanan Dinas Biasa,Belanja Perjalanan Dinas Biasa
1661,1697,1.0,Belanja Perjalanan Dinas Biasa,Belanja Perjalanan Dinas Biasa
1662,1698,1.0,Belanja Perjalanan Dinas Biasa,Belanja Perjalanan Dinas Biasa
1662,1696,1.0,Belanja Perjalanan Dinas Biasa,Belanja Perjalanan Dinas Biasa
1662,1699,1.0,Belanja Perjalanan Dinas Biasa,Belanja Perjalanan Dinas Biasa
1662,1701,1.0,Belanja Perjalanan Dinas Biasa,Belanja Perjalanan Dinas Biasa
1662,1697,1.0,Belanja Perjalanan Dinas Biasa,Belanja Perjalanan Dinas Biasa
1663,1698,1.0,Belanja Perjalanan Dinas Biasa,Belanja Perjalanan Dinas Biasa
1663,1696,1.0,Belanja Perjalanan Dinas Biasa,Belanja Perjalanan Dinas Biasa
1663,1699,1.0,Belanja Perjalanan Dinas Biasa,Belanja Perjalanan Dinas Biasa
1663,1701,1.0,Belanja Perjalanan Dinas Biasa,Belanja Perjalanan Dinas Biasa
1663,1697,1.0,Belanja Perjalanan Dinas Biasa,Belanja Perjalanan Dinas Biasa
1668,1698,1.0,Belanja Perjalanan Dinas Biasa,Belanja Perjalanan Dinas Biasa
1668,1696,1.0,Belanja Perjalanan Dinas Biasa,Belanja Perjalanan Dinas Biasa
1668,1699,1.0,Belanja Perjalanan Dinas Biasa,Belanja Perjalanan Dinas Biasa
1668,1701,1.0,Belanja Perjalanan Dinas Biasa,Belanja Perjalanan Dinas Biasa
1668,1697,1.0,Belanja Perjalanan Dinas Biasa,Belanja Perjalanan Dinas Biasa
1669,1698,1.0,Belanja perjalanan dinas biasa,Belanja Perjalanan Dinas Biasa
1669,1696,1.0,Belanja perjalanan dinas biasa,Belanja Perjalanan Dinas Biasa
1669,1699,1.0,Belanja perjalanan dinas biasa,Belanja Perjalanan Dinas Biasa
1669,1701,1.0,Belanja perjalanan dinas biasa,Belanja Perjalanan Dinas Biasa
1669,1697,1.0,Belanja perjalanan dinas biasa,Belanja Perjalanan Dinas Biasa
1670,1698,1.0,Belanja Perjalanan Dinas Biasa,Belanja Perjalanan Dinas Biasa
1670,1696,1.0,Belanja Perjalanan Dinas Biasa,Belanja Perjalanan Dinas Biasa
1670,1699,1.0,Belanja Perjalanan Dinas Biasa,Belanja Perjalanan Dinas Biasa
1670,1701,1.0,Belanja Perjalanan Dinas Biasa,Belanja Perjalanan Dinas Biasa
1670,1697,1.0,Belanja Perjalanan Dinas Biasa,Belanja Perjalanan Dinas Biasa
1671,1698,1.0,Belanja Perjalanan Dinas Biasa,Belanja Perjalanan Dinas Biasa
1671,1696,1.0,Belanja Perjalanan Dinas Biasa,Belanja Perjalanan Dinas Biasa
1671,1699,1.0,Belanja Perjalanan Dinas Biasa,Belanja Perjalanan Dinas Biasa
1671,1701,1.0,Belanja Perjalanan Dinas Biasa,Belanja Perjalanan Dinas Biasa
1671,1697,1.0,Belanja Perjalanan Dinas Biasa,Belanja Perjalanan Dinas Biasa
1672,1698,1.0,Belanja Perjalanan Dinas Biasa,Belanja Perjalanan Dinas Biasa
1672,1696,1.0,Belanja Perjalanan Dinas Biasa,Belanja Perjalanan Dinas Biasa
1672,1699,1.0,Belanja Perjalanan Dinas Biasa,Belanja Perjalanan Dinas Biasa
1672,1701,1.0,Belanja Perjalanan Dinas Biasa,Belanja Perjalanan Dinas Biasa
1672,1697,1.0,Belanja Perjalanan Dinas Biasa,Belanja Perjalanan Dinas Biasa
1673,1698,1.0,Belanja Perjalanan Dinas Biasa,Belanja Perjalanan Dinas Biasa
1673,1696,1.0,Belanja Perjalanan Dinas Biasa,Belanja Perjalanan Dinas Biasa
1673,1699,1.0,Belanja Perjalanan Dinas Biasa,Belanja Perjalanan Dinas Biasa
1673,1701,1.0,Belanja Perjalanan Dinas Biasa,Belanja Perjalanan Dinas Biasa
1673,1697,1.0,Belanja Perjalanan Dinas Biasa,Belanja Perjalanan Dinas Biasa
1674,1698,1.0,Belanja Perjalanan Dinas Biasa,Belanja Perjalanan Dinas Biasa
1674,1696,1.0,Belanja Perjalanan Dinas Biasa,Belanja Perjalanan Dinas Biasa
1674,1699,1.0,Belanja Perjalanan Dinas Biasa,Belanja Perjalanan Dinas Biasa
1674,1701,1.0,Belanja Perjalanan Dinas Biasa,Belanja Perjalanan Dinas Biasa
1674,1697,1.0,Belanja Perjalanan Dinas Biasa,Belanja Perjalanan Dinas Biasa
1675,1698,1.0,Belanja Perjalanan Dinas Biasa,Belanja Perjalanan Dinas Biasa
1675,1696,1.0,Belanja Perjalanan Dinas Biasa,Belanja Perjalanan Dinas Biasa
1675,1699,1.0,Belanja Perjalanan Dinas Biasa,Belanja Perjalanan Dinas Biasa
1675,1701,1.0,Belanja Perjalanan Dinas Biasa,Belanja Perjalanan Dinas Biasa
1675,1697,1.0,Belanja Perjalanan Dinas Biasa,Belanja Perjalanan Dinas Biasa
1676,1698,1.0,Belanja Perjalanan Dinas Biasa,Belanja Perjalanan Dinas Biasa
1676,1696,1.0,Belanja Perjalanan Dinas Biasa,Belanja Perjalanan Dinas Biasa
1676,1699,1.0,Belanja Perjalanan Dinas Biasa,Belanja Perjalanan Dinas Biasa
1676,1701,1.0,Belanja Perjalanan Dinas Biasa,Belanja Perjalanan Dinas Biasa
1676,1697,1.0,Belanja Perjalanan Dinas Biasa,Belanja Perjalanan Dinas Biasa
1677,1698,1.0,Belanja Perjalanan Dinas Biasa,Belanja Perjalanan Dinas Biasa
1677,1696,1.0,Belanja Perjalanan Dinas Biasa,Belanja Perjalanan Dinas Biasa
1677,1699,1.0,Belanja Perjalanan Dinas Biasa,Belanja Perjalanan Dinas Biasa
1677,1701,1.0,Belanja Perjalanan Dinas Biasa,Belanja Perjalanan Dinas Biasa
1677,1697,1.0,Belanja Perjalanan Dinas Biasa,Belanja Perjalanan Dinas Biasa
1678,1698,1.0,Belanja Perjalanan Dinas Biasa,Belanja Perjalanan Dinas Biasa
1678,1696,1.0,Belanja Perjalanan Dinas Biasa,Belanja Perjalanan Dinas Biasa
1678,1699,1.0,Belanja Perjalanan Dinas Biasa,Belanja Perjalanan Dinas Biasa
1678,1701,1.0,Belanja Perjalanan Dinas Biasa,Belanja Perjalanan Dinas Biasa
1678,1697,1.0,Belanja Perjalanan Dinas Biasa,Belanja Perjalanan Dinas Biasa
1679,1698,1.0,Belanja Perjalanan Dinas Biasa,Belanja Perjalanan Dinas Biasa
1679,1696,1.0,Belanja Perjalanan Dinas Biasa,Belanja Perjalanan Dinas Biasa
1679,1699,1.0,Belanja Perjalanan Dinas Biasa,Belanja Perjalanan Dinas Biasa
1679,1701,1.0,Belanja Perjalanan Dinas Biasa,Belanja Perjalanan Dinas Biasa
1679,1697,1.0,Belanja Perjalanan Dinas Biasa,Belanja Perjalanan Dinas Biasa
1680,1698,1.0,Belanja Perjalanan Dinas Biasa,Belanja Perjalanan Dinas Biasa
1680,1696,1.0,Belanja Perjalanan Dinas Biasa,Belanja Perjalanan Dinas Biasa
1680,1699,1.0,Belanja Perjalanan Dinas Biasa,Belanja Perjalanan Dinas Biasa
1680,1701,1.0,Belanja Perjalanan Dinas Biasa,Belanja Perjalanan Dinas Biasa
1680,1697,1.0,Belanja Perjalanan Dinas Biasa,Belanja Perjalanan Dinas Biasa
1681,1698,1.0,Belanja Perjalanan Dinas Biasa,Belanja Perjalanan Dinas Biasa
1681,1696,1.0,Belanja Perjalanan Dinas Biasa,Belanja Perjalanan Dinas Biasa
1681,1699,1.0,Belanja Perjalanan Dinas Biasa,Belanja Perjalanan Dinas Biasa
1681,1701,1.0,Belanja Perjalanan Dinas Biasa,Belanja Perjalanan Dinas Biasa
1681,1697,1.0,Belanja Perjalanan Dinas Biasa,Belanja Perjalanan Dinas Biasa
1682,1698,1.0,Belanja Perjalanan Dinas Biasa,Belanja Perjalanan Dinas Biasa
1682,1696,1.0,Belanja Perjalanan Dinas Biasa,Belanja Perjalanan Dinas Biasa
1682,1699,1.0,Belanja Perjalanan Dinas Biasa,Belanja Perjalanan Dinas Biasa
1682,1701,1.0,Belanja Perjalanan Dinas Biasa,Belanja Perjalanan Dinas Biasa
1682,1697,1.0,Belanja Perjalanan Dinas Biasa,Belanja Perjalanan Dinas Biasa
1683,1698,1.0,Belanja Perjalanan Dinas Biasa,Belanja Perjalanan Dinas Biasa
1683,1696,1.0,Belanja Perjalanan Dinas Biasa,Belanja Perjalanan Dinas Biasa
1683,1699,1.0,Belanja Perjalanan Dinas Biasa,Belanja Perjalanan Dinas Biasa
1683,1701,1.0,Belanja Perjalanan Dinas Biasa,Belanja Perjalanan Dinas Biasa
1683,1697,1.0,Belanja Perjalanan Dinas Biasa,Belanja Perjalanan Dinas Biasa
1684,1698,1.0,Belanja Perjalanan Dinas Biasa,Belanja Perjalanan Dinas Biasa
1684,1696,1.0,Belanja Perjalanan Dinas Biasa,Belanja Perjalanan Dinas Biasa
1684,1699,1.0,Belanja Perjalanan Dinas Biasa,Belanja Perjalanan Dinas Biasa
1684,1701,1.0,Belanja Perjalanan Dinas Biasa,Belanja Perjalanan Dinas Biasa
1684,1697,1.0,Belanja Perjalanan Dinas Biasa,Belanja Perjalanan Dinas Biasa
1685,1698,1.0,Belanja Perjalanan Dinas Biasa,Belanja Perjalanan Dinas Biasa
1685,1696,1.0,Belanja Perjalanan Dinas Biasa,Belanja Perjalanan Dinas Biasa
1685,1699,1.0,Belanja Perjalanan Dinas Biasa,Belanja Perjalanan Dinas Biasa
1685,1701,1.0,Belanja Perjalanan Dinas Biasa,Belanja Perjalanan Dinas Biasa
1685,1697,1.0,Belanja Perjalanan Dinas Biasa,Belanja Perjalanan Dinas Biasa
1686,1698,1.0,Belanja Perjalanan Dinas Biasa,Belanja Perjalanan Dinas Biasa
1686,1696,1.0,Belanja Perjalanan Dinas Biasa,Belanja Perjalanan Dinas Biasa
1686,1699,1.0,Belanja Perjalanan Dinas Biasa,Belanja Perjalanan Dinas Biasa
1686,1701,1.0,Belanja Perjalanan Dinas Biasa,Belanja Perjalanan Dinas Biasa
1686,1697,1.0,Belanja Perjalanan Dinas Biasa,Belanja Perjalanan Dinas Biasa
1687,1698,1.0,Belanja Perjalanan Dinas Biasa,Belanja Perjalanan Dinas Biasa
1687,1696,1.0,Belanja Perjalanan Dinas Biasa,Belanja Perjalanan Dinas Biasa
1687,1699,1.0,Belanja Perjalanan Dinas Biasa,Belanja Perjalanan Dinas Biasa
1687,1701,1.0,Belanja Perjalanan Dinas Biasa,Belanja Perjalanan Dinas Biasa
1687,1697,1.0,Belanja Perjalanan Dinas Biasa,Belanja Perjalanan Dinas Biasa
1688,1698,1.0,Belanja Perjalanan Dinas Biasa,Belanja Perjalanan Dinas Biasa
1688,1696,1.0,Belanja Perjalanan Dinas Biasa,Belanja Perjalanan Dinas Biasa
1688,1699,1.0,Belanja Perjalanan Dinas Biasa,Belanja Perjalanan Dinas Biasa
1688,1701,1.0,Belanja Perjalanan Dinas Biasa,Belanja Perjalanan Dinas Biasa
1688,1697,1.0,Belanja Perjalanan Dinas Biasa,Belanja Perjalanan Dinas Biasa
1689,1698,1.0,Belanja Perjalanan Dinas Biasa,Belanja Perjalanan Dinas Biasa
1689,1696,1.0,Belanja Perjalanan Dinas Biasa,Belanja Perjalanan Dinas Biasa
1689,1699,1.0,Belanja Perjalanan Dinas Biasa,Belanja Perjalanan Dinas Biasa
1689,1701,1.0,Belanja Perjalanan Dinas Biasa,Belanja Perjalanan Dinas Biasa
1689,1697,1.0,Belanja Perjalanan Dinas Biasa,Belanja Perjalanan Dinas Biasa
1691,1750,0.8633245354885517,Belanja Perjalanan Dinas Biasa Sub Kegiatan Pemberdayaan dan Pembinaan Masyarakat untuk Pengembangan Pariwisata (Penggantian Transportasi Peserta),Belanja Perjalanan Dinas Biasa Sub Kegiatan Pemberdayaan dan Pembinaan Masyarakat untuk Pengembangan Pariwisata (Transportasi Peserta dari Kabupaten-Kota)
1692,1698,1.0,Belanja Perjalanan Dinas Biasa,Belanja Perjalanan Dinas Biasa
1692,1696,1.0,Belanja Perjalanan Dinas Biasa,Belanja Perjalanan Dinas Biasa
1692,1699,1.0,Belanja Perjalanan Dinas Biasa,Belanja Perjalanan Dinas Biasa
1692,1701,1.0,Belanja Perjalanan Dinas Biasa,Belanja Perjalanan Dinas Biasa
1692,1697,1.0,Belanja Perjalanan Dinas Biasa,Belanja Perjalanan Dinas Biasa
1693,1698,1.0,Belanja Perjalanan Dinas Biasa,Belanja Perjalanan Dinas Biasa
1693,1696,1.0,Belanja Perjalanan Dinas Biasa,Belanja Perjalanan Dinas Biasa
1693,1699,1.0,Belanja Perjalanan Dinas Biasa,Belanja Perjalanan Dinas Biasa
1693,1701,1.0,Belanja Perjalanan Dinas Biasa,Belanja Perjalanan Dinas Biasa
1693,1697,1.0,Belanja Perjalanan Dinas Biasa,Belanja Perjalanan Dinas Biasa
1694,1698,1.0,Belanja Perjalanan Dinas Biasa,Belanja Perjalanan Dinas Biasa
1694,1696,1.0,Belanja Perjalanan Dinas Biasa,Belanja Perjalanan Dinas Biasa
1694,1699,1.0,Belanja Perjalanan Dinas Biasa,Belanja Perjalanan Dinas Biasa
1694,1701,1.0,Belanja Perjalanan Dinas Biasa,Belanja Perjalanan Dinas Biasa
1694,1697,1.0,Belanja Perjalanan Dinas Biasa,Belanja Perjalanan Dinas Biasa
1695,1698,1.0,Belanja Perjalanan Dinas Biasa,Belanja Perjalanan Dinas Biasa
1695,1696,1.0,Belanja Perjalanan Dinas Biasa,Belanja Perjalanan Dinas Biasa
1695,1699,1.0,Belanja Perjalanan Dinas Biasa,Belanja Perjalanan Dinas Biasa
1695,1701,1.0,Belanja Perjalanan Dinas Biasa,Belanja Perjalanan Dinas Biasa
1695,1697,1.0,Belanja Perjalanan Dinas Biasa,Belanja Perjalanan Dinas Biasa
1696,1698,1.0,Belanja Perjalanan Dinas Biasa,Belanja Perjalanan Dinas Biasa
1696,1699,1.0,Belanja Perjalanan Dinas Biasa,Belanja Perjalanan Dinas Biasa
1696,1701,1.0,Belanja Perjalanan Dinas Biasa,Belanja Perjalanan Dinas Biasa
1696,1697,1.0,Belanja Perjalanan Dinas Biasa,Belanja Perjalanan Dinas Biasa
1697,1698,1.0,Belanja Perjalanan Dinas Biasa,Belanja Perjalanan Dinas Biasa
1697,1699,1.0,Belanja Perjalanan Dinas Biasa,Belanja Perjalanan Dinas Biasa
1697,1701,1.0,Belanja Perjalanan Dinas Biasa,Belanja Perjalanan Dinas Biasa
1698,1699,1.0,Belanja Perjalanan Dinas Biasa,Belanja Perjalanan Dinas Biasa
1698,1701,1.0,Belanja Perjalanan Dinas Biasa,Belanja Perjalanan Dinas Biasa
1699,1701,1.0,Belanja Perjalanan Dinas Biasa,Belanja Perjalanan Dinas Biasa
1700,1698,1.0,Belanja Perjalanan Dinas Biasa,Belanja Perjalanan Dinas Biasa
1700,1696,1.0,Belanja Perjalanan Dinas Biasa,Belanja Perjalanan Dinas Biasa
1700,1699,1.0,Belanja Perjalanan Dinas Biasa,Belanja Perjalanan Dinas Biasa
1700,1701,1.0,Belanja Perjalanan Dinas Biasa,Belanja Perjalanan Dinas Biasa
1700,1697,1.0,Belanja Perjalanan Dinas Biasa,Belanja Perjalanan Dinas Biasa
1702,1698,1.0,Belanja Perjalanan Dinas Biasa,Belanja Perjalanan Dinas Biasa
1702,1696,1.0,Belanja Perjalanan Dinas Biasa,Belanja Perjalanan Dinas Biasa
1702,1699,1.0,Belanja Perjalanan Dinas Biasa,Belanja Perjalanan Dinas Biasa
1702,1701,1.0,Belanja Perjalanan Dinas Biasa,Belanja Perjalanan Dinas Biasa
1702,1697,1.0,Belanja Perjalanan Dinas Biasa,Belanja Perjalanan Dinas Biasa
1703,1698,1.0,Belanja Perjalanan Dinas Biasa,Belanja Perjalanan Dinas Biasa
1703,1696,1.0,Belanja Perjalanan Dinas Biasa,Belanja Perjalanan Dinas Biasa
1703,1699,1.0,Belanja Perjalanan Dinas Biasa,Belanja Perjalanan Dinas Biasa
1703,1701,1.0,Belanja Perjalanan Dinas Biasa,Belanja Perjalanan Dinas Biasa
1703,1697,1.0,Belanja Perjalanan Dinas Biasa,Belanja Perjalanan Dinas Biasa
1704,1698,1.0,Belanja Perjalanan Dinas Biasa,Belanja Perjalanan Dinas Biasa
1704,1696,1.0,Belanja Perjalanan Dinas Biasa,Belanja Perjalanan Dinas Biasa
1704,1699,1.0,Belanja Perjalanan Dinas Biasa,Belanja Perjalanan Dinas Biasa
1704,1701,1.0,Belanja Perjalanan Dinas Biasa,Belanja Perjalanan Dinas Biasa
1704,1697,1.0,Belanja Perjalanan Dinas Biasa,Belanja Perjalanan Dinas Biasa
1705,1698,1.0,Belanja Perjalanan Dinas Biasa,Belanja Perjalanan Dinas Biasa
1705,1696,1.0,Belanja Perjalanan Dinas Biasa,Belanja Perjalanan Dinas Biasa
1705,1699,1.0,Belanja Perjalanan Dinas Biasa,Belanja Perjalanan Dinas Biasa
1705,1701,1.0,Belanja Perjalanan Dinas Biasa,Belanja Perjalanan Dinas Biasa
1705,1697,1.0,Belanja Perjalanan Dinas Biasa,Belanja Perjalanan Dinas Biasa
1706,1698,1.0,Belanja Perjalanan Dinas Biasa,Belanja Perjalanan Dinas Biasa
1706,1696,1.0,Belanja Perjalanan Dinas Biasa,Belanja Perjalanan Dinas Biasa
1706,1699,1.0,Belanja Perjalanan Dinas Biasa,Belanja Perjalanan Dinas Biasa
1706,1701,1.0,Belanja Perjalanan Dinas Biasa,Belanja Perjalanan Dinas Biasa
1706,1697,1.0,Belanja Perjalanan Dinas Biasa,Belanja Perjalanan Dinas Biasa
1707,1698,1.0,Belanja Perjalanan Dinas Biasa,Belanja Perjalanan Dinas Biasa
1707,1696,1.0,Belanja Perjalanan Dinas Biasa,Belanja Perjalanan Dinas Biasa
1707,1699,1.0,Belanja Perjalanan Dinas Biasa,Belanja Perjalanan Dinas Biasa
1707,1701,1.0,Belanja Perjalanan Dinas Biasa,Belanja Perjalanan Dinas Biasa
1707,1697,1.0,Belanja Perjalanan Dinas Biasa,Belanja Perjalanan Dinas Biasa
1709,1698,1.0,Belanja Perjalanan Dinas Biasa,Belanja Perjalanan Dinas Biasa
1709,1696,1.0,Belanja Perjalanan Dinas Biasa,Belanja Perjalanan Dinas Biasa
1709,1699,1.0,Belanja Perjalanan Dinas Biasa,Belanja Perjalanan Dinas Biasa
1709,1701,1.0,Belanja Perjalanan Dinas Biasa,Belanja Perjalanan Dinas Biasa
1709,1697,1.0,Belanja Perjalanan Dinas Biasa,Belanja Perjalanan Dinas Biasa
1710,1698,1.0,Belanja Perjalanan Dinas Biasa,Belanja Perjalanan Dinas Biasa
1710,1696,1.0,Belanja Perjalanan Dinas Biasa,Belanja Perjalanan Dinas Biasa
1710,1699,1.0,Belanja Perjalanan Dinas Biasa,Belanja Perjalanan Dinas Biasa
1710,1701,1.0,Belanja Perjalanan Dinas Biasa,Belanja Perjalanan Dinas Biasa
1710,1697,1.0,Belanja Perjalanan Dinas Biasa,Belanja Perjalanan Dinas Biasa
1711,1698,1.0,Belanja Perjalanan Dinas Biasa,Belanja Perjalanan Dinas Biasa
1711,1696,1.0,Belanja Perjalanan Dinas Biasa,Belanja Perjalanan Dinas Biasa
1711,1699,1.0,Belanja Perjalanan Dinas Biasa,Belanja Perjalanan Dinas Biasa
1711,1701,1.0,Belanja Perjalanan Dinas Biasa,Belanja Perjalanan Dinas Biasa
1711,1697,1.0,Belanja Perjalanan Dinas Biasa,Belanja Perjalanan Dinas Biasa
1712,1698,1.0,Belanja Perjalanan Dinas Biasa,Belanja Perjalanan Dinas Biasa
1712,1696,1.0,Belanja Perjalanan Dinas Biasa,Belanja Perjalanan Dinas Biasa
1712,1699,1.0,Belanja Perjalanan Dinas Biasa,Belanja Perjalanan Dinas Biasa
1712,1701,1.0,Belanja Perjalanan Dinas Biasa,Belanja Perjalanan Dinas Biasa
1712,1697,1.0,Belanja Perjalanan Dinas Biasa,Belanja Perjalanan Dinas Biasa
1713,1698,1.0,Belanja Perjalanan Dinas Biasa,Belanja Perjalanan Dinas Biasa
1713,1696,1.0,Belanja Perjalanan Dinas Biasa,Belanja Perjalanan Dinas Biasa
1713,1699,1.0,Belanja Perjalanan Dinas Biasa,Belanja Perjalanan Dinas Biasa
1713,1701,1.0,Belanja Perjalanan Dinas Biasa,Belanja Perjalanan Dinas Biasa
1713,1697,1.0,Belanja Perjalanan Dinas Biasa,Belanja Perjalanan Dinas Biasa
1714,1698,1.0,Belanja Perjalanan Dinas Biasa,Belanja Perjalanan Dinas Biasa
1714,1696,1.0,Belanja Perjalanan Dinas Biasa,Belanja Perjalanan Dinas Biasa
1714,1699,1.0,Belanja Perjalanan Dinas Biasa,Belanja Perjalanan Dinas Biasa
1714,1701,1.0,Belanja Perjalanan Dinas Biasa,Belanja Perjalanan Dinas Biasa
1714,1697,1.0,Belanja Perjalanan Dinas Biasa,Belanja Perjalanan Dinas Biasa
1715,1698,1.0,Belanja Perjalanan Dinas Biasa,Belanja Perjalanan Dinas Biasa
1715,1696,1.0,Belanja Perjalanan Dinas Biasa,Belanja Perjalanan Dinas Biasa
1715,1699,1.0,Belanja Perjalanan Dinas Biasa,Belanja Perjalanan Dinas Biasa
1715,1701,1.0,Belanja Perjalanan Dinas Biasa,Belanja Perjalanan Dinas Biasa
1715,1697,1.0,Belanja Perjalanan Dinas Biasa,Belanja Perjalanan Dinas Biasa
1716,1698,1.0,Belanja Perjalanan Dinas Biasa,Belanja Perjalanan Dinas Biasa
1716,1696,1.0,Belanja Perjalanan Dinas Biasa,Belanja Perjalanan Dinas Biasa
1716,1699,1.0,Belanja Perjalanan Dinas Biasa,Belanja Perjalanan Dinas Biasa
1716,1701,1.0,Belanja Perjalanan Dinas Biasa,Belanja Perjalanan Dinas Biasa
1716,1697,1.0,Belanja Perjalanan Dinas Biasa,Belanja Perjalanan Dinas Biasa
1717,1698,1.0,Belanja Perjalanan Dinas Biasa,Belanja Perjalanan Dinas Biasa
1717,1696,1.0,Belanja Perjalanan Dinas Biasa,Belanja Perjalanan Dinas Biasa
1717,1699,1.0,Belanja Perjalanan Dinas Biasa,Belanja Perjalanan Dinas Biasa
1717,1701,1.0,Belanja Perjalanan Dinas Biasa,Belanja Perjalanan Dinas Biasa
1717,1697,1.0,Belanja Perjalanan Dinas Biasa,Belanja Perjalanan Dinas Biasa
1718,1698,1.0,Belanja Perjalanan Dinas Biasa,Belanja Perjalanan Dinas Biasa
1718,1696,1.0,Belanja Perjalanan Dinas Biasa,Belanja Perjalanan Dinas Biasa
1718,1699,1.0,Belanja Perjalanan Dinas Biasa,Belanja Perjalanan Dinas Biasa
1718,1701,1.0,Belanja Perjalanan Dinas Biasa,Belanja Perjalanan Dinas Biasa
1718,1697,1.0,Belanja Perjalanan Dinas Biasa,Belanja Perjalanan Dinas Biasa
1721,1698,1.0,Belanja Perjalanan Dinas Biasa,Belanja Perjalanan Dinas Biasa
1721,1696,1.0,Belanja Perjalanan Dinas Biasa,Belanja Perjalanan Dinas Biasa
1721,1699,1.0,Belanja Perjalanan Dinas Biasa,Belanja Perjalanan Dinas Biasa
1721,1701,1.0,Belanja Perjalanan Dinas Biasa,Belanja Perjalanan Dinas Biasa
1721,1697,1.0,Belanja Perjalanan Dinas Biasa,Belanja Perjalanan Dinas Biasa
1722,1698,1.0,Belanja Perjalanan Dinas Biasa,Belanja Perjalanan Dinas Biasa
1722,1696,1.0,Belanja Perjalanan Dinas Biasa,Belanja Perjalanan Dinas Biasa
1722,1699,1.0,Belanja Perjalanan Dinas Biasa,Belanja Perjalanan Dinas Biasa
1722,1701,1.0,Belanja Perjalanan Dinas Biasa,Belanja Perjalanan Dinas Biasa
1722,1697,1.0,Belanja Perjalanan Dinas Biasa,Belanja Perjalanan Dinas Biasa
1723,1698,1.0,Belanja Perjalanan Dinas Biasa,Belanja Perjalanan Dinas Biasa
1723,1696,1.0,Belanja Perjalanan Dinas Biasa,Belanja Perjalanan Dinas Biasa
1723,1699,1.0,Belanja Perjalanan Dinas Biasa,Belanja Perjalanan Dinas Biasa
1723,1701,1.0,Belanja Perjalanan Dinas Biasa,Belanja Perjalanan Dinas Biasa
1723,1697,1.0,Belanja Perjalanan Dinas Biasa,Belanja Perjalanan Dinas Biasa
1724,1698,1.0,Belanja Perjalanan Dinas Biasa,Belanja Perjalanan Dinas Biasa
1724,1696,1.0,Belanja Perjalanan Dinas Biasa,Belanja Perjalanan Dinas Biasa
1724,1699,1.0,Belanja Perjalanan Dinas Biasa,Belanja Perjalanan Dinas Biasa
1724,1701,1.0,Belanja Perjalanan Dinas Biasa,Belanja Perjalanan Dinas Biasa
1724,1697,1.0,Belanja Perjalanan Dinas Biasa,Belanja Perjalanan Dinas Biasa
1725,1698,1.0,Belanja Perjalanan Dinas Biasa,Belanja Perjalanan Dinas Biasa
1725,1696,1.0,Belanja Perjalanan Dinas Biasa,Belanja Perjalanan Dinas Biasa
1725,1699,1.0,Belanja Perjalanan Dinas Biasa,Belanja Perjalanan Dinas Biasa
1725,1701,1.0,Belanja Perjalanan Dinas Biasa,Belanja Perjalanan Dinas Biasa
1725,1697,1.0,Belanja Perjalanan Dinas Biasa,Belanja Perjalanan Dinas Biasa
1726,1698,1.0,Belanja Perjalanan Dinas Biasa,Belanja Perjalanan Dinas Biasa
1726,1696,1.0,Belanja Perjalanan Dinas Biasa,Belanja Perjalanan Dinas Biasa
1726,1699,1.0,Belanja Perjalanan Dinas Biasa,Belanja Perjalanan Dinas Biasa
1726,1701,1.0,Belanja Perjalanan Dinas Biasa,Belanja Perjalanan Dinas Biasa
1726,1697,1.0,Belanja Perjalanan Dinas Biasa,Belanja Perjalanan Dinas Biasa
1727,1698,1.0,Belanja Perjalanan Dinas Biasa,Belanja Perjalanan Dinas Biasa
1727,1696,1.0,Belanja Perjalanan Dinas Biasa,Belanja Perjalanan Dinas Biasa
1727,1699,1.0,Belanja Perjalanan Dinas Biasa,Belanja Perjalanan Dinas Biasa
1727,1701,1.0,Belanja Perjalanan Dinas Biasa,Belanja Perjalanan Dinas Biasa
1727,1697,1.0,Belanja Perjalanan Dinas Biasa,Belanja Perjalanan Dinas Biasa
1728,1698,1.0,Belanja Perjalanan Dinas Biasa,Belanja Perjalanan Dinas Biasa
1728,1696,1.0,Belanja Perjalanan Dinas Biasa,Belanja Perjalanan Dinas Biasa
1728,1699,1.0,Belanja Perjalanan Dinas Biasa,Belanja Perjalanan Dinas Biasa
1728,1701,1.0,Belanja Perjalanan Dinas Biasa,Belanja Perjalanan Dinas Biasa
1728,1697,1.0,Belanja Perjalanan Dinas Biasa,Belanja Perjalanan Dinas Biasa
1729,1698,1.0,Belanja Perjalanan Dinas Biasa,Belanja Perjalanan Dinas Biasa
1729,1696,1.0,Belanja Perjalanan Dinas Biasa,Belanja Perjalanan Dinas Biasa
1729,1699,1.0,Belanja Perjalanan Dinas Biasa,Belanja Perjalanan Dinas Biasa
1729,1701,1.0,Belanja Perjalanan Dinas Biasa,Belanja Perjalanan Dinas Biasa
1729,1697,1.0,Belanja Perjalanan Dinas Biasa,Belanja Perjalanan Dinas Biasa
1730,1698,1.0,Belanja Perjalanan Dinas Biasa,Belanja Perjalanan Dinas Biasa
1730,1696,1.0,Belanja Perjalanan Dinas Biasa,Belanja Perjalanan Dinas Biasa
1730,1699,1.0,Belanja Perjalanan Dinas Biasa,Belanja Perjalanan Dinas Biasa
1730,1701,1.0,Belanja Perjalanan Dinas Biasa,Belanja Perjalanan Dinas Biasa
1730,1697,1.0,Belanja Perjalanan Dinas Biasa,Belanja Perjalanan Dinas Biasa
1731,1698,1.0,Belanja Perjalanan Dinas Biasa,Belanja Perjalanan Dinas Biasa
1731,1696,1.0,Belanja Perjalanan Dinas Biasa,Belanja Perjalanan Dinas Biasa
1731,1699,1.0,Belanja Perjalanan Dinas Biasa,Belanja Perjalanan Dinas Biasa
1731,1701,1.0,Belanja Perjalanan Dinas Biasa,Belanja Perjalanan Dinas Biasa
1731,1697,1.0,Belanja Perjalanan Dinas Biasa,Belanja Perjalanan Dinas Biasa
1732,1865,1.0,5.1.02.04.001.00001 Belanja Perjalanan Dinas Biasa,5.1.02.04.001.00001 Belanja Perjalanan Dinas Biasa
1733,1698,1.0,Belanja Perjalanan Dinas Biasa,Belanja Perjalanan Dinas Biasa
1733,1696,1.0,Belanja Perjalanan Dinas Biasa,Belanja Perjalanan Dinas Biasa
1733,1699,1.0,Belanja Perjalanan Dinas Biasa,Belanja Perjalanan Dinas Biasa
1733,1701,1.0,Belanja Perjalanan Dinas Biasa,Belanja Perjalanan Dinas Biasa
1733,1697,1.0,Belanja Perjalanan Dinas Biasa,Belanja Perjalanan Dinas Biasa
1734,1698,1.0,Belanja Perjalanan Dinas Biasa,Belanja Perjalanan Dinas Biasa
1734,1696,1.0,Belanja Perjalanan Dinas Biasa,Belanja Perjalanan Dinas Biasa
1734,1699,1.0,Belanja Perjalanan Dinas Biasa,Belanja Perjalanan Dinas Biasa
1734,1701,1.0,Belanja Perjalanan Dinas Biasa,Belanja Perjalanan Dinas Biasa
1734,1697,1.0,Belanja Perjalanan Dinas Biasa,Belanja Perjalanan Dinas Biasa
1735,1698,1.0,Belanja Perjalanan Dinas Biasa,Belanja Perjalanan Dinas Biasa
1735,1696,1.0,Belanja Perjalanan Dinas Biasa,Belanja Perjalanan Dinas Biasa
1735,1699,1.0,Belanja Perjalanan Dinas Biasa,Belanja Perjalanan Dinas Biasa
1735,1701,1.0,Belanja Perjalanan Dinas Biasa,Belanja Perjalanan Dinas Biasa
1735,1697,1.0,Belanja Perjalanan Dinas Biasa,Belanja Perjalanan Dinas Biasa
1736,1698,1.0,Belanja Perjalanan Dinas Biasa,Belanja Perjalanan Dinas Biasa
1736,1696,1.0,Belanja Perjalanan Dinas Biasa,Belanja Perjalanan Dinas Biasa
1736,1699,1.0,Belanja Perjalanan Dinas Biasa,Belanja Perjalanan Dinas Biasa
1736,1701,1.0,Belanja Perjalanan Dinas Biasa,Belanja Perjalanan Dinas Biasa
1736,1697,1.0,Belanja Perjalanan Dinas Biasa,Belanja Perjalanan Dinas Biasa
1737,1698,1.0,Belanja Perjalanan Dinas Biasa,Belanja Perjalanan Dinas Biasa
1737,1696,1.0,Belanja Perjalanan Dinas Biasa,Belanja Perjalanan Dinas Biasa
1737,1699,1.0,Belanja Perjalanan Dinas Biasa,Belanja Perjalanan Dinas Biasa
1737,1701,1.0,Belanja Perjalanan Dinas Biasa,Belanja Perjalanan Dinas Biasa
1737,1697,1.0,Belanja Perjalanan Dinas Biasa,Belanja Perjalanan Dinas Biasa
1738,1698,1.0,Belanja Perjalanan Dinas Biasa,Belanja Perjalanan Dinas Biasa
1738,1696,1.0,Belanja Perjalanan Dinas Biasa,Belanja Perjalanan Dinas Biasa
1738,1699,1.0,Belanja Perjalanan Dinas Biasa,Belanja Perjalanan Dinas Biasa
1738,1701,1.0,Belanja Perjalanan Dinas Biasa,Belanja Perjalanan Dinas Biasa
1738,1697,1.0,Belanja Perjalanan Dinas Biasa,Belanja Perjalanan Dinas Biasa
1739,1698,1.0,Belanja Perjalanan Dinas Biasa,Belanja Perjalanan Dinas Biasa
1739,1696,1.0,Belanja Perjalanan Dinas Biasa,Belanja Perjalanan Dinas Biasa
1739,1699,1.0,Belanja Perjalanan Dinas Biasa,Belanja Perjalanan Dinas Biasa
1739,1701,1.0,Belanja Perjalanan Dinas Biasa,Belanja Perjalanan Dinas Biasa
1739,1697,1.0,Belanja Perjalanan Dinas Biasa,Belanja Perjalanan Dinas Biasa
1740,1698,1.0,Belanja Perjalanan Dinas Biasa,Belanja Perjalanan Dinas Biasa
1740,1696,1.0,Belanja Perjalanan Dinas Biasa,Belanja Perjalanan Dinas Biasa
1740,1699,1.0,Belanja Perjalanan Dinas Biasa,Belanja Perjalanan Dinas Biasa
1740,1701,1.0,Belanja Perjalanan Dinas Biasa,Belanja Perjalanan Dinas Biasa
1740,1697,1.0,Belanja Perjalanan Dinas Biasa,Belanja Perjalanan Dinas Biasa
1741,1698,1.0,Belanja Perjalanan Dinas Biasa,Belanja Perjalanan Dinas Biasa
1741,1696,1.0,Belanja Perjalanan Dinas Biasa,Belanja Perjalanan Dinas Biasa
1741,1699,1.0,Belanja Perjalanan Dinas Biasa,Belanja Perjalanan Dinas Biasa
1741,1701,1.0,Belanja Perjalanan Dinas Biasa,Belanja Perjalanan Dinas Biasa
1741,1697,1.0,Belanja Perjalanan Dinas Biasa,Belanja Perjalanan Dinas Biasa
1742,1698,1.0,Belanja Perjalanan Dinas Biasa,Belanja Perjalanan Dinas Biasa
1742,1696,1.0,Belanja Perjalanan Dinas Biasa,Belanja Perjalanan Dinas Biasa
1742,1699,1.0,Belanja Perjalanan Dinas Biasa,Belanja Perjalanan Dinas Biasa
1742,1701,1.0,Belanja Perjalanan Dinas Biasa,Belanja Perjalanan Dinas Biasa
1742,1697,1.0,Belanja Perjalanan Dinas Biasa,Belanja Perjalanan Dinas Biasa
1743,1698,1.0,Belanja Perjalanan Dinas Biasa,Belanja Perjalanan Dinas Biasa
1743,1696,1.0,Belanja Perjalanan Dinas Biasa,Belanja Perjalanan Dinas Biasa
1743,1699,1.0,Belanja Perjalanan Dinas Biasa,Belanja Perjalanan Dinas Biasa
1743,1701,1.0,Belanja Perjalanan Dinas Biasa,Belanja Perjalanan Dinas Biasa
1743,1697,1.0,Belanja Perjalanan Dinas Biasa,Belanja Perjalanan Dinas Biasa
1744,1698,1.0,Belanja Perjalanan Dinas Biasa,Belanja Perjalanan Dinas Biasa
1744,1696,1.0,Belanja Perjalanan Dinas Biasa,Belanja Perjalanan Dinas Biasa
1744,1699,1.0,Belanja Perjalanan Dinas Biasa,Belanja Perjalanan Dinas Biasa
1744,1701,1.0,Belanja Perjalanan Dinas Biasa,Belanja Perjalanan Dinas Biasa
1744,1697,1.0,Belanja Perjalanan Dinas Biasa,Belanja Perjalanan Dinas Biasa
1745,1698,1.0,Belanja Perjalanan Dinas Biasa,Belanja Perjalanan Dinas Biasa
1745,1696,1.0,Belanja Perjalanan Dinas Biasa,Belanja Perjalanan Dinas Biasa
1745,1699,1.0,Belanja Perjalanan Dinas Biasa,Belanja Perjalanan Dinas Biasa
1745,1701,1.0,Belanja Perjalanan Dinas Biasa,Belanja Perjalanan Dinas Biasa
1745,1697,1.0,Belanja Perjalanan Dinas Biasa,Belanja Perjalanan Dinas Biasa
1746,1698,1.0,Belanja Perjalanan Dinas Biasa,Belanja Perjalanan Dinas Biasa
1746,1696,1.0,Belanja Perjalanan Dinas Biasa,Belanja Perjalanan Dinas Biasa
1746,1699,1.0,Belanja Perjalanan Dinas Biasa,Belanja Perjalanan Dinas Biasa
1746,1701,1.0,Belanja Perjalanan Dinas Biasa,Belanja Perjalanan Dinas Biasa
1746,1697,1.0,Belanja Perjalanan Dinas Biasa,Belanja Perjalanan Dinas Biasa
1747,1698,1.0,Belanja Perjalanan Dinas Biasa,Belanja Perjalanan Dinas Biasa
1747,1696,1.0,Belanja Perjalanan Dinas Biasa,Belanja Perjalanan Dinas Biasa
1747,1699,1.0,Belanja Perjalanan Dinas Biasa,Belanja Perjalanan Dinas Biasa
1747,1701,1.0,Belanja Perjalanan Dinas Biasa,Belanja Perjalanan Dinas Biasa
1747,1697,1.0,Belanja Perjalanan Dinas Biasa,Belanja Perjalanan Dinas Biasa
1748,1698,1.0,Belanja Perjalanan Dinas Biasa,Belanja Perjalanan Dinas Biasa
1748,1696,1.0,Belanja Perjalanan Dinas Biasa,Belanja Perjalanan Dinas Biasa
1748,1699,1.0,Belanja Perjalanan Dinas Biasa,Belanja Perjalanan Dinas Biasa
1748,1701,1.0,Belanja Perjalanan Dinas Biasa,Belanja Perjalanan Dinas Biasa
1748,1697,1.0,Belanja Perjalanan Dinas Biasa,Belanja Perjalanan Dinas Biasa
1749,1698,1.0,Belanja perjalanan dinas biasa,Belanja Perjalanan Dinas Biasa
1749,1696,1.0,Belanja perjalanan dinas biasa,Belanja Perjalanan Dinas Biasa
1749,1699,1.0,Belanja perjalanan dinas biasa,Belanja Perjalanan Dinas Biasa
1749,1701,1.0,Belanja perjalanan dinas biasa,Belanja Perjalanan Dinas Biasa
1749,1697,1.0,Belanja perjalanan dinas biasa,Belanja Perjalanan Dinas Biasa
1751,1698,1.0,Belanja Perjalanan Dinas Biasa,Belanja Perjalanan Dinas Biasa
1751,1696,1.0,Belanja Perjalanan Dinas Biasa,Belanja Perjalanan Dinas Biasa
1751,1699,1.0,Belanja Perjalanan Dinas Biasa,Belanja Perjalanan Dinas Biasa
1751,1701,1.0,Belanja Perjalanan Dinas Biasa,Belanja Perjalanan Dinas Biasa
1751,1697,1.0,Belanja Perjalanan Dinas Biasa,Belanja Perjalanan Dinas Biasa
1756,1698,1.0,Belanja Perjalanan Dinas Biasa,Belanja Perjalanan Dinas Biasa
1756,1696,1.0,Belanja Perjalanan Dinas Biasa,Belanja Perjalanan Dinas Biasa
1756,1699,1.0,Belanja Perjalanan Dinas Biasa,Belanja Perjalanan Dinas Biasa
1756,1701,1.0,Belanja Perjalanan Dinas Biasa,Belanja Perjalanan Dinas Biasa
1756,1697,1.0,Belanja Perjalanan Dinas Biasa,Belanja Perjalanan Dinas Biasa
1757,1698,1.0,Belanja Perjalanan Dinas Biasa,Belanja Perjalanan Dinas Biasa
1757,1696,1.0,Belanja Perjalanan Dinas Biasa,Belanja Perjalanan Dinas Biasa
1757,1699,1.0,Belanja Perjalanan Dinas Biasa,Belanja Perjalanan Dinas Biasa
1757,1701,1.0,Belanja Perjalanan Dinas Biasa,Belanja Perjalanan Dinas Biasa
1757,1697,1.0,Belanja Perjalanan Dinas Biasa,Belanja Perjalanan Dinas Biasa
1758,1698,1.0,Belanja Perjalanan Dinas Biasa,Belanja Perjalanan Dinas Biasa
1758,1696,1.0,Belanja Perjalanan Dinas Biasa,Belanja Perjalanan Dinas Biasa
1758,1699,1.0,Belanja Perjalanan Dinas Biasa,Belanja Perjalanan Dinas Biasa
1758,1701,1.0,Belanja Perjalanan Dinas Biasa,Belanja Perjalanan Dinas Biasa
1758,1697,1.0,Belanja Perjalanan Dinas Biasa,Belanja Perjalanan Dinas Biasa
1759,1698,1.0,Belanja Perjalanan Dinas Biasa,Belanja Perjalanan Dinas Biasa
1759,1696,1.0,Belanja Perjalanan Dinas Biasa,Belanja Perjalanan Dinas Biasa
1759,1699,1.0,Belanja Perjalanan Dinas Biasa,Belanja Perjalanan Dinas Biasa
1759,1701,1.0,Belanja Perjalanan Dinas Biasa,Belanja Perjalanan Dinas Biasa
1759,1697,1.0,Belanja Perjalanan Dinas Biasa,Belanja Perjalanan Dinas Biasa
1760,1698,1.0,Belanja Perjalanan Dinas Biasa,Belanja Perjalanan Dinas Biasa
1760,1696,1.0,Belanja Perjalanan Dinas Biasa,Belanja Perjalanan Dinas Biasa
1760,1699,1.0,Belanja Perjalanan Dinas Biasa,Belanja Perjalanan Dinas Biasa
1760,1701,1.0,Belanja Perjalanan Dinas Biasa,Belanja Perjalanan Dinas Biasa
1760,1697,1.0,Belanja Perjalanan Dinas Biasa,Belanja Perjalanan Dinas Biasa
1761,1698,1.0,Belanja Perjalanan Dinas Biasa,Belanja Perjalanan Dinas Biasa
1761,1696,1.0,Belanja Perjalanan Dinas Biasa,Belanja Perjalanan Dinas Biasa
1761,1699,1.0,Belanja Perjalanan Dinas Biasa,Belanja Perjalanan Dinas Biasa
1761,1701,1.0,Belanja Perjalanan Dinas Biasa,Belanja Perjalanan Dinas Biasa
1761,1697,1.0,Belanja Perjalanan Dinas Biasa,Belanja Perjalanan Dinas Biasa
1762,1698,1.0,Belanja Perjalanan Dinas Biasa,Belanja Perjalanan Dinas Biasa
1762,1696,1.0,Belanja Perjalanan Dinas Biasa,Belanja Perjalanan Dinas Biasa
1762,1699,1.0,Belanja Perjalanan Dinas Biasa,Belanja Perjalanan Dinas Biasa
1762,1701,1.0,Belanja Perjalanan Dinas Biasa,Belanja Perjalanan Dinas Biasa
1762,1697,1.0,Belanja Perjalanan Dinas Biasa,Belanja Perjalanan Dinas Biasa
1763,1698,1.0,Belanja Perjalanan Dinas Biasa,Belanja Perjalanan Dinas Biasa
1763,1696,1.0,Belanja Perjalanan Dinas Biasa,Belanja Perjalanan Dinas Biasa
1763,1699,1.0,Belanja Perjalanan Dinas Biasa,Belanja Perjalanan Dinas Biasa
1763,1701,1.0,Belanja Perjalanan Dinas Biasa,Belanja Perjalanan Dinas Biasa
1763,1697,1.0,Belanja Perjalanan Dinas Biasa,Belanja Perjalanan Dinas Biasa
1764,1698,1.0,Belanja Perjalanan Dinas Biasa,Belanja Perjalanan Dinas Biasa
1764,1696,1.0,Belanja Perjalanan Dinas Biasa,Belanja Perjalanan Dinas Biasa
1764,1699,1.0,Belanja Perjalanan Dinas Biasa,Belanja Perjalanan Dinas Biasa
1764,1701,1.0,Belanja Perjalanan Dinas Biasa,Belanja Perjalanan Dinas Biasa
1764,1697,1.0,Belanja Perjalanan Dinas Biasa,Belanja Perjalanan Dinas Biasa
1765,1698,1.0,Belanja Perjalanan Dinas Biasa,Belanja Perjalanan Dinas Biasa
1765,1696,1.0,Belanja Perjalanan Dinas Biasa,Belanja Perjalanan Dinas Biasa
1765,1699,1.0,Belanja Perjalanan Dinas Biasa,Belanja Perjalanan Dinas Biasa
1765,1701,1.0,Belanja Perjalanan Dinas Biasa,Belanja Perjalanan Dinas Biasa
1765,1697,1.0,Belanja Perjalanan Dinas Biasa,Belanja Perjalanan Dinas Biasa
1766,1698,1.0,Belanja Perjalanan Dinas Biasa,Belanja Perjalanan Dinas Biasa
1766,1696,1.0,Belanja Perjalanan Dinas Biasa,Belanja Perjalanan Dinas Biasa
1766,1699,1.0,Belanja Perjalanan Dinas Biasa,Belanja Perjalanan Dinas Biasa
1766,1701,1.0,Belanja Perjalanan Dinas Biasa,Belanja Perjalanan Dinas Biasa
1766,1697,1.0,Belanja Perjalanan Dinas Biasa,Belanja Perjalanan Dinas Biasa
1767,1698,1.0,Belanja Perjalanan Dinas Biasa,Belanja Perjalanan Dinas Biasa
1767,1696,1.0,Belanja Perjalanan Dinas Biasa,Belanja Perjalanan Dinas Biasa
1767,1699,1.0,Belanja Perjalanan Dinas Biasa,Belanja Perjalanan Dinas Biasa
1767,1701,1.0,Belanja Perjalanan Dinas Biasa,Belanja Perjalanan Dinas Biasa
1767,1697,1.0,Belanja Perjalanan Dinas Biasa,Belanja Perjalanan Dinas Biasa
1768,1698,1.0,Belanja Perjalanan Dinas Biasa,Belanja Perjalanan Dinas Biasa
1768,1696,1.0,Belanja Perjalanan Dinas Biasa,Belanja Perjalanan Dinas Biasa
1768,1699,1.0,Belanja Perjalanan Dinas Biasa,Belanja Perjalanan Dinas Biasa
1768,1701,1.0,Belanja Perjalanan Dinas Biasa,Belanja Perjalanan Dinas Biasa
1768,1697,1.0,Belanja Perjalanan Dinas Biasa,Belanja Perjalanan Dinas Biasa
1769,1698,1.0,Belanja Perjalanan Dinas Biasa,Belanja Perjalanan Dinas Biasa
1769,1696,1.0,Belanja Perjalanan Dinas Biasa,Belanja Perjalanan Dinas Biasa
1769,1699,1.0,Belanja Perjalanan Dinas Biasa,Belanja Perjalanan Dinas Biasa
1769,1701,1.0,Belanja Perjalanan Dinas Biasa,Belanja Perjalanan Dinas Biasa
1769,1697,1.0,Belanja Perjalanan Dinas Biasa,Belanja Perjalanan Dinas Biasa
1770,1698,1.0,Belanja Perjalanan Dinas Biasa,Belanja Perjalanan Dinas Biasa
1770,1696,1.0,Belanja Perjalanan Dinas Biasa,Belanja Perjalanan Dinas Biasa
1770,1699,1.0,Belanja Perjalanan Dinas Biasa,Belanja Perjalanan Dinas Biasa
1770,1701,1.0,Belanja Perjalanan Dinas Biasa,Belanja Perjalanan Dinas Biasa
1770,1697,1.0,Belanja Perjalanan Dinas Biasa,Belanja Perjalanan Dinas Biasa
1771,1698,1.0,Belanja Perjalanan Dinas Biasa,Belanja Perjalanan Dinas Biasa
1771,1696,1.0,Belanja Perjalanan Dinas Biasa,Belanja Perjalanan Dinas Biasa
1771,1699,1.0,Belanja Perjalanan Dinas Biasa,Belanja Perjalanan Dinas Biasa
1771,1701,1.0,Belanja Perjalanan Dinas Biasa,Belanja Perjalanan Dinas Biasa
1771,1697,1.0,Belanja Perjalanan Dinas Biasa,Belanja Perjalanan Dinas Biasa
1772,1698,1.0,Belanja Perjalanan Dinas Biasa,Belanja Perjalanan Dinas Biasa
1772,1696,1.0,Belanja Perjalanan Dinas Biasa,Belanja Perjalanan Dinas Biasa
1772,1699,1.0,Belanja Perjalanan Dinas Biasa,Belanja Perjalanan Dinas Biasa
1772,1701,1.0,Belanja Perjalanan Dinas Biasa,Belanja Perjalanan Dinas Biasa
1772,1697,1.0,Belanja Perjalanan Dinas Biasa,Belanja Perjalanan Dinas Biasa
1773,1698,1.0,Belanja Perjalanan Dinas Biasa,Belanja Perjalanan Dinas Biasa
1773,1696,1.0,Belanja Perjalanan Dinas Biasa,Belanja Perjalanan Dinas Biasa
1773,1699,1.0,Belanja Perjalanan Dinas Biasa,Belanja Perjalanan Dinas Biasa
1773,1701,1.0,Belanja Perjalanan Dinas Biasa,Belanja Perjalanan Dinas Biasa
1773,1697,1.0,Belanja Perjalanan Dinas Biasa,Belanja Perjalanan Dinas Biasa
1774,1698,1.0,Belanja Perjalanan Dinas Biasa,Belanja Perjalanan Dinas Biasa
1774,1696,1.0,Belanja Perjalanan Dinas Biasa,Belanja Perjalanan Dinas Biasa
1774,1699,1.0,Belanja Perjalanan Dinas Biasa,Belanja Perjalanan Dinas Biasa
1774,1701,1.0,Belanja Perjalanan Dinas Biasa,Belanja Perjalanan Dinas Biasa
1774,1697,1.0,Belanja Perjalanan Dinas Biasa,Belanja Perjalanan Dinas Biasa
1776,1698,1.0,Belanja Perjalanan Dinas Biasa,Belanja Perjalanan Dinas Biasa
1776,1696,1.0,Belanja Perjalanan Dinas Biasa,Belanja Perjalanan Dinas Biasa
1776,1699,1.0,Belanja Perjalanan Dinas Biasa,Belanja Perjalanan Dinas Biasa
1776,1701,1.0,Belanja Perjalanan Dinas Biasa,Belanja Perjalanan Dinas Biasa
1776,1697,1.0,Belanja Perjalanan Dinas Biasa,Belanja Perjalanan Dinas Biasa
1777,1698,1.0,Belanja Perjalanan Dinas Biasa,Belanja Perjalanan Dinas Biasa
1777,1696,1.0,Belanja Perjalanan Dinas Biasa,Belanja Perjalanan Dinas Biasa
1777,1699,1.0,Belanja Perjalanan Dinas Biasa,Belanja Perjalanan Dinas Biasa
1777,1701,1.0,Belanja Perjalanan Dinas Biasa,Belanja Perjalanan Dinas Biasa
1777,1697,1.0,Belanja Perjalanan Dinas Biasa,Belanja Perjalanan Dinas Biasa
1778,1698,1.0,Belanja Perjalanan Dinas Biasa,Belanja Perjalanan Dinas Biasa
1778,1696,1.0,Belanja Perjalanan Dinas Biasa,Belanja Perjalanan Dinas Biasa
1778,1699,1.0,Belanja Perjalanan Dinas Biasa,Belanja Perjalanan Dinas Biasa
1778,1701,1.0,Belanja Perjalanan Dinas Biasa,Belanja Perjalanan Dinas Biasa
1778,1697,1.0,Belanja Perjalanan Dinas Biasa,Belanja Perjalanan Dinas Biasa
1779,1842,1.0,Belanja Perjalanan Dinas Biasa SEKSI PELAYANAN KESEHATAN PRIMER DAN KESTRAD,Belanja Perjalanan Dinas Biasa SEKSI PELAYANAN KESEHATAN PRIMER DAN KESTRAD
1782,1698,1.0,Belanja Perjalanan Dinas Biasa,Belanja Perjalanan Dinas Biasa
1782,1696,1.0,Belanja Perjalanan Dinas Biasa,Belanja Perjalanan Dinas Biasa
1782,1699,1.0,Belanja Perjalanan Dinas Biasa,Belanja Perjalanan Dinas Biasa
1782,1701,1.0,Belanja Perjalanan Dinas Biasa,Belanja Perjalanan Dinas Biasa
1782,1697,1.0,Belanja Perjalanan Dinas Biasa,Belanja Perjalanan Dinas Biasa
1783,1698,1.0,Belanja Perjalanan Dinas Biasa,Belanja Perjalanan Dinas Biasa
1783,1696,1.0,Belanja Perjalanan Dinas Biasa,Belanja Perjalanan Dinas Biasa
1783,1699,1.0,Belanja Perjalanan Dinas Biasa,Belanja Perjalanan Dinas Biasa
1783,1701,1.0,Belanja Perjalanan Dinas Biasa,Belanja Perjalanan Dinas Biasa
1783,1697,1.0,Belanja Perjalanan Dinas Biasa,Belanja Perjalanan Dinas Biasa
1784,1698,1.0,Belanja Perjalanan Dinas Biasa,Belanja Perjalanan Dinas Biasa
1784,1696,1.0,Belanja Perjalanan Dinas Biasa,Belanja Perjalanan Dinas Biasa
1784,1699,1.0,Belanja Perjalanan Dinas Biasa,Belanja Perjalanan Dinas Biasa
1784,1701,1.0,Belanja Perjalanan Dinas Biasa,Belanja Perjalanan Dinas Biasa
1784,1697,1.0,Belanja Perjalanan Dinas Biasa,Belanja Perjalanan Dinas Biasa
1785,1698,1.0,Belanja Perjalanan Dinas Biasa,Belanja Perjalanan Dinas Biasa
1785,1696,1.0,Belanja Perjalanan Dinas Biasa,Belanja Perjalanan Dinas Biasa
1785,1699,1.0,Belanja Perjalanan Dinas Biasa,Belanja Perjalanan Dinas Biasa
1785,1701,1.0,Belanja Perjalanan Dinas Biasa,Belanja Perjalanan Dinas Biasa
1785,1697,1.0,Belanja Perjalanan Dinas Biasa,Belanja Perjalanan Dinas Biasa
1786,1698,1.0,Belanja Perjalanan Dinas Biasa,Belanja Perjalanan Dinas Biasa
1786,1696,1.0,Belanja Perjalanan Dinas Biasa,Belanja Perjalanan Dinas Biasa
1786,1699,1.0,Belanja Perjalanan Dinas Biasa,Belanja Perjalanan Dinas Biasa
1786,1701,1.0,Belanja Perjalanan Dinas Biasa,Belanja Perjalanan Dinas Biasa
1786,1697,1.0,Belanja Perjalanan Dinas Biasa,Belanja Perjalanan Dinas Biasa
1787,1698,1.0,Belanja Perjalanan Dinas Biasa,Belanja Perjalanan Dinas Biasa
1787,1696,1.0,Belanja Perjalanan Dinas Biasa,Belanja Perjalanan Dinas Biasa
1787,1699,1.0,Belanja Perjalanan Dinas Biasa,Belanja Perjalanan Dinas Biasa
1787,1701,1.0,Belanja Perjalanan Dinas Biasa,Belanja Perjalanan Dinas Biasa
1787,1697,1.0,Belanja Perjalanan Dinas Biasa,Belanja Perjalanan Dinas Biasa
1788,1698,1.0,Belanja Perjalanan Dinas Biasa,Belanja Perjalanan Dinas Biasa
1788,1696,1.0,Belanja Perjalanan Dinas Biasa,Belanja Perjalanan Dinas Biasa
1788,1699,1.0,Belanja Perjalanan Dinas Biasa,Belanja Perjalanan Dinas Biasa
1788,1701,1.0,Belanja Perjalanan Dinas Biasa,Belanja Perjalanan Dinas Biasa
1788,1697,1.0,Belanja Perjalanan Dinas Biasa,Belanja Perjalanan Dinas Biasa
1789,1698,1.0,Belanja Perjalanan Dinas Biasa,Belanja Perjalanan Dinas Biasa
1789,1696,1.0,Belanja Perjalanan Dinas Biasa,Belanja Perjalanan Dinas Biasa
1789,1699,1.0,Belanja Perjalanan Dinas Biasa,Belanja Perjalanan Dinas Biasa
1789,1701,1.0,Belanja Perjalanan Dinas Biasa,Belanja Perjalanan Dinas Biasa
1789,1697,1.0,Belanja Perjalanan Dinas Biasa,Belanja Perjalanan Dinas Biasa
1790,1698,1.0,Belanja Perjalanan Dinas Biasa,Belanja Perjalanan Dinas Biasa
1790,1696,1.0,Belanja Perjalanan Dinas Biasa,Belanja Perjalanan Dinas Biasa
1790,1699,1.0,Belanja Perjalanan Dinas Biasa,Belanja Perjalanan Dinas Biasa
1790,1701,1.0,Belanja Perjalanan Dinas Biasa,Belanja Perjalanan Dinas Biasa
1790,1697,1.0,Belanja Perjalanan Dinas Biasa,Belanja Perjalanan Dinas Biasa
1791,1698,1.0,Belanja Perjalanan Dinas Biasa,Belanja Perjalanan Dinas Biasa
1791,1696,1.0,Belanja Perjalanan Dinas Biasa,Belanja Perjalanan Dinas Biasa
1791,1699,1.0,Belanja Perjalanan Dinas Biasa,Belanja Perjalanan Dinas Biasa
1791,1701,1.0,Belanja Perjalanan Dinas Biasa,Belanja Perjalanan Dinas Biasa
1791,1697,1.0,Belanja Perjalanan Dinas Biasa,Belanja Perjalanan Dinas Biasa
1792,1698,1.0,Belanja Perjalanan Dinas Biasa,Belanja Perjalanan Dinas Biasa
1792,1696,1.0,Belanja Perjalanan Dinas Biasa,Belanja Perjalanan Dinas Biasa
1792,1699,1.0,Belanja Perjalanan Dinas Biasa,Belanja Perjalanan Dinas Biasa
1792,1701,1.0,Belanja Perjalanan Dinas Biasa,Belanja Perjalanan Dinas Biasa
1792,1697,1.0,Belanja Perjalanan Dinas Biasa,Belanja Perjalanan Dinas Biasa
1793,1698,1.0,Belanja Perjalanan Dinas Biasa,Belanja Perjalanan Dinas Biasa
1793,1696,1.0,Belanja Perjalanan Dinas Biasa,Belanja Perjalanan Dinas Biasa
1793,1699,1.0,Belanja Perjalanan Dinas Biasa,Belanja Perjalanan Dinas Biasa
1793,1701,1.0,Belanja Perjalanan Dinas Biasa,Belanja Perjalanan Dinas Biasa
1793,1697,1.0,Belanja Perjalanan Dinas Biasa,Belanja Perjalanan Dinas Biasa
1794,1698,1.0,Belanja Perjalanan Dinas Biasa,Belanja Perjalanan Dinas Biasa
1794,1696,1.0,Belanja Perjalanan Dinas Biasa,Belanja Perjalanan Dinas Biasa
1794,1699,1.0,Belanja Perjalanan Dinas Biasa,Belanja Perjalanan Dinas Biasa
1794,1701,1.0,Belanja Perjalanan Dinas Biasa,Belanja Perjalanan Dinas Biasa
1794,1697,1.0,Belanja Perjalanan Dinas Biasa,Belanja Perjalanan Dinas Biasa
1795,1698,1.0,Belanja Perjalanan Dinas Biasa,Belanja Perjalanan Dinas Biasa
1795,1696,1.0,Belanja Perjalanan Dinas Biasa,Belanja Perjalanan Dinas Biasa
1795,1699,1.0,Belanja Perjalanan Dinas Biasa,Belanja Perjalanan Dinas Biasa
1795,1701,1.0,Belanja Perjalanan Dinas Biasa,Belanja Perjalanan Dinas Biasa
1795,1697,1.0,Belanja Perjalanan Dinas Biasa,Belanja Perjalanan Dinas Biasa
1796,1698,1.0,Belanja Perjalanan Dinas Biasa,Belanja Perjalanan Dinas Biasa
1796,1696,1.0,Belanja Perjalanan Dinas Biasa,Belanja Perjalanan Dinas Biasa
1796,1699,1.0,Belanja Perjalanan Dinas Biasa,Belanja Perjalanan Dinas Biasa
1796,1701,1.0,Belanja Perjalanan Dinas Biasa,Belanja Perjalanan Dinas Biasa
1796,1697,1.0,Belanja Perjalanan Dinas Biasa,Belanja Perjalanan Dinas Biasa
1797,1698,1.0,Belanja Perjalanan Dinas Biasa,Belanja Perjalanan Dinas Biasa
1797,1696,1.0,Belanja Perjalanan Dinas Biasa,Belanja Perjalanan Dinas Biasa
1797,1699,1.0,Belanja Perjalanan Dinas Biasa,Belanja Perjalanan Dinas Biasa
1797,1701,1.0,Belanja Perjalanan Dinas Biasa,Belanja Perjalanan Dinas Biasa
1797,1697,1.0,Belanja Perjalanan Dinas Biasa,Belanja Perjalanan Dinas Biasa
1798,1698,1.0,Belanja Perjalanan Dinas Biasa,Belanja Perjalanan Dinas Biasa
1798,1696,1.0,Belanja Perjalanan Dinas Biasa,Belanja Perjalanan Dinas Biasa
1798,1699,1.0,Belanja Perjalanan Dinas Biasa,Belanja Perjalanan Dinas Biasa
1798,1701,1.0,Belanja Perjalanan Dinas Biasa,Belanja Perjalanan Dinas Biasa
1798,1697,1.0,Belanja Perjalanan Dinas Biasa,Belanja Perjalanan Dinas Biasa
1799,1698,1.0,Belanja Perjalanan Dinas Biasa,Belanja Perjalanan Dinas Biasa
1799,1696,1.0,Belanja Perjalanan Dinas Biasa,Belanja Perjalanan Dinas Biasa
1799,1699,1.0,Belanja Perjalanan Dinas Biasa,Belanja Perjalanan Dinas Biasa
1799,1701,1.0,Belanja Perjalanan Dinas Biasa,Belanja Perjalanan Dinas Biasa
1799,1697,1.0,Belanja Perjalanan Dinas Biasa,Belanja Perjalanan Dinas Biasa
1800,1698,1.0,Belanja Perjalanan Dinas Biasa,Belanja Perjalanan Dinas Biasa
1800,1696,1.0,Belanja Perjalanan Dinas Biasa,Belanja Perjalanan Dinas Biasa
1800,1699,1.0,Belanja Perjalanan Dinas Biasa,Belanja Perjalanan Dinas Biasa
1800,1701,1.0,Belanja Perjalanan Dinas Biasa,Belanja Perjalanan Dinas Biasa
1800,1697,1.0,Belanja Perjalanan Dinas Biasa,Belanja Perjalanan Dinas Biasa
1801,1698,1.0,Belanja Perjalanan Dinas Biasa,Belanja Perjalanan Dinas Biasa
1801,1696,1.0,Belanja Perjalanan Dinas Biasa,Belanja Perjalanan Dinas Biasa
1801,1699,1.0,Belanja Perjalanan Dinas Biasa,Belanja Perjalanan Dinas Biasa
1801,1701,1.0,Belanja Perjalanan Dinas Biasa,Belanja Perjalanan Dinas Biasa
1801,1697,1.0,Belanja Perjalanan Dinas Biasa,Belanja Perjalanan Dinas Biasa
1802,1698,1.0,Belanja Perjalanan Dinas Biasa,Belanja Perjalanan Dinas Biasa
1802,1696,1.0,Belanja Perjalanan Dinas Biasa,Belanja Perjalanan Dinas Biasa
1802,1699,1.0,Belanja Perjalanan Dinas Biasa,Belanja Perjalanan Dinas Biasa
1802,1701,1.0,Belanja Perjalanan Dinas Biasa,Belanja Perjalanan Dinas Biasa
1802,1697,1.0,Belanja Perjalanan Dinas Biasa,Belanja Perjalanan Dinas Biasa
1803,1698,1.0,Belanja Perjalanan Dinas Biasa,Belanja Perjalanan Dinas Biasa
1803,1696,1.0,Belanja Perjalanan Dinas Biasa,Belanja Perjalanan Dinas Biasa
1803,1699,1.0,Belanja Perjalanan Dinas Biasa,Belanja Perjalanan Dinas Biasa
1803,1701,1.0,Belanja Perjalanan Dinas Biasa,Belanja Perjalanan Dinas Biasa
1803,1697,1.0,Belanja Perjalanan Dinas Biasa,Belanja Perjalanan Dinas Biasa
1804,1698,1.0,Belanja Perjalanan Dinas Biasa,Belanja Perjalanan Dinas Biasa
1804,1696,1.0,Belanja Perjalanan Dinas Biasa,Belanja Perjalanan Dinas Biasa
1804,1699,1.0,Belanja Perjalanan Dinas Biasa,Belanja Perjalanan Dinas Biasa
1804,1701,1.0,Belanja Perjalanan Dinas Biasa,Belanja Perjalanan Dinas Biasa
1804,1697,1.0,Belanja Perjalanan Dinas Biasa,Belanja Perjalanan Dinas Biasa
1805,1698,1.0,Belanja Perjalanan Dinas Biasa,Belanja Perjalanan Dinas Biasa
1805,1696,1.0,Belanja Perjalanan Dinas Biasa,Belanja Perjalanan Dinas Biasa
1805,1699,1.0,Belanja Perjalanan Dinas Biasa,Belanja Perjalanan Dinas Biasa
1805,1701,1.0,Belanja Perjalanan Dinas Biasa,Belanja Perjalanan Dinas Biasa
1805,1697,1.0,Belanja Perjalanan Dinas Biasa,Belanja Perjalanan Dinas Biasa
1806,1698,1.0,Belanja Perjalanan Dinas Biasa,Belanja Perjalanan Dinas Biasa
1806,1696,1.0,Belanja Perjalanan Dinas Biasa,Belanja Perjalanan Dinas Biasa
1806,1699,1.0,Belanja Perjalanan Dinas Biasa,Belanja Perjalanan Dinas Biasa
1806,1701,1.0,Belanja Perjalanan Dinas Biasa,Belanja Perjalanan Dinas Biasa
1806,1697,1.0,Belanja Perjalanan Dinas Biasa,Belanja Perjalanan Dinas Biasa
1807,1698,1.0,Belanja Perjalanan Dinas Biasa,Belanja Perjalanan Dinas Biasa
1807,1696,1.0,Belanja Perjalanan Dinas Biasa,Belanja Perjalanan Dinas Biasa
1807,1699,1.0,Belanja Perjalanan Dinas Biasa,Belanja Perjalanan Dinas Biasa
1807,1701,1.0,Belanja Perjalanan Dinas Biasa,Belanja Perjalanan Dinas Biasa
1807,1697,1.0,Belanja Perjalanan Dinas Biasa,Belanja Perjalanan Dinas Biasa
1808,1698,1.0,Belanja Perjalanan Dinas Biasa,Belanja Perjalanan Dinas Biasa
1808,1696,1.0,Belanja Perjalanan Dinas Biasa,Belanja Perjalanan Dinas Biasa
1808,1699,1.0,Belanja Perjalanan Dinas Biasa,Belanja Perjalanan Dinas Biasa
1808,1701,1.0,Belanja Perjalanan Dinas Biasa,Belanja Perjalanan Dinas Biasa
1808,1697,1.0,Belanja Perjalanan Dinas Biasa,Belanja Perjalanan Dinas Biasa
1809,1698,1.0,Belanja Perjalanan Dinas Biasa,Belanja Perjalanan Dinas Biasa
1809,1696,1.0,Belanja Perjalanan Dinas Biasa,Belanja Perjalanan Dinas Biasa
1809,1699,1.0,Belanja Perjalanan Dinas Biasa,Belanja Perjalanan Dinas Biasa
1809,1701,1.0,Belanja Perjalanan Dinas Biasa,Belanja Perjalanan Dinas Biasa
1809,1697,1.0,Belanja Perjalanan Dinas Biasa,Belanja Perjalanan Dinas Biasa
1810,1698,1.0,Belanja Perjalanan Dinas Biasa,Belanja Perjalanan Dinas Biasa
1810,1696,1.0,Belanja Perjalanan Dinas Biasa,Belanja Perjalanan Dinas Biasa
1810,1699,1.0,Belanja Perjalanan Dinas Biasa,Belanja Perjalanan Dinas Biasa
1810,1701,1.0,Belanja Perjalanan Dinas Biasa,Belanja Perjalanan Dinas Biasa
1810,1697,1.0,Belanja Perjalanan Dinas Biasa,Belanja Perjalanan Dinas Biasa
1813,1698,1.0,Belanja Perjalanan Dinas Biasa,Belanja Perjalanan Dinas Biasa
1813,1696,1.0,Belanja Perjalanan Dinas Biasa,Belanja Perjalanan Dinas Biasa
1813,1699,1.0,Belanja Perjalanan Dinas Biasa,Belanja Perjalanan Dinas Biasa
1813,1701,1.0,Belanja Perjalanan Dinas Biasa,Belanja Perjalanan Dinas Biasa
1813,1697,1.0,Belanja Perjalanan Dinas Biasa,Belanja Perjalanan Dinas Biasa
1814,1698,1.0,Belanja Perjalanan Dinas Biasa,Belanja Perjalanan Dinas Biasa
1814,1696,1.0,Belanja Perjalanan Dinas Biasa,Belanja Perjalanan Dinas Biasa
1814,1699,1.0,Belanja Perjalanan Dinas Biasa,Belanja Perjalanan Dinas Biasa
1814,1701,1.0,Belanja Perjalanan Dinas Biasa,Belanja Perjalanan Dinas Biasa
1814,1697,1.0,Belanja Perjalanan Dinas Biasa,Belanja Perjalanan Dinas Biasa
1815,1698,1.0,Belanja Perjalanan Dinas Biasa,Belanja Perjalanan Dinas Biasa
1815,1696,1.0,Belanja Perjalanan Dinas Biasa,Belanja Perjalanan Dinas Biasa
1815,1699,1.0,Belanja Perjalanan Dinas Biasa,Belanja Perjalanan Dinas Biasa
1815,1701,1.0,Belanja Perjalanan Dinas Biasa,Belanja Perjalanan Dinas Biasa
1815,1697,1.0,Belanja Perjalanan Dinas Biasa,Belanja Perjalanan Dinas Biasa
1816,1698,1.0,Belanja Perjalanan Dinas Biasa,Belanja Perjalanan Dinas Biasa
1816,1696,1.0,Belanja Perjalanan Dinas Biasa,Belanja Perjalanan Dinas Biasa
1816,1699,1.0,Belanja Perjalanan Dinas Biasa,Belanja Perjalanan Dinas Biasa
1816,1701,1.0,Belanja Perjalanan Dinas Biasa,Belanja Perjalanan Dinas Biasa
1816,1697,1.0,Belanja Perjalanan Dinas Biasa,Belanja Perjalanan Dinas Biasa
1817,1698,1.0,Belanja Perjalanan Dinas Biasa,Belanja Perjalanan Dinas Biasa
1817,1696,1.0,Belanja Perjalanan Dinas Biasa,Belanja Perjalanan Dinas Biasa
1817,1699,1.0,Belanja Perjalanan Dinas Biasa,Belanja Perjalanan Dinas Biasa
1817,1701,1.0,Belanja Perjalanan Dinas Biasa,Belanja Perjalanan Dinas Biasa
1817,1697,1.0,Belanja Perjalanan Dinas Biasa,Belanja Perjalanan Dinas Biasa
1818,1698,1.0,Belanja Perjalanan Dinas Biasa,Belanja Perjalanan Dinas Biasa
1818,1696,1.0,Belanja Perjalanan Dinas Biasa,Belanja Perjalanan Dinas Biasa
1818,1699,1.0,Belanja Perjalanan Dinas Biasa,Belanja Perjalanan Dinas Biasa
1818,1701,1.0,Belanja Perjalanan Dinas Biasa,Belanja Perjalanan Dinas Biasa
1818,1697,1.0,Belanja Perjalanan Dinas Biasa,Belanja Perjalanan Dinas Biasa
1819,1698,1.0,Belanja Perjalanan Dinas Biasa,Belanja Perjalanan Dinas Biasa
1819,1696,1.0,Belanja Perjalanan Dinas Biasa,Belanja Perjalanan Dinas Biasa
1819,1699,1.0,Belanja Perjalanan Dinas Biasa,Belanja Perjalanan Dinas Biasa
1819,1701,1.0,Belanja Perjalanan Dinas Biasa,Belanja Perjalanan Dinas Biasa
1819,1697,1.0,Belanja Perjalanan Dinas Biasa,Belanja Perjalanan Dinas Biasa
1820,1698,1.0,Belanja Perjalanan Dinas Biasa,Belanja Perjalanan Dinas Biasa
1820,1696,1.0,Belanja Perjalanan Dinas Biasa,Belanja Perjalanan Dinas Biasa
1820,1699,1.0,Belanja Perjalanan Dinas Biasa,Belanja Perjalanan Dinas Biasa
1820,1701,1.0,Belanja Perjalanan Dinas Biasa,Belanja Perjalanan Dinas Biasa
1820,1697,1.0,Belanja Perjalanan Dinas Biasa,Belanja Perjalanan Dinas Biasa
1821,1698,1.0,Belanja Perjalanan Dinas Biasa,Belanja Perjalanan Dinas Biasa
1821,1696,1.0,Belanja Perjalanan Dinas Biasa,Belanja Perjalanan Dinas Biasa
1821,1699,1.0,Belanja Perjalanan Dinas Biasa,Belanja Perjalanan Dinas Biasa
1821,1701,1.0,Belanja Perjalanan Dinas Biasa,Belanja Perjalanan Dinas Biasa
1821,1697,1.0,Belanja Perjalanan Dinas Biasa,Belanja Perjalanan Dinas Biasa
1822,1698,1.0,Belanja Perjalanan Dinas Biasa,Belanja Perjalanan Dinas Biasa
1822,1696,1.0,Belanja Perjalanan Dinas Biasa,Belanja Perjalanan Dinas Biasa
1822,1699,1.0,Belanja Perjalanan Dinas Biasa,Belanja Perjalanan Dinas Biasa
1822,1701,1.0,Belanja Perjalanan Dinas Biasa,Belanja Perjalanan Dinas Biasa
1822,1697,1.0,Belanja Perjalanan Dinas Biasa,Belanja Perjalanan Dinas Biasa
1825,1698,1.0,Belanja Perjalanan Dinas Biasa,Belanja Perjalanan Dinas Biasa
1825,1696,1.0,Belanja Perjalanan Dinas Biasa,Belanja Perjalanan Dinas Biasa
1825,1699,1.0,Belanja Perjalanan Dinas Biasa,Belanja Perjalanan Dinas Biasa
1825,1701,1.0,Belanja Perjalanan Dinas Biasa,Belanja Perjalanan Dinas Biasa
1825,1697,1.0,Belanja Perjalanan Dinas Biasa,Belanja Perjalanan Dinas Biasa
1826,1698,1.0,Belanja Perjalanan Dinas Biasa,Belanja Perjalanan Dinas Biasa
1826,1696,1.0,Belanja Perjalanan Dinas Biasa,Belanja Perjalanan Dinas Biasa
1826,1699,1.0,Belanja Perjalanan Dinas Biasa,Belanja Perjalanan Dinas Biasa
1826,1701,1.0,Belanja Perjalanan Dinas Biasa,Belanja Perjalanan Dinas Biasa
1826,1697,1.0,Belanja Perjalanan Dinas Biasa,Belanja Perjalanan Dinas Biasa
1827,1698,1.0,Belanja Perjalanan Dinas Biasa,Belanja Perjalanan Dinas Biasa
1827,1696,1.0,Belanja Perjalanan Dinas Biasa,Belanja Perjalanan Dinas Biasa
1827,1699,1.0,Belanja Perjalanan Dinas Biasa,Belanja Perjalanan Dinas Biasa
1827,1701,1.0,Belanja Perjalanan Dinas Biasa,Belanja Perjalanan Dinas Biasa
1827,1697,1.0,Belanja Perjalanan Dinas Biasa,Belanja Perjalanan Dinas Biasa
1828,1698,1.0,Belanja Perjalanan Dinas Biasa,Belanja Perjalanan Dinas Biasa
1828,1696,1.0,Belanja Perjalanan Dinas Biasa,Belanja Perjalanan Dinas Biasa
1828,1699,1.0,Belanja Perjalanan Dinas Biasa,Belanja Perjalanan Dinas Biasa
1828,1701,1.0,Belanja Perjalanan Dinas Biasa,Belanja Perjalanan Dinas Biasa
1828,1697,1.0,Belanja Perjalanan Dinas Biasa,Belanja Perjalanan Dinas Biasa
1830,1698,1.0,Belanja Perjalanan Dinas Biasa,Belanja Perjalanan Dinas Biasa
1830,1696,1.0,Belanja Perjalanan Dinas Biasa,Belanja Perjalanan Dinas Biasa
1830,1699,1.0,Belanja Perjalanan Dinas Biasa,Belanja Perjalanan Dinas Biasa
1830,1701,1.0,Belanja Perjalanan Dinas Biasa,Belanja Perjalanan Dinas Biasa
1830,1697,1.0,Belanja Perjalanan Dinas Biasa,Belanja Perjalanan Dinas Biasa
1831,1698,1.0,Belanja Perjalanan Dinas Biasa,Belanja Perjalanan Dinas Biasa
1831,1696,1.0,Belanja Perjalanan Dinas Biasa,Belanja Perjalanan Dinas Biasa
1831,1699,1.0,Belanja Perjalanan Dinas Biasa,Belanja Perjalanan Dinas Biasa
1831,1701,1.0,Belanja Perjalanan Dinas Biasa,Belanja Perjalanan Dinas Biasa
1831,1697,1.0,Belanja Perjalanan Dinas Biasa,Belanja Perjalanan Dinas Biasa
1832,1698,1.0,Belanja Perjalanan Dinas Biasa,Belanja Perjalanan Dinas Biasa
1832,1696,1.0,Belanja Perjalanan Dinas Biasa,Belanja Perjalanan Dinas Biasa
1832,1699,1.0,Belanja Perjalanan Dinas Biasa,Belanja Perjalanan Dinas Biasa
1832,1701,1.0,Belanja Perjalanan Dinas Biasa,Belanja Perjalanan Dinas Biasa
1832,1697,1.0,Belanja Perjalanan Dinas Biasa,Belanja Perjalanan Dinas Biasa
1833,1698,1.0,Belanja perjalanan dinas biasa,Belanja Perjalanan Dinas Biasa
1833,1696,1.0,Belanja perjalanan dinas biasa,Belanja Perjalanan Dinas Biasa
1833,1699,1.0,Belanja perjalanan dinas biasa,Belanja Perjalanan Dinas Biasa
1833,1701,1.0,Belanja perjalanan dinas biasa,Belanja Perjalanan Dinas Biasa
1833,1697,1.0,Belanja perjalanan dinas biasa,Belanja Perjalanan Dinas Biasa
1834,1698,1.0,Belanja Perjalanan Dinas Biasa,Belanja Perjalanan Dinas Biasa
1834,1696,1.0,Belanja Perjalanan Dinas Biasa,Belanja Perjalanan Dinas Biasa
1834,1699,1.0,Belanja Perjalanan Dinas Biasa,Belanja Perjalanan Dinas Biasa
1834,1701,1.0,Belanja Perjalanan Dinas Biasa,Belanja Perjalanan Dinas Biasa
1834,1697,1.0,Belanja Perjalanan Dinas Biasa,Belanja Perjalanan Dinas Biasa
1835,1698,1.0,Belanja Perjalanan Dinas Biasa,Belanja Perjalanan Dinas Biasa
1835,1696,1.0,Belanja Perjalanan Dinas Biasa,Belanja Perjalanan Dinas Biasa
1835,1699,1.0,Belanja Perjalanan Dinas Biasa,Belanja Perjalanan Dinas Biasa
1835,1701,1.0,Belanja Perjalanan Dinas Biasa,Belanja Perjalanan Dinas Biasa
1835,1697,1.0,Belanja Perjalanan Dinas Biasa,Belanja Perjalanan Dinas Biasa
1836,1698,1.0,Belanja Perjalanan Dinas Biasa,Belanja Perjalanan Dinas Biasa
1836,1696,1.0,Belanja Perjalanan Dinas Biasa,Belanja Perjalanan Dinas Biasa
1836,1699,1.0,Belanja Perjalanan Dinas Biasa,Belanja Perjalanan Dinas Biasa
1836,1701,1.0,Belanja Perjalanan Dinas Biasa,Belanja Perjalanan Dinas Biasa
1836,1697,1.0,Belanja Perjalanan Dinas Biasa,Belanja Perjalanan Dinas Biasa
1837,1698,1.0,Belanja Perjalanan Dinas Biasa,Belanja Perjalanan Dinas Biasa
1837,1696,1.0,Belanja Perjalanan Dinas Biasa,Belanja Perjalanan Dinas Biasa
1837,1699,1.0,Belanja Perjalanan Dinas Biasa,Belanja Perjalanan Dinas Biasa
1837,1701,1.0,Belanja Perjalanan Dinas Biasa,Belanja Perjalanan Dinas Biasa
1837,1697,1.0,Belanja Perjalanan Dinas Biasa,Belanja Perjalanan Dinas Biasa
1838,1698,1.0,Belanja Perjalanan Dinas Biasa,Belanja Perjalanan Dinas Biasa
1838,1696,1.0,Belanja Perjalanan Dinas Biasa,Belanja Perjalanan Dinas Biasa
1838,1699,1.0,Belanja Perjalanan Dinas Biasa,Belanja Perjalanan Dinas Biasa
1838,1701,1.0,Belanja Perjalanan Dinas Biasa,Belanja Perjalanan Dinas Biasa
1838,1697,1.0,Belanja Perjalanan Dinas Biasa,Belanja Perjalanan Dinas Biasa
1841,1698,1.0,Belanja Perjalanan Dinas Biasa,Belanja Perjalanan Dinas Biasa
1841,1696,1.0,Belanja Perjalanan Dinas Biasa,Belanja Perjalanan Dinas Biasa
1841,1699,1.0,Belanja Perjalanan Dinas Biasa,Belanja Perjalanan Dinas Biasa
1841,1701,1.0,Belanja Perjalanan Dinas Biasa,Belanja Perjalanan Dinas Biasa
1841,1697,1.0,Belanja Perjalanan Dinas Biasa,Belanja Perjalanan Dinas Biasa
1844,1698,1.0,Belanja Perjalanan Dinas Biasa,Belanja Perjalanan Dinas Biasa
1844,1696,1.0,Belanja Perjalanan Dinas Biasa,Belanja Perjalanan Dinas Biasa
1844,1699,1.0,Belanja Perjalanan Dinas Biasa,Belanja Perjalanan Dinas Biasa
1844,1701,1.0,Belanja Perjalanan Dinas Biasa,Belanja Perjalanan Dinas Biasa
1844,1697,1.0,Belanja Perjalanan Dinas Biasa,Belanja Perjalanan Dinas Biasa
1845,1698,1.0,Belanja Perjalanan Dinas Biasa,Belanja Perjalanan Dinas Biasa
1845,1696,1.0,Belanja Perjalanan Dinas Biasa,Belanja Perjalanan Dinas Biasa
1845,1699,1.0,Belanja Perjalanan Dinas Biasa,Belanja Perjalanan Dinas Biasa
1845,1701,1.0,Belanja Perjalanan Dinas Biasa,Belanja Perjalanan Dinas Biasa
1845,1697,1.0,Belanja Perjalanan Dinas Biasa,Belanja Perjalanan Dinas Biasa
1846,1698,1.0,Belanja Perjalanan Dinas Biasa,Belanja Perjalanan Dinas Biasa
1846,1696,1.0,Belanja Perjalanan Dinas Biasa,Belanja Perjalanan Dinas Biasa
1846,1699,1.0,Belanja Perjalanan Dinas Biasa,Belanja Perjalanan Dinas Biasa
1846,1701,1.0,Belanja Perjalanan Dinas Biasa,Belanja Perjalanan Dinas Biasa
1846,1697,1.0,Belanja Perjalanan Dinas Biasa,Belanja Perjalanan Dinas Biasa
1847,1698,1.0,Belanja Perjalanan Dinas Biasa,Belanja Perjalanan Dinas Biasa
1847,1696,1.0,Belanja Perjalanan Dinas Biasa,Belanja Perjalanan Dinas Biasa
1847,1699,1.0,Belanja Perjalanan Dinas Biasa,Belanja Perjalanan Dinas Biasa
1847,1701,1.0,Belanja Perjalanan Dinas Biasa,Belanja Perjalanan Dinas Biasa
1847,1697,1.0,Belanja Perjalanan Dinas Biasa,Belanja Perjalanan Dinas Biasa
1848,1698,1.0,Belanja Perjalanan Dinas Biasa,Belanja Perjalanan Dinas Biasa
1848,1696,1.0,Belanja Perjalanan Dinas Biasa,Belanja Perjalanan Dinas Biasa
1848,1699,1.0,Belanja Perjalanan Dinas Biasa,Belanja Perjalanan Dinas Biasa
1848,1701,1.0,Belanja Perjalanan Dinas Biasa,Belanja Perjalanan Dinas Biasa
1848,1697,1.0,Belanja Perjalanan Dinas Biasa,Belanja Perjalanan Dinas Biasa
1849,1698,1.0,Belanja Perjalanan Dinas Biasa,Belanja Perjalanan Dinas Biasa
1849,1696,1.0,Belanja Perjalanan Dinas Biasa,Belanja Perjalanan Dinas Biasa
1849,1699,1.0,Belanja Perjalanan Dinas Biasa,Belanja Perjalanan Dinas Biasa
1849,1701,1.0,Belanja Perjalanan Dinas Biasa,Belanja Perjalanan Dinas Biasa
1849,1697,1.0,Belanja Perjalanan Dinas Biasa,Belanja Perjalanan Dinas Biasa
1850,1698,1.0,Belanja Perjalanan Dinas Biasa,Belanja Perjalanan Dinas Biasa
1850,1696,1.0,Belanja Perjalanan Dinas Biasa,Belanja Perjalanan Dinas Biasa
1850,1699,1.0,Belanja Perjalanan Dinas Biasa,Belanja Perjalanan Dinas Biasa
1850,1701,1.0,Belanja Perjalanan Dinas Biasa,Belanja Perjalanan Dinas Biasa
1850,1697,1.0,Belanja Perjalanan Dinas Biasa,Belanja Perjalanan Dinas Biasa
1851,1698,1.0,Belanja Perjalanan Dinas Biasa,Belanja Perjalanan Dinas Biasa
1851,1696,1.0,Belanja Perjalanan Dinas Biasa,Belanja Perjalanan Dinas Biasa
1851,1699,1.0,Belanja Perjalanan Dinas Biasa,Belanja Perjalanan Dinas Biasa
1851,1701,1.0,Belanja Perjalanan Dinas Biasa,Belanja Perjalanan Dinas Biasa
1851,1697,1.0,Belanja Perjalanan Dinas Biasa,Belanja Perjalanan Dinas Biasa
1852,1698,1.0,Belanja Perjalanan Dinas Biasa,Belanja Perjalanan Dinas Biasa
1852,1696,1.0,Belanja Perjalanan Dinas Biasa,Belanja Perjalanan Dinas Biasa
1852,1699,1.0,Belanja Perjalanan Dinas Biasa,Belanja Perjalanan Dinas Biasa
1852,1701,1.0,Belanja Perjalanan Dinas Biasa,Belanja Perjalanan Dinas Biasa
1852,1697,1.0,Belanja Perjalanan Dinas Biasa,Belanja Perjalanan Dinas Biasa
1853,1698,1.0,Belanja Perjalanan Dinas Biasa,Belanja Perjalanan Dinas Biasa
1853,1696,1.0,Belanja Perjalanan Dinas Biasa,Belanja Perjalanan Dinas Biasa
1853,1699,1.0,Belanja Perjalanan Dinas Biasa,Belanja Perjalanan Dinas Biasa
1853,1701,1.0,Belanja Perjalanan Dinas Biasa,Belanja Perjalanan Dinas Biasa
1853,1697,1.0,Belanja Perjalanan Dinas Biasa,Belanja Perjalanan Dinas Biasa
1854,1698,1.0,Belanja Perjalanan Dinas Biasa,Belanja Perjalanan Dinas Biasa
1854,1696,1.0,Belanja Perjalanan Dinas Biasa,Belanja Perjalanan Dinas Biasa
1854,1699,1.0,Belanja Perjalanan Dinas Biasa,Belanja Perjalanan Dinas Biasa
1854,1701,1.0,Belanja Perjalanan Dinas Biasa,Belanja Perjalanan Dinas Biasa
1854,1697,1.0,Belanja Perjalanan Dinas Biasa,Belanja Perjalanan Dinas Biasa
1855,1698,1.0,Belanja Perjalanan Dinas Biasa,Belanja Perjalanan Dinas Biasa
1855,1696,1.0,Belanja Perjalanan Dinas Biasa,Belanja Perjalanan Dinas Biasa
1855,1699,1.0,Belanja Perjalanan Dinas Biasa,Belanja Perjalanan Dinas Biasa
1855,1701,1.0,Belanja Perjalanan Dinas Biasa,Belanja Perjalanan Dinas Biasa
1855,1697,1.0,Belanja Perjalanan Dinas Biasa,Belanja Perjalanan Dinas Biasa
1856,1698,1.0,Belanja Perjalanan Dinas Biasa,Belanja Perjalanan Dinas Biasa
1856,1696,1.0,Belanja Perjalanan Dinas Biasa,Belanja Perjalanan Dinas Biasa
1856,1699,1.0,Belanja Perjalanan Dinas Biasa,Belanja Perjalanan Dinas Biasa
1856,1701,1.0,Belanja Perjalanan Dinas Biasa,Belanja Perjalanan Dinas Biasa
1856,1697,1.0,Belanja Perjalanan Dinas Biasa,Belanja Perjalanan Dinas Biasa
1857,1698,1.0,Belanja Perjalanan Dinas Biasa,Belanja Perjalanan Dinas Biasa
1857,1696,1.0,Belanja Perjalanan Dinas Biasa,Belanja Perjalanan Dinas Biasa
1857,1699,1.0,Belanja Perjalanan Dinas Biasa,Belanja Perjalanan Dinas Biasa
1857,1701,1.0,Belanja Perjalanan Dinas Biasa,Belanja Perjalanan Dinas Biasa
1857,1697,1.0,Belanja Perjalanan Dinas Biasa,Belanja Perjalanan Dinas Biasa
1858,1698,1.0,Belanja Perjalanan Dinas Biasa,Belanja Perjalanan Dinas Biasa
1858,1696,1.0,Belanja Perjalanan Dinas Biasa,Belanja Perjalanan Dinas Biasa
1858,1699,1.0,Belanja Perjalanan Dinas Biasa,Belanja Perjalanan Dinas Biasa
1858,1701,1.0,Belanja Perjalanan Dinas Biasa,Belanja Perjalanan Dinas Biasa
1858,1697,1.0,Belanja Perjalanan Dinas Biasa,Belanja Perjalanan Dinas Biasa
1859,1698,1.0,Belanja Perjalanan Dinas Biasa,Belanja Perjalanan Dinas Biasa
1859,1696,1.0,Belanja Perjalanan Dinas Biasa,Belanja Perjalanan Dinas Biasa
1859,1699,1.0,Belanja Perjalanan Dinas Biasa,Belanja Perjalanan Dinas Biasa
1859,1701,1.0,Belanja Perjalanan Dinas Biasa,Belanja Perjalanan Dinas Biasa
1859,1697,1.0,Belanja Perjalanan Dinas Biasa,Belanja Perjalanan Dinas Biasa
1860,1698,1.0,Belanja Perjalanan Dinas Biasa,Belanja Perjalanan Dinas Biasa
1860,1696,1.0,Belanja Perjalanan Dinas Biasa,Belanja Perjalanan Dinas Biasa
1860,1699,1.0,Belanja Perjalanan Dinas Biasa,Belanja Perjalanan Dinas Biasa
1860,1701,1.0,Belanja Perjalanan Dinas Biasa,Belanja Perjalanan Dinas Biasa
1860,1697,1.0,Belanja Perjalanan Dinas Biasa,Belanja Perjalanan Dinas Biasa
1861,1698,1.0,Belanja Perjalanan Dinas Biasa,Belanja Perjalanan Dinas Biasa
1861,1696,1.0,Belanja Perjalanan Dinas Biasa,Belanja Perjalanan Dinas Biasa
1861,1699,1.0,Belanja Perjalanan Dinas Biasa,Belanja Perjalanan Dinas Biasa
1861,1701,1.0,Belanja Perjalanan Dinas Biasa,Belanja Perjalanan Dinas Biasa
1861,1697,1.0,Belanja Perjalanan Dinas Biasa,Belanja Perjalanan Dinas Biasa
1862,1698,1.0,Belanja Perjalanan Dinas Biasa,Belanja Perjalanan Dinas Biasa
1862,1696,1.0,Belanja Perjalanan Dinas Biasa,Belanja Perjalanan Dinas Biasa
1862,1699,1.0,Belanja Perjalanan Dinas Biasa,Belanja Perjalanan Dinas Biasa
1862,1701,1.0,Belanja Perjalanan Dinas Biasa,Belanja Perjalanan Dinas Biasa
1862,1697,1.0,Belanja Perjalanan Dinas Biasa,Belanja Perjalanan Dinas Biasa
1863,1698,1.0,Belanja Perjalanan Dinas Biasa,Belanja Perjalanan Dinas Biasa
1863,1696,1.0,Belanja Perjalanan Dinas Biasa,Belanja Perjalanan Dinas Biasa
1863,1699,1.0,Belanja Perjalanan Dinas Biasa,Belanja Perjalanan Dinas Biasa
1863,1701,1.0,Belanja Perjalanan Dinas Biasa,Belanja Perjalanan Dinas Biasa
1863,1697,1.0,Belanja Perjalanan Dinas Biasa,Belanja Perjalanan Dinas Biasa
1864,1698,1.0,Belanja Perjalanan Dinas Biasa,Belanja Perjalanan Dinas Biasa
1864,1696,1.0,Belanja Perjalanan Dinas Biasa,Belanja Perjalanan Dinas Biasa
1864,1699,1.0,Belanja Perjalanan Dinas Biasa,Belanja Perjalanan Dinas Biasa
1864,1701,1.0,Belanja Perjalanan Dinas Biasa,Belanja Perjalanan Dinas Biasa
1864,1697,1.0,Belanja Perjalanan Dinas Biasa,Belanja Perjalanan Dinas Biasa
1866,1698,1.0,Belanja Perjalanan Dinas Biasa,Belanja Perjalanan Dinas Biasa
1866,1696,1.0,Belanja Perjalanan Dinas Biasa,Belanja Perjalanan Dinas Biasa
1866,1699,1.0,Belanja Perjalanan Dinas Biasa,Belanja Perjalanan Dinas Biasa
1866,1701,1.0,Belanja Perjalanan Dinas Biasa,Belanja Perjalanan Dinas Biasa
1866,1697,1.0,Belanja Perjalanan Dinas Biasa,Belanja Perjalanan Dinas Biasa
1867,1698,1.0,Belanja Perjalanan Dinas Biasa,Belanja Perjalanan Dinas Biasa
1867,1696,1.0,Belanja Perjalanan Dinas Biasa,Belanja Perjalanan Dinas Biasa
1867,1699,1.0,Belanja Perjalanan Dinas Biasa,Belanja Perjalanan Dinas Biasa
1867,1701,1.0,Belanja Perjalanan Dinas Biasa,Belanja Perjalanan Dinas Biasa
1867,1697,1.0,Belanja Perjalanan Dinas Biasa,Belanja Perjalanan Dinas Biasa
1868,1698,1.0,Belanja Perjalanan Dinas Biasa,Belanja Perjalanan Dinas Biasa
1868,1696,1.0,Belanja Perjalanan Dinas Biasa,Belanja Perjalanan Dinas Biasa
1868,1699,1.0,Belanja Perjalanan Dinas Biasa,Belanja Perjalanan Dinas Biasa
1868,1701,1.0,Belanja Perjalanan Dinas Biasa,Belanja Perjalanan Dinas Biasa
1868,1697,1.0,Belanja Perjalanan Dinas Biasa,Belanja Perjalanan Dinas Biasa
1869,1698,1.0,Belanja Perjalanan Dinas Biasa,Belanja Perjalanan Dinas Biasa
1869,1696,1.0,Belanja Perjalanan Dinas Biasa,Belanja Perjalanan Dinas Biasa
1869,1699,1.0,Belanja Perjalanan Dinas Biasa,Belanja Perjalanan Dinas Biasa
1869,1701,1.0,Belanja Perjalanan Dinas Biasa,Belanja Perjalanan Dinas Biasa
1869,1697,1.0,Belanja Perjalanan Dinas Biasa,Belanja Perjalanan Dinas Biasa
1870,1698,1.0,Belanja Perjalanan Dinas Biasa,Belanja Perjalanan Dinas Biasa
1870,1696,1.0,Belanja Perjalanan Dinas Biasa,Belanja Perjalanan Dinas Biasa
1870,1699,1.0,Belanja Perjalanan Dinas Biasa,Belanja Perjalanan Dinas Biasa
1870,1701,1.0,Belanja Perjalanan Dinas Biasa,Belanja Perjalanan Dinas Biasa
1870,1697,1.0,Belanja Perjalanan Dinas Biasa,Belanja Perjalanan Dinas Biasa
1871,1698,1.0,Belanja Perjalanan Dinas Biasa,Belanja Perjalanan Dinas Biasa
1871,1696,1.0,Belanja Perjalanan Dinas Biasa,Belanja Perjalanan Dinas Biasa
1871,1699,1.0,Belanja Perjalanan Dinas Biasa,Belanja Perjalanan Dinas Biasa
1871,1701,1.0,Belanja Perjalanan Dinas Biasa,Belanja Perjalanan Dinas Biasa
1871,1697,1.0,Belanja Perjalanan Dinas Biasa,Belanja Perjalanan Dinas Biasa
1872,1698,1.0,Belanja Perjalanan Dinas Biasa,Belanja Perjalanan Dinas Biasa
1872,1696,1.0,Belanja Perjalanan Dinas Biasa,Belanja Perjalanan Dinas Biasa
1872,1699,1.0,Belanja Perjalanan Dinas Biasa,Belanja Perjalanan Dinas Biasa
1872,1701,1.0,Belanja Perjalanan Dinas Biasa,Belanja Perjalanan Dinas Biasa
1872,1697,1.0,Belanja Perjalanan Dinas Biasa,Belanja Perjalanan Dinas Biasa
1873,1698,1.0,Belanja Perjalanan Dinas Biasa,Belanja Perjalanan Dinas Biasa
1873,1696,1.0,Belanja Perjalanan Dinas Biasa,Belanja Perjalanan Dinas Biasa
1873,1699,1.0,Belanja Perjalanan Dinas Biasa,Belanja Perjalanan Dinas Biasa
1873,1701,1.0,Belanja Perjalanan Dinas Biasa,Belanja Perjalanan Dinas Biasa
1873,1697,1.0,Belanja Perjalanan Dinas Biasa,Belanja Perjalanan Dinas Biasa
1874,1698,1.0,Belanja Perjalanan Dinas Biasa,Belanja Perjalanan Dinas Biasa
1874,1696,1.0,Belanja Perjalanan Dinas Biasa,Belanja Perjalanan Dinas Biasa
1874,1699,1.0,Belanja Perjalanan Dinas Biasa,Belanja Perjalanan Dinas Biasa
1874,1701,1.0,Belanja Perjalanan Dinas Biasa,Belanja Perjalanan Dinas Biasa
1874,1697,1.0,Belanja Perjalanan Dinas Biasa,Belanja Perjalanan Dinas Biasa
1875,1698,1.0,Belanja Perjalanan Dinas Biasa,Belanja Perjalanan Dinas Biasa
1875,1696,1.0,Belanja Perjalanan Dinas Biasa,Belanja Perjalanan Dinas Biasa
1875,1699,1.0,Belanja Perjalanan Dinas Biasa,Belanja Perjalanan Dinas Biasa
1875,1701,1.0,Belanja Perjalanan Dinas Biasa,Belanja Perjalanan Dinas Biasa
1875,1697,1.0,Belanja Perjalanan Dinas Biasa,Belanja Perjalanan Dinas Biasa
1876,1698,1.0,Belanja Perjalanan Dinas Biasa,Belanja Perjalanan Dinas Biasa
1876,1696,1.0,Belanja Perjalanan Dinas Biasa,Belanja Perjalanan Dinas Biasa
1876,1699,1.0,Belanja Perjalanan Dinas Biasa,Belanja Perjalanan Dinas Biasa
1876,1701,1.0,Belanja Perjalanan Dinas Biasa,Belanja Perjalanan Dinas Biasa
1876,1697,1.0,Belanja Perjalanan Dinas Biasa,Belanja Perjalanan Dinas Biasa
1877,1698,1.0,Belanja Perjalanan Dinas Biasa,Belanja Perjalanan Dinas Biasa
1877,1696,1.0,Belanja Perjalanan Dinas Biasa,Belanja Perjalanan Dinas Biasa
1877,1699,1.0,Belanja Perjalanan Dinas Biasa,Belanja Perjalanan Dinas Biasa
1877,1701,1.0,Belanja Perjalanan Dinas Biasa,Belanja Perjalanan Dinas Biasa
1877,1697,1.0,Belanja Perjalanan Dinas Biasa,Belanja Perjalanan Dinas Biasa
1878,1698,1.0,Belanja Perjalanan Dinas Biasa,Belanja Perjalanan Dinas Biasa
1878,1696,1.0,Belanja Perjalanan Dinas Biasa,Belanja Perjalanan Dinas Biasa
1878,1699,1.0,Belanja Perjalanan Dinas Biasa,Belanja Perjalanan Dinas Biasa
1878,1701,1.0,Belanja Perjalanan Dinas Biasa,Belanja Perjalanan Dinas Biasa
1878,1697,1.0,Belanja Perjalanan Dinas Biasa,Belanja Perjalanan Dinas Biasa
1879,1698,1.0,Belanja Perjalanan Dinas Biasa,Belanja Perjalanan Dinas Biasa
1879,1696,1.0,Belanja Perjalanan Dinas Biasa,Belanja Perjalanan Dinas Biasa
1879,1699,1.0,Belanja Perjalanan Dinas Biasa,Belanja Perjalanan Dinas Biasa
1879,1701,1.0,Belanja Perjalanan Dinas Biasa,Belanja Perjalanan Dinas Biasa
1879,1697,1.0,Belanja Perjalanan Dinas Biasa,Belanja Perjalanan Dinas Biasa
1880,1698,1.0,Belanja Perjalanan Dinas Biasa,Belanja Perjalanan Dinas Biasa
1880,1696,1.0,Belanja Perjalanan Dinas Biasa,Belanja Perjalanan Dinas Biasa
1880,1699,1.0,Belanja Perjalanan Dinas Biasa,Belanja Perjalanan Dinas Biasa
1880,1701,1.0,Belanja Perjalanan Dinas Biasa,Belanja Perjalanan Dinas Biasa
1880,1697,1.0,Belanja Perjalanan Dinas Biasa,Belanja Perjalanan Dinas Biasa
1881,1698,1.0,Belanja Perjalanan Dinas Biasa,Belanja Perjalanan Dinas Biasa
1881,1696,1.0,Belanja Perjalanan Dinas Biasa,Belanja Perjalanan Dinas Biasa
1881,1699,1.0,Belanja Perjalanan Dinas Biasa,Belanja Perjalanan Dinas Biasa
1881,1701,1.0,Belanja Perjalanan Dinas Biasa,Belanja Perjalanan Dinas Biasa
1881,1697,1.0,Belanja Perjalanan Dinas Biasa,Belanja Perjalanan Dinas Biasa
1882,1698,1.0,Belanja Perjalanan Dinas Biasa,Belanja Perjalanan Dinas Biasa
1882,1696,1.0,Belanja Perjalanan Dinas Biasa,Belanja Perjalanan Dinas Biasa
1882,1699,1.0,Belanja Perjalanan Dinas Biasa,Belanja Perjalanan Dinas Biasa
1882,1701,1.0,Belanja Perjalanan Dinas Biasa,Belanja Perjalanan Dinas Biasa
1882,1697,1.0,Belanja Perjalanan Dinas Biasa,Belanja Perjalanan Dinas Biasa
1883,1698,1.0,Belanja Perjalanan Dinas Biasa,Belanja Perjalanan Dinas Biasa
1883,1696,1.0,Belanja Perjalanan Dinas Biasa,Belanja Perjalanan Dinas Biasa
1883,1699,1.0,Belanja Perjalanan Dinas Biasa,Belanja Perjalanan Dinas Biasa
1883,1701,1.0,Belanja Perjalanan Dinas Biasa,Belanja Perjalanan Dinas Biasa
1883,1697,1.0,Belanja Perjalanan Dinas Biasa,Belanja Perjalanan Dinas Biasa
1884,1698,1.0,Belanja Perjalanan Dinas Biasa,Belanja Perjalanan Dinas Biasa
1884,1696,1.0,Belanja Perjalanan Dinas Biasa,Belanja Perjalanan Dinas Biasa
1884,1699,1.0,Belanja Perjalanan Dinas Biasa,Belanja Perjalanan Dinas Biasa
1884,1701,1.0,Belanja Perjalanan Dinas Biasa,Belanja Perjalanan Dinas Biasa
1884,1697,1.0,Belanja Perjalanan Dinas Biasa,Belanja Perjalanan Dinas Biasa
1885,1698,1.0,Belanja Perjalanan Dinas Biasa,Belanja Perjalanan Dinas Biasa
1885,1696,1.0,Belanja Perjalanan Dinas Biasa,Belanja Perjalanan Dinas Biasa
1885,1699,1.0,Belanja Perjalanan Dinas Biasa,Belanja Perjalanan Dinas Biasa
1885,1701,1.0,Belanja Perjalanan Dinas Biasa,Belanja Perjalanan Dinas Biasa
1885,1697,1.0,Belanja Perjalanan Dinas Biasa,Belanja Perjalanan Dinas Biasa
1886,1698,1.0,Belanja Perjalanan Dinas Biasa,Belanja Perjalanan Dinas Biasa
1886,1696,1.0,Belanja Perjalanan Dinas Biasa,Belanja Perjalanan Dinas Biasa
1886,1699,1.0,Belanja Perjalanan Dinas Biasa,Belanja Perjalanan Dinas Biasa
1886,1701,1.0,Belanja Perjalanan Dinas Biasa,Belanja Perjalanan Dinas Biasa
1886,1697,1.0,Belanja Perjalanan Dinas Biasa,Belanja Perjalanan Dinas Biasa
1887,1698,1.0,Belanja Perjalanan Dinas Biasa,Belanja Perjalanan Dinas Biasa
1887,1696,1.0,Belanja Perjalanan Dinas Biasa,Belanja Perjalanan Dinas Biasa
1887,1699,1.0,Belanja Perjalanan Dinas Biasa,Belanja Perjalanan Dinas Biasa
1887,1701,1.0,Belanja Perjalanan Dinas Biasa,Belanja Perjalanan Dinas Biasa
1887,1697,1.0,Belanja Perjalanan Dinas Biasa,Belanja Perjalanan Dinas Biasa
1888,1698,1.0,Belanja Perjalanan Dinas Biasa,Belanja Perjalanan Dinas Biasa
1888,1696,1.0,Belanja Perjalanan Dinas Biasa,Belanja Perjalanan Dinas Biasa
1888,1699,1.0,Belanja Perjalanan Dinas Biasa,Belanja Perjalanan Dinas Biasa
1888,1701,1.0,Belanja Perjalanan Dinas Biasa,Belanja Perjalanan Dinas Biasa
1888,1697,1.0,Belanja Perjalanan Dinas Biasa,Belanja Perjalanan Dinas Biasa
1889,1698,1.0,Belanja Perjalanan Dinas Biasa,Belanja Perjalanan Dinas Biasa
1889,1696,1.0,Belanja Perjalanan Dinas Biasa,Belanja Perjalanan Dinas Biasa
1889,1699,1.0,Belanja Perjalanan Dinas Biasa,Belanja Perjalanan Dinas Biasa
1889,1701,1.0,Belanja Perjalanan Dinas Biasa,Belanja Perjalanan Dinas Biasa
1889,1697,1.0,Belanja Perjalanan Dinas Biasa,Belanja Perjalanan Dinas Biasa
1890,1698,1.0,Belanja Perjalanan Dinas Biasa,Belanja Perjalanan Dinas Biasa
1890,1696,1.0,Belanja Perjalanan Dinas Biasa,Belanja Perjalanan Dinas Biasa
1890,1699,1.0,Belanja Perjalanan Dinas Biasa,Belanja Perjalanan Dinas Biasa
1890,1701,1.0,Belanja Perjalanan Dinas Biasa,Belanja Perjalanan Dinas Biasa
1890,1697,1.0,Belanja Perjalanan Dinas Biasa,Belanja Perjalanan Dinas Biasa
1891,1698,1.0,Belanja Perjalanan Dinas Biasa,Belanja Perjalanan Dinas Biasa
1891,1696,1.0,Belanja Perjalanan Dinas Biasa,Belanja Perjalanan Dinas Biasa
1891,1699,1.0,Belanja Perjalanan Dinas Biasa,Belanja Perjalanan Dinas Biasa
1891,1701,1.0,Belanja Perjalanan Dinas Biasa,Belanja Perjalanan Dinas Biasa
1891,1697,1.0,Belanja Perjalanan Dinas Biasa,Belanja Perjalanan Dinas Biasa
1892,1698,1.0,Belanja Perjalanan Dinas Biasa,Belanja Perjalanan Dinas Biasa
1892,1696,1.0,Belanja Perjalanan Dinas Biasa,Belanja Perjalanan Dinas Biasa
1892,1699,1.0,Belanja Perjalanan Dinas Biasa,Belanja Perjalanan Dinas Biasa
1892,1701,1.0,Belanja Perjalanan Dinas Biasa,Belanja Perjalanan Dinas Biasa
1892,1697,1.0,Belanja Perjalanan Dinas Biasa,Belanja Perjalanan Dinas Biasa
1893,1698,1.0,Belanja Perjalanan Dinas Biasa,Belanja Perjalanan Dinas Biasa
1893,1696,1.0,Belanja Perjalanan Dinas Biasa,Belanja Perjalanan Dinas Biasa
1893,1699,1.0,Belanja Perjalanan Dinas Biasa,Belanja Perjalanan Dinas Biasa
1893,1701,1.0,Belanja Perjalanan Dinas Biasa,Belanja Perjalanan Dinas Biasa
1893,1697,1.0,Belanja Perjalanan Dinas Biasa,Belanja Perjalanan Dinas Biasa
1894,1698,1.0,Belanja Perjalanan Dinas Biasa,Belanja Perjalanan Dinas Biasa
1894,1696,1.0,Belanja Perjalanan Dinas Biasa,Belanja Perjalanan Dinas Biasa
1894,1699,1.0,Belanja Perjalanan Dinas Biasa,Belanja Perjalanan Dinas Biasa
1894,1701,1.0,Belanja Perjalanan Dinas Biasa,Belanja Perjalanan Dinas Biasa
1894,1697,1.0,Belanja Perjalanan Dinas Biasa,Belanja Perjalanan Dinas Biasa
1895,1698,1.0,Belanja Perjalanan Dinas Biasa,Belanja Perjalanan Dinas Biasa
1895,1696,1.0,Belanja Perjalanan Dinas Biasa,Belanja Perjalanan Dinas Biasa
1895,1699,1.0,Belanja Perjalanan Dinas Biasa,Belanja Perjalanan Dinas Biasa
1895,1701,1.0,Belanja Perjalanan Dinas Biasa,Belanja Perjalanan Dinas Biasa
1895,1697,1.0,Belanja Perjalanan Dinas Biasa,Belanja Perjalanan Dinas Biasa
1896,1698,1.0,Belanja Perjalanan Dinas Biasa,Belanja Perjalanan Dinas Biasa
1896,1696,1.0,Belanja Perjalanan Dinas Biasa,Belanja Perjalanan Dinas Biasa
1896,1699,1.0,Belanja Perjalanan Dinas Biasa,Belanja Perjalanan Dinas Biasa
1896,1701,1.0,Belanja Perjalanan Dinas Biasa,Belanja Perjalanan Dinas Biasa
1896,1697,1.0,Belanja Perjalanan Dinas Biasa,Belanja Perjalanan Dinas Biasa
1897,1698,1.0,Belanja Perjalanan Dinas Biasa,Belanja Perjalanan Dinas Biasa
1897,1696,1.0,Belanja Perjalanan Dinas Biasa,Belanja Perjalanan Dinas Biasa
1897,1699,1.0,Belanja Perjalanan Dinas Biasa,Belanja Perjalanan Dinas Biasa
1897,1701,1.0,Belanja Perjalanan Dinas Biasa,Belanja Perjalanan Dinas Biasa
1897,1697,1.0,Belanja Perjalanan Dinas Biasa,Belanja Perjalanan Dinas Biasa
1898,1698,1.0,Belanja Perjalanan Dinas Biasa,Belanja Perjalanan Dinas Biasa
1898,1696,1.0,Belanja Perjalanan Dinas Biasa,Belanja Perjalanan Dinas Biasa
1898,1699,1.0,Belanja Perjalanan Dinas Biasa,Belanja Perjalanan Dinas Biasa
1898,1701,1.0,Belanja Perjalanan Dinas Biasa,Belanja Perjalanan Dinas Biasa
1898,1697,1.0,Belanja Perjalanan Dinas Biasa,Belanja Perjalanan Dinas Biasa
1899,1698,1.0,Belanja Perjalanan Dinas Biasa,Belanja Perjalanan Dinas Biasa
1899,1696,1.0,Belanja Perjalanan Dinas Biasa,Belanja Perjalanan Dinas Biasa
1899,1699,1.0,Belanja Perjalanan Dinas Biasa,Belanja Perjalanan Dinas Biasa
1899,1701,1.0,Belanja Perjalanan Dinas Biasa,Belanja Perjalanan Dinas Biasa
1899,1697,1.0,Belanja Perjalanan Dinas Biasa,Belanja Perjalanan Dinas Biasa
1900,1698,1.0,Belanja Perjalanan Dinas Biasa,Belanja Perjalanan Dinas Biasa
1900,1696,1.0,Belanja Perjalanan Dinas Biasa,Belanja Perjalanan Dinas Biasa
1900,1699,1.0,Belanja Perjalanan Dinas Biasa,Belanja Perjalanan Dinas Biasa
1900,1701,1.0,Belanja Perjalanan Dinas Biasa,Belanja Perjalanan Dinas Biasa
1900,1697,1.0,Belanja Perjalanan Dinas Biasa,Belanja Perjalanan Dinas Biasa
1901,1698,1.0,Belanja Perjalanan Dinas Biasa,Belanja Perjalanan Dinas Biasa
1901,1696,1.0,Belanja Perjalanan Dinas Biasa,Belanja Perjalanan Dinas Biasa
1901,1699,1.0,Belanja Perjalanan Dinas Biasa,Belanja Perjalanan Dinas Biasa
1901,1701,1.0,Belanja Perjalanan Dinas Biasa,Belanja Perjalanan Dinas Biasa
1901,1697,1.0,Belanja Perjalanan Dinas Biasa,Belanja Perjalanan Dinas Biasa
1902,1698,1.0,Belanja Perjalanan Dinas Biasa,Belanja Perjalanan Dinas Biasa
1902,1696,1.0,Belanja Perjalanan Dinas Biasa,Belanja Perjalanan Dinas Biasa
1902,1699,1.0,Belanja Perjalanan Dinas Biasa,Belanja Perjalanan Dinas Biasa
1902,1701,1.0,Belanja Perjalanan Dinas Biasa,Belanja Perjalanan Dinas Biasa
1902,1697,1.0,Belanja Perjalanan Dinas Biasa,Belanja Perjalanan Dinas Biasa
1903,1698,1.0,Belanja Perjalanan Dinas Biasa,Belanja Perjalanan Dinas Biasa
1903,1696,1.0,Belanja Perjalanan Dinas Biasa,Belanja Perjalanan Dinas Biasa
1903,1699,1.0,Belanja Perjalanan Dinas Biasa,Belanja Perjalanan Dinas Biasa
1903,1701,1.0,Belanja Perjalanan Dinas Biasa,Belanja Perjalanan Dinas Biasa
1903,1697,1.0,Belanja Perjalanan Dinas Biasa,Belanja Perjalanan Dinas Biasa
1904,2606,1.0,,
1905,2607,1.0,Paket,Paket
1906,1698,1.0,Belanja Perjalanan Dinas Biasa,Belanja Perjalanan Dinas Biasa
1906,1696,1.0,Belanja Perjalanan Dinas Biasa,Belanja Perjalanan Dinas Biasa
1906,1699,1.0,Belanja Perjalanan Dinas Biasa,Belanja Perjalanan Dinas Biasa
1906,1701,1.0,Belanja Perjalanan Dinas Biasa,Belanja Perjalanan Dinas Biasa
1906,1697,1.0,Belanja Perjalanan Dinas Biasa,Belanja Perjalanan Dinas Biasa
1907,1698,1.0,Belanja Perjalanan Dinas Biasa,Belanja Perjalanan Dinas Biasa
1907,1696,1.0,Belanja Perjalanan Dinas Biasa,Belanja Perjalanan Dinas Biasa
1907,1699,1.0,Belanja Perjalanan Dinas Biasa,Belanja Perjalanan Dinas Biasa
1907,1701,1.0,Belanja Perjalanan Dinas Biasa,Belanja Perjalanan Dinas Biasa
1907,1697,1.0,Belanja Perjalanan Dinas Biasa,Belanja Perjalanan Dinas Biasa
1908,1698,1.0,Belanja Perjalanan Dinas Biasa,Belanja Perjalanan Dinas Biasa
1908,1696,1.0,Belanja Perjalanan Dinas Biasa,Belanja Perjalanan Dinas Biasa
1908,1699,1.0,Belanja Perjalanan Dinas Biasa,Belanja Perjalanan Dinas Biasa
1908,1701,1.0,Belanja Perjalanan Dinas Biasa,Belanja Perjalanan Dinas Biasa
1908,1697,1.0,Belanja Perjalanan Dinas Biasa,Belanja Perjalanan Dinas Biasa
1909,1698,1.0,Belanja Perjalanan Dinas Biasa,Belanja Perjalanan Dinas Biasa
1909,1696,1.0,Belanja Perjalanan Dinas Biasa,Belanja Perjalanan Dinas Biasa
1909,1699,1.0,Belanja Perjalanan Dinas Biasa,Belanja Perjalanan Dinas Biasa
1909,1701,1.0,Belanja Perjalanan Dinas Biasa,Belanja Perjalanan Dinas Biasa
1909,1697,1.0,Belanja Perjalanan Dinas Biasa,Belanja Perjalanan Dinas Biasa
1910,1698,1.0,Belanja Perjalanan Dinas Biasa,Belanja Perjalanan Dinas Biasa
1910,1696,1.0,Belanja Perjalanan Dinas Biasa,Belanja Perjalanan Dinas Biasa
1910,1699,1.0,Belanja Perjalanan Dinas Biasa,Belanja Perjalanan Dinas Biasa
1910,1701,1.0,Belanja Perjalanan Dinas Biasa,Belanja Perjalanan Dinas Biasa
1910,1697,1.0,Belanja Perjalanan Dinas Biasa,Belanja Perjalanan Dinas Biasa
1911,1698,1.0,Belanja Perjalanan Dinas Biasa,Belanja Perjalanan Dinas Biasa
1911,1696,1.0,Belanja Perjalanan Dinas Biasa,Belanja Perjalanan Dinas Biasa
1911,1699,1.0,Belanja Perjalanan Dinas Biasa,Belanja Perjalanan Dinas Biasa
1911,1701,1.0,Belanja Perjalanan Dinas Biasa,Belanja Perjalanan Dinas Biasa
1911,1697,1.0,Belanja Perjalanan Dinas Biasa,Belanja Perjalanan Dinas Biasa
1912,1698,1.0,Belanja Perjalanan Dinas Biasa,Belanja Perjalanan Dinas Biasa
1912,1696,1.0,Belanja Perjalanan Dinas Biasa,Belanja Perjalanan Dinas Biasa
1912,1699,1.0,Belanja Perjalanan Dinas Biasa,Belanja Perjalanan Dinas Biasa
1912,1701,1.0,Belanja Perjalanan Dinas Biasa,Belanja Perjalanan Dinas Biasa
1912,1697,1.0,Belanja Perjalanan Dinas Biasa,Belanja Perjalanan Dinas Biasa
1913,1698,1.0,Belanja Perjalanan Dinas Biasa,Belanja Perjalanan Dinas Biasa
1913,1696,1.0,Belanja Perjalanan Dinas Biasa,Belanja Perjalanan Dinas Biasa
1913,1699,1.0,Belanja Perjalanan Dinas Biasa,Belanja Perjalanan Dinas Biasa
1913,1701,1.0,Belanja Perjalanan Dinas Biasa,Belanja Perjalanan Dinas Biasa
1913,1697,1.0,Belanja Perjalanan Dinas Biasa,Belanja Perjalanan Dinas Biasa
1914,1698,1.0,Belanja Perjalanan Dinas Biasa,Belanja Perjalanan Dinas Biasa
1914,1696,1.0,Belanja Perjalanan Dinas Biasa,Belanja Perjalanan Dinas Biasa
1914,1699,1.0,Belanja Perjalanan Dinas Biasa,Belanja Perjalanan Dinas Biasa
1914,1701,1.0,Belanja Perjalanan Dinas Biasa,Belanja Perjalanan Dinas Biasa
1914,1697,1.0,Belanja Perjalanan Dinas Biasa,Belanja Perjalanan Dinas Biasa
1915,1698,1.0,Belanja Perjalanan Dinas Biasa,Belanja Perjalanan Dinas Biasa
1915,1696,1.0,Belanja Perjalanan Dinas Biasa,Belanja Perjalanan Dinas Biasa
1915,1699,1.0,Belanja Perjalanan Dinas Biasa,Belanja Perjalanan Dinas Biasa
1915,1701,1.0,Belanja Perjalanan Dinas Biasa,Belanja Perjalanan Dinas Biasa
1915,1697,1.0,Belanja Perjalanan Dinas Biasa,Belanja Perjalanan Dinas Biasa
1916,1698,1.0,Belanja Perjalanan Dinas Biasa,Belanja Perjalanan Dinas Biasa
1916,1696,1.0,Belanja Perjalanan Dinas Biasa,Belanja Perjalanan Dinas Biasa
1916,1699,1.0,Belanja Perjalanan Dinas Biasa,Belanja Perjalanan Dinas Biasa
1916,1701,1.0,Belanja Perjalanan Dinas Biasa,Belanja Perjalanan Dinas Biasa
1916,1697,1.0,Belanja Perjalanan Dinas Biasa,Belanja Perjalanan Dinas Biasa
1917,1698,1.0,Belanja Perjalanan Dinas Biasa,Belanja Perjalanan Dinas Biasa
1917,1696,1.0,Belanja Perjalanan Dinas Biasa,Belanja Perjalanan Dinas Biasa
1917,1699,1.0,Belanja Perjalanan Dinas Biasa,Belanja Perjalanan Dinas Biasa
1917,1701,1.0,Belanja Perjalanan Dinas Biasa,Belanja Perjalanan Dinas Biasa
1917,1697,1.0,Belanja Perjalanan Dinas Biasa,Belanja Perjalanan Dinas Biasa
1918,1698,1.0,Belanja Perjalanan Dinas Biasa,Belanja Perjalanan Dinas Biasa
1918,1696,1.0,Belanja Perjalanan Dinas Biasa,Belanja Perjalanan Dinas Biasa
1918,1699,1.0,Belanja Perjalanan Dinas Biasa,Belanja Perjalanan Dinas Biasa
1918,1701,1.0,Belanja Perjalanan Dinas Biasa,Belanja Perjalanan Dinas Biasa
1918,1697,1.0,Belanja Perjalanan Dinas Biasa,Belanja Perjalanan Dinas Biasa
1919,1698,1.0,Belanja Perjalanan Dinas Biasa,Belanja Perjalanan Dinas Biasa
1919,1696,1.0,Belanja Perjalanan Dinas Biasa,Belanja Perjalanan Dinas Biasa
1919,1699,1.0,Belanja Perjalanan Dinas Biasa,Belanja Perjalanan Dinas Biasa
1919,1701,1.0,Belanja Perjalanan Dinas Biasa,Belanja Perjalanan Dinas Biasa
1919,1697,1.0,Belanja Perjalanan Dinas Biasa,Belanja Perjalanan Dinas Biasa
1920,1698,1.0,Belanja Perjalanan Dinas Biasa,Belanja Perjalanan Dinas Biasa
1920,1696,1.0,Belanja Perjalanan Dinas Biasa,Belanja Perjalanan Dinas Biasa
1920,1699,1.0,Belanja Perjalanan Dinas Biasa,Belanja Perjalanan Dinas Biasa
1920,1701,1.0,Belanja Perjalanan Dinas Biasa,Belanja Perjalanan Dinas Biasa
1920,1697,1.0,Belanja Perjalanan Dinas Biasa,Belanja Perjalanan Dinas Biasa
1921,1698,1.0,Belanja Perjalanan Dinas Biasa,Belanja Perjalanan Dinas Biasa
1921,1696,1.0,Belanja Perjalanan Dinas Biasa,Belanja Perjalanan Dinas Biasa
1921,1699,1.0,Belanja Perjalanan Dinas Biasa,Belanja Perjalanan Dinas Biasa
1921,1701,1.0,Belanja Perjalanan Dinas Biasa,Belanja Perjalanan Dinas Biasa
1921,1697,1.0,Belanja Perjalanan Dinas Biasa,Belanja Perjalanan Dinas Biasa
1923,1698,1.0,Belanja Perjalanan Dinas Biasa,Belanja Perjalanan Dinas Biasa
1923,1696,1.0,Belanja Perjalanan Dinas Biasa,Belanja Perjalanan Dinas Biasa
1923,1699,1.0,Belanja Perjalanan Dinas Biasa,Belanja Perjalanan Dinas Biasa
1923,1701,1.0,Belanja Perjalanan Dinas Biasa,Belanja Perjalanan Dinas Biasa
1923,1697,1.0,Belanja Perjalanan Dinas Biasa,Belanja Perjalanan Dinas Biasa
1924,1698,1.0,Belanja Perjalanan Dinas Biasa,Belanja Perjalanan Dinas Biasa
1924,1696,1.0,Belanja Perjalanan Dinas Biasa,Belanja Perjalanan Dinas Biasa
1924,1699,1.0,Belanja Perjalanan Dinas Biasa,Belanja Perjalanan Dinas Biasa
1924,1701,1.0,Belanja Perjalanan Dinas Biasa,Belanja Perjalanan Dinas Biasa
1924,1697,1.0,Belanja Perjalanan Dinas Biasa,Belanja Perjalanan Dinas Biasa
1925,1698,1.0,Belanja Perjalanan Dinas Biasa,Belanja Perjalanan Dinas Biasa
1925,1696,1.0,Belanja Perjalanan Dinas Biasa,Belanja Perjalanan Dinas Biasa
1925,1699,1.0,Belanja Perjalanan Dinas Biasa,Belanja Perjalanan Dinas Biasa
1925,1701,1.0,Belanja Perjalanan Dinas Biasa,Belanja Perjalanan Dinas Biasa
1925,1697,1.0,Belanja Perjalanan Dinas Biasa,Belanja Perjalanan Dinas Biasa
1926,1698,1.0,Belanja Perjalanan Dinas Biasa,Belanja Perjalanan Dinas Biasa
1926,1696,1.0,Belanja Perjalanan Dinas Biasa,Belanja Perjalanan Dinas Biasa
1926,1699,1.0,Belanja Perjalanan Dinas Biasa,Belanja Perjalanan Dinas Biasa
1926,1701,1.0,Belanja Perjalanan Dinas Biasa,Belanja Perjalanan Dinas Biasa
1926,1697,1.0,Belanja Perjalanan Dinas Biasa,Belanja Perjalanan Dinas Biasa
1927,1698,1.0,Belanja Perjalanan Dinas Biasa,Belanja Perjalanan Dinas Biasa
1927,1696,1.0,Belanja Perjalanan Dinas Biasa,Belanja Perjalanan Dinas Biasa
1927,1699,1.0,Belanja Perjalanan Dinas Biasa,Belanja Perjalanan Dinas Biasa
1927,1701,1.0,Belanja Perjalanan Dinas Biasa,Belanja Perjalanan Dinas Biasa
1927,1697,1.0,Belanja Perjalanan Dinas Biasa,Belanja Perjalanan Dinas Biasa
1928,1698,1.0,Belanja Perjalanan Dinas Biasa,Belanja Perjalanan Dinas Biasa
1928,1696,1.0,Belanja Perjalanan Dinas Biasa,Belanja Perjalanan Dinas Biasa
1928,1699,1.0,Belanja Perjalanan Dinas Biasa,Belanja Perjalanan Dinas Biasa
1928,1701,1.0,Belanja Perjalanan Dinas Biasa,Belanja Perjalanan Dinas Biasa
1928,1697,1.0,Belanja Perjalanan Dinas Biasa,Belanja Perjalanan Dinas Biasa
1929,1698,1.0,Belanja Perjalanan Dinas Biasa,Belanja Perjalanan Dinas Biasa
1929,1696,1.0,Belanja Perjalanan Dinas Biasa,Belanja Perjalanan Dinas Biasa
1929,1699,1.0,Belanja Perjalanan Dinas Biasa,Belanja Perjalanan Dinas Biasa
1929,1701,1.0,Belanja Perjalanan Dinas Biasa,Belanja Perjalanan Dinas Biasa
1929,1697,1.0,Belanja Perjalanan Dinas Biasa,Belanja Perjalanan Dinas Biasa
1930,1698,1.0,Belanja Perjalanan Dinas Biasa,Belanja Perjalanan Dinas Biasa
1930,1696,1.0,Belanja Perjalanan Dinas Biasa,Belanja Perjalanan Dinas Biasa
1930,1699,1.0,Belanja Perjalanan Dinas Biasa,Belanja Perjalanan Dinas Biasa
1930,1701,1.0,Belanja Perjalanan Dinas Biasa,Belanja Perjalanan Dinas Biasa
1930,1697,1.0,Belanja Perjalanan Dinas Biasa,Belanja Perjalanan Dinas Biasa
1931,1698,1.0,Belanja Perjalanan Dinas Biasa,Belanja Perjalanan Dinas Biasa
1931,1696,1.0,Belanja Perjalanan Dinas Biasa,Belanja Perjalanan Dinas Biasa
1931,1699,1.0,Belanja Perjalanan Dinas Biasa,Belanja Perjalanan Dinas Biasa
1931,1701,1.0,Belanja Perjalanan Dinas Biasa,Belanja Perjalanan Dinas Biasa
1931,1697,1.0,Belanja Perjalanan Dinas Biasa,Belanja Perjalanan Dinas Biasa
1932,1698,1.0,Belanja Perjalanan Dinas Biasa,Belanja Perjalanan Dinas Biasa
1932,1696,1.0,Belanja Perjalanan Dinas Biasa,Belanja Perjalanan Dinas Biasa
1932,1699,1.0,Belanja Perjalanan Dinas Biasa,Belanja Perjalanan Dinas Biasa
1932,1701,1.0,Belanja Perjalanan Dinas Biasa,Belanja Perjalanan Dinas Biasa
1932,1697,1.0,Belanja Perjalanan Dinas Biasa,Belanja Perjalanan Dinas Biasa
1933,1698,1.0,Belanja Perjalanan Dinas Biasa,Belanja Perjalanan Dinas Biasa
1933,1696,1.0,Belanja Perjalanan Dinas Biasa,Belanja Perjalanan Dinas Biasa
1933,1699,1.0,Belanja Perjalanan Dinas Biasa,Belanja Perjalanan Dinas Biasa
1933,1701,1.0,Belanja Perjalanan Dinas Biasa,Belanja Perjalanan Dinas Biasa
1933,1697,1.0,Belanja Perjalanan Dinas Biasa,Belanja Perjalanan Dinas Biasa
1934,1698,1.0,Belanja Perjalanan Dinas Biasa,Belanja Perjalanan Dinas Biasa
1934,1696,1.0,Belanja Perjalanan Dinas Biasa,Belanja Perjalanan Dinas Biasa
1934,1699,1.0,Belanja Perjalanan Dinas Biasa,Belanja Perjalanan Dinas Biasa
1934,1701,1.0,Belanja Perjalanan Dinas Biasa,Belanja Perjalanan Dinas Biasa
1934,1697,1.0,Belanja Perjalanan Dinas Biasa,Belanja Perjalanan Dinas Biasa
1935,1698,1.0,Belanja Perjalanan Dinas Biasa,Belanja Perjalanan Dinas Biasa
1935,1696,1.0,Belanja Perjalanan Dinas Biasa,Belanja Perjalanan Dinas Biasa
1935,1699,1.0,Belanja Perjalanan Dinas Biasa,Belanja Perjalanan Dinas Biasa
1935,1701,1.0,Belanja Perjalanan Dinas Biasa,Belanja Perjalanan Dinas Biasa
1935,1697,1.0,Belanja Perjalanan Dinas Biasa,Belanja Perjalanan Dinas Biasa
1937,1698,1.0,Belanja Perjalanan Dinas Biasa,Belanja Perjalanan Dinas Biasa
1937,1696,1.0,Belanja Perjalanan Dinas Biasa,Belanja Perjalanan Dinas Biasa
1937,1699,1.0,Belanja Perjalanan Dinas Biasa,Belanja Perjalanan Dinas Biasa
1937,1701,1.0,Belanja Perjalanan Dinas Biasa,Belanja Perjalanan Dinas Biasa
1937,1697,1.0,Belanja Perjalanan Dinas Biasa,Belanja Perjalanan Dinas Biasa
1938,1698,1.0,Belanja Perjalanan Dinas Biasa,Belanja Perjalanan Dinas Biasa
1938,1696,1.0,Belanja Perjalanan Dinas Biasa,Belanja Perjalanan Dinas Biasa
1938,1699,1.0,Belanja Perjalanan Dinas Biasa,Belanja Perjalanan Dinas Biasa
1938,1701,1.0,Belanja Perjalanan Dinas Biasa,Belanja Perjalanan Dinas Biasa
1938,1697,1.0,Belanja Perjalanan Dinas Biasa,Belanja Perjalanan Dinas Biasa
1939,1698,1.0,Belanja Perjalanan Dinas Biasa,Belanja Perjalanan Dinas Biasa
1939,1696,1.0,Belanja Perjalanan Dinas Biasa,Belanja Perjalanan Dinas Biasa
1939,1699,1.0,Belanja Perjalanan Dinas Biasa,Belanja Perjalanan Dinas Biasa
1939,1701,1.0,Belanja Perjalanan Dinas Biasa,Belanja Perjalanan Dinas Biasa
1939,1697,1.0,Belanja Perjalanan Dinas Biasa,Belanja Perjalanan Dinas Biasa
1940,1698,1.0,Belanja Perjalanan Dinas Biasa,Belanja Perjalanan Dinas Biasa
1940,1696,1.0,Belanja Perjalanan Dinas Biasa,Belanja Perjalanan Dinas Biasa
1940,1699,1.0,Belanja Perjalanan Dinas Biasa,Belanja Perjalanan Dinas Biasa
1940,1701,1.0,Belanja Perjalanan Dinas Biasa,Belanja Perjalanan Dinas Biasa
1940,1697,1.0,Belanja Perjalanan Dinas Biasa,Belanja Perjalanan Dinas Biasa
1941,1698,1.0,Belanja Perjalanan Dinas Biasa,Belanja Perjalanan Dinas Biasa
1941,1696,1.0,Belanja Perjalanan Dinas Biasa,Belanja Perjalanan Dinas Biasa
1941,1699,1.0,Belanja Perjalanan Dinas Biasa,Belanja Perjalanan Dinas Biasa
1941,1701,1.0,Belanja Perjalanan Dinas Biasa,Belanja Perjalanan Dinas Biasa
1941,1697,1.0,Belanja Perjalanan Dinas Biasa,Belanja Perjalanan Dinas Biasa
1942,1698,1.0,Belanja Perjalanan Dinas Biasa,Belanja Perjalanan Dinas Biasa
1942,1696,1.0,Belanja Perjalanan Dinas Biasa,Belanja Perjalanan Dinas Biasa
1942,1699,1.0,Belanja Perjalanan Dinas Biasa,Belanja Perjalanan Dinas Biasa
1942,1701,1.0,Belanja Perjalanan Dinas Biasa,Belanja Perjalanan Dinas Biasa
1942,1697,1.0,Belanja Perjalanan Dinas Biasa,Belanja Perjalanan Dinas Biasa
1943,1698,1.0,Belanja Perjalanan Dinas Biasa,Belanja Perjalanan Dinas Biasa
1943,1696,1.0,Belanja Perjalanan Dinas Biasa,Belanja Perjalanan Dinas Biasa
1943,1699,1.0,Belanja Perjalanan Dinas Biasa,Belanja Perjalanan Dinas Biasa
1943,1701,1.0,Belanja Perjalanan Dinas Biasa,Belanja Perjalanan Dinas Biasa
1943,1697,1.0,Belanja Perjalanan Dinas Biasa,Belanja Perjalanan Dinas Biasa
1944,1698,1.0,Belanja Perjalanan Dinas Biasa,Belanja Perjalanan Dinas Biasa
1944,1696,1.0,Belanja Perjalanan Dinas Biasa,Belanja Perjalanan Dinas Biasa
1944,1699,1.0,Belanja Perjalanan Dinas Biasa,Belanja Perjalanan Dinas Biasa
1944,1701,1.0,Belanja Perjalanan Dinas Biasa,Belanja Perjalanan Dinas Biasa
1944,1697,1.0,Belanja Perjalanan Dinas Biasa,Belanja Perjalanan Dinas Biasa
1946,1698,1.0,Belanja Perjalanan Dinas Biasa,Belanja Perjalanan Dinas Biasa
1946,1696,1.0,Belanja Perjalanan Dinas Biasa,Belanja Perjalanan Dinas Biasa
1946,1699,1.0,Belanja Perjalanan Dinas Biasa,Belanja Perjalanan Dinas Biasa
1946,1701,1.0,Belanja Perjalanan Dinas Biasa,Belanja Perjalanan Dinas Biasa
1946,1697,1.0,Belanja Perjalanan Dinas Biasa,Belanja Perjalanan Dinas Biasa
1947,1698,1.0,Belanja Perjalanan Dinas Biasa,Belanja Perjalanan Dinas Biasa
1947,1696,1.0,Belanja Perjalanan Dinas Biasa,Belanja Perjalanan Dinas Biasa
1947,1699,1.0,Belanja Perjalanan Dinas Biasa,Belanja Perjalanan Dinas Biasa
1947,1701,1.0,Belanja Perjalanan Dinas Biasa,Belanja Perjalanan Dinas Biasa
1947,1697,1.0,Belanja Perjalanan Dinas Biasa,Belanja Perjalanan Dinas Biasa
1948,1698,1.0,Belanja Perjalanan Dinas Biasa,Belanja Perjalanan Dinas Biasa
1948,1696,1.0,Belanja Perjalanan Dinas Biasa,Belanja Perjalanan Dinas Biasa
1948,1699,1.0,Belanja Perjalanan Dinas Biasa,Belanja Perjalanan Dinas Biasa
1948,1701,1.0,Belanja Perjalanan Dinas Biasa,Belanja Perjalanan Dinas Biasa
1948,1697,1.0,Belanja Perjalanan Dinas Biasa,Belanja Perjalanan Dinas Biasa
1949,1698,1.0,Belanja Perjalanan Dinas Biasa,Belanja Perjalanan Dinas Biasa
1949,1696,1.0,Belanja Perjalanan Dinas Biasa,Belanja Perjalanan Dinas Biasa
1949,1699,1.0,Belanja Perjalanan Dinas Biasa,Belanja Perjalanan Dinas Biasa
1949,1701,1.0,Belanja Perjalanan Dinas Biasa,Belanja Perjalanan Dinas Biasa
1949,1697,1.0,Belanja Perjalanan Dinas Biasa,Belanja Perjalanan Dinas Biasa
1950,1698,1.0,Belanja Perjalanan Dinas Biasa,Belanja Perjalanan Dinas Biasa
1950,1696,1.0,Belanja Perjalanan Dinas Biasa,Belanja Perjalanan Dinas Biasa
1950,1699,1.0,Belanja Perjalanan Dinas Biasa,Belanja Perjalanan Dinas Biasa
1950,1701,1.0,Belanja Perjalanan Dinas Biasa,Belanja Perjalanan Dinas Biasa
1950,1697,1.0,Belanja Perjalanan Dinas Biasa,Belanja Perjalanan Dinas Biasa
1951,1698,1.0,Belanja Perjalanan Dinas Biasa,Belanja Perjalanan Dinas Biasa
1951,1696,1.0,Belanja Perjalanan Dinas Biasa,Belanja Perjalanan Dinas Biasa
1951,1699,1.0,Belanja Perjalanan Dinas Biasa,Belanja Perjalanan Dinas Biasa
1951,1701,1.0,Belanja Perjalanan Dinas Biasa,Belanja Perjalanan Dinas Biasa
1951,1697,1.0,Belanja Perjalanan Dinas Biasa,Belanja Perjalanan Dinas Biasa
1952,1698,1.0,Belanja Perjalanan Dinas Biasa,Belanja Perjalanan Dinas Biasa
1952,1696,1.0,Belanja Perjalanan Dinas Biasa,Belanja Perjalanan Dinas Biasa
1952,1699,1.0,Belanja Perjalanan Dinas Biasa,Belanja Perjalanan Dinas Biasa
1952,1701,1.0,Belanja Perjalanan Dinas Biasa,Belanja Perjalanan Dinas Biasa
1952,1697,1.0,Belanja Perjalanan Dinas Biasa,Belanja Perjalanan Dinas Biasa
1953,1698,1.0,Belanja Perjalanan Dinas Biasa,Belanja Perjalanan Dinas Biasa
1953,1696,1.0,Belanja Perjalanan Dinas Biasa,Belanja Perjalanan Dinas Biasa
1953,1699,1.0,Belanja Perjalanan Dinas Biasa,Belanja Perjalanan Dinas Biasa
1953,1701,1.0,Belanja Perjalanan Dinas Biasa,Belanja Perjalanan Dinas Biasa
1953,1697,1.0,Belanja Perjalanan Dinas Biasa,Belanja Perjalanan Dinas Biasa
1954,1698,1.0,Belanja Perjalanan Dinas Biasa,Belanja Perjalanan Dinas Biasa
1954,1696,1.0,Belanja Perjalanan Dinas Biasa,Belanja Perjalanan Dinas Biasa
1954,1699,1.0,Belanja Perjalanan Dinas Biasa,Belanja Perjalanan Dinas Biasa
1954,1701,1.0,Belanja Perjalanan Dinas Biasa,Belanja Perjalanan Dinas Biasa
1954,1697,1.0,Belanja Perjalanan Dinas Biasa,Belanja Perjalanan Dinas Biasa
1955,1698,1.0,Belanja Perjalanan Dinas Biasa,Belanja Perjalanan Dinas Biasa
1955,1696,1.0,Belanja Perjalanan Dinas Biasa,Belanja Perjalanan Dinas Biasa
1955,1699,1.0,Belanja Perjalanan Dinas Biasa,Belanja Perjalanan Dinas Biasa
1955,1701,1.0,Belanja Perjalanan Dinas Biasa,Belanja Perjalanan Dinas Biasa
1955,1697,1.0,Belanja Perjalanan Dinas Biasa,Belanja Perjalanan Dinas Biasa
1956,1698,1.0,Belanja Perjalanan Dinas Biasa,Belanja Perjalanan Dinas Biasa
1956,1696,1.0,Belanja Perjalanan Dinas Biasa,Belanja Perjalanan Dinas Biasa
1956,1699,1.0,Belanja Perjalanan Dinas Biasa,Belanja Perjalanan Dinas Biasa
1956,1701,1.0,Belanja Perjalanan Dinas Biasa,Belanja Perjalanan Dinas Biasa
1956,1697,1.0,Belanja Perjalanan Dinas Biasa,Belanja Perjalanan Dinas Biasa
1957,1698,1.0,Belanja Perjalanan Dinas Biasa,Belanja Perjalanan Dinas Biasa
1957,1696,1.0,Belanja Perjalanan Dinas Biasa,Belanja Perjalanan Dinas Biasa
1957,1699,1.0,Belanja Perjalanan Dinas Biasa,Belanja Perjalanan Dinas Biasa
1957,1701,1.0,Belanja Perjalanan Dinas Biasa,Belanja Perjalanan Dinas Biasa
1957,1697,1.0,Belanja Perjalanan Dinas Biasa,Belanja Perjalanan Dinas Biasa
1958,1698,1.0,Belanja Perjalanan Dinas Biasa,Belanja Perjalanan Dinas Biasa
1958,1696,1.0,Belanja Perjalanan Dinas Biasa,Belanja Perjalanan Dinas Biasa
1958,1699,1.0,Belanja Perjalanan Dinas Biasa,Belanja Perjalanan Dinas Biasa
1958,1701,1.0,Belanja Perjalanan Dinas Biasa,Belanja Perjalanan Dinas Biasa
1958,1697,1.0,Belanja Perjalanan Dinas Biasa,Belanja Perjalanan Dinas Biasa
1959,1698,1.0,Belanja Perjalanan Dinas Biasa,Belanja Perjalanan Dinas Biasa
1959,1696,1.0,Belanja Perjalanan Dinas Biasa,Belanja Perjalanan Dinas Biasa
1959,1699,1.0,Belanja Perjalanan Dinas Biasa,Belanja Perjalanan Dinas Biasa
1959,1701,1.0,Belanja Perjalanan Dinas Biasa,Belanja Perjalanan Dinas Biasa
1959,1697,1.0,Belanja Perjalanan Dinas Biasa,Belanja Perjalanan Dinas Biasa
1960,1698,1.0,Belanja Perjalanan Dinas Biasa,Belanja Perjalanan Dinas Biasa
1960,1696,1.0,Belanja Perjalanan Dinas Biasa,Belanja Perjalanan Dinas Biasa
1960,1699,1.0,Belanja Perjalanan Dinas Biasa,Belanja Perjalanan Dinas Biasa
1960,1701,1.0,Belanja Perjalanan Dinas Biasa,Belanja Perjalanan Dinas Biasa
1960,1697,1.0,Belanja Perjalanan Dinas Biasa,Belanja Perjalanan Dinas Biasa
1961,1698,1.0,Belanja Perjalanan Dinas Biasa,Belanja Perjalanan Dinas Biasa
1961,1696,1.0,Belanja Perjalanan Dinas Biasa,Belanja Perjalanan Dinas Biasa
1961,1699,1.0,Belanja Perjalanan Dinas Biasa,Belanja Perjalanan Dinas Biasa
1961,1701,1.0,Belanja Perjalanan Dinas Biasa,Belanja Perjalanan Dinas Biasa
1961,1697,1.0,Belanja Perjalanan Dinas Biasa,Belanja Perjalanan Dinas Biasa
1962,1698,1.0,Belanja Perjalanan Dinas Biasa,Belanja Perjalanan Dinas Biasa
1962,1696,1.0,Belanja Perjalanan Dinas Biasa,Belanja Perjalanan Dinas Biasa
1962,1699,1.0,Belanja Perjalanan Dinas Biasa,Belanja Perjalanan Dinas Biasa
1962,1701,1.0,Belanja Perjalanan Dinas Biasa,Belanja Perjalanan Dinas Biasa
1962,1697,1.0,Belanja Perjalanan Dinas Biasa,Belanja Perjalanan Dinas Biasa
1963,1698,1.0,Belanja Perjalanan Dinas Biasa,Belanja Perjalanan Dinas Biasa
1963,1696,1.0,Belanja Perjalanan Dinas Biasa,Belanja Perjalanan Dinas Biasa
1963,1699,1.0,Belanja Perjalanan Dinas Biasa,Belanja Perjalanan Dinas Biasa
1963,1701,1.0,Belanja Perjalanan Dinas Biasa,Belanja Perjalanan Dinas Biasa
1963,1697,1.0,Belanja Perjalanan Dinas Biasa,Belanja Perjalanan Dinas Biasa
1964,1965,0.9127200017289522,Belanja Perjalanan Dinas Biasa - Perjalanan ke Asmat Pendampingan Distribusi Pangan ( Beras ) ke Daerah Rawan Pangan (Sharing OTSUS),Belanja Perjalanan Dinas Biasa - Perjalanan ke Mappi Pendampingan Distribusi Pangan ( Beras ) ke Daerah Rawan Pangan (Sharing OTSUS)
1964,2047,0.8833208225376774,Belanja Perjalanan Dinas Biasa - Perjalanan ke Asmat Pendampingan Distribusi Pangan ( Beras ) ke Daerah Rawan Pangan (Sharing OTSUS),Belanja Perjalanan Dinas Biasa - Perjalanan ke Boven Digoel Pendampingan Distribusi Pangan ( Beras ) ke Daerah Rawan Pangan (Sharing OTSUS)
1965,2047,0.8804706415901895,Belanja Perjalanan Dinas Biasa - Perjalanan ke Mappi Pendampingan Distribusi Pangan ( Beras ) ke Daerah Rawan Pangan (Sharing OTSUS),Belanja Perjalanan Dinas Biasa - Perjalanan ke Boven Digoel Pendampingan Distribusi Pangan ( Beras ) ke Daerah Rawan Pangan (Sharing OTSUS)
1966,1698,1.0,Belanja Perjalanan Dinas Biasa,Belanja Perjalanan Dinas Biasa
1966,1696,1.0,Belanja Perjalanan Dinas Biasa,Belanja Perjalanan Dinas Biasa
1966,1699,1.0,Belanja Perjalanan Dinas Biasa,Belanja Perjalanan Dinas Biasa
1966,1701,1.0,Belanja Perjalanan Dinas Biasa,Belanja Perjalanan Dinas Biasa
1966,1697,1.0,Belanja Perjalanan Dinas Biasa,Belanja Perjalanan Dinas Biasa
1967,1698,1.0,Belanja Perjalanan Dinas Biasa,Belanja Perjalanan Dinas Biasa
1967,1696,1.0,Belanja Perjalanan Dinas Biasa,Belanja Perjalanan Dinas Biasa
1967,1699,1.0,Belanja Perjalanan Dinas Biasa,Belanja Perjalanan Dinas Biasa
1967,1701,1.0,Belanja Perjalanan Dinas Biasa,Belanja Perjalanan Dinas Biasa
1967,1697,1.0,Belanja Perjalanan Dinas Biasa,Belanja Perjalanan Dinas Biasa
1968,1698,1.0,Belanja Perjalanan Dinas Biasa,Belanja Perjalanan Dinas Biasa
1968,1696,1.0,Belanja Perjalanan Dinas Biasa,Belanja Perjalanan Dinas Biasa
1968,1699,1.0,Belanja Perjalanan Dinas Biasa,Belanja Perjalanan Dinas Biasa
1968,1701,1.0,Belanja Perjalanan Dinas Biasa,Belanja Perjalanan Dinas Biasa
1968,1697,1.0,Belanja Perjalanan Dinas Biasa,Belanja Perjalanan Dinas Biasa
1969,1698,1.0,Belanja Perjalanan Dinas Biasa,Belanja Perjalanan Dinas Biasa
1969,1696,1.0,Belanja Perjalanan Dinas Biasa,Belanja Perjalanan Dinas Biasa
1969,1699,1.0,Belanja Perjalanan Dinas Biasa,Belanja Perjalanan Dinas Biasa
1969,1701,1.0,Belanja Perjalanan Dinas Biasa,Belanja Perjalanan Dinas Biasa
1969,1697,1.0,Belanja Perjalanan Dinas Biasa,Belanja Perjalanan Dinas Biasa
1970,1698,1.0,Belanja Perjalanan Dinas Biasa,Belanja Perjalanan Dinas Biasa
1970,1696,1.0,Belanja Perjalanan Dinas Biasa,Belanja Perjalanan Dinas Biasa
1970,1699,1.0,Belanja Perjalanan Dinas Biasa,Belanja Perjalanan Dinas Biasa
1970,1701,1.0,Belanja Perjalanan Dinas Biasa,Belanja Perjalanan Dinas Biasa
1970,1697,1.0,Belanja Perjalanan Dinas Biasa,Belanja Perjalanan Dinas Biasa
1971,1698,1.0,Belanja Perjalanan Dinas Biasa,Belanja Perjalanan Dinas Biasa
1971,1696,1.0,Belanja Perjalanan Dinas Biasa,Belanja Perjalanan Dinas Biasa
1971,1699,1.0,Belanja Perjalanan Dinas Biasa,Belanja Perjalanan Dinas Biasa
1971,1701,1.0,Belanja Perjalanan Dinas Biasa,Belanja Perjalanan Dinas Biasa
1971,1697,1.0,Belanja Perjalanan Dinas Biasa,Belanja Perjalanan Dinas Biasa
1972,1698,1.0,Belanja Perjalanan Dinas Biasa,Belanja Perjalanan Dinas Biasa
1972,1696,1.0,Belanja Perjalanan Dinas Biasa,Belanja Perjalanan Dinas Biasa
1972,1699,1.0,Belanja Perjalanan Dinas Biasa,Belanja Perjalanan Dinas Biasa
1972,1701,1.0,Belanja Perjalanan Dinas Biasa,Belanja Perjalanan Dinas Biasa
1972,1697,1.0,Belanja Perjalanan Dinas Biasa,Belanja Perjalanan Dinas Biasa
1973,1698,1.0,Belanja Perjalanan Dinas Biasa,Belanja Perjalanan Dinas Biasa
1973,1696,1.0,Belanja Perjalanan Dinas Biasa,Belanja Perjalanan Dinas Biasa
1973,1699,1.0,Belanja Perjalanan Dinas Biasa,Belanja Perjalanan Dinas Biasa
1973,1701,1.0,Belanja Perjalanan Dinas Biasa,Belanja Perjalanan Dinas Biasa
1973,1697,1.0,Belanja Perjalanan Dinas Biasa,Belanja Perjalanan Dinas Biasa
1974,1698,1.0,Belanja Perjalanan Dinas Biasa,Belanja Perjalanan Dinas Biasa
1974,1696,1.0,Belanja Perjalanan Dinas Biasa,Belanja Perjalanan Dinas Biasa
1974,1699,1.0,Belanja Perjalanan Dinas Biasa,Belanja Perjalanan Dinas Biasa
1974,1701,1.0,Belanja Perjalanan Dinas Biasa,Belanja Perjalanan Dinas Biasa
1974,1697,1.0,Belanja Perjalanan Dinas Biasa,Belanja Perjalanan Dinas Biasa
1975,1983,1.0,Belanja Perjalanan Dinas Biasa Luar Negeri,Belanja Perjalanan Dinas Biasa Luar Negeri
1975,2674,1.0,Belanja Perjalanan Dinas Biasa Luar Negeri,Belanja  Perjalanan Dinas Biasa Luar Negeri
1976,1698,1.0,Belanja Perjalanan Dinas Biasa,Belanja Perjalanan Dinas Biasa
1976,1696,1.0,Belanja Perjalanan Dinas Biasa,Belanja Perjalanan Dinas Biasa
1976,1699,1.0,Belanja Perjalanan Dinas Biasa,Belanja Perjalanan Dinas Biasa
1976,1701,1.0,Belanja Perjalanan Dinas Biasa,Belanja Perjalanan Dinas Biasa
1976,1697,1.0,Belanja Perjalanan Dinas Biasa,Belanja Perjalanan Dinas Biasa
1977,1698,1.0,Belanja Perjalanan Dinas Biasa,Belanja Perjalanan Dinas Biasa
1977,1696,1.0,Belanja Perjalanan Dinas Biasa,Belanja Perjalanan Dinas Biasa
1977,1699,1.0,Belanja Perjalanan Dinas Biasa,Belanja Perjalanan Dinas Biasa
1977,1701,1.0,Belanja Perjalanan Dinas Biasa,Belanja Perjalanan Dinas Biasa
1977,1697,1.0,Belanja Perjalanan Dinas Biasa,Belanja Perjalanan Dinas Biasa
1978,1698,1.0,Belanja Perjalanan Dinas Biasa,Belanja Perjalanan Dinas Biasa
1978,1696,1.0,Belanja Perjalanan Dinas Biasa,Belanja Perjalanan Dinas Biasa
1978,1699,1.0,Belanja Perjalanan Dinas Biasa,Belanja Perjalanan Dinas Biasa
1978,1701,1.0,Belanja Perjalanan Dinas Biasa,Belanja Perjalanan Dinas Biasa
1978,1697,1.0,Belanja Perjalanan Dinas Biasa,Belanja Perjalanan Dinas Biasa
1979,1698,1.0,Belanja Perjalanan Dinas Biasa,Belanja Perjalanan Dinas Biasa
1979,1696,1.0,Belanja Perjalanan Dinas Biasa,Belanja Perjalanan Dinas Biasa
1979,1699,1.0,Belanja Perjalanan Dinas Biasa,Belanja Perjalanan Dinas Biasa
1979,1701,1.0,Belanja Perjalanan Dinas Biasa,Belanja Perjalanan Dinas Biasa
1979,1697,1.0,Belanja Perjalanan Dinas Biasa,Belanja Perjalanan Dinas Biasa
1980,1698,1.0,Belanja Perjalanan Dinas Biasa,Belanja Perjalanan Dinas Biasa
1980,1696,1.0,Belanja Perjalanan Dinas Biasa,Belanja Perjalanan Dinas Biasa
1980,1699,1.0,Belanja Perjalanan Dinas Biasa,Belanja Perjalanan Dinas Biasa
1980,1701,1.0,Belanja Perjalanan Dinas Biasa,Belanja Perjalanan Dinas Biasa
1980,1697,1.0,Belanja Perjalanan Dinas Biasa,Belanja Perjalanan Dinas Biasa
1981,1698,1.0,Belanja Perjalanan Dinas Biasa,Belanja Perjalanan Dinas Biasa
1981,1696,1.0,Belanja Perjalanan Dinas Biasa,Belanja Perjalanan Dinas Biasa
1981,1699,1.0,Belanja Perjalanan Dinas Biasa,Belanja Perjalanan Dinas Biasa
1981,1701,1.0,Belanja Perjalanan Dinas Biasa,Belanja Perjalanan Dinas Biasa
1981,1697,1.0,Belanja Perjalanan Dinas Biasa,Belanja Perjalanan Dinas Biasa
1982,1698,1.0,Belanja Perjalanan Dinas Biasa,Belanja Perjalanan Dinas Biasa
1982,1696,1.0,Belanja Perjalanan Dinas Biasa,Belanja Perjalanan Dinas Biasa
1982,1699,1.0,Belanja Perjalanan Dinas Biasa,Belanja Perjalanan Dinas Biasa
1982,1701,1.0,Belanja Perjalanan Dinas Biasa,Belanja Perjalanan Dinas Biasa
1982,1697,1.0,Belanja Perjalanan Dinas Biasa,Belanja Perjalanan Dinas Biasa
1983,2674,1.0,Belanja Perjalanan Dinas Biasa Luar Negeri,Belanja  Perjalanan Dinas Biasa Luar Negeri
1984,1698,1.0,Belanja Perjalanan Dinas Biasa,Belanja Perjalanan Dinas Biasa
1984,1696,1.0,Belanja Perjalanan Dinas Biasa,Belanja Perjalanan Dinas Biasa
1984,1699,1.0,Belanja Perjalanan Dinas Biasa,Belanja Perjalanan Dinas Biasa
1984,1701,1.0,Belanja Perjalanan Dinas Biasa,Belanja Perjalanan Dinas Biasa
1984,1697,1.0,Belanja Perjalanan Dinas Biasa,Belanja Perjalanan Dinas Biasa
1985,1698,1.0,Belanja Perjalanan Dinas Biasa,Belanja Perjalanan Dinas Biasa
1985,1696,1.0,Belanja Perjalanan Dinas Biasa,Belanja Perjalanan Dinas Biasa
1985,1699,1.0,Belanja Perjalanan Dinas Biasa,Belanja Perjalanan Dinas Biasa
1985,1701,1.0,Belanja Perjalanan Dinas Biasa,Belanja Perjalanan Dinas Biasa
1985,1697,1.0,Belanja Perjalanan Dinas Biasa,Belanja Perjalanan Dinas Biasa
1986,2004,0.8625608576554371,Belanja Perjalanan Dinas Biasa - Perjalanan Dinas Dalam Rangka Pendampingan Penyerahan Bantuan Sarana dan Prasarana Tangkap Kabupaten Mappi,Belanja Perjalanan Dinas Biasa - Perjalanan Dinas Dalam Rangka Pendampingan Penyerahan Bantuan Sarana dan Prasarana Tangkap Kabupaten Asmat
1986,2033,0.8158856521191113,Belanja Perjalanan Dinas Biasa - Perjalanan Dinas Dalam Rangka Pendampingan Penyerahan Bantuan Sarana dan Prasarana Tangkap Kabupaten Mappi,Belanja Perjalanan Dinas Biasa - Perjalanan Dinas Dalam Rangka Pendampingan Penyerahan Bantuan Sarana dan Prasarana Tangkap Kabupaten Boven Digoel
1987,1698,1.0,Belanja Perjalanan Dinas Biasa,Belanja Perjalanan Dinas Biasa
1987,1696,1.0,Belanja Perjalanan Dinas Biasa,Belanja Perjalanan Dinas Biasa
1987,1699,1.0,Belanja Perjalanan Dinas Biasa,Belanja Perjalanan Dinas Biasa
1987,1701,1.0,Belanja Perjalanan Dinas Biasa,Belanja Perjalanan Dinas Biasa
1987,1697,1.0,Belanja Perjalanan Dinas Biasa,Belanja Perjalanan Dinas Biasa
1988,1698,1.0,Belanja Perjalanan Dinas Biasa,Belanja Perjalanan Dinas Biasa
1988,1696,1.0,Belanja Perjalanan Dinas Biasa,Belanja Perjalanan Dinas Biasa
1988,1699,1.0,Belanja Perjalanan Dinas Biasa,Belanja Perjalanan Dinas Biasa
1988,1701,1.0,Belanja Perjalanan Dinas Biasa,Belanja Perjalanan Dinas Biasa
1988,1697,1.0,Belanja Perjalanan Dinas Biasa,Belanja Perjalanan Dinas Biasa
1989,1698,1.0,Belanja Perjalanan Dinas Biasa,Belanja Perjalanan Dinas Biasa
1989,1696,1.0,Belanja Perjalanan Dinas Biasa,Belanja Perjalanan Dinas Biasa
1989,1699,1.0,Belanja Perjalanan Dinas Biasa,Belanja Perjalanan Dinas Biasa
1989,1701,1.0,Belanja Perjalanan Dinas Biasa,Belanja Perjalanan Dinas Biasa
1989,1697,1.0,Belanja Perjalanan Dinas Biasa,Belanja Perjalanan Dinas Biasa
1990,1698,1.0,Belanja Perjalanan Dinas Biasa,Belanja Perjalanan Dinas Biasa
1990,1696,1.0,Belanja Perjalanan Dinas Biasa,Belanja Perjalanan Dinas Biasa
1990,1699,1.0,Belanja Perjalanan Dinas Biasa,Belanja Perjalanan Dinas Biasa
1990,1701,1.0,Belanja Perjalanan Dinas Biasa,Belanja Perjalanan Dinas Biasa
1990,1697,1.0,Belanja Perjalanan Dinas Biasa,Belanja Perjalanan Dinas Biasa
1991,1698,1.0,Belanja Perjalanan Dinas Biasa,Belanja Perjalanan Dinas Biasa
1991,1696,1.0,Belanja Perjalanan Dinas Biasa,Belanja Perjalanan Dinas Biasa
1991,1699,1.0,Belanja Perjalanan Dinas Biasa,Belanja Perjalanan Dinas Biasa
1991,1701,1.0,Belanja Perjalanan Dinas Biasa,Belanja Perjalanan Dinas Biasa
1991,1697,1.0,Belanja Perjalanan Dinas Biasa,Belanja Perjalanan Dinas Biasa
1992,1698,1.0,Belanja Perjalanan Dinas Biasa,Belanja Perjalanan Dinas Biasa
1992,1696,1.0,Belanja Perjalanan Dinas Biasa,Belanja Perjalanan Dinas Biasa
1992,1699,1.0,Belanja Perjalanan Dinas Biasa,Belanja Perjalanan Dinas Biasa
1992,1701,1.0,Belanja Perjalanan Dinas Biasa,Belanja Perjalanan Dinas Biasa
1992,1697,1.0,Belanja Perjalanan Dinas Biasa,Belanja Perjalanan Dinas Biasa
1993,1698,1.0,Belanja Perjalanan Dinas Biasa,Belanja Perjalanan Dinas Biasa
1993,1696,1.0,Belanja Perjalanan Dinas Biasa,Belanja Perjalanan Dinas Biasa
1993,1699,1.0,Belanja Perjalanan Dinas Biasa,Belanja Perjalanan Dinas Biasa
1993,1701,1.0,Belanja Perjalanan Dinas Biasa,Belanja Perjalanan Dinas Biasa
1993,1697,1.0,Belanja Perjalanan Dinas Biasa,Belanja Perjalanan Dinas Biasa
1994,1698,1.0,Belanja Perjalanan Dinas Biasa,Belanja Perjalanan Dinas Biasa
1994,1696,1.0,Belanja Perjalanan Dinas Biasa,Belanja Perjalanan Dinas Biasa
1994,1699,1.0,Belanja Perjalanan Dinas Biasa,Belanja Perjalanan Dinas Biasa
1994,1701,1.0,Belanja Perjalanan Dinas Biasa,Belanja Perjalanan Dinas Biasa
1994,1697,1.0,Belanja Perjalanan Dinas Biasa,Belanja Perjalanan Dinas Biasa
1995,1698,1.0,Belanja Perjalanan Dinas Biasa,Belanja Perjalanan Dinas Biasa
1995,1696,1.0,Belanja Perjalanan Dinas Biasa,Belanja Perjalanan Dinas Biasa
1995,1699,1.0,Belanja Perjalanan Dinas Biasa,Belanja Perjalanan Dinas Biasa
1995,1701,1.0,Belanja Perjalanan Dinas Biasa,Belanja Perjalanan Dinas Biasa
1995,1697,1.0,Belanja Perjalanan Dinas Biasa,Belanja Perjalanan Dinas Biasa
1996,1698,1.0,Belanja Perjalanan Dinas Biasa,Belanja Perjalanan Dinas Biasa
1996,1696,1.0,Belanja Perjalanan Dinas Biasa,Belanja Perjalanan Dinas Biasa
1996,1699,1.0,Belanja Perjalanan Dinas Biasa,Belanja Perjalanan Dinas Biasa
1996,1701,1.0,Belanja Perjalanan Dinas Biasa,Belanja Perjalanan Dinas Biasa
1996,1697,1.0,Belanja Perjalanan Dinas Biasa,Belanja Perjalanan Dinas Biasa
1997,1698,1.0,Belanja Perjalanan Dinas Biasa,Belanja Perjalanan Dinas Biasa
1997,1696,1.0,Belanja Perjalanan Dinas Biasa,Belanja Perjalanan Dinas Biasa
1997,1699,1.0,Belanja Perjalanan Dinas Biasa,Belanja Perjalanan Dinas Biasa
1997,1701,1.0,Belanja Perjalanan Dinas Biasa,Belanja Perjalanan Dinas Biasa
1997,1697,1.0,Belanja Perjalanan Dinas Biasa,Belanja Perjalanan Dinas Biasa
1998,1698,1.0,Belanja Perjalanan Dinas Biasa,Belanja Perjalanan Dinas Biasa
1998,1696,1.0,Belanja Perjalanan Dinas Biasa,Belanja Perjalanan Dinas Biasa
1998,1699,1.0,Belanja Perjalanan Dinas Biasa,Belanja Perjalanan Dinas Biasa
1998,1701,1.0,Belanja Perjalanan Dinas Biasa,Belanja Perjalanan Dinas Biasa
1998,1697,1.0,Belanja Perjalanan Dinas Biasa,Belanja Perjalanan Dinas Biasa
1999,2888,0.8677836566575152,Belanja Perjalanan Dinas Biasa - Perjalanan Rapat Koordinasi dan Konsultasi,Belanja Perjalanan Dinas Biasa (Rapat Koordinasi dan Konsultasi SKPD)
1999,1341,0.8677836566575152,Belanja Perjalanan Dinas Biasa - Perjalanan Rapat Koordinasi dan Konsultasi,Belanja Perjalanan Dinas Biasa #Rapat Koordinasi dan Konsultasi SKPD
2000,1698,1.0,Belanja Perjalanan Dinas Biasa,Belanja Perjalanan Dinas Biasa
2000,1696,1.0,Belanja Perjalanan Dinas Biasa,Belanja Perjalanan Dinas Biasa
2000,1699,1.0,Belanja Perjalanan Dinas Biasa,Belanja Perjalanan Dinas Biasa
2000,1701,1.0,Belanja Perjalanan Dinas Biasa,Belanja Perjalanan Dinas Biasa
2000,1697,1.0,Belanja Perjalanan Dinas Biasa,Belanja Perjalanan Dinas Biasa
2001,1698,1.0,Belanja Perjalanan Dinas Biasa,Belanja Perjalanan Dinas Biasa
2001,1696,1.0,Belanja Perjalanan Dinas Biasa,Belanja Perjalanan Dinas Biasa
2001,1699,1.0,Belanja Perjalanan Dinas Biasa,Belanja Perjalanan Dinas Biasa
2001,1701,1.0,Belanja Perjalanan Dinas Biasa,Belanja Perjalanan Dinas Biasa
2001,1697,1.0,Belanja Perjalanan Dinas Biasa,Belanja Perjalanan Dinas Biasa
2002,1698,1.0,Belanja Perjalanan Dinas Biasa,Belanja Perjalanan Dinas Biasa
2002,1696,1.0,Belanja Perjalanan Dinas Biasa,Belanja Perjalanan Dinas Biasa
2002,1699,1.0,Belanja Perjalanan Dinas Biasa,Belanja Perjalanan Dinas Biasa
2002,1701,1.0,Belanja Perjalanan Dinas Biasa,Belanja Perjalanan Dinas Biasa
2002,1697,1.0,Belanja Perjalanan Dinas Biasa,Belanja Perjalanan Dinas Biasa
2003,1698,1.0,Belanja Perjalanan Dinas Biasa,Belanja Perjalanan Dinas Biasa
2003,1696,1.0,Belanja Perjalanan Dinas Biasa,Belanja Perjalanan Dinas Biasa
2003,1699,1.0,Belanja Perjalanan Dinas Biasa,Belanja Perjalanan Dinas Biasa
2003,1701,1.0,Belanja Perjalanan Dinas Biasa,Belanja Perjalanan Dinas Biasa
2003,1697,1.0,Belanja Perjalanan Dinas Biasa,Belanja Perjalanan Dinas Biasa
2004,2033,0.8200485907074618,Belanja Perjalanan Dinas Biasa - Perjalanan Dinas Dalam Rangka Pendampingan Penyerahan Bantuan Sarana dan Prasarana Tangkap Kabupaten Asmat,Belanja Perjalanan Dinas Biasa - Perjalanan Dinas Dalam Rangka Pendampingan Penyerahan Bantuan Sarana dan Prasarana Tangkap Kabupaten Boven Digoel
2006,2034,0.8189764050614384,Belanja Perjalanan Dinas Biasa - Perjalanan dinas pendampingan distribusi pakan ikan kepada masyarakat di kabupaten Boven Digoel,Belanja Perjalanan Dinas Biasa - Perjalanan dinas pendampingan distribusi pakan ikan kepada masyarakat di kabupaten Asmat
2008,1698,1.0,Belanja Perjalanan Dinas Biasa,Belanja Perjalanan Dinas Biasa
2008,1696,1.0,Belanja Perjalanan Dinas Biasa,Belanja Perjalanan Dinas Biasa
2008,1699,1.0,Belanja Perjalanan Dinas Biasa,Belanja Perjalanan Dinas Biasa
2008,1701,1.0,Belanja Perjalanan Dinas Biasa,Belanja Perjalanan Dinas Biasa
2008,1697,1.0,Belanja Perjalanan Dinas Biasa,Belanja Perjalanan Dinas Biasa
2010,1698,1.0,Belanja Perjalanan Dinas Biasa,Belanja Perjalanan Dinas Biasa
2010,1696,1.0,Belanja Perjalanan Dinas Biasa,Belanja Perjalanan Dinas Biasa
2010,1699,1.0,Belanja Perjalanan Dinas Biasa,Belanja Perjalanan Dinas Biasa
2010,1701,1.0,Belanja Perjalanan Dinas Biasa,Belanja Perjalanan Dinas Biasa
2010,1697,1.0,Belanja Perjalanan Dinas Biasa,Belanja Perjalanan Dinas Biasa
2011,1698,1.0,Belanja Perjalanan Dinas Biasa,Belanja Perjalanan Dinas Biasa
2011,1696,1.0,Belanja Perjalanan Dinas Biasa,Belanja Perjalanan Dinas Biasa
2011,1699,1.0,Belanja Perjalanan Dinas Biasa,Belanja Perjalanan Dinas Biasa
2011,1701,1.0,Belanja Perjalanan Dinas Biasa,Belanja Perjalanan Dinas Biasa
2011,1697,1.0,Belanja Perjalanan Dinas Biasa,Belanja Perjalanan Dinas Biasa
2012,1698,1.0,Belanja Perjalanan Dinas Biasa,Belanja Perjalanan Dinas Biasa
2012,1696,1.0,Belanja Perjalanan Dinas Biasa,Belanja Perjalanan Dinas Biasa
2012,1699,1.0,Belanja Perjalanan Dinas Biasa,Belanja Perjalanan Dinas Biasa
2012,1701,1.0,Belanja Perjalanan Dinas Biasa,Belanja Perjalanan Dinas Biasa
2012,1697,1.0,Belanja Perjalanan Dinas Biasa,Belanja Perjalanan Dinas Biasa
2014,1698,1.0,Belanja Perjalanan Dinas Biasa,Belanja Perjalanan Dinas Biasa
2014,1696,1.0,Belanja Perjalanan Dinas Biasa,Belanja Perjalanan Dinas Biasa
2014,1699,1.0,Belanja Perjalanan Dinas Biasa,Belanja Perjalanan Dinas Biasa
2014,1701,1.0,Belanja Perjalanan Dinas Biasa,Belanja Perjalanan Dinas Biasa
2014,1697,1.0,Belanja Perjalanan Dinas Biasa,Belanja Perjalanan Dinas Biasa
2015,1698,1.0,Belanja Perjalanan Dinas Biasa,Belanja Perjalanan Dinas Biasa
2015,1696,1.0,Belanja Perjalanan Dinas Biasa,Belanja Perjalanan Dinas Biasa
2015,1699,1.0,Belanja Perjalanan Dinas Biasa,Belanja Perjalanan Dinas Biasa
2015,1701,1.0,Belanja Perjalanan Dinas Biasa,Belanja Perjalanan Dinas Biasa
2015,1697,1.0,Belanja Perjalanan Dinas Biasa,Belanja Perjalanan Dinas Biasa
2016,1698,1.0,Belanja Perjalanan Dinas Biasa,Belanja Perjalanan Dinas Biasa
2016,1696,1.0,Belanja Perjalanan Dinas Biasa,Belanja Perjalanan Dinas Biasa
2016,1699,1.0,Belanja Perjalanan Dinas Biasa,Belanja Perjalanan Dinas Biasa
2016,1701,1.0,Belanja Perjalanan Dinas Biasa,Belanja Perjalanan Dinas Biasa
2016,1697,1.0,Belanja Perjalanan Dinas Biasa,Belanja Perjalanan Dinas Biasa
2017,1698,1.0,Belanja Perjalanan Dinas Biasa,Belanja Perjalanan Dinas Biasa
2017,1696,1.0,Belanja Perjalanan Dinas Biasa,Belanja Perjalanan Dinas Biasa
2017,1699,1.0,Belanja Perjalanan Dinas Biasa,Belanja Perjalanan Dinas Biasa
2017,1701,1.0,Belanja Perjalanan Dinas Biasa,Belanja Perjalanan Dinas Biasa
2017,1697,1.0,Belanja Perjalanan Dinas Biasa,Belanja Perjalanan Dinas Biasa
2018,1698,1.0,Belanja Perjalanan Dinas Biasa,Belanja Perjalanan Dinas Biasa
2018,1696,1.0,Belanja Perjalanan Dinas Biasa,Belanja Perjalanan Dinas Biasa
2018,1699,1.0,Belanja Perjalanan Dinas Biasa,Belanja Perjalanan Dinas Biasa
2018,1701,1.0,Belanja Perjalanan Dinas Biasa,Belanja Perjalanan Dinas Biasa
2018,1697,1.0,Belanja Perjalanan Dinas Biasa,Belanja Perjalanan Dinas Biasa
2019,1698,1.0,Belanja Perjalanan Dinas Biasa,Belanja Perjalanan Dinas Biasa
2019,1696,1.0,Belanja Perjalanan Dinas Biasa,Belanja Perjalanan Dinas Biasa
2019,1699,1.0,Belanja Perjalanan Dinas Biasa,Belanja Perjalanan Dinas Biasa
2019,1701,1.0,Belanja Perjalanan Dinas Biasa,Belanja Perjalanan Dinas Biasa
2019,1697,1.0,Belanja Perjalanan Dinas Biasa,Belanja Perjalanan Dinas Biasa
2020,1698,1.0,Belanja Perjalanan Dinas Biasa,Belanja Perjalanan Dinas Biasa
2020,1696,1.0,Belanja Perjalanan Dinas Biasa,Belanja Perjalanan Dinas Biasa
2020,1699,1.0,Belanja Perjalanan Dinas Biasa,Belanja Perjalanan Dinas Biasa
2020,1701,1.0,Belanja Perjalanan Dinas Biasa,Belanja Perjalanan Dinas Biasa
2020,1697,1.0,Belanja Perjalanan Dinas Biasa,Belanja Perjalanan Dinas Biasa
2021,1698,1.0,Belanja Perjalanan Dinas Biasa,Belanja Perjalanan Dinas Biasa
2021,1696,1.0,Belanja Perjalanan Dinas Biasa,Belanja Perjalanan Dinas Biasa
2021,1699,1.0,Belanja Perjalanan Dinas Biasa,Belanja Perjalanan Dinas Biasa
2021,1701,1.0,Belanja Perjalanan Dinas Biasa,Belanja Perjalanan Dinas Biasa
2021,1697,1.0,Belanja Perjalanan Dinas Biasa,Belanja Perjalanan Dinas Biasa
2022,1698,1.0,Belanja Perjalanan Dinas Biasa,Belanja Perjalanan Dinas Biasa
2022,1696,1.0,Belanja Perjalanan Dinas Biasa,Belanja Perjalanan Dinas Biasa
2022,1699,1.0,Belanja Perjalanan Dinas Biasa,Belanja Perjalanan Dinas Biasa
2022,1701,1.0,Belanja Perjalanan Dinas Biasa,Belanja Perjalanan Dinas Biasa
2022,1697,1.0,Belanja Perjalanan Dinas Biasa,Belanja Perjalanan Dinas Biasa
2023,1698,1.0,Belanja Perjalanan Dinas Biasa,Belanja Perjalanan Dinas Biasa
2023,1696,1.0,Belanja Perjalanan Dinas Biasa,Belanja Perjalanan Dinas Biasa
2023,1699,1.0,Belanja Perjalanan Dinas Biasa,Belanja Perjalanan Dinas Biasa
2023,1701,1.0,Belanja Perjalanan Dinas Biasa,Belanja Perjalanan Dinas Biasa
2023,1697,1.0,Belanja Perjalanan Dinas Biasa,Belanja Perjalanan Dinas Biasa
2024,1698,1.0,Belanja Perjalanan Dinas Biasa,Belanja Perjalanan Dinas Biasa
2024,1696,1.0,Belanja Perjalanan Dinas Biasa,Belanja Perjalanan Dinas Biasa
2024,1699,1.0,Belanja Perjalanan Dinas Biasa,Belanja Perjalanan Dinas Biasa
2024,1701,1.0,Belanja Perjalanan Dinas Biasa,Belanja Perjalanan Dinas Biasa
2024,1697,1.0,Belanja Perjalanan Dinas Biasa,Belanja Perjalanan Dinas Biasa
2025,1698,1.0,Belanja Perjalanan Dinas Biasa,Belanja Perjalanan Dinas Biasa
2025,1696,1.0,Belanja Perjalanan Dinas Biasa,Belanja Perjalanan Dinas Biasa
2025,1699,1.0,Belanja Perjalanan Dinas Biasa,Belanja Perjalanan Dinas Biasa
2025,1701,1.0,Belanja Perjalanan Dinas Biasa,Belanja Perjalanan Dinas Biasa
2025,1697,1.0,Belanja Perjalanan Dinas Biasa,Belanja Perjalanan Dinas Biasa
2026,1698,1.0,Belanja Perjalanan Dinas Biasa,Belanja Perjalanan Dinas Biasa
2026,1696,1.0,Belanja Perjalanan Dinas Biasa,Belanja Perjalanan Dinas Biasa
2026,1699,1.0,Belanja Perjalanan Dinas Biasa,Belanja Perjalanan Dinas Biasa
2026,1701,1.0,Belanja Perjalanan Dinas Biasa,Belanja Perjalanan Dinas Biasa
2026,1697,1.0,Belanja Perjalanan Dinas Biasa,Belanja Perjalanan Dinas Biasa
2028,1698,1.0,Belanja Perjalanan Dinas Biasa,Belanja Perjalanan Dinas Biasa
2028,1696,1.0,Belanja Perjalanan Dinas Biasa,Belanja Perjalanan Dinas Biasa
2028,1699,1.0,Belanja Perjalanan Dinas Biasa,Belanja Perjalanan Dinas Biasa
2028,1701,1.0,Belanja Perjalanan Dinas Biasa,Belanja Perjalanan Dinas Biasa
2028,1697,1.0,Belanja Perjalanan Dinas Biasa,Belanja Perjalanan Dinas Biasa
2029,1698,1.0,Belanja Perjalanan Dinas Biasa,Belanja Perjalanan Dinas Biasa
2029,1696,1.0,Belanja Perjalanan Dinas Biasa,Belanja Perjalanan Dinas Biasa
2029,1699,1.0,Belanja Perjalanan Dinas Biasa,Belanja Perjalanan Dinas Biasa
2029,1701,1.0,Belanja Perjalanan Dinas Biasa,Belanja Perjalanan Dinas Biasa
2029,1697,1.0,Belanja Perjalanan Dinas Biasa,Belanja Perjalanan Dinas Biasa
2030,1698,1.0,Belanja Perjalanan Dinas Biasa,Belanja Perjalanan Dinas Biasa
2030,1696,1.0,Belanja Perjalanan Dinas Biasa,Belanja Perjalanan Dinas Biasa
2030,1699,1.0,Belanja Perjalanan Dinas Biasa,Belanja Perjalanan Dinas Biasa
2030,1701,1.0,Belanja Perjalanan Dinas Biasa,Belanja Perjalanan Dinas Biasa
2030,1697,1.0,Belanja Perjalanan Dinas Biasa,Belanja Perjalanan Dinas Biasa
2031,1698,1.0,Belanja Perjalanan Dinas Biasa,Belanja Perjalanan Dinas Biasa
2031,1696,1.0,Belanja Perjalanan Dinas Biasa,Belanja Perjalanan Dinas Biasa
2031,1699,1.0,Belanja Perjalanan Dinas Biasa,Belanja Perjalanan Dinas Biasa
2031,1701,1.0,Belanja Perjalanan Dinas Biasa,Belanja Perjalanan Dinas Biasa
2031,1697,1.0,Belanja Perjalanan Dinas Biasa,Belanja Perjalanan Dinas Biasa
2032,1698,1.0,Belanja Perjalanan Dinas Biasa,Belanja Perjalanan Dinas Biasa
2032,1696,1.0,Belanja Perjalanan Dinas Biasa,Belanja Perjalanan Dinas Biasa
2032,1699,1.0,Belanja Perjalanan Dinas Biasa,Belanja Perjalanan Dinas Biasa
2032,1701,1.0,Belanja Perjalanan Dinas Biasa,Belanja Perjalanan Dinas Biasa
2032,1697,1.0,Belanja Perjalanan Dinas Biasa,Belanja Perjalanan Dinas Biasa
2036,1698,1.0,Belanja Perjalanan Dinas Biasa,Belanja Perjalanan Dinas Biasa
2036,1696,1.0,Belanja Perjalanan Dinas Biasa,Belanja Perjalanan Dinas Biasa
2036,1699,1.0,Belanja Perjalanan Dinas Biasa,Belanja Perjalanan Dinas Biasa
2036,1701,1.0,Belanja Perjalanan Dinas Biasa,Belanja Perjalanan Dinas Biasa
2036,1697,1.0,Belanja Perjalanan Dinas Biasa,Belanja Perjalanan Dinas Biasa
2037,1698,1.0,Belanja Perjalanan Dinas Biasa,Belanja Perjalanan Dinas Biasa
2037,1696,1.0,Belanja Perjalanan Dinas Biasa,Belanja Perjalanan Dinas Biasa
2037,1699,1.0,Belanja Perjalanan Dinas Biasa,Belanja Perjalanan Dinas Biasa
2037,1701,1.0,Belanja Perjalanan Dinas Biasa,Belanja Perjalanan Dinas Biasa
2037,1697,1.0,Belanja Perjalanan Dinas Biasa,Belanja Perjalanan Dinas Biasa
2038,1698,1.0,Belanja Perjalanan Dinas Biasa,Belanja Perjalanan Dinas Biasa
2038,1696,1.0,Belanja Perjalanan Dinas Biasa,Belanja Perjalanan Dinas Biasa
2038,1699,1.0,Belanja Perjalanan Dinas Biasa,Belanja Perjalanan Dinas Biasa
2038,1701,1.0,Belanja Perjalanan Dinas Biasa,Belanja Perjalanan Dinas Biasa
2038,1697,1.0,Belanja Perjalanan Dinas Biasa,Belanja Perjalanan Dinas Biasa
2040,1698,1.0,Belanja Perjalanan Dinas Biasa,Belanja Perjalanan Dinas Biasa
2040,1696,1.0,Belanja Perjalanan Dinas Biasa,Belanja Perjalanan Dinas Biasa
2040,1699,1.0,Belanja Perjalanan Dinas Biasa,Belanja Perjalanan Dinas Biasa
2040,1701,1.0,Belanja Perjalanan Dinas Biasa,Belanja Perjalanan Dinas Biasa
2040,1697,1.0,Belanja Perjalanan Dinas Biasa,Belanja Perjalanan Dinas Biasa
2041,1698,1.0,Belanja Perjalanan Dinas Biasa,Belanja Perjalanan Dinas Biasa
2041,1696,1.0,Belanja Perjalanan Dinas Biasa,Belanja Perjalanan Dinas Biasa
2041,1699,1.0,Belanja Perjalanan Dinas Biasa,Belanja Perjalanan Dinas Biasa
2041,1701,1.0,Belanja Perjalanan Dinas Biasa,Belanja Perjalanan Dinas Biasa
2041,1697,1.0,Belanja Perjalanan Dinas Biasa,Belanja Perjalanan Dinas Biasa
2042,1698,1.0,Belanja Perjalanan Dinas Biasa,Belanja Perjalanan Dinas Biasa
2042,1696,1.0,Belanja Perjalanan Dinas Biasa,Belanja Perjalanan Dinas Biasa
2042,1699,1.0,Belanja Perjalanan Dinas Biasa,Belanja Perjalanan Dinas Biasa
2042,1701,1.0,Belanja Perjalanan Dinas Biasa,Belanja Perjalanan Dinas Biasa
2042,1697,1.0,Belanja Perjalanan Dinas Biasa,Belanja Perjalanan Dinas Biasa
2043,1698,1.0,Belanja Perjalanan Dinas Biasa,Belanja Perjalanan Dinas Biasa
2043,1696,1.0,Belanja Perjalanan Dinas Biasa,Belanja Perjalanan Dinas Biasa
2043,1699,1.0,Belanja Perjalanan Dinas Biasa,Belanja Perjalanan Dinas Biasa
2043,1701,1.0,Belanja Perjalanan Dinas Biasa,Belanja Perjalanan Dinas Biasa
2043,1697,1.0,Belanja Perjalanan Dinas Biasa,Belanja Perjalanan Dinas Biasa
2044,1698,1.0,Belanja Perjalanan Dinas Biasa,Belanja Perjalanan Dinas Biasa
2044,1696,1.0,Belanja Perjalanan Dinas Biasa,Belanja Perjalanan Dinas Biasa
2044,1699,1.0,Belanja Perjalanan Dinas Biasa,Belanja Perjalanan Dinas Biasa
2044,1701,1.0,Belanja Perjalanan Dinas Biasa,Belanja Perjalanan Dinas Biasa
2044,1697,1.0,Belanja Perjalanan Dinas Biasa,Belanja Perjalanan Dinas Biasa
2045,1698,1.0,Belanja Perjalanan Dinas Biasa,Belanja Perjalanan Dinas Biasa
2045,1696,1.0,Belanja Perjalanan Dinas Biasa,Belanja Perjalanan Dinas Biasa
2045,1699,1.0,Belanja Perjalanan Dinas Biasa,Belanja Perjalanan Dinas Biasa
2045,1701,1.0,Belanja Perjalanan Dinas Biasa,Belanja Perjalanan Dinas Biasa
2045,1697,1.0,Belanja Perjalanan Dinas Biasa,Belanja Perjalanan Dinas Biasa
2046,1698,1.0,Belanja Perjalanan Dinas Biasa,Belanja Perjalanan Dinas Biasa
2046,1696,1.0,Belanja Perjalanan Dinas Biasa,Belanja Perjalanan Dinas Biasa
2046,1699,1.0,Belanja Perjalanan Dinas Biasa,Belanja Perjalanan Dinas Biasa
2046,1701,1.0,Belanja Perjalanan Dinas Biasa,Belanja Perjalanan Dinas Biasa
2046,1697,1.0,Belanja Perjalanan Dinas Biasa,Belanja Perjalanan Dinas Biasa
2049,1698,1.0,Belanja Perjalanan Dinas Biasa,Belanja Perjalanan Dinas Biasa
2049,1696,1.0,Belanja Perjalanan Dinas Biasa,Belanja Perjalanan Dinas Biasa
2049,1699,1.0,Belanja Perjalanan Dinas Biasa,Belanja Perjalanan Dinas Biasa
2049,1701,1.0,Belanja Perjalanan Dinas Biasa,Belanja Perjalanan Dinas Biasa
2049,1697,1.0,Belanja Perjalanan Dinas Biasa,Belanja Perjalanan Dinas Biasa
2050,1698,1.0,Belanja Perjalanan Dinas Biasa,Belanja Perjalanan Dinas Biasa
2050,1696,1.0,Belanja Perjalanan Dinas Biasa,Belanja Perjalanan Dinas Biasa
2050,1699,1.0,Belanja Perjalanan Dinas Biasa,Belanja Perjalanan Dinas Biasa
2050,1701,1.0,Belanja Perjalanan Dinas Biasa,Belanja Perjalanan Dinas Biasa
2050,1697,1.0,Belanja Perjalanan Dinas Biasa,Belanja Perjalanan Dinas Biasa
2051,1698,1.0,Belanja Perjalanan Dinas Biasa,Belanja Perjalanan Dinas Biasa
2051,1696,1.0,Belanja Perjalanan Dinas Biasa,Belanja Perjalanan Dinas Biasa
2051,1699,1.0,Belanja Perjalanan Dinas Biasa,Belanja Perjalanan Dinas Biasa
2051,1701,1.0,Belanja Perjalanan Dinas Biasa,Belanja Perjalanan Dinas Biasa
2051,1697,1.0,Belanja Perjalanan Dinas Biasa,Belanja Perjalanan Dinas Biasa
2052,1698,1.0,Belanja Perjalanan Dinas Biasa,Belanja Perjalanan Dinas Biasa
2052,1696,1.0,Belanja Perjalanan Dinas Biasa,Belanja Perjalanan Dinas Biasa
2052,1699,1.0,Belanja Perjalanan Dinas Biasa,Belanja Perjalanan Dinas Biasa
2052,1701,1.0,Belanja Perjalanan Dinas Biasa,Belanja Perjalanan Dinas Biasa
2052,1697,1.0,Belanja Perjalanan Dinas Biasa,Belanja Perjalanan Dinas Biasa
2053,1698,1.0,Belanja Perjalanan Dinas Biasa,Belanja Perjalanan Dinas Biasa
2053,1696,1.0,Belanja Perjalanan Dinas Biasa,Belanja Perjalanan Dinas Biasa
2053,1699,1.0,Belanja Perjalanan Dinas Biasa,Belanja Perjalanan Dinas Biasa
2053,1701,1.0,Belanja Perjalanan Dinas Biasa,Belanja Perjalanan Dinas Biasa
2053,1697,1.0,Belanja Perjalanan Dinas Biasa,Belanja Perjalanan Dinas Biasa
2054,1698,1.0,Belanja Perjalanan Dinas Biasa,Belanja Perjalanan Dinas Biasa
2054,1696,1.0,Belanja Perjalanan Dinas Biasa,Belanja Perjalanan Dinas Biasa
2054,1699,1.0,Belanja Perjalanan Dinas Biasa,Belanja Perjalanan Dinas Biasa
2054,1701,1.0,Belanja Perjalanan Dinas Biasa,Belanja Perjalanan Dinas Biasa
2054,1697,1.0,Belanja Perjalanan Dinas Biasa,Belanja Perjalanan Dinas Biasa
2055,1698,1.0,Belanja Perjalanan Dinas Biasa,Belanja Perjalanan Dinas Biasa
2055,1696,1.0,Belanja Perjalanan Dinas Biasa,Belanja Perjalanan Dinas Biasa
2055,1699,1.0,Belanja Perjalanan Dinas Biasa,Belanja Perjalanan Dinas Biasa
2055,1701,1.0,Belanja Perjalanan Dinas Biasa,Belanja Perjalanan Dinas Biasa
2055,1697,1.0,Belanja Perjalanan Dinas Biasa,Belanja Perjalanan Dinas Biasa
2056,1698,1.0,Belanja Perjalanan Dinas Biasa,Belanja Perjalanan Dinas Biasa
2056,1696,1.0,Belanja Perjalanan Dinas Biasa,Belanja Perjalanan Dinas Biasa
2056,1699,1.0,Belanja Perjalanan Dinas Biasa,Belanja Perjalanan Dinas Biasa
2056,1701,1.0,Belanja Perjalanan Dinas Biasa,Belanja Perjalanan Dinas Biasa
2056,1697,1.0,Belanja Perjalanan Dinas Biasa,Belanja Perjalanan Dinas Biasa
2057,1698,1.0,Belanja Perjalanan Dinas Biasa,Belanja Perjalanan Dinas Biasa
2057,1696,1.0,Belanja Perjalanan Dinas Biasa,Belanja Perjalanan Dinas Biasa
2057,1699,1.0,Belanja Perjalanan Dinas Biasa,Belanja Perjalanan Dinas Biasa
2057,1701,1.0,Belanja Perjalanan Dinas Biasa,Belanja Perjalanan Dinas Biasa
2057,1697,1.0,Belanja Perjalanan Dinas Biasa,Belanja Perjalanan Dinas Biasa
2058,1698,1.0,Belanja Perjalanan Dinas Biasa,Belanja Perjalanan Dinas Biasa
2058,1696,1.0,Belanja Perjalanan Dinas Biasa,Belanja Perjalanan Dinas Biasa
2058,1699,1.0,Belanja Perjalanan Dinas Biasa,Belanja Perjalanan Dinas Biasa
2058,1701,1.0,Belanja Perjalanan Dinas Biasa,Belanja Perjalanan Dinas Biasa
2058,1697,1.0,Belanja Perjalanan Dinas Biasa,Belanja Perjalanan Dinas Biasa
2059,1698,1.0,Belanja Perjalanan Dinas Biasa,Belanja Perjalanan Dinas Biasa
2059,1696,1.0,Belanja Perjalanan Dinas Biasa,Belanja Perjalanan Dinas Biasa
2059,1699,1.0,Belanja Perjalanan Dinas Biasa,Belanja Perjalanan Dinas Biasa
2059,1701,1.0,Belanja Perjalanan Dinas Biasa,Belanja Perjalanan Dinas Biasa
2059,1697,1.0,Belanja Perjalanan Dinas Biasa,Belanja Perjalanan Dinas Biasa
2060,1698,1.0,Belanja Perjalanan Dinas Biasa,Belanja Perjalanan Dinas Biasa
2060,1696,1.0,Belanja Perjalanan Dinas Biasa,Belanja Perjalanan Dinas Biasa
2060,1699,1.0,Belanja Perjalanan Dinas Biasa,Belanja Perjalanan Dinas Biasa
2060,1701,1.0,Belanja Perjalanan Dinas Biasa,Belanja Perjalanan Dinas Biasa
2060,1697,1.0,Belanja Perjalanan Dinas Biasa,Belanja Perjalanan Dinas Biasa
2061,1698,1.0,Belanja Perjalanan Dinas Biasa,Belanja Perjalanan Dinas Biasa
2061,1696,1.0,Belanja Perjalanan Dinas Biasa,Belanja Perjalanan Dinas Biasa
2061,1699,1.0,Belanja Perjalanan Dinas Biasa,Belanja Perjalanan Dinas Biasa
2061,1701,1.0,Belanja Perjalanan Dinas Biasa,Belanja Perjalanan Dinas Biasa
2061,1697,1.0,Belanja Perjalanan Dinas Biasa,Belanja Perjalanan Dinas Biasa
2062,1698,1.0,Belanja Perjalanan Dinas Biasa,Belanja Perjalanan Dinas Biasa
2062,1696,1.0,Belanja Perjalanan Dinas Biasa,Belanja Perjalanan Dinas Biasa
2062,1699,1.0,Belanja Perjalanan Dinas Biasa,Belanja Perjalanan Dinas Biasa
2062,1701,1.0,Belanja Perjalanan Dinas Biasa,Belanja Perjalanan Dinas Biasa
2062,1697,1.0,Belanja Perjalanan Dinas Biasa,Belanja Perjalanan Dinas Biasa
2063,1698,1.0,Belanja Perjalanan Dinas Biasa,Belanja Perjalanan Dinas Biasa
2063,1696,1.0,Belanja Perjalanan Dinas Biasa,Belanja Perjalanan Dinas Biasa
2063,1699,1.0,Belanja Perjalanan Dinas Biasa,Belanja Perjalanan Dinas Biasa
2063,1701,1.0,Belanja Perjalanan Dinas Biasa,Belanja Perjalanan Dinas Biasa
2063,1697,1.0,Belanja Perjalanan Dinas Biasa,Belanja Perjalanan Dinas Biasa
2064,1698,1.0,Belanja Perjalanan Dinas Biasa,Belanja Perjalanan Dinas Biasa
2064,1696,1.0,Belanja Perjalanan Dinas Biasa,Belanja Perjalanan Dinas Biasa
2064,1699,1.0,Belanja Perjalanan Dinas Biasa,Belanja Perjalanan Dinas Biasa
2064,1701,1.0,Belanja Perjalanan Dinas Biasa,Belanja Perjalanan Dinas Biasa
2064,1697,1.0,Belanja Perjalanan Dinas Biasa,Belanja Perjalanan Dinas Biasa
2065,1698,1.0,Belanja Perjalanan Dinas Biasa,Belanja Perjalanan Dinas Biasa
2065,1696,1.0,Belanja Perjalanan Dinas Biasa,Belanja Perjalanan Dinas Biasa
2065,1699,1.0,Belanja Perjalanan Dinas Biasa,Belanja Perjalanan Dinas Biasa
2065,1701,1.0,Belanja Perjalanan Dinas Biasa,Belanja Perjalanan Dinas Biasa
2065,1697,1.0,Belanja Perjalanan Dinas Biasa,Belanja Perjalanan Dinas Biasa
2066,1698,1.0,Belanja perjalanan dinas biasa,Belanja Perjalanan Dinas Biasa
2066,1696,1.0,Belanja perjalanan dinas biasa,Belanja Perjalanan Dinas Biasa
2066,1699,1.0,Belanja perjalanan dinas biasa,Belanja Perjalanan Dinas Biasa
2066,1701,1.0,Belanja perjalanan dinas biasa,Belanja Perjalanan Dinas Biasa
2066,1697,1.0,Belanja perjalanan dinas biasa,Belanja Perjalanan Dinas Biasa
2067,1698,1.0,Belanja Perjalanan Dinas Biasa,Belanja Perjalanan Dinas Biasa
2067,1696,1.0,Belanja Perjalanan Dinas Biasa,Belanja Perjalanan Dinas Biasa
2067,1699,1.0,Belanja Perjalanan Dinas Biasa,Belanja Perjalanan Dinas Biasa
2067,1701,1.0,Belanja Perjalanan Dinas Biasa,Belanja Perjalanan Dinas Biasa
2067,1697,1.0,Belanja Perjalanan Dinas Biasa,Belanja Perjalanan Dinas Biasa
2068,1698,1.0,Belanja Perjalanan Dinas Biasa,Belanja Perjalanan Dinas Biasa
2068,1696,1.0,Belanja Perjalanan Dinas Biasa,Belanja Perjalanan Dinas Biasa
2068,1699,1.0,Belanja Perjalanan Dinas Biasa,Belanja Perjalanan Dinas Biasa
2068,1701,1.0,Belanja Perjalanan Dinas Biasa,Belanja Perjalanan Dinas Biasa
2068,1697,1.0,Belanja Perjalanan Dinas Biasa,Belanja Perjalanan Dinas Biasa
2069,1698,1.0,Belanja Perjalanan Dinas Biasa,Belanja Perjalanan Dinas Biasa
2069,1696,1.0,Belanja Perjalanan Dinas Biasa,Belanja Perjalanan Dinas Biasa
2069,1699,1.0,Belanja Perjalanan Dinas Biasa,Belanja Perjalanan Dinas Biasa
2069,1701,1.0,Belanja Perjalanan Dinas Biasa,Belanja Perjalanan Dinas Biasa
2069,1697,1.0,Belanja Perjalanan Dinas Biasa,Belanja Perjalanan Dinas Biasa
2070,1698,1.0,Belanja Perjalanan Dinas Biasa,Belanja Perjalanan Dinas Biasa
2070,1696,1.0,Belanja Perjalanan Dinas Biasa,Belanja Perjalanan Dinas Biasa
2070,1699,1.0,Belanja Perjalanan Dinas Biasa,Belanja Perjalanan Dinas Biasa
2070,1701,1.0,Belanja Perjalanan Dinas Biasa,Belanja Perjalanan Dinas Biasa
2070,1697,1.0,Belanja Perjalanan Dinas Biasa,Belanja Perjalanan Dinas Biasa
2071,1698,1.0,Belanja Perjalanan Dinas Biasa,Belanja Perjalanan Dinas Biasa
2071,1696,1.0,Belanja Perjalanan Dinas Biasa,Belanja Perjalanan Dinas Biasa
2071,1699,1.0,Belanja Perjalanan Dinas Biasa,Belanja Perjalanan Dinas Biasa
2071,1701,1.0,Belanja Perjalanan Dinas Biasa,Belanja Perjalanan Dinas Biasa
2071,1697,1.0,Belanja Perjalanan Dinas Biasa,Belanja Perjalanan Dinas Biasa
2072,1698,1.0,Belanja Perjalanan Dinas Biasa,Belanja Perjalanan Dinas Biasa
2072,1696,1.0,Belanja Perjalanan Dinas Biasa,Belanja Perjalanan Dinas Biasa
2072,1699,1.0,Belanja Perjalanan Dinas Biasa,Belanja Perjalanan Dinas Biasa
2072,1701,1.0,Belanja Perjalanan Dinas Biasa,Belanja Perjalanan Dinas Biasa
2072,1697,1.0,Belanja Perjalanan Dinas Biasa,Belanja Perjalanan Dinas Biasa
2073,1698,1.0,Belanja Perjalanan Dinas Biasa,Belanja Perjalanan Dinas Biasa
2073,1696,1.0,Belanja Perjalanan Dinas Biasa,Belanja Perjalanan Dinas Biasa
2073,1699,1.0,Belanja Perjalanan Dinas Biasa,Belanja Perjalanan Dinas Biasa
2073,1701,1.0,Belanja Perjalanan Dinas Biasa,Belanja Perjalanan Dinas Biasa
2073,1697,1.0,Belanja Perjalanan Dinas Biasa,Belanja Perjalanan Dinas Biasa
2074,1698,1.0,Belanja Perjalanan Dinas Biasa,Belanja Perjalanan Dinas Biasa
2074,1696,1.0,Belanja Perjalanan Dinas Biasa,Belanja Perjalanan Dinas Biasa
2074,1699,1.0,Belanja Perjalanan Dinas Biasa,Belanja Perjalanan Dinas Biasa
2074,1701,1.0,Belanja Perjalanan Dinas Biasa,Belanja Perjalanan Dinas Biasa
2074,1697,1.0,Belanja Perjalanan Dinas Biasa,Belanja Perjalanan Dinas Biasa
2075,1698,1.0,Belanja Perjalanan Dinas Biasa,Belanja Perjalanan Dinas Biasa
2075,1696,1.0,Belanja Perjalanan Dinas Biasa,Belanja Perjalanan Dinas Biasa
2075,1699,1.0,Belanja Perjalanan Dinas Biasa,Belanja Perjalanan Dinas Biasa
2075,1701,1.0,Belanja Perjalanan Dinas Biasa,Belanja Perjalanan Dinas Biasa
2075,1697,1.0,Belanja Perjalanan Dinas Biasa,Belanja Perjalanan Dinas Biasa
2076,1698,1.0,Belanja Perjalanan Dinas Biasa,Belanja Perjalanan Dinas Biasa
2076,1696,1.0,Belanja Perjalanan Dinas Biasa,Belanja Perjalanan Dinas Biasa
2076,1699,1.0,Belanja Perjalanan Dinas Biasa,Belanja Perjalanan Dinas Biasa
2076,1701,1.0,Belanja Perjalanan Dinas Biasa,Belanja Perjalanan Dinas Biasa
2076,1697,1.0,Belanja Perjalanan Dinas Biasa,Belanja Perjalanan Dinas Biasa
2077,1698,1.0,Belanja Perjalanan Dinas Biasa,Belanja Perjalanan Dinas Biasa
2077,1696,1.0,Belanja Perjalanan Dinas Biasa,Belanja Perjalanan Dinas Biasa
2077,1699,1.0,Belanja Perjalanan Dinas Biasa,Belanja Perjalanan Dinas Biasa
2077,1701,1.0,Belanja Perjalanan Dinas Biasa,Belanja Perjalanan Dinas Biasa
2077,1697,1.0,Belanja Perjalanan Dinas Biasa,Belanja Perjalanan Dinas Biasa
2078,1698,1.0,Belanja Perjalanan Dinas Biasa,Belanja Perjalanan Dinas Biasa
2078,1696,1.0,Belanja Perjalanan Dinas Biasa,Belanja Perjalanan Dinas Biasa
2078,1699,1.0,Belanja Perjalanan Dinas Biasa,Belanja Perjalanan Dinas Biasa
2078,1701,1.0,Belanja Perjalanan Dinas Biasa,Belanja Perjalanan Dinas Biasa
2078,1697,1.0,Belanja Perjalanan Dinas Biasa,Belanja Perjalanan Dinas Biasa
2079,1698,1.0,Belanja Perjalanan Dinas Biasa,Belanja Perjalanan Dinas Biasa
2079,1696,1.0,Belanja Perjalanan Dinas Biasa,Belanja Perjalanan Dinas Biasa
2079,1699,1.0,Belanja Perjalanan Dinas Biasa,Belanja Perjalanan Dinas Biasa
2079,1701,1.0,Belanja Perjalanan Dinas Biasa,Belanja Perjalanan Dinas Biasa
2079,1697,1.0,Belanja Perjalanan Dinas Biasa,Belanja Perjalanan Dinas Biasa
2080,1698,1.0,Belanja Perjalanan Dinas Biasa,Belanja Perjalanan Dinas Biasa
2080,1696,1.0,Belanja Perjalanan Dinas Biasa,Belanja Perjalanan Dinas Biasa
2080,1699,1.0,Belanja Perjalanan Dinas Biasa,Belanja Perjalanan Dinas Biasa
2080,1701,1.0,Belanja Perjalanan Dinas Biasa,Belanja Perjalanan Dinas Biasa
2080,1697,1.0,Belanja Perjalanan Dinas Biasa,Belanja Perjalanan Dinas Biasa
2081,1698,1.0,Belanja Perjalanan Dinas Biasa,Belanja Perjalanan Dinas Biasa
2081,1696,1.0,Belanja Perjalanan Dinas Biasa,Belanja Perjalanan Dinas Biasa
2081,1699,1.0,Belanja Perjalanan Dinas Biasa,Belanja Perjalanan Dinas Biasa
2081,1701,1.0,Belanja Perjalanan Dinas Biasa,Belanja Perjalanan Dinas Biasa
2081,1697,1.0,Belanja Perjalanan Dinas Biasa,Belanja Perjalanan Dinas Biasa
2083,1698,1.0,Belanja Perjalanan Dinas Biasa,Belanja Perjalanan Dinas Biasa
2083,1696,1.0,Belanja Perjalanan Dinas Biasa,Belanja Perjalanan Dinas Biasa
2083,1699,1.0,Belanja Perjalanan Dinas Biasa,Belanja Perjalanan Dinas Biasa
2083,1701,1.0,Belanja Perjalanan Dinas Biasa,Belanja Perjalanan Dinas Biasa
2083,1697,1.0,Belanja Perjalanan Dinas Biasa,Belanja Perjalanan Dinas Biasa
2084,1698,1.0,Belanja Perjalanan Dinas Biasa,Belanja Perjalanan Dinas Biasa
2084,1696,1.0,Belanja Perjalanan Dinas Biasa,Belanja Perjalanan Dinas Biasa
2084,1699,1.0,Belanja Perjalanan Dinas Biasa,Belanja Perjalanan Dinas Biasa
2084,1701,1.0,Belanja Perjalanan Dinas Biasa,Belanja Perjalanan Dinas Biasa
2084,1697,1.0,Belanja Perjalanan Dinas Biasa,Belanja Perjalanan Dinas Biasa
2085,1698,1.0,Belanja Perjalanan Dinas Biasa,Belanja Perjalanan Dinas Biasa
2085,1696,1.0,Belanja Perjalanan Dinas Biasa,Belanja Perjalanan Dinas Biasa
2085,1699,1.0,Belanja Perjalanan Dinas Biasa,Belanja Perjalanan Dinas Biasa
2085,1701,1.0,Belanja Perjalanan Dinas Biasa,Belanja Perjalanan Dinas Biasa
2085,1697,1.0,Belanja Perjalanan Dinas Biasa,Belanja Perjalanan Dinas Biasa
2086,1698,1.0,Belanja Perjalanan Dinas Biasa,Belanja Perjalanan Dinas Biasa
2086,1696,1.0,Belanja Perjalanan Dinas Biasa,Belanja Perjalanan Dinas Biasa
2086,1699,1.0,Belanja Perjalanan Dinas Biasa,Belanja Perjalanan Dinas Biasa
2086,1701,1.0,Belanja Perjalanan Dinas Biasa,Belanja Perjalanan Dinas Biasa
2086,1697,1.0,Belanja Perjalanan Dinas Biasa,Belanja Perjalanan Dinas Biasa
2087,1698,1.0,Belanja Perjalanan Dinas Biasa,Belanja Perjalanan Dinas Biasa
2087,1696,1.0,Belanja Perjalanan Dinas Biasa,Belanja Perjalanan Dinas Biasa
2087,1699,1.0,Belanja Perjalanan Dinas Biasa,Belanja Perjalanan Dinas Biasa
2087,1701,1.0,Belanja Perjalanan Dinas Biasa,Belanja Perjalanan Dinas Biasa
2087,1697,1.0,Belanja Perjalanan Dinas Biasa,Belanja Perjalanan Dinas Biasa
2088,1698,1.0,Belanja Perjalanan Dinas Biasa,Belanja Perjalanan Dinas Biasa
2088,1696,1.0,Belanja Perjalanan Dinas Biasa,Belanja Perjalanan Dinas Biasa
2088,1699,1.0,Belanja Perjalanan Dinas Biasa,Belanja Perjalanan Dinas Biasa
2088,1701,1.0,Belanja Perjalanan Dinas Biasa,Belanja Perjalanan Dinas Biasa
2088,1697,1.0,Belanja Perjalanan Dinas Biasa,Belanja Perjalanan Dinas Biasa
2089,1698,1.0,Belanja Perjalanan Dinas Biasa,Belanja Perjalanan Dinas Biasa
2089,1696,1.0,Belanja Perjalanan Dinas Biasa,Belanja Perjalanan Dinas Biasa
2089,1699,1.0,Belanja Perjalanan Dinas Biasa,Belanja Perjalanan Dinas Biasa
2089,1701,1.0,Belanja Perjalanan Dinas Biasa,Belanja Perjalanan Dinas Biasa
2089,1697,1.0,Belanja Perjalanan Dinas Biasa,Belanja Perjalanan Dinas Biasa
2090,1698,1.0,Belanja Perjalanan Dinas Biasa,Belanja Perjalanan Dinas Biasa
2090,1696,1.0,Belanja Perjalanan Dinas Biasa,Belanja Perjalanan Dinas Biasa
2090,1699,1.0,Belanja Perjalanan Dinas Biasa,Belanja Perjalanan Dinas Biasa
2090,1701,1.0,Belanja Perjalanan Dinas Biasa,Belanja Perjalanan Dinas Biasa
2090,1697,1.0,Belanja Perjalanan Dinas Biasa,Belanja Perjalanan Dinas Biasa
2091,1698,1.0,Belanja Perjalanan Dinas Biasa,Belanja Perjalanan Dinas Biasa
2091,1696,1.0,Belanja Perjalanan Dinas Biasa,Belanja Perjalanan Dinas Biasa
2091,1699,1.0,Belanja Perjalanan Dinas Biasa,Belanja Perjalanan Dinas Biasa
2091,1701,1.0,Belanja Perjalanan Dinas Biasa,Belanja Perjalanan Dinas Biasa
2091,1697,1.0,Belanja Perjalanan Dinas Biasa,Belanja Perjalanan Dinas Biasa
2092,1698,1.0,Belanja Perjalanan Dinas Biasa,Belanja Perjalanan Dinas Biasa
2092,1696,1.0,Belanja Perjalanan Dinas Biasa,Belanja Perjalanan Dinas Biasa
2092,1699,1.0,Belanja Perjalanan Dinas Biasa,Belanja Perjalanan Dinas Biasa
2092,1701,1.0,Belanja Perjalanan Dinas Biasa,Belanja Perjalanan Dinas Biasa
2092,1697,1.0,Belanja Perjalanan Dinas Biasa,Belanja Perjalanan Dinas Biasa
2093,1698,1.0,Belanja Perjalanan Dinas Biasa,Belanja Perjalanan Dinas Biasa
2093,1696,1.0,Belanja Perjalanan Dinas Biasa,Belanja Perjalanan Dinas Biasa
2093,1699,1.0,Belanja Perjalanan Dinas Biasa,Belanja Perjalanan Dinas Biasa
2093,1701,1.0,Belanja Perjalanan Dinas Biasa,Belanja Perjalanan Dinas Biasa
2093,1697,1.0,Belanja Perjalanan Dinas Biasa,Belanja Perjalanan Dinas Biasa
2094,1698,1.0,Belanja Perjalanan Dinas Biasa,Belanja Perjalanan Dinas Biasa
2094,1696,1.0,Belanja Perjalanan Dinas Biasa,Belanja Perjalanan Dinas Biasa
2094,1699,1.0,Belanja Perjalanan Dinas Biasa,Belanja Perjalanan Dinas Biasa
2094,1701,1.0,Belanja Perjalanan Dinas Biasa,Belanja Perjalanan Dinas Biasa
2094,1697,1.0,Belanja Perjalanan Dinas Biasa,Belanja Perjalanan Dinas Biasa
2095,1698,1.0,Belanja Perjalanan Dinas Biasa,Belanja Perjalanan Dinas Biasa
2095,1696,1.0,Belanja Perjalanan Dinas Biasa,Belanja Perjalanan Dinas Biasa
2095,1699,1.0,Belanja Perjalanan Dinas Biasa,Belanja Perjalanan Dinas Biasa
2095,1701,1.0,Belanja Perjalanan Dinas Biasa,Belanja Perjalanan Dinas Biasa
2095,1697,1.0,Belanja Perjalanan Dinas Biasa,Belanja Perjalanan Dinas Biasa
2096,1698,1.0,Belanja Perjalanan Dinas Biasa,Belanja Perjalanan Dinas Biasa
2096,1696,1.0,Belanja Perjalanan Dinas Biasa,Belanja Perjalanan Dinas Biasa
2096,1699,1.0,Belanja Perjalanan Dinas Biasa,Belanja Perjalanan Dinas Biasa
2096,1701,1.0,Belanja Perjalanan Dinas Biasa,Belanja Perjalanan Dinas Biasa
2096,1697,1.0,Belanja Perjalanan Dinas Biasa,Belanja Perjalanan Dinas Biasa
2097,1698,1.0,Belanja Perjalanan Dinas Biasa,Belanja Perjalanan Dinas Biasa
2097,1696,1.0,Belanja Perjalanan Dinas Biasa,Belanja Perjalanan Dinas Biasa
2097,1699,1.0,Belanja Perjalanan Dinas Biasa,Belanja Perjalanan Dinas Biasa
2097,1701,1.0,Belanja Perjalanan Dinas Biasa,Belanja Perjalanan Dinas Biasa
2097,1697,1.0,Belanja Perjalanan Dinas Biasa,Belanja Perjalanan Dinas Biasa
2098,1698,1.0,Belanja Perjalanan Dinas Biasa,Belanja Perjalanan Dinas Biasa
2098,1696,1.0,Belanja Perjalanan Dinas Biasa,Belanja Perjalanan Dinas Biasa
2098,1699,1.0,Belanja Perjalanan Dinas Biasa,Belanja Perjalanan Dinas Biasa
2098,1701,1.0,Belanja Perjalanan Dinas Biasa,Belanja Perjalanan Dinas Biasa
2098,1697,1.0,Belanja Perjalanan Dinas Biasa,Belanja Perjalanan Dinas Biasa
2099,1698,1.0,Belanja Perjalanan Dinas Biasa,Belanja Perjalanan Dinas Biasa
2099,1696,1.0,Belanja Perjalanan Dinas Biasa,Belanja Perjalanan Dinas Biasa
2099,1699,1.0,Belanja Perjalanan Dinas Biasa,Belanja Perjalanan Dinas Biasa
2099,1701,1.0,Belanja Perjalanan Dinas Biasa,Belanja Perjalanan Dinas Biasa
2099,1697,1.0,Belanja Perjalanan Dinas Biasa,Belanja Perjalanan Dinas Biasa
2100,1698,1.0,BELANJA PERJALANAN DINAS BIASA,Belanja Perjalanan Dinas Biasa
2100,1696,1.0,BELANJA PERJALANAN DINAS BIASA,Belanja Perjalanan Dinas Biasa
2100,1699,1.0,BELANJA PERJALANAN DINAS BIASA,Belanja Perjalanan Dinas Biasa
2100,1701,1.0,BELANJA PERJALANAN DINAS BIASA,Belanja Perjalanan Dinas Biasa
2100,1697,1.0,BELANJA PERJALANAN DINAS BIASA,Belanja Perjalanan Dinas Biasa
2101,1698,1.0,Belanja Perjalanan Dinas Biasa,Belanja Perjalanan Dinas Biasa
2101,1696,1.0,Belanja Perjalanan Dinas Biasa,Belanja Perjalanan Dinas Biasa
2101,1699,1.0,Belanja Perjalanan Dinas Biasa,Belanja Perjalanan Dinas Biasa
2101,1701,1.0,Belanja Perjalanan Dinas Biasa,Belanja Perjalanan Dinas Biasa
2101,1697,1.0,Belanja Perjalanan Dinas Biasa,Belanja Perjalanan Dinas Biasa
2102,1698,1.0,Belanja perjalanan dinas biasa,Belanja Perjalanan Dinas Biasa
2102,1696,1.0,Belanja perjalanan dinas biasa,Belanja Perjalanan Dinas Biasa
2102,1699,1.0,Belanja perjalanan dinas biasa,Belanja Perjalanan Dinas Biasa
2102,1701,1.0,Belanja perjalanan dinas biasa,Belanja Perjalanan Dinas Biasa
2102,1697,1.0,Belanja perjalanan dinas biasa,Belanja Perjalanan Dinas Biasa
2103,1698,1.0,Belanja Perjalanan Dinas Biasa,Belanja Perjalanan Dinas Biasa
2103,1696,1.0,Belanja Perjalanan Dinas Biasa,Belanja Perjalanan Dinas Biasa
2103,1699,1.0,Belanja Perjalanan Dinas Biasa,Belanja Perjalanan Dinas Biasa
2103,1701,1.0,Belanja Perjalanan Dinas Biasa,Belanja Perjalanan Dinas Biasa
2103,1697,1.0,Belanja Perjalanan Dinas Biasa,Belanja Perjalanan Dinas Biasa
2104,1698,1.0,Belanja Perjalanan Dinas Biasa,Belanja Perjalanan Dinas Biasa
2104,1696,1.0,Belanja Perjalanan Dinas Biasa,Belanja Perjalanan Dinas Biasa
2104,1699,1.0,Belanja Perjalanan Dinas Biasa,Belanja Perjalanan Dinas Biasa
2104,1701,1.0,Belanja Perjalanan Dinas Biasa,Belanja Perjalanan Dinas Biasa
2104,1697,1.0,Belanja Perjalanan Dinas Biasa,Belanja Perjalanan Dinas Biasa
2105,1698,1.0,Belanja Perjalanan Dinas Biasa,Belanja Perjalanan Dinas Biasa
2105,1696,1.0,Belanja Perjalanan Dinas Biasa,Belanja Perjalanan Dinas Biasa
2105,1699,1.0,Belanja Perjalanan Dinas Biasa,Belanja Perjalanan Dinas Biasa
2105,1701,1.0,Belanja Perjalanan Dinas Biasa,Belanja Perjalanan Dinas Biasa
2105,1697,1.0,Belanja Perjalanan Dinas Biasa,Belanja Perjalanan Dinas Biasa
2106,1698,1.0,Belanja Perjalanan Dinas Biasa,Belanja Perjalanan Dinas Biasa
2106,1696,1.0,Belanja Perjalanan Dinas Biasa,Belanja Perjalanan Dinas Biasa
2106,1699,1.0,Belanja Perjalanan Dinas Biasa,Belanja Perjalanan Dinas Biasa
2106,1701,1.0,Belanja Perjalanan Dinas Biasa,Belanja Perjalanan Dinas Biasa
2106,1697,1.0,Belanja Perjalanan Dinas Biasa,Belanja Perjalanan Dinas Biasa
2107,1698,1.0,Belanja Perjalanan Dinas Biasa,Belanja Perjalanan Dinas Biasa
2107,1696,1.0,Belanja Perjalanan Dinas Biasa,Belanja Perjalanan Dinas Biasa
2107,1699,1.0,Belanja Perjalanan Dinas Biasa,Belanja Perjalanan Dinas Biasa
2107,1701,1.0,Belanja Perjalanan Dinas Biasa,Belanja Perjalanan Dinas Biasa
2107,1697,1.0,Belanja Perjalanan Dinas Biasa,Belanja Perjalanan Dinas Biasa
2108,1698,1.0,Belanja Perjalanan Dinas Biasa,Belanja Perjalanan Dinas Biasa
2108,1696,1.0,Belanja Perjalanan Dinas Biasa,Belanja Perjalanan Dinas Biasa
2108,1699,1.0,Belanja Perjalanan Dinas Biasa,Belanja Perjalanan Dinas Biasa
2108,1701,1.0,Belanja Perjalanan Dinas Biasa,Belanja Perjalanan Dinas Biasa
2108,1697,1.0,Belanja Perjalanan Dinas Biasa,Belanja Perjalanan Dinas Biasa
2109,1698,1.0,Belanja Perjalanan Dinas Biasa,Belanja Perjalanan Dinas Biasa
2109,1696,1.0,Belanja Perjalanan Dinas Biasa,Belanja Perjalanan Dinas Biasa
2109,1699,1.0,Belanja Perjalanan Dinas Biasa,Belanja Perjalanan Dinas Biasa
2109,1701,1.0,Belanja Perjalanan Dinas Biasa,Belanja Perjalanan Dinas Biasa
2109,1697,1.0,Belanja Perjalanan Dinas Biasa,Belanja Perjalanan Dinas Biasa
2110,1698,1.0,Belanja Perjalanan Dinas Biasa,Belanja Perjalanan Dinas Biasa
2110,1696,1.0,Belanja Perjalanan Dinas Biasa,Belanja Perjalanan Dinas Biasa
2110,1699,1.0,Belanja Perjalanan Dinas Biasa,Belanja Perjalanan Dinas Biasa
2110,1701,1.0,Belanja Perjalanan Dinas Biasa,Belanja Perjalanan Dinas Biasa
2110,1697,1.0,Belanja Perjalanan Dinas Biasa,Belanja Perjalanan Dinas Biasa
2111,1698,1.0,Belanja Perjalanan Dinas Biasa,Belanja Perjalanan Dinas Biasa
2111,1696,1.0,Belanja Perjalanan Dinas Biasa,Belanja Perjalanan Dinas Biasa
2111,1699,1.0,Belanja Perjalanan Dinas Biasa,Belanja Perjalanan Dinas Biasa
2111,1701,1.0,Belanja Perjalanan Dinas Biasa,Belanja Perjalanan Dinas Biasa
2111,1697,1.0,Belanja Perjalanan Dinas Biasa,Belanja Perjalanan Dinas Biasa
2112,1698,1.0,Belanja Perjalanan Dinas Biasa,Belanja Perjalanan Dinas Biasa
2112,1696,1.0,Belanja Perjalanan Dinas Biasa,Belanja Perjalanan Dinas Biasa
2112,1699,1.0,Belanja Perjalanan Dinas Biasa,Belanja Perjalanan Dinas Biasa
2112,1701,1.0,Belanja Perjalanan Dinas Biasa,Belanja Perjalanan Dinas Biasa
2112,1697,1.0,Belanja Perjalanan Dinas Biasa,Belanja Perjalanan Dinas Biasa
2113,1698,1.0,Belanja Perjalanan Dinas Biasa,Belanja Perjalanan Dinas Biasa
2113,1696,1.0,Belanja Perjalanan Dinas Biasa,Belanja Perjalanan Dinas Biasa
2113,1699,1.0,Belanja Perjalanan Dinas Biasa,Belanja Perjalanan Dinas Biasa
2113,1701,1.0,Belanja Perjalanan Dinas Biasa,Belanja Perjalanan Dinas Biasa
2113,1697,1.0,Belanja Perjalanan Dinas Biasa,Belanja Perjalanan Dinas Biasa
2114,1698,1.0,Belanja Perjalanan Dinas Biasa,Belanja Perjalanan Dinas Biasa
2114,1696,1.0,Belanja Perjalanan Dinas Biasa,Belanja Perjalanan Dinas Biasa
2114,1699,1.0,Belanja Perjalanan Dinas Biasa,Belanja Perjalanan Dinas Biasa
2114,1701,1.0,Belanja Perjalanan Dinas Biasa,Belanja Perjalanan Dinas Biasa
2114,1697,1.0,Belanja Perjalanan Dinas Biasa,Belanja Perjalanan Dinas Biasa
2115,1698,1.0,Belanja Perjalanan Dinas Biasa,Belanja Perjalanan Dinas Biasa
2115,1696,1.0,Belanja Perjalanan Dinas Biasa,Belanja Perjalanan Dinas Biasa
2115,1699,1.0,Belanja Perjalanan Dinas Biasa,Belanja Perjalanan Dinas Biasa
2115,1701,1.0,Belanja Perjalanan Dinas Biasa,Belanja Perjalanan Dinas Biasa
2115,1697,1.0,Belanja Perjalanan Dinas Biasa,Belanja Perjalanan Dinas Biasa
2116,1698,1.0,Belanja Perjalanan Dinas Biasa,Belanja Perjalanan Dinas Biasa
2116,1696,1.0,Belanja Perjalanan Dinas Biasa,Belanja Perjalanan Dinas Biasa
2116,1699,1.0,Belanja Perjalanan Dinas Biasa,Belanja Perjalanan Dinas Biasa
2116,1701,1.0,Belanja Perjalanan Dinas Biasa,Belanja Perjalanan Dinas Biasa
2116,1697,1.0,Belanja Perjalanan Dinas Biasa,Belanja Perjalanan Dinas Biasa
2117,1698,1.0,Belanja Perjalanan Dinas Biasa,Belanja Perjalanan Dinas Biasa
2117,1696,1.0,Belanja Perjalanan Dinas Biasa,Belanja Perjalanan Dinas Biasa
2117,1699,1.0,Belanja Perjalanan Dinas Biasa,Belanja Perjalanan Dinas Biasa
2117,1701,1.0,Belanja Perjalanan Dinas Biasa,Belanja Perjalanan Dinas Biasa
2117,1697,1.0,Belanja Perjalanan Dinas Biasa,Belanja Perjalanan Dinas Biasa
2118,1698,1.0,Belanja Perjalanan Dinas Biasa,Belanja Perjalanan Dinas Biasa
2118,1696,1.0,Belanja Perjalanan Dinas Biasa,Belanja Perjalanan Dinas Biasa
2118,1699,1.0,Belanja Perjalanan Dinas Biasa,Belanja Perjalanan Dinas Biasa
2118,1701,1.0,Belanja Perjalanan Dinas Biasa,Belanja Perjalanan Dinas Biasa
2118,1697,1.0,Belanja Perjalanan Dinas Biasa,Belanja Perjalanan Dinas Biasa
2119,1698,1.0,Belanja Perjalanan Dinas Biasa,Belanja Perjalanan Dinas Biasa
2119,1696,1.0,Belanja Perjalanan Dinas Biasa,Belanja Perjalanan Dinas Biasa
2119,1699,1.0,Belanja Perjalanan Dinas Biasa,Belanja Perjalanan Dinas Biasa
2119,1701,1.0,Belanja Perjalanan Dinas Biasa,Belanja Perjalanan Dinas Biasa
2119,1697,1.0,Belanja Perjalanan Dinas Biasa,Belanja Perjalanan Dinas Biasa
2120,1698,1.0,Belanja Perjalanan Dinas Biasa,Belanja Perjalanan Dinas Biasa
2120,1696,1.0,Belanja Perjalanan Dinas Biasa,Belanja Perjalanan Dinas Biasa
2120,1699,1.0,Belanja Perjalanan Dinas Biasa,Belanja Perjalanan Dinas Biasa
2120,1701,1.0,Belanja Perjalanan Dinas Biasa,Belanja Perjalanan Dinas Biasa
2120,1697,1.0,Belanja Perjalanan Dinas Biasa,Belanja Perjalanan Dinas Biasa
2121,1698,1.0,Belanja Perjalanan Dinas Biasa,Belanja Perjalanan Dinas Biasa
2121,1696,1.0,Belanja Perjalanan Dinas Biasa,Belanja Perjalanan Dinas Biasa
2121,1699,1.0,Belanja Perjalanan Dinas Biasa,Belanja Perjalanan Dinas Biasa
2121,1701,1.0,Belanja Perjalanan Dinas Biasa,Belanja Perjalanan Dinas Biasa
2121,1697,1.0,Belanja Perjalanan Dinas Biasa,Belanja Perjalanan Dinas Biasa
2123,1698,1.0,Belanja Perjalanan Dinas Biasa,Belanja Perjalanan Dinas Biasa
2123,1696,1.0,Belanja Perjalanan Dinas Biasa,Belanja Perjalanan Dinas Biasa
2123,1699,1.0,Belanja Perjalanan Dinas Biasa,Belanja Perjalanan Dinas Biasa
2123,1701,1.0,Belanja Perjalanan Dinas Biasa,Belanja Perjalanan Dinas Biasa
2123,1697,1.0,Belanja Perjalanan Dinas Biasa,Belanja Perjalanan Dinas Biasa
2124,1698,1.0,Belanja Perjalanan Dinas Biasa,Belanja Perjalanan Dinas Biasa
2124,1696,1.0,Belanja Perjalanan Dinas Biasa,Belanja Perjalanan Dinas Biasa
2124,1699,1.0,Belanja Perjalanan Dinas Biasa,Belanja Perjalanan Dinas Biasa
2124,1701,1.0,Belanja Perjalanan Dinas Biasa,Belanja Perjalanan Dinas Biasa
2124,1697,1.0,Belanja Perjalanan Dinas Biasa,Belanja Perjalanan Dinas Biasa
2125,1698,1.0,Belanja Perjalanan Dinas Biasa,Belanja Perjalanan Dinas Biasa
2125,1696,1.0,Belanja Perjalanan Dinas Biasa,Belanja Perjalanan Dinas Biasa
2125,1699,1.0,Belanja Perjalanan Dinas Biasa,Belanja Perjalanan Dinas Biasa
2125,1701,1.0,Belanja Perjalanan Dinas Biasa,Belanja Perjalanan Dinas Biasa
2125,1697,1.0,Belanja Perjalanan Dinas Biasa,Belanja Perjalanan Dinas Biasa
2126,1698,1.0,Belanja Perjalanan Dinas Biasa,Belanja Perjalanan Dinas Biasa
2126,1696,1.0,Belanja Perjalanan Dinas Biasa,Belanja Perjalanan Dinas Biasa
2126,1699,1.0,Belanja Perjalanan Dinas Biasa,Belanja Perjalanan Dinas Biasa
2126,1701,1.0,Belanja Perjalanan Dinas Biasa,Belanja Perjalanan Dinas Biasa
2126,1697,1.0,Belanja Perjalanan Dinas Biasa,Belanja Perjalanan Dinas Biasa
2127,1698,1.0,Belanja Perjalanan Dinas Biasa,Belanja Perjalanan Dinas Biasa
2127,1696,1.0,Belanja Perjalanan Dinas Biasa,Belanja Perjalanan Dinas Biasa
2127,1699,1.0,Belanja Perjalanan Dinas Biasa,Belanja Perjalanan Dinas Biasa
2127,1701,1.0,Belanja Perjalanan Dinas Biasa,Belanja Perjalanan Dinas Biasa
2127,1697,1.0,Belanja Perjalanan Dinas Biasa,Belanja Perjalanan Dinas Biasa
2128,1698,1.0,Belanja Perjalanan Dinas Biasa,Belanja Perjalanan Dinas Biasa
2128,1696,1.0,Belanja Perjalanan Dinas Biasa,Belanja Perjalanan Dinas Biasa
2128,1699,1.0,Belanja Perjalanan Dinas Biasa,Belanja Perjalanan Dinas Biasa
2128,1701,1.0,Belanja Perjalanan Dinas Biasa,Belanja Perjalanan Dinas Biasa
2128,1697,1.0,Belanja Perjalanan Dinas Biasa,Belanja Perjalanan Dinas Biasa
2129,1698,1.0,Belanja Perjalanan Dinas Biasa,Belanja Perjalanan Dinas Biasa
2129,1696,1.0,Belanja Perjalanan Dinas Biasa,Belanja Perjalanan Dinas Biasa
2129,1699,1.0,Belanja Perjalanan Dinas Biasa,Belanja Perjalanan Dinas Biasa
2129,1701,1.0,Belanja Perjalanan Dinas Biasa,Belanja Perjalanan Dinas Biasa
2129,1697,1.0,Belanja Perjalanan Dinas Biasa,Belanja Perjalanan Dinas Biasa
2130,1698,1.0,Belanja Perjalanan Dinas Biasa,Belanja Perjalanan Dinas Biasa
2130,1696,1.0,Belanja Perjalanan Dinas Biasa,Belanja Perjalanan Dinas Biasa
2130,1699,1.0,Belanja Perjalanan Dinas Biasa,Belanja Perjalanan Dinas Biasa
2130,1701,1.0,Belanja Perjalanan Dinas Biasa,Belanja Perjalanan Dinas Biasa
2130,1697,1.0,Belanja Perjalanan Dinas Biasa,Belanja Perjalanan Dinas Biasa
2131,1698,1.0,Belanja Perjalanan Dinas Biasa,Belanja Perjalanan Dinas Biasa
2131,1696,1.0,Belanja Perjalanan Dinas Biasa,Belanja Perjalanan Dinas Biasa
2131,1699,1.0,Belanja Perjalanan Dinas Biasa,Belanja Perjalanan Dinas Biasa
2131,1701,1.0,Belanja Perjalanan Dinas Biasa,Belanja Perjalanan Dinas Biasa
2131,1697,1.0,Belanja Perjalanan Dinas Biasa,Belanja Perjalanan Dinas Biasa
2132,1698,1.0,Belanja Perjalanan Dinas Biasa,Belanja Perjalanan Dinas Biasa
2132,1696,1.0,Belanja Perjalanan Dinas Biasa,Belanja Perjalanan Dinas Biasa
2132,1699,1.0,Belanja Perjalanan Dinas Biasa,Belanja Perjalanan Dinas Biasa
2132,1701,1.0,Belanja Perjalanan Dinas Biasa,Belanja Perjalanan Dinas Biasa
2132,1697,1.0,Belanja Perjalanan Dinas Biasa,Belanja Perjalanan Dinas Biasa
2133,1698,1.0,Belanja Perjalanan Dinas Biasa,Belanja Perjalanan Dinas Biasa
2133,1696,1.0,Belanja Perjalanan Dinas Biasa,Belanja Perjalanan Dinas Biasa
2133,1699,1.0,Belanja Perjalanan Dinas Biasa,Belanja Perjalanan Dinas Biasa
2133,1701,1.0,Belanja Perjalanan Dinas Biasa,Belanja Perjalanan Dinas Biasa
2133,1697,1.0,Belanja Perjalanan Dinas Biasa,Belanja Perjalanan Dinas Biasa
2134,1698,1.0,Belanja Perjalanan Dinas Biasa,Belanja Perjalanan Dinas Biasa
2134,1696,1.0,Belanja Perjalanan Dinas Biasa,Belanja Perjalanan Dinas Biasa
2134,1699,1.0,Belanja Perjalanan Dinas Biasa,Belanja Perjalanan Dinas Biasa
2134,1701,1.0,Belanja Perjalanan Dinas Biasa,Belanja Perjalanan Dinas Biasa
2134,1697,1.0,Belanja Perjalanan Dinas Biasa,Belanja Perjalanan Dinas Biasa
2135,1698,1.0,Belanja Perjalanan Dinas Biasa,Belanja Perjalanan Dinas Biasa
2135,1696,1.0,Belanja Perjalanan Dinas Biasa,Belanja Perjalanan Dinas Biasa
2135,1699,1.0,Belanja Perjalanan Dinas Biasa,Belanja Perjalanan Dinas Biasa
2135,1701,1.0,Belanja Perjalanan Dinas Biasa,Belanja Perjalanan Dinas Biasa
2135,1697,1.0,Belanja Perjalanan Dinas Biasa,Belanja Perjalanan Dinas Biasa
2136,1698,1.0,Belanja Perjalanan Dinas Biasa,Belanja Perjalanan Dinas Biasa
2136,1696,1.0,Belanja Perjalanan Dinas Biasa,Belanja Perjalanan Dinas Biasa
2136,1699,1.0,Belanja Perjalanan Dinas Biasa,Belanja Perjalanan Dinas Biasa
2136,1701,1.0,Belanja Perjalanan Dinas Biasa,Belanja Perjalanan Dinas Biasa
2136,1697,1.0,Belanja Perjalanan Dinas Biasa,Belanja Perjalanan Dinas Biasa
2137,1698,1.0,Belanja Perjalanan Dinas Biasa,Belanja Perjalanan Dinas Biasa
2137,1696,1.0,Belanja Perjalanan Dinas Biasa,Belanja Perjalanan Dinas Biasa
2137,1699,1.0,Belanja Perjalanan Dinas Biasa,Belanja Perjalanan Dinas Biasa
2137,1701,1.0,Belanja Perjalanan Dinas Biasa,Belanja Perjalanan Dinas Biasa
2137,1697,1.0,Belanja Perjalanan Dinas Biasa,Belanja Perjalanan Dinas Biasa
2138,1698,1.0,Belanja Perjalanan Dinas Biasa,Belanja Perjalanan Dinas Biasa
2138,1696,1.0,Belanja Perjalanan Dinas Biasa,Belanja Perjalanan Dinas Biasa
2138,1699,1.0,Belanja Perjalanan Dinas Biasa,Belanja Perjalanan Dinas Biasa
2138,1701,1.0,Belanja Perjalanan Dinas Biasa,Belanja Perjalanan Dinas Biasa
2138,1697,1.0,Belanja Perjalanan Dinas Biasa,Belanja Perjalanan Dinas Biasa
2139,1698,1.0,Belanja Perjalanan Dinas Biasa,Belanja Perjalanan Dinas Biasa
2139,1696,1.0,Belanja Perjalanan Dinas Biasa,Belanja Perjalanan Dinas Biasa
2139,1699,1.0,Belanja Perjalanan Dinas Biasa,Belanja Perjalanan Dinas Biasa
2139,1701,1.0,Belanja Perjalanan Dinas Biasa,Belanja Perjalanan Dinas Biasa
2139,1697,1.0,Belanja Perjalanan Dinas Biasa,Belanja Perjalanan Dinas Biasa
2140,1698,1.0,Belanja Perjalanan Dinas Biasa,Belanja Perjalanan Dinas Biasa
2140,1696,1.0,Belanja Perjalanan Dinas Biasa,Belanja Perjalanan Dinas Biasa
2140,1699,1.0,Belanja Perjalanan Dinas Biasa,Belanja Perjalanan Dinas Biasa
2140,1701,1.0,Belanja Perjalanan Dinas Biasa,Belanja Perjalanan Dinas Biasa
2140,1697,1.0,Belanja Perjalanan Dinas Biasa,Belanja Perjalanan Dinas Biasa
2141,1698,1.0,Belanja Perjalanan Dinas Biasa,Belanja Perjalanan Dinas Biasa
2141,1696,1.0,Belanja Perjalanan Dinas Biasa,Belanja Perjalanan Dinas Biasa
2141,1699,1.0,Belanja Perjalanan Dinas Biasa,Belanja Perjalanan Dinas Biasa
2141,1701,1.0,Belanja Perjalanan Dinas Biasa,Belanja Perjalanan Dinas Biasa
2141,1697,1.0,Belanja Perjalanan Dinas Biasa,Belanja Perjalanan Dinas Biasa
2142,1698,1.0,Belanja Perjalanan Dinas Biasa,Belanja Perjalanan Dinas Biasa
2142,1696,1.0,Belanja Perjalanan Dinas Biasa,Belanja Perjalanan Dinas Biasa
2142,1699,1.0,Belanja Perjalanan Dinas Biasa,Belanja Perjalanan Dinas Biasa
2142,1701,1.0,Belanja Perjalanan Dinas Biasa,Belanja Perjalanan Dinas Biasa
2142,1697,1.0,Belanja Perjalanan Dinas Biasa,Belanja Perjalanan Dinas Biasa
2143,1698,1.0,Belanja Perjalanan Dinas Biasa,Belanja Perjalanan Dinas Biasa
2143,1696,1.0,Belanja Perjalanan Dinas Biasa,Belanja Perjalanan Dinas Biasa
2143,1699,1.0,Belanja Perjalanan Dinas Biasa,Belanja Perjalanan Dinas Biasa
2143,1701,1.0,Belanja Perjalanan Dinas Biasa,Belanja Perjalanan Dinas Biasa
2143,1697,1.0,Belanja Perjalanan Dinas Biasa,Belanja Perjalanan Dinas Biasa
2144,1698,1.0,Belanja Perjalanan Dinas Biasa,Belanja Perjalanan Dinas Biasa
2144,1696,1.0,Belanja Perjalanan Dinas Biasa,Belanja Perjalanan Dinas Biasa
2144,1699,1.0,Belanja Perjalanan Dinas Biasa,Belanja Perjalanan Dinas Biasa
2144,1701,1.0,Belanja Perjalanan Dinas Biasa,Belanja Perjalanan Dinas Biasa
2144,1697,1.0,Belanja Perjalanan Dinas Biasa,Belanja Perjalanan Dinas Biasa
2145,1698,1.0,Belanja Perjalanan Dinas Biasa,Belanja Perjalanan Dinas Biasa
2145,1696,1.0,Belanja Perjalanan Dinas Biasa,Belanja Perjalanan Dinas Biasa
2145,1699,1.0,Belanja Perjalanan Dinas Biasa,Belanja Perjalanan Dinas Biasa
2145,1701,1.0,Belanja Perjalanan Dinas Biasa,Belanja Perjalanan Dinas Biasa
2145,1697,1.0,Belanja Perjalanan Dinas Biasa,Belanja Perjalanan Dinas Biasa
2146,1698,1.0,Belanja Perjalanan Dinas Biasa,Belanja Perjalanan Dinas Biasa
2146,1696,1.0,Belanja Perjalanan Dinas Biasa,Belanja Perjalanan Dinas Biasa
2146,1699,1.0,Belanja Perjalanan Dinas Biasa,Belanja Perjalanan Dinas Biasa
2146,1701,1.0,Belanja Perjalanan Dinas Biasa,Belanja Perjalanan Dinas Biasa
2146,1697,1.0,Belanja Perjalanan Dinas Biasa,Belanja Perjalanan Dinas Biasa
2147,1698,1.0,Belanja Perjalanan Dinas Biasa,Belanja Perjalanan Dinas Biasa
2147,1696,1.0,Belanja Perjalanan Dinas Biasa,Belanja Perjalanan Dinas Biasa
2147,1699,1.0,Belanja Perjalanan Dinas Biasa,Belanja Perjalanan Dinas Biasa
2147,1701,1.0,Belanja Perjalanan Dinas Biasa,Belanja Perjalanan Dinas Biasa
2147,1697,1.0,Belanja Perjalanan Dinas Biasa,Belanja Perjalanan Dinas Biasa
2148,1698,1.0,Belanja Perjalanan Dinas Biasa,Belanja Perjalanan Dinas Biasa
2148,1696,1.0,Belanja Perjalanan Dinas Biasa,Belanja Perjalanan Dinas Biasa
2148,1699,1.0,Belanja Perjalanan Dinas Biasa,Belanja Perjalanan Dinas Biasa
2148,1701,1.0,Belanja Perjalanan Dinas Biasa,Belanja Perjalanan Dinas Biasa
2148,1697,1.0,Belanja Perjalanan Dinas Biasa,Belanja Perjalanan Dinas Biasa
2150,1698,1.0,Belanja Perjalanan Dinas Biasa,Belanja Perjalanan Dinas Biasa
2150,1696,1.0,Belanja Perjalanan Dinas Biasa,Belanja Perjalanan Dinas Biasa
2150,1699,1.0,Belanja Perjalanan Dinas Biasa,Belanja Perjalanan Dinas Biasa
2150,1701,1.0,Belanja Perjalanan Dinas Biasa,Belanja Perjalanan Dinas Biasa
2150,1697,1.0,Belanja Perjalanan Dinas Biasa,Belanja Perjalanan Dinas Biasa
2152,1698,1.0,Belanja Perjalanan Dinas Biasa,Belanja Perjalanan Dinas Biasa
2152,1696,1.0,Belanja Perjalanan Dinas Biasa,Belanja Perjalanan Dinas Biasa
2152,1699,1.0,Belanja Perjalanan Dinas Biasa,Belanja Perjalanan Dinas Biasa
2152,1701,1.0,Belanja Perjalanan Dinas Biasa,Belanja Perjalanan Dinas Biasa
2152,1697,1.0,Belanja Perjalanan Dinas Biasa,Belanja Perjalanan Dinas Biasa
2153,1698,1.0,Belanja Perjalanan Dinas Biasa,Belanja Perjalanan Dinas Biasa
2153,1696,1.0,Belanja Perjalanan Dinas Biasa,Belanja Perjalanan Dinas Biasa
2153,1699,1.0,Belanja Perjalanan Dinas Biasa,Belanja Perjalanan Dinas Biasa
2153,1701,1.0,Belanja Perjalanan Dinas Biasa,Belanja Perjalanan Dinas Biasa
2153,1697,1.0,Belanja Perjalanan Dinas Biasa,Belanja Perjalanan Dinas Biasa
2154,1698,1.0,Belanja Perjalanan Dinas Biasa,Belanja Perjalanan Dinas Biasa
2154,1696,1.0,Belanja Perjalanan Dinas Biasa,Belanja Perjalanan Dinas Biasa
2154,1699,1.0,Belanja Perjalanan Dinas Biasa,Belanja Perjalanan Dinas Biasa
2154,1701,1.0,Belanja Perjalanan Dinas Biasa,Belanja Perjalanan Dinas Biasa
2154,1697,1.0,Belanja Perjalanan Dinas Biasa,Belanja Perjalanan Dinas Biasa
2155,1698,1.0,Belanja Perjalanan Dinas Biasa,Belanja Perjalanan Dinas Biasa
2155,1696,1.0,Belanja Perjalanan Dinas Biasa,Belanja Perjalanan Dinas Biasa
2155,1699,1.0,Belanja Perjalanan Dinas Biasa,Belanja Perjalanan Dinas Biasa
2155,1701,1.0,Belanja Perjalanan Dinas Biasa,Belanja Perjalanan Dinas Biasa
2155,1697,1.0,Belanja Perjalanan Dinas Biasa,Belanja Perjalanan Dinas Biasa
2156,1698,1.0,Belanja Perjalanan Dinas Biasa,Belanja Perjalanan Dinas Biasa
2156,1696,1.0,Belanja Perjalanan Dinas Biasa,Belanja Perjalanan Dinas Biasa
2156,1699,1.0,Belanja Perjalanan Dinas Biasa,Belanja Perjalanan Dinas Biasa
2156,1701,1.0,Belanja Perjalanan Dinas Biasa,Belanja Perjalanan Dinas Biasa
2156,1697,1.0,Belanja Perjalanan Dinas Biasa,Belanja Perjalanan Dinas Biasa
2157,1698,1.0,Belanja Perjalanan Dinas Biasa,Belanja Perjalanan Dinas Biasa
2157,1696,1.0,Belanja Perjalanan Dinas Biasa,Belanja Perjalanan Dinas Biasa
2157,1699,1.0,Belanja Perjalanan Dinas Biasa,Belanja Perjalanan Dinas Biasa
2157,1701,1.0,Belanja Perjalanan Dinas Biasa,Belanja Perjalanan Dinas Biasa
2157,1697,1.0,Belanja Perjalanan Dinas Biasa,Belanja Perjalanan Dinas Biasa
2158,1698,1.0,Belanja Perjalanan Dinas Biasa,Belanja Perjalanan Dinas Biasa
2158,1696,1.0,Belanja Perjalanan Dinas Biasa,Belanja Perjalanan Dinas Biasa
2158,1699,1.0,Belanja Perjalanan Dinas Biasa,Belanja Perjalanan Dinas Biasa
2158,1701,1.0,Belanja Perjalanan Dinas Biasa,Belanja Perjalanan Dinas Biasa
2158,1697,1.0,Belanja Perjalanan Dinas Biasa,Belanja Perjalanan Dinas Biasa
2159,2177,1.0,Belanja Perjalanan Dinas Biasa - Dalam Negeri,Belanja Perjalanan Dinas Biasa - Dalam Negeri
2159,2824,0.9859851405513484,Belanja Perjalanan Dinas Biasa - Dalam Negeri,Belanja Perjalanan Dinas Dalam Negeri
2159,2329,0.9859851405513484,Belanja Perjalanan Dinas Biasa - Dalam Negeri,Belanja Perjalanan Dinas Dalam Negeri
2159,2550,0.9859851405513484,Belanja Perjalanan Dinas Biasa - Dalam Negeri,Belanja Perjalanan Dinas Dalam Negeri
2160,1698,1.0,Belanja Perjalanan Dinas Biasa,Belanja Perjalanan Dinas Biasa
2160,1696,1.0,Belanja Perjalanan Dinas Biasa,Belanja Perjalanan Dinas Biasa
2160,1699,1.0,Belanja Perjalanan Dinas Biasa,Belanja Perjalanan Dinas Biasa
2160,1701,1.0,Belanja Perjalanan Dinas Biasa,Belanja Perjalanan Dinas Biasa
2160,1697,1.0,Belanja Perjalanan Dinas Biasa,Belanja Perjalanan Dinas Biasa
2161,1698,1.0,Belanja Perjalanan Dinas Biasa,Belanja Perjalanan Dinas Biasa
2161,1696,1.0,Belanja Perjalanan Dinas Biasa,Belanja Perjalanan Dinas Biasa
2161,1699,1.0,Belanja Perjalanan Dinas Biasa,Belanja Perjalanan Dinas Biasa
2161,1701,1.0,Belanja Perjalanan Dinas Biasa,Belanja Perjalanan Dinas Biasa
2161,1697,1.0,Belanja Perjalanan Dinas Biasa,Belanja Perjalanan Dinas Biasa
2162,1698,1.0,Belanja Perjalanan Dinas Biasa,Belanja Perjalanan Dinas Biasa
2162,1696,1.0,Belanja Perjalanan Dinas Biasa,Belanja Perjalanan Dinas Biasa
2162,1699,1.0,Belanja Perjalanan Dinas Biasa,Belanja Perjalanan Dinas Biasa
2162,1701,1.0,Belanja Perjalanan Dinas Biasa,Belanja Perjalanan Dinas Biasa
2162,1697,1.0,Belanja Perjalanan Dinas Biasa,Belanja Perjalanan Dinas Biasa
2163,1698,1.0,Belanja Perjalanan Dinas Biasa,Belanja Perjalanan Dinas Biasa
2163,1696,1.0,Belanja Perjalanan Dinas Biasa,Belanja Perjalanan Dinas Biasa
2163,1699,1.0,Belanja Perjalanan Dinas Biasa,Belanja Perjalanan Dinas Biasa
2163,1701,1.0,Belanja Perjalanan Dinas Biasa,Belanja Perjalanan Dinas Biasa
2163,1697,1.0,Belanja Perjalanan Dinas Biasa,Belanja Perjalanan Dinas Biasa
2164,1698,1.0,Belanja Perjalanan Dinas Biasa,Belanja Perjalanan Dinas Biasa
2164,1696,1.0,Belanja Perjalanan Dinas Biasa,Belanja Perjalanan Dinas Biasa
2164,1699,1.0,Belanja Perjalanan Dinas Biasa,Belanja Perjalanan Dinas Biasa
2164,1701,1.0,Belanja Perjalanan Dinas Biasa,Belanja Perjalanan Dinas Biasa
2164,1697,1.0,Belanja Perjalanan Dinas Biasa,Belanja Perjalanan Dinas Biasa
2165,1698,1.0,Belanja Perjalanan Dinas Biasa,Belanja Perjalanan Dinas Biasa
2165,1696,1.0,Belanja Perjalanan Dinas Biasa,Belanja Perjalanan Dinas Biasa
2165,1699,1.0,Belanja Perjalanan Dinas Biasa,Belanja Perjalanan Dinas Biasa
2165,1701,1.0,Belanja Perjalanan Dinas Biasa,Belanja Perjalanan Dinas Biasa
2165,1697,1.0,Belanja Perjalanan Dinas Biasa,Belanja Perjalanan Dinas Biasa
2166,1698,1.0,Belanja Perjalanan Dinas Biasa,Belanja Perjalanan Dinas Biasa
2166,1696,1.0,Belanja Perjalanan Dinas Biasa,Belanja Perjalanan Dinas Biasa
2166,1699,1.0,Belanja Perjalanan Dinas Biasa,Belanja Perjalanan Dinas Biasa
2166,1701,1.0,Belanja Perjalanan Dinas Biasa,Belanja Perjalanan Dinas Biasa
2166,1697,1.0,Belanja Perjalanan Dinas Biasa,Belanja Perjalanan Dinas Biasa
2167,1698,1.0,Belanja Perjalanan Dinas Biasa,Belanja Perjalanan Dinas Biasa
2167,1696,1.0,Belanja Perjalanan Dinas Biasa,Belanja Perjalanan Dinas Biasa
2167,1699,1.0,Belanja Perjalanan Dinas Biasa,Belanja Perjalanan Dinas Biasa
2167,1701,1.0,Belanja Perjalanan Dinas Biasa,Belanja Perjalanan Dinas Biasa
2167,1697,1.0,Belanja Perjalanan Dinas Biasa,Belanja Perjalanan Dinas Biasa
2168,1698,1.0,BELANJA PERJALANAN DINAS BIASA,Belanja Perjalanan Dinas Biasa
2168,1696,1.0,BELANJA PERJALANAN DINAS BIASA,Belanja Perjalanan Dinas Biasa
2168,1699,1.0,BELANJA PERJALANAN DINAS BIASA,Belanja Perjalanan Dinas Biasa
2168,1701,1.0,BELANJA PERJALANAN DINAS BIASA,Belanja Perjalanan Dinas Biasa
2168,1697,1.0,BELANJA PERJALANAN DINAS BIASA,Belanja Perjalanan Dinas Biasa
2169,1698,1.0,Belanja Perjalanan Dinas Biasa,Belanja Perjalanan Dinas Biasa
2169,1696,1.0,Belanja Perjalanan Dinas Biasa,Belanja Perjalanan Dinas Biasa
2169,1699,1.0,Belanja Perjalanan Dinas Biasa,Belanja Perjalanan Dinas Biasa
2169,1701,1.0,Belanja Perjalanan Dinas Biasa,Belanja Perjalanan Dinas Biasa
2169,1697,1.0,Belanja Perjalanan Dinas Biasa,Belanja Perjalanan Dinas Biasa
2170,1698,1.0,Belanja Perjalanan Dinas Biasa,Belanja Perjalanan Dinas Biasa
2170,1696,1.0,Belanja Perjalanan Dinas Biasa,Belanja Perjalanan Dinas Biasa
2170,1699,1.0,Belanja Perjalanan Dinas Biasa,Belanja Perjalanan Dinas Biasa
2170,1701,1.0,Belanja Perjalanan Dinas Biasa,Belanja Perjalanan Dinas Biasa
2170,1697,1.0,Belanja Perjalanan Dinas Biasa,Belanja Perjalanan Dinas Biasa
2171,1698,1.0,Belanja perjalanan dinas biasa,Belanja Perjalanan Dinas Biasa
2171,1696,1.0,Belanja perjalanan dinas biasa,Belanja Perjalanan Dinas Biasa
2171,1699,1.0,Belanja perjalanan dinas biasa,Belanja Perjalanan Dinas Biasa
2171,1701,1.0,Belanja perjalanan dinas biasa,Belanja Perjalanan Dinas Biasa
2171,1697,1.0,Belanja perjalanan dinas biasa,Belanja Perjalanan Dinas Biasa
2172,1698,1.0,Belanja Perjalanan Dinas Biasa,Belanja Perjalanan Dinas Biasa
2172,1696,1.0,Belanja Perjalanan Dinas Biasa,Belanja Perjalanan Dinas Biasa
2172,1699,1.0,Belanja Perjalanan Dinas Biasa,Belanja Perjalanan Dinas Biasa
2172,1701,1.0,Belanja Perjalanan Dinas Biasa,Belanja Perjalanan Dinas Biasa
2172,1697,1.0,Belanja Perjalanan Dinas Biasa,Belanja Perjalanan Dinas Biasa
2173,1698,1.0,Belanja Perjalanan Dinas Biasa,Belanja Perjalanan Dinas Biasa
2173,1696,1.0,Belanja Perjalanan Dinas Biasa,Belanja Perjalanan Dinas Biasa
2173,1699,1.0,Belanja Perjalanan Dinas Biasa,Belanja Perjalanan Dinas Biasa
2173,1701,1.0,Belanja Perjalanan Dinas Biasa,Belanja Perjalanan Dinas Biasa
2173,1697,1.0,Belanja Perjalanan Dinas Biasa,Belanja Perjalanan Dinas Biasa
2174,1698,1.0,Belanja Perjalanan Dinas Biasa,Belanja Perjalanan Dinas Biasa
2174,1696,1.0,Belanja Perjalanan Dinas Biasa,Belanja Perjalanan Dinas Biasa
2174,1699,1.0,Belanja Perjalanan Dinas Biasa,Belanja Perjalanan Dinas Biasa
2174,1701,1.0,Belanja Perjalanan Dinas Biasa,Belanja Perjalanan Dinas Biasa
2174,1697,1.0,Belanja Perjalanan Dinas Biasa,Belanja Perjalanan Dinas Biasa
2175,1698,1.0,Belanja Perjalanan Dinas Biasa,Belanja Perjalanan Dinas Biasa
2175,1696,1.0,Belanja Perjalanan Dinas Biasa,Belanja Perjalanan Dinas Biasa
2175,1699,1.0,Belanja Perjalanan Dinas Biasa,Belanja Perjalanan Dinas Biasa
2175,1701,1.0,Belanja Perjalanan Dinas Biasa,Belanja Perjalanan Dinas Biasa
2175,1697,1.0,Belanja Perjalanan Dinas Biasa,Belanja Perjalanan Dinas Biasa
2176,1698,1.0,Belanja Perjalanan Dinas Biasa,Belanja Perjalanan Dinas Biasa
2176,1696,1.0,Belanja Perjalanan Dinas Biasa,Belanja Perjalanan Dinas Biasa
2176,1699,1.0,Belanja Perjalanan Dinas Biasa,Belanja Perjalanan Dinas Biasa
2176,1701,1.0,Belanja Perjalanan Dinas Biasa,Belanja Perjalanan Dinas Biasa
2176,1697,1.0,Belanja Perjalanan Dinas Biasa,Belanja Perjalanan Dinas Biasa
2177,2824,0.9859851405513484,Belanja Perjalanan Dinas Biasa - Dalam Negeri,Belanja Perjalanan Dinas Dalam Negeri
2177,2329,0.9859851405513484,Belanja Perjalanan Dinas Biasa - Dalam Negeri,Belanja Perjalanan Dinas Dalam Negeri
2177,2550,0.9859851405513484,Belanja Perjalanan Dinas Biasa - Dalam Negeri,Belanja Perjalanan Dinas Dalam Negeri
2178,1698,1.0,Belanja Perjalanan Dinas Biasa,Belanja Perjalanan Dinas Biasa
2178,1696,1.0,Belanja Perjalanan Dinas Biasa,Belanja Perjalanan Dinas Biasa
2178,1699,1.0,Belanja Perjalanan Dinas Biasa,Belanja Perjalanan Dinas Biasa
2178,1701,1.0,Belanja Perjalanan Dinas Biasa,Belanja Perjalanan Dinas Biasa
2178,1697,1.0,Belanja Perjalanan Dinas Biasa,Belanja Perjalanan Dinas Biasa
2179,1698,1.0,Belanja Perjalanan Dinas Biasa,Belanja Perjalanan Dinas Biasa
2179,1696,1.0,Belanja Perjalanan Dinas Biasa,Belanja Perjalanan Dinas Biasa
2179,1699,1.0,Belanja Perjalanan Dinas Biasa,Belanja Perjalanan Dinas Biasa
2179,1701,1.0,Belanja Perjalanan Dinas Biasa,Belanja Perjalanan Dinas Biasa
2179,1697,1.0,Belanja Perjalanan Dinas Biasa,Belanja Perjalanan Dinas Biasa
2180,1698,1.0,Belanja Perjalanan Dinas Biasa,Belanja Perjalanan Dinas Biasa
2180,1696,1.0,Belanja Perjalanan Dinas Biasa,Belanja Perjalanan Dinas Biasa
2180,1699,1.0,Belanja Perjalanan Dinas Biasa,Belanja Perjalanan Dinas Biasa
2180,1701,1.0,Belanja Perjalanan Dinas Biasa,Belanja Perjalanan Dinas Biasa
2180,1697,1.0,Belanja Perjalanan Dinas Biasa,Belanja Perjalanan Dinas Biasa
2181,1698,1.0,Belanja Perjalanan Dinas Biasa,Belanja Perjalanan Dinas Biasa
2181,1696,1.0,Belanja Perjalanan Dinas Biasa,Belanja Perjalanan Dinas Biasa
2181,1699,1.0,Belanja Perjalanan Dinas Biasa,Belanja Perjalanan Dinas Biasa
2181,1701,1.0,Belanja Perjalanan Dinas Biasa,Belanja Perjalanan Dinas Biasa
2181,1697,1.0,Belanja Perjalanan Dinas Biasa,Belanja Perjalanan Dinas Biasa
2182,1698,1.0,Belanja Perjalanan Dinas Biasa,Belanja Perjalanan Dinas Biasa
2182,1696,1.0,Belanja Perjalanan Dinas Biasa,Belanja Perjalanan Dinas Biasa
2182,1699,1.0,Belanja Perjalanan Dinas Biasa,Belanja Perjalanan Dinas Biasa
2182,1701,1.0,Belanja Perjalanan Dinas Biasa,Belanja Perjalanan Dinas Biasa
2182,1697,1.0,Belanja Perjalanan Dinas Biasa,Belanja Perjalanan Dinas Biasa
2183,1698,1.0,Belanja Perjalanan Dinas Biasa,Belanja Perjalanan Dinas Biasa
2183,1696,1.0,Belanja Perjalanan Dinas Biasa,Belanja Perjalanan Dinas Biasa
2183,1699,1.0,Belanja Perjalanan Dinas Biasa,Belanja Perjalanan Dinas Biasa
2183,1701,1.0,Belanja Perjalanan Dinas Biasa,Belanja Perjalanan Dinas Biasa
2183,1697,1.0,Belanja Perjalanan Dinas Biasa,Belanja Perjalanan Dinas Biasa
2184,1698,1.0,Belanja Perjalanan Dinas Biasa,Belanja Perjalanan Dinas Biasa
2184,1696,1.0,Belanja Perjalanan Dinas Biasa,Belanja Perjalanan Dinas Biasa
2184,1699,1.0,Belanja Perjalanan Dinas Biasa,Belanja Perjalanan Dinas Biasa
2184,1701,1.0,Belanja Perjalanan Dinas Biasa,Belanja Perjalanan Dinas Biasa
2184,1697,1.0,Belanja Perjalanan Dinas Biasa,Belanja Perjalanan Dinas Biasa
2185,1698,1.0,Belanja Perjalanan Dinas Biasa,Belanja Perjalanan Dinas Biasa
2185,1696,1.0,Belanja Perjalanan Dinas Biasa,Belanja Perjalanan Dinas Biasa
2185,1699,1.0,Belanja Perjalanan Dinas Biasa,Belanja Perjalanan Dinas Biasa
2185,1701,1.0,Belanja Perjalanan Dinas Biasa,Belanja Perjalanan Dinas Biasa
2185,1697,1.0,Belanja Perjalanan Dinas Biasa,Belanja Perjalanan Dinas Biasa
2186,1698,1.0,Belanja Perjalanan Dinas Biasa,Belanja Perjalanan Dinas Biasa
2186,1696,1.0,Belanja Perjalanan Dinas Biasa,Belanja Perjalanan Dinas Biasa
2186,1699,1.0,Belanja Perjalanan Dinas Biasa,Belanja Perjalanan Dinas Biasa
2186,1701,1.0,Belanja Perjalanan Dinas Biasa,Belanja Perjalanan Dinas Biasa
2186,1697,1.0,Belanja Perjalanan Dinas Biasa,Belanja Perjalanan Dinas Biasa
2187,1698,1.0,Belanja Perjalanan Dinas Biasa,Belanja Perjalanan Dinas Biasa
2187,1696,1.0,Belanja Perjalanan Dinas Biasa,Belanja Perjalanan Dinas Biasa
2187,1699,1.0,Belanja Perjalanan Dinas Biasa,Belanja Perjalanan Dinas Biasa
2187,1701,1.0,Belanja Perjalanan Dinas Biasa,Belanja Perjalanan Dinas Biasa
2187,1697,1.0,Belanja Perjalanan Dinas Biasa,Belanja Perjalanan Dinas Biasa
2188,1698,1.0,Belanja Perjalanan Dinas Biasa,Belanja Perjalanan Dinas Biasa
2188,1696,1.0,Belanja Perjalanan Dinas Biasa,Belanja Perjalanan Dinas Biasa
2188,1699,1.0,Belanja Perjalanan Dinas Biasa,Belanja Perjalanan Dinas Biasa
2188,1701,1.0,Belanja Perjalanan Dinas Biasa,Belanja Perjalanan Dinas Biasa
2188,1697,1.0,Belanja Perjalanan Dinas Biasa,Belanja Perjalanan Dinas Biasa
2189,1698,1.0,Belanja Perjalanan Dinas Biasa,Belanja Perjalanan Dinas Biasa
2189,1696,1.0,Belanja Perjalanan Dinas Biasa,Belanja Perjalanan Dinas Biasa
2189,1699,1.0,Belanja Perjalanan Dinas Biasa,Belanja Perjalanan Dinas Biasa
2189,1701,1.0,Belanja Perjalanan Dinas Biasa,Belanja Perjalanan Dinas Biasa
2189,1697,1.0,Belanja Perjalanan Dinas Biasa,Belanja Perjalanan Dinas Biasa
2190,1698,1.0,Belanja Perjalanan Dinas Biasa,Belanja Perjalanan Dinas Biasa
2190,1696,1.0,Belanja Perjalanan Dinas Biasa,Belanja Perjalanan Dinas Biasa
2190,1699,1.0,Belanja Perjalanan Dinas Biasa,Belanja Perjalanan Dinas Biasa
2190,1701,1.0,Belanja Perjalanan Dinas Biasa,Belanja Perjalanan Dinas Biasa
2190,1697,1.0,Belanja Perjalanan Dinas Biasa,Belanja Perjalanan Dinas Biasa
2191,1698,1.0,Belanja Perjalanan Dinas Biasa,Belanja Perjalanan Dinas Biasa
2191,1696,1.0,Belanja Perjalanan Dinas Biasa,Belanja Perjalanan Dinas Biasa
2191,1699,1.0,Belanja Perjalanan Dinas Biasa,Belanja Perjalanan Dinas Biasa
2191,1701,1.0,Belanja Perjalanan Dinas Biasa,Belanja Perjalanan Dinas Biasa
2191,1697,1.0,Belanja Perjalanan Dinas Biasa,Belanja Perjalanan Dinas Biasa
2192,1698,1.0,Belanja Perjalanan Dinas Biasa,Belanja Perjalanan Dinas Biasa
2192,1696,1.0,Belanja Perjalanan Dinas Biasa,Belanja Perjalanan Dinas Biasa
2192,1699,1.0,Belanja Perjalanan Dinas Biasa,Belanja Perjalanan Dinas Biasa
2192,1701,1.0,Belanja Perjalanan Dinas Biasa,Belanja Perjalanan Dinas Biasa
2192,1697,1.0,Belanja Perjalanan Dinas Biasa,Belanja Perjalanan Dinas Biasa
2193,1698,1.0,Belanja Perjalanan Dinas Biasa,Belanja Perjalanan Dinas Biasa
2193,1696,1.0,Belanja Perjalanan Dinas Biasa,Belanja Perjalanan Dinas Biasa
2193,1699,1.0,Belanja Perjalanan Dinas Biasa,Belanja Perjalanan Dinas Biasa
2193,1701,1.0,Belanja Perjalanan Dinas Biasa,Belanja Perjalanan Dinas Biasa
2193,1697,1.0,Belanja Perjalanan Dinas Biasa,Belanja Perjalanan Dinas Biasa
2194,1698,1.0,Belanja Perjalanan Dinas Biasa,Belanja Perjalanan Dinas Biasa
2194,1696,1.0,Belanja Perjalanan Dinas Biasa,Belanja Perjalanan Dinas Biasa
2194,1699,1.0,Belanja Perjalanan Dinas Biasa,Belanja Perjalanan Dinas Biasa
2194,1701,1.0,Belanja Perjalanan Dinas Biasa,Belanja Perjalanan Dinas Biasa
2194,1697,1.0,Belanja Perjalanan Dinas Biasa,Belanja Perjalanan Dinas Biasa
2195,1698,1.0,Belanja Perjalanan Dinas Biasa,Belanja Perjalanan Dinas Biasa
2195,1696,1.0,Belanja Perjalanan Dinas Biasa,Belanja Perjalanan Dinas Biasa
2195,1699,1.0,Belanja Perjalanan Dinas Biasa,Belanja Perjalanan Dinas Biasa
2195,1701,1.0,Belanja Perjalanan Dinas Biasa,Belanja Perjalanan Dinas Biasa
2195,1697,1.0,Belanja Perjalanan Dinas Biasa,Belanja Perjalanan Dinas Biasa
2196,1698,1.0,Belanja Perjalanan Dinas Biasa,Belanja Perjalanan Dinas Biasa
2196,1696,1.0,Belanja Perjalanan Dinas Biasa,Belanja Perjalanan Dinas Biasa
2196,1699,1.0,Belanja Perjalanan Dinas Biasa,Belanja Perjalanan Dinas Biasa
2196,1701,1.0,Belanja Perjalanan Dinas Biasa,Belanja Perjalanan Dinas Biasa
2196,1697,1.0,Belanja Perjalanan Dinas Biasa,Belanja Perjalanan Dinas Biasa
2197,1698,1.0,Belanja Perjalanan Dinas Biasa,Belanja Perjalanan Dinas Biasa
2197,1696,1.0,Belanja Perjalanan Dinas Biasa,Belanja Perjalanan Dinas Biasa
2197,1699,1.0,Belanja Perjalanan Dinas Biasa,Belanja Perjalanan Dinas Biasa
2197,1701,1.0,Belanja Perjalanan Dinas Biasa,Belanja Perjalanan Dinas Biasa
2197,1697,1.0,Belanja Perjalanan Dinas Biasa,Belanja Perjalanan Dinas Biasa
2198,1698,1.0,Belanja Perjalanan Dinas Biasa,Belanja Perjalanan Dinas Biasa
2198,1696,1.0,Belanja Perjalanan Dinas Biasa,Belanja Perjalanan Dinas Biasa
2198,1699,1.0,Belanja Perjalanan Dinas Biasa,Belanja Perjalanan Dinas Biasa
2198,1701,1.0,Belanja Perjalanan Dinas Biasa,Belanja Perjalanan Dinas Biasa
2198,1697,1.0,Belanja Perjalanan Dinas Biasa,Belanja Perjalanan Dinas Biasa
2199,1698,1.0,Belanja Perjalanan Dinas Biasa,Belanja Perjalanan Dinas Biasa
2199,1696,1.0,Belanja Perjalanan Dinas Biasa,Belanja Perjalanan Dinas Biasa
2199,1699,1.0,Belanja Perjalanan Dinas Biasa,Belanja Perjalanan Dinas Biasa
2199,1701,1.0,Belanja Perjalanan Dinas Biasa,Belanja Perjalanan Dinas Biasa
2199,1697,1.0,Belanja Perjalanan Dinas Biasa,Belanja Perjalanan Dinas Biasa
2200,1698,1.0,Belanja Perjalanan Dinas Biasa,Belanja Perjalanan Dinas Biasa
2200,1696,1.0,Belanja Perjalanan Dinas Biasa,Belanja Perjalanan Dinas Biasa
2200,1699,1.0,Belanja Perjalanan Dinas Biasa,Belanja Perjalanan Dinas Biasa
2200,1701,1.0,Belanja Perjalanan Dinas Biasa,Belanja Perjalanan Dinas Biasa
2200,1697,1.0,Belanja Perjalanan Dinas Biasa,Belanja Perjalanan Dinas Biasa
2201,1698,1.0,Belanja Perjalanan Dinas Biasa,Belanja Perjalanan Dinas Biasa
2201,1696,1.0,Belanja Perjalanan Dinas Biasa,Belanja Perjalanan Dinas Biasa
2201,1699,1.0,Belanja Perjalanan Dinas Biasa,Belanja Perjalanan Dinas Biasa
2201,1701,1.0,Belanja Perjalanan Dinas Biasa,Belanja Perjalanan Dinas Biasa
2201,1697,1.0,Belanja Perjalanan Dinas Biasa,Belanja Perjalanan Dinas Biasa
2202,1698,1.0,Belanja Perjalanan Dinas Biasa,Belanja Perjalanan Dinas Biasa
2202,1696,1.0,Belanja Perjalanan Dinas Biasa,Belanja Perjalanan Dinas Biasa
2202,1699,1.0,Belanja Perjalanan Dinas Biasa,Belanja Perjalanan Dinas Biasa
2202,1701,1.0,Belanja Perjalanan Dinas Biasa,Belanja Perjalanan Dinas Biasa
2202,1697,1.0,Belanja Perjalanan Dinas Biasa,Belanja Perjalanan Dinas Biasa
2203,1698,1.0,Belanja Perjalanan Dinas Biasa,Belanja Perjalanan Dinas Biasa
2203,1696,1.0,Belanja Perjalanan Dinas Biasa,Belanja Perjalanan Dinas Biasa
2203,1699,1.0,Belanja Perjalanan Dinas Biasa,Belanja Perjalanan Dinas Biasa
2203,1701,1.0,Belanja Perjalanan Dinas Biasa,Belanja Perjalanan Dinas Biasa
2203,1697,1.0,Belanja Perjalanan Dinas Biasa,Belanja Perjalanan Dinas Biasa
2204,1698,1.0,Belanja Perjalanan Dinas Biasa,Belanja Perjalanan Dinas Biasa
2204,1696,1.0,Belanja Perjalanan Dinas Biasa,Belanja Perjalanan Dinas Biasa
2204,1699,1.0,Belanja Perjalanan Dinas Biasa,Belanja Perjalanan Dinas Biasa
2204,1701,1.0,Belanja Perjalanan Dinas Biasa,Belanja Perjalanan Dinas Biasa
2204,1697,1.0,Belanja Perjalanan Dinas Biasa,Belanja Perjalanan Dinas Biasa
2205,1698,1.0,Belanja Perjalanan Dinas Biasa,Belanja Perjalanan Dinas Biasa
2205,1696,1.0,Belanja Perjalanan Dinas Biasa,Belanja Perjalanan Dinas Biasa
2205,1699,1.0,Belanja Perjalanan Dinas Biasa,Belanja Perjalanan Dinas Biasa
2205,1701,1.0,Belanja Perjalanan Dinas Biasa,Belanja Perjalanan Dinas Biasa
2205,1697,1.0,Belanja Perjalanan Dinas Biasa,Belanja Perjalanan Dinas Biasa
2206,2973,0.905839169972434,Satuan Biaya Tiket Pesawat Udara Perjalanan Dinas Dalam Negeri Pergi Pulang (PP) - Ekonomi - Jakarta ke Medan,Satuan Biaya Tiket Pesawat Udara Perjalanan Dinas Dalam Negeri Pergi Pulang (PP) - Ekonomi - Jakarta ke Gorontalo
2208,1698,1.0,Belanja Perjalanan Dinas Biasa,Belanja Perjalanan Dinas Biasa
2208,1696,1.0,Belanja Perjalanan Dinas Biasa,Belanja Perjalanan Dinas Biasa
2208,1699,1.0,Belanja Perjalanan Dinas Biasa,Belanja Perjalanan Dinas Biasa
2208,1701,1.0,Belanja Perjalanan Dinas Biasa,Belanja Perjalanan Dinas Biasa
2208,1697,1.0,Belanja Perjalanan Dinas Biasa,Belanja Perjalanan Dinas Biasa
2209,2324,1.0,Belanja Perjalanan Dinas Biasa (Bidang HMB),Belanja Perjalanan Dinas Biasa (Bidang HMB)
2209,2919,1.0,Belanja Perjalanan Dinas Biasa (Bidang HMB),Belanja Perjalanan Dinas Biasa (Bidang HMB)
2209,2974,1.0,Belanja Perjalanan Dinas Biasa (Bidang HMB),Belanja Perjalanan Dinas Biasa (Bidang HMB)
2209,2375,1.0,Belanja Perjalanan Dinas Biasa (Bidang HMB),Belanja Perjalanan Dinas Biasa (Bidang HMB)
2210,2371,1.0,Belanja Perjalanan Dinas Biasa (Cabang Dinas I),Belanja Perjalanan Dinas Biasa (Cabang Dinas V)
2210,2989,1.0,Belanja Perjalanan Dinas Biasa (Cabang Dinas I),Belanja Perjalanan Dinas Biasa (Cabang Dinas V)
2210,2370,1.0,Belanja Perjalanan Dinas Biasa (Cabang Dinas I),Belanja Perjalanan Dinas Biasa (Cabang Dinas V)
2210,2922,1.0,Belanja Perjalanan Dinas Biasa (Cabang Dinas I),Belanja Perjalanan Dinas Biasa (Cabang Dinas I)
2212,1698,1.0,Belanja Perjalanan Dinas Biasa,Belanja Perjalanan Dinas Biasa
2212,1696,1.0,Belanja Perjalanan Dinas Biasa,Belanja Perjalanan Dinas Biasa
2212,1699,1.0,Belanja Perjalanan Dinas Biasa,Belanja Perjalanan Dinas Biasa
2212,1701,1.0,Belanja Perjalanan Dinas Biasa,Belanja Perjalanan Dinas Biasa
2212,1697,1.0,Belanja Perjalanan Dinas Biasa,Belanja Perjalanan Dinas Biasa
2213,2474,1.0,Belanja Perjalanan Dinas Biasa (Cabang Dinas IV),Belanja Perjalanan Dinas Biasa (Cabang Dinas IV)
2213,2214,1.0,Belanja Perjalanan Dinas Biasa (Cabang Dinas IV),Belanja Perjalanan Dinas Biasa (Cabang Dinas IV)
2214,2474,1.0,Belanja Perjalanan Dinas Biasa (Cabang Dinas IV),Belanja Perjalanan Dinas Biasa (Cabang Dinas IV)
2215,1698,1.0,Belanja Perjalanan Dinas Biasa,Belanja Perjalanan Dinas Biasa
2215,1696,1.0,Belanja Perjalanan Dinas Biasa,Belanja Perjalanan Dinas Biasa
2215,1699,1.0,Belanja Perjalanan Dinas Biasa,Belanja Perjalanan Dinas Biasa
2215,1701,1.0,Belanja Perjalanan Dinas Biasa,Belanja Perjalanan Dinas Biasa
2215,1697,1.0,Belanja Perjalanan Dinas Biasa,Belanja Perjalanan Dinas Biasa
2217,1698,1.0,Belanja Perjalanan Dinas Biasa,Belanja Perjalanan Dinas Biasa
2217,1696,1.0,Belanja Perjalanan Dinas Biasa,Belanja Perjalanan Dinas Biasa
2217,1699,1.0,Belanja Perjalanan Dinas Biasa,Belanja Perjalanan Dinas Biasa
2217,1701,1.0,Belanja Perjalanan Dinas Biasa,Belanja Perjalanan Dinas Biasa
2217,1697,1.0,Belanja Perjalanan Dinas Biasa,Belanja Perjalanan Dinas Biasa
2218,2938,1.0,Belanja Perjalanan Dinas Paket Meeting Dalam Kota,Belanja Perjalanan Dinas Paket Meeting Dalam Kota
2218,1128,1.0,Belanja Perjalanan Dinas Paket Meeting Dalam Kota,Belanja Perjalanan Dinas Paket Meeting Dalam Kota
2218,2555,1.0,Belanja Perjalanan Dinas Paket Meeting Dalam Kota,Belanja Perjalanan Dinas Paket Meeting Dalam Kota
2218,2532,1.0,Belanja Perjalanan Dinas Paket Meeting Dalam Kota,Belanja Perjalanan Dinas Paket Meeting Dalam Kota
2218,2278,1.0,Belanja Perjalanan Dinas Paket Meeting Dalam Kota,Belanja Perjalanan Dinas Paket Meeting Dalam Kota
2220,1698,1.0,Belanja Perjalanan Dinas Biasa,Belanja Perjalanan Dinas Biasa
2220,1696,1.0,Belanja Perjalanan Dinas Biasa,Belanja Perjalanan Dinas Biasa
2220,1699,1.0,Belanja Perjalanan Dinas Biasa,Belanja Perjalanan Dinas Biasa
2220,1701,1.0,Belanja Perjalanan Dinas Biasa,Belanja Perjalanan Dinas Biasa
2220,1697,1.0,Belanja Perjalanan Dinas Biasa,Belanja Perjalanan Dinas Biasa
2221,2938,1.0,Belanja Perjalanan Dinas Paket Meeting Dalam Kota,Belanja Perjalanan Dinas Paket Meeting Dalam Kota
2221,1128,1.0,Belanja Perjalanan Dinas Paket Meeting Dalam Kota,Belanja Perjalanan Dinas Paket Meeting Dalam Kota
2221,2555,1.0,Belanja Perjalanan Dinas Paket Meeting Dalam Kota,Belanja Perjalanan Dinas Paket Meeting Dalam Kota
2221,2532,1.0,Belanja Perjalanan Dinas Paket Meeting Dalam Kota,Belanja Perjalanan Dinas Paket Meeting Dalam Kota
2221,2278,1.0,Belanja Perjalanan Dinas Paket Meeting Dalam Kota,Belanja Perjalanan Dinas Paket Meeting Dalam Kota
2224,1698,1.0,Belanja Perjalanan Dinas Biasa,Belanja Perjalanan Dinas Biasa
2224,1696,1.0,Belanja Perjalanan Dinas Biasa,Belanja Perjalanan Dinas Biasa
2224,1699,1.0,Belanja Perjalanan Dinas Biasa,Belanja Perjalanan Dinas Biasa
2224,1701,1.0,Belanja Perjalanan Dinas Biasa,Belanja Perjalanan Dinas Biasa
2224,1697,1.0,Belanja Perjalanan Dinas Biasa,Belanja Perjalanan Dinas Biasa
2225,2938,1.0,Belanja Perjalanan Dinas Paket Meeting Dalam Kota,Belanja Perjalanan Dinas Paket Meeting Dalam Kota
2225,1128,1.0,Belanja Perjalanan Dinas Paket Meeting Dalam Kota,Belanja Perjalanan Dinas Paket Meeting Dalam Kota
2225,2555,1.0,Belanja Perjalanan Dinas Paket Meeting Dalam Kota,Belanja Perjalanan Dinas Paket Meeting Dalam Kota
2225,2532,1.0,Belanja Perjalanan Dinas Paket Meeting Dalam Kota,Belanja Perjalanan Dinas Paket Meeting Dalam Kota
2225,2278,1.0,Belanja Perjalanan Dinas Paket Meeting Dalam Kota,Belanja Perjalanan Dinas Paket Meeting Dalam Kota
2226,2979,0.8835553026088807,Belanja Perjalanan Dinas Biasa Pengelolaan Sarana dan Prasarana Spiritual,Belanja Perjalanan Dinas Biasa Luar Negeri Pengelolaan Sarana dan Prasarana Spiritual
2228,2938,1.0,Belanja Perjalanan Dinas Paket Meeting Dalam Kota,Belanja Perjalanan Dinas Paket Meeting Dalam Kota
2228,1128,1.0,Belanja Perjalanan Dinas Paket Meeting Dalam Kota,Belanja Perjalanan Dinas Paket Meeting Dalam Kota
2228,2555,1.0,Belanja Perjalanan Dinas Paket Meeting Dalam Kota,Belanja Perjalanan Dinas Paket Meeting Dalam Kota
2228,2532,1.0,Belanja Perjalanan Dinas Paket Meeting Dalam Kota,Belanja Perjalanan Dinas Paket Meeting Dalam Kota
2228,2278,1.0,Belanja Perjalanan Dinas Paket Meeting Dalam Kota,Belanja Perjalanan Dinas Paket Meeting Dalam Kota
2229,2388,0.8174187937311364,Belanja Perjalanan Dinas Dalam Kota Fasilitasi Kelembagaan Bina Spiritual,Belanja Perjalanan Dinas Biasa Luar Negeri Fasilitasi Kelembagaan Bina Spiritual
2230,1698,1.0,Belanja Perjalanan Dinas Biasa,Belanja Perjalanan Dinas Biasa
2230,1696,1.0,Belanja Perjalanan Dinas Biasa,Belanja Perjalanan Dinas Biasa
2230,1699,1.0,Belanja Perjalanan Dinas Biasa,Belanja Perjalanan Dinas Biasa
2230,1701,1.0,Belanja Perjalanan Dinas Biasa,Belanja Perjalanan Dinas Biasa
2230,1697,1.0,Belanja Perjalanan Dinas Biasa,Belanja Perjalanan Dinas Biasa
2231,1145,1.0,Belanja Perjalanan Dinas Dalam Kota,Belanja Perjalanan Dinas Dalam Kota
2231,1147,1.0,Belanja Perjalanan Dinas Dalam Kota,Belanja Perjalanan Dinas Dalam Kota
2231,1144,1.0,Belanja Perjalanan Dinas Dalam Kota,Belanja Perjalanan Dinas Dalam Kota
2231,1141,1.0,Belanja Perjalanan Dinas Dalam Kota,Belanja Perjalanan Dinas Dalam Kota
2231,1148,1.0,Belanja Perjalanan Dinas Dalam Kota,Belanja Perjalanan Dinas Dalam Kota
2232,1698,1.0,Belanja Perjalanan Dinas Biasa,Belanja Perjalanan Dinas Biasa
2232,1696,1.0,Belanja Perjalanan Dinas Biasa,Belanja Perjalanan Dinas Biasa
2232,1699,1.0,Belanja Perjalanan Dinas Biasa,Belanja Perjalanan Dinas Biasa
2232,1701,1.0,Belanja Perjalanan Dinas Biasa,Belanja Perjalanan Dinas Biasa
2232,1697,1.0,Belanja Perjalanan Dinas Biasa,Belanja Perjalanan Dinas Biasa
2234,1698,1.0,Belanja Perjalanan Dinas Biasa,Belanja Perjalanan Dinas Biasa
2234,1696,1.0,Belanja Perjalanan Dinas Biasa,Belanja Perjalanan Dinas Biasa
2234,1699,1.0,Belanja Perjalanan Dinas Biasa,Belanja Perjalanan Dinas Biasa
2234,1701,1.0,Belanja Perjalanan Dinas Biasa,Belanja Perjalanan Dinas Biasa
2234,1697,1.0,Belanja Perjalanan Dinas Biasa,Belanja Perjalanan Dinas Biasa
2235,1698,1.0,Belanja Perjalanan Dinas Biasa,Belanja Perjalanan Dinas Biasa
2235,1696,1.0,Belanja Perjalanan Dinas Biasa,Belanja Perjalanan Dinas Biasa
2235,1699,1.0,Belanja Perjalanan Dinas Biasa,Belanja Perjalanan Dinas Biasa
2235,1701,1.0,Belanja Perjalanan Dinas Biasa,Belanja Perjalanan Dinas Biasa
2235,1697,1.0,Belanja Perjalanan Dinas Biasa,Belanja Perjalanan Dinas Biasa
2238,2800,1.0,Belanja Perjalanan Dinas,Belanja Perjalanan Dinas
2238,2652,1.0,Belanja Perjalanan Dinas,Belanja Perjalanan Dinas
2238,2840,1.0,Belanja Perjalanan Dinas,Belanja Perjalanan Dinas
2238,2651,1.0,Belanja Perjalanan Dinas,Belanja Perjalanan Dinas
2239,1698,1.0,Belanja Perjalanan Dinas Biasa,Belanja Perjalanan Dinas Biasa
2239,1696,1.0,Belanja Perjalanan Dinas Biasa,Belanja Perjalanan Dinas Biasa
2239,1699,1.0,Belanja Perjalanan Dinas Biasa,Belanja Perjalanan Dinas Biasa
2239,1701,1.0,Belanja Perjalanan Dinas Biasa,Belanja Perjalanan Dinas Biasa
2239,1697,1.0,Belanja Perjalanan Dinas Biasa,Belanja Perjalanan Dinas Biasa
2240,1698,1.0,Belanja Perjalanan Dinas Biasa,Belanja Perjalanan Dinas Biasa
2240,1696,1.0,Belanja Perjalanan Dinas Biasa,Belanja Perjalanan Dinas Biasa
2240,1699,1.0,Belanja Perjalanan Dinas Biasa,Belanja Perjalanan Dinas Biasa
2240,1701,1.0,Belanja Perjalanan Dinas Biasa,Belanja Perjalanan Dinas Biasa
2240,1697,1.0,Belanja Perjalanan Dinas Biasa,Belanja Perjalanan Dinas Biasa
2241,1698,1.0,Belanja Perjalanan Dinas Biasa,Belanja Perjalanan Dinas Biasa
2241,1696,1.0,Belanja Perjalanan Dinas Biasa,Belanja Perjalanan Dinas Biasa
2241,1699,1.0,Belanja Perjalanan Dinas Biasa,Belanja Perjalanan Dinas Biasa
2241,1701,1.0,Belanja Perjalanan Dinas Biasa,Belanja Perjalanan Dinas Biasa
2241,1697,1.0,Belanja Perjalanan Dinas Biasa,Belanja Perjalanan Dinas Biasa
2242,2409,0.8346868596438012,Belanja Perjalanan Dinas Biasa - Koordinasi Penyusunan Dokumen RKA-SKPD,Belanja Perjalanan Dinas Biasa - Koordinasi Penyusunan Dokumen Perubahan RKA-SKPD
2245,1341,0.8533623196964167,Belanja Perjalanan Dinas Biasa - pada kegiatan Rapat Koordinasi dan Konsultasi SKPD,Belanja Perjalanan Dinas Biasa #Rapat Koordinasi dan Konsultasi SKPD
2245,2888,0.8533623196964167,Belanja Perjalanan Dinas Biasa - pada kegiatan Rapat Koordinasi dan Konsultasi SKPD,Belanja Perjalanan Dinas Biasa (Rapat Koordinasi dan Konsultasi SKPD)
2251,1698,1.0,Belanja Perjalanan Dinas Biasa,Belanja Perjalanan Dinas Biasa
2251,1696,1.0,Belanja Perjalanan Dinas Biasa,Belanja Perjalanan Dinas Biasa
2251,1699,1.0,Belanja Perjalanan Dinas Biasa,Belanja Perjalanan Dinas Biasa
2251,1701,1.0,Belanja Perjalanan Dinas Biasa,Belanja Perjalanan Dinas Biasa
2251,1697,1.0,Belanja Perjalanan Dinas Biasa,Belanja Perjalanan Dinas Biasa
2252,2421,0.9811812444432026,Belanja Perjalanan Dinas Dalam Kota sub kegiatan Sosialisasi Budaya Baca dan Literasi pada Satuan Pendidikan Tingkat Menengah dan Pendidikan Khusus serta Masyarakat,Belanja Perjalanan Dinas Biasa sub kegiatan Sosialisasi Budaya Baca dan Literasi pada Satuan Pendidikan Tingkat Menengah dan Pendidikan Khusus serta Masyarakat
2253,1698,1.0,Belanja Perjalanan Dinas Biasa,Belanja Perjalanan Dinas Biasa
2253,1696,1.0,Belanja Perjalanan Dinas Biasa,Belanja Perjalanan Dinas Biasa
2253,1699,1.0,Belanja Perjalanan Dinas Biasa,Belanja Perjalanan Dinas Biasa
2253,1701,1.0,Belanja Perjalanan Dinas Biasa,Belanja Perjalanan Dinas Biasa
2253,1697,1.0,Belanja Perjalanan Dinas Biasa,Belanja Perjalanan Dinas Biasa
2254,1698,1.0,Belanja Perjalanan Dinas Biasa,Belanja Perjalanan Dinas Biasa
2254,1696,1.0,Belanja Perjalanan Dinas Biasa,Belanja Perjalanan Dinas Biasa
2254,1699,1.0,Belanja Perjalanan Dinas Biasa,Belanja Perjalanan Dinas Biasa
2254,1701,1.0,Belanja Perjalanan Dinas Biasa,Belanja Perjalanan Dinas Biasa
2254,1697,1.0,Belanja Perjalanan Dinas Biasa,Belanja Perjalanan Dinas Biasa
2255,2256,0.9545332007080218,"Belanja Perjalanan Dinas Biasa - Pengawasan, Pemeriksaan dan Tindak Lanjut Kesehatan Koperasi","Belanja Perjalanan Dinas Dalam Kota - Pengawasan, Pemeriksaan dan Tindak Lanjut Kesehatan Koperasi"
2257,1698,1.0,Belanja Perjalanan Dinas Biasa,Belanja Perjalanan Dinas Biasa
2257,1696,1.0,Belanja Perjalanan Dinas Biasa,Belanja Perjalanan Dinas Biasa
2257,1699,1.0,Belanja Perjalanan Dinas Biasa,Belanja Perjalanan Dinas Biasa
2257,1701,1.0,Belanja Perjalanan Dinas Biasa,Belanja Perjalanan Dinas Biasa
2257,1697,1.0,Belanja Perjalanan Dinas Biasa,Belanja Perjalanan Dinas Biasa
2259,1698,1.0,Belanja Perjalanan Dinas Biasa,Belanja Perjalanan Dinas Biasa
2259,1696,1.0,Belanja Perjalanan Dinas Biasa,Belanja Perjalanan Dinas Biasa
2259,1699,1.0,Belanja Perjalanan Dinas Biasa,Belanja Perjalanan Dinas Biasa
2259,1701,1.0,Belanja Perjalanan Dinas Biasa,Belanja Perjalanan Dinas Biasa
2259,1697,1.0,Belanja Perjalanan Dinas Biasa,Belanja Perjalanan Dinas Biasa
2262,1698,1.0,Belanja Perjalanan Dinas Biasa,Belanja Perjalanan Dinas Biasa
2262,1696,1.0,Belanja Perjalanan Dinas Biasa,Belanja Perjalanan Dinas Biasa
2262,1699,1.0,Belanja Perjalanan Dinas Biasa,Belanja Perjalanan Dinas Biasa
2262,1701,1.0,Belanja Perjalanan Dinas Biasa,Belanja Perjalanan Dinas Biasa
2262,1697,1.0,Belanja Perjalanan Dinas Biasa,Belanja Perjalanan Dinas Biasa
2264,2972,1.0,"Biaya Penginapan Perjalanan Dinas Dalam Negeri - Pejabat Eselon IV/ Golongan III, II Dan I -  Sumatera Utara","Biaya Penginapan Perjalanan Dinas Dalam Negeri - Pejabat Eselon IV/ Golongan III, II Dan I -  Sumatera Utara"
2264,2468,1.0,"Biaya Penginapan Perjalanan Dinas Dalam Negeri - Pejabat Eselon IV/ Golongan III, II Dan I -  Sumatera Utara","Biaya Penginapan Perjalanan Dinas Dalam Negeri - Pejabat Eselon IV/ Golongan III, II Dan I -  Sumatera Utara"
2264,2321,1.0,"Biaya Penginapan Perjalanan Dinas Dalam Negeri - Pejabat Eselon IV/ Golongan III, II Dan I -  Sumatera Utara","Biaya Penginapan Perjalanan Dinas Dalam Negeri - Pejabat Eselon IV/ Golongan III, II Dan I -  Sumatera Utara"
2265,1698,1.0,Belanja Perjalanan Dinas Biasa,Belanja Perjalanan Dinas Biasa
2265,1696,1.0,Belanja Perjalanan Dinas Biasa,Belanja Perjalanan Dinas Biasa
2265,1699,1.0,Belanja Perjalanan Dinas Biasa,Belanja Perjalanan Dinas Biasa
2265,1701,1.0,Belanja Perjalanan Dinas Biasa,Belanja Perjalanan Dinas Biasa
2265,1697,1.0,Belanja Perjalanan Dinas Biasa,Belanja Perjalanan Dinas Biasa
2266,2938,1.0,Belanja Perjalanan Dinas Paket Meeting Dalam Kota,Belanja Perjalanan Dinas Paket Meeting Dalam Kota
2266,1128,1.0,Belanja Perjalanan Dinas Paket Meeting Dalam Kota,Belanja Perjalanan Dinas Paket Meeting Dalam Kota
2266,2555,1.0,Belanja Perjalanan Dinas Paket Meeting Dalam Kota,Belanja Perjalanan Dinas Paket Meeting Dalam Kota
2266,2532,1.0,Belanja Perjalanan Dinas Paket Meeting Dalam Kota,Belanja Perjalanan Dinas Paket Meeting Dalam Kota
2266,2278,1.0,Belanja Perjalanan Dinas Paket Meeting Dalam Kota,Belanja Perjalanan Dinas Paket Meeting Dalam Kota
2268,1698,1.0,Belanja Perjalanan Dinas Biasa,Belanja Perjalanan Dinas Biasa
2268,1696,1.0,Belanja Perjalanan Dinas Biasa,Belanja Perjalanan Dinas Biasa
2268,1699,1.0,Belanja Perjalanan Dinas Biasa,Belanja Perjalanan Dinas Biasa
2268,1701,1.0,Belanja Perjalanan Dinas Biasa,Belanja Perjalanan Dinas Biasa
2268,1697,1.0,Belanja Perjalanan Dinas Biasa,Belanja Perjalanan Dinas Biasa
2270,1698,1.0,Belanja Perjalanan Dinas Biasa,Belanja Perjalanan Dinas Biasa
2270,1696,1.0,Belanja Perjalanan Dinas Biasa,Belanja Perjalanan Dinas Biasa
2270,1699,1.0,Belanja Perjalanan Dinas Biasa,Belanja Perjalanan Dinas Biasa
2270,1701,1.0,Belanja Perjalanan Dinas Biasa,Belanja Perjalanan Dinas Biasa
2270,1697,1.0,Belanja Perjalanan Dinas Biasa,Belanja Perjalanan Dinas Biasa
2271,1698,1.0,Belanja Perjalanan Dinas Biasa,Belanja Perjalanan Dinas Biasa
2271,1696,1.0,Belanja Perjalanan Dinas Biasa,Belanja Perjalanan Dinas Biasa
2271,1699,1.0,Belanja Perjalanan Dinas Biasa,Belanja Perjalanan Dinas Biasa
2271,1701,1.0,Belanja Perjalanan Dinas Biasa,Belanja Perjalanan Dinas Biasa
2271,1697,1.0,Belanja Perjalanan Dinas Biasa,Belanja Perjalanan Dinas Biasa
2272,1698,1.0,Belanja Perjalanan Dinas Biasa,Belanja Perjalanan Dinas Biasa
2272,1696,1.0,Belanja Perjalanan Dinas Biasa,Belanja Perjalanan Dinas Biasa
2272,1699,1.0,Belanja Perjalanan Dinas Biasa,Belanja Perjalanan Dinas Biasa
2272,1701,1.0,Belanja Perjalanan Dinas Biasa,Belanja Perjalanan Dinas Biasa
2272,1697,1.0,Belanja Perjalanan Dinas Biasa,Belanja Perjalanan Dinas Biasa
2273,2470,1.0,Perjalanan Dinas Biasa,Perjalanan Dinas Biasa
2273,2340,1.0,Perjalanan Dinas Biasa,Perjalanan Dinas Biasa
2273,2932,1.0,Perjalanan Dinas Biasa,Perjalanan Dinas Biasa
2273,2672,1.0,Perjalanan Dinas Biasa,Perjalanan Dinas Biasa
2274,2938,1.0,Belanja Perjalanan Dinas Paket Meeting Dalam Kota,Belanja Perjalanan Dinas Paket Meeting Dalam Kota
2274,1128,1.0,Belanja Perjalanan Dinas Paket Meeting Dalam Kota,Belanja Perjalanan Dinas Paket Meeting Dalam Kota
2274,2555,1.0,Belanja Perjalanan Dinas Paket Meeting Dalam Kota,Belanja Perjalanan Dinas Paket Meeting Dalam Kota
2274,2532,1.0,Belanja Perjalanan Dinas Paket Meeting Dalam Kota,Belanja Perjalanan Dinas Paket Meeting Dalam Kota
2274,2278,1.0,Belanja Perjalanan Dinas Paket Meeting Dalam Kota,Belanja Perjalanan Dinas Paket Meeting Dalam Kota
2275,1698,1.0,Belanja Perjalanan Dinas Biasa,Belanja Perjalanan Dinas Biasa
2275,1696,1.0,Belanja Perjalanan Dinas Biasa,Belanja Perjalanan Dinas Biasa
2275,1699,1.0,Belanja Perjalanan Dinas Biasa,Belanja Perjalanan Dinas Biasa
2275,1701,1.0,Belanja Perjalanan Dinas Biasa,Belanja Perjalanan Dinas Biasa
2275,1697,1.0,Belanja Perjalanan Dinas Biasa,Belanja Perjalanan Dinas Biasa
2277,2330,0.9711350664455236,Belanja Perjalanan Dinas Dalam Kota - Sumut digital market dan galeri virtual produk UMKM kreatif,Belanja Perjalanan Dinas Biasa - Sumut digital market dan galeri virtual produk UMKM kreatif
2278,2938,1.0,Belanja Perjalanan Dinas Paket Meeting Dalam Kota,Belanja Perjalanan Dinas Paket Meeting Dalam Kota
2278,2555,1.0,Belanja Perjalanan Dinas Paket Meeting Dalam Kota,Belanja Perjalanan Dinas Paket Meeting Dalam Kota
2278,2532,1.0,Belanja Perjalanan Dinas Paket Meeting Dalam Kota,Belanja Perjalanan Dinas Paket Meeting Dalam Kota
2279,1698,1.0,Belanja Perjalanan Dinas Biasa,Belanja Perjalanan Dinas Biasa
2279,1696,1.0,Belanja Perjalanan Dinas Biasa,Belanja Perjalanan Dinas Biasa
2279,1699,1.0,Belanja Perjalanan Dinas Biasa,Belanja Perjalanan Dinas Biasa
2279,1701,1.0,Belanja Perjalanan Dinas Biasa,Belanja Perjalanan Dinas Biasa
2279,1697,1.0,Belanja Perjalanan Dinas Biasa,Belanja Perjalanan Dinas Biasa
2280,1698,1.0,Belanja Perjalanan Dinas Biasa,Belanja Perjalanan Dinas Biasa
2280,1696,1.0,Belanja Perjalanan Dinas Biasa,Belanja Perjalanan Dinas Biasa
2280,1699,1.0,Belanja Perjalanan Dinas Biasa,Belanja Perjalanan Dinas Biasa
2280,1701,1.0,Belanja Perjalanan Dinas Biasa,Belanja Perjalanan Dinas Biasa
2280,1697,1.0,Belanja Perjalanan Dinas Biasa,Belanja Perjalanan Dinas Biasa
2281,1698,1.0,Belanja Perjalanan Dinas Biasa,Belanja Perjalanan Dinas Biasa
2281,1696,1.0,Belanja Perjalanan Dinas Biasa,Belanja Perjalanan Dinas Biasa
2281,1699,1.0,Belanja Perjalanan Dinas Biasa,Belanja Perjalanan Dinas Biasa
2281,1701,1.0,Belanja Perjalanan Dinas Biasa,Belanja Perjalanan Dinas Biasa
2281,1697,1.0,Belanja Perjalanan Dinas Biasa,Belanja Perjalanan Dinas Biasa
2282,1698,1.0,Belanja Perjalanan Dinas Biasa,Belanja Perjalanan Dinas Biasa
2282,1696,1.0,Belanja Perjalanan Dinas Biasa,Belanja Perjalanan Dinas Biasa
2282,1699,1.0,Belanja Perjalanan Dinas Biasa,Belanja Perjalanan Dinas Biasa
2282,1701,1.0,Belanja Perjalanan Dinas Biasa,Belanja Perjalanan Dinas Biasa
2282,1697,1.0,Belanja Perjalanan Dinas Biasa,Belanja Perjalanan Dinas Biasa
2284,1698,1.0,Belanja Perjalanan Dinas Biasa,Belanja Perjalanan Dinas Biasa
2284,1696,1.0,Belanja Perjalanan Dinas Biasa,Belanja Perjalanan Dinas Biasa
2284,1699,1.0,Belanja Perjalanan Dinas Biasa,Belanja Perjalanan Dinas Biasa
2284,1701,1.0,Belanja Perjalanan Dinas Biasa,Belanja Perjalanan Dinas Biasa
2284,1697,1.0,Belanja Perjalanan Dinas Biasa,Belanja Perjalanan Dinas Biasa
2286,1698,1.0,Belanja Perjalanan Dinas Biasa,Belanja Perjalanan Dinas Biasa
2286,1696,1.0,Belanja Perjalanan Dinas Biasa,Belanja Perjalanan Dinas Biasa
2286,1699,1.0,Belanja Perjalanan Dinas Biasa,Belanja Perjalanan Dinas Biasa
2286,1701,1.0,Belanja Perjalanan Dinas Biasa,Belanja Perjalanan Dinas Biasa
2286,1697,1.0,Belanja Perjalanan Dinas Biasa,Belanja Perjalanan Dinas Biasa
2287,1698,1.0,Belanja Perjalanan Dinas Biasa,Belanja Perjalanan Dinas Biasa
2287,1696,1.0,Belanja Perjalanan Dinas Biasa,Belanja Perjalanan Dinas Biasa
2287,1699,1.0,Belanja Perjalanan Dinas Biasa,Belanja Perjalanan Dinas Biasa
2287,1701,1.0,Belanja Perjalanan Dinas Biasa,Belanja Perjalanan Dinas Biasa
2287,1697,1.0,Belanja Perjalanan Dinas Biasa,Belanja Perjalanan Dinas Biasa
2291,1698,1.0,Belanja Perjalanan Dinas Biasa,Belanja Perjalanan Dinas Biasa
2291,1696,1.0,Belanja Perjalanan Dinas Biasa,Belanja Perjalanan Dinas Biasa
2291,1699,1.0,Belanja Perjalanan Dinas Biasa,Belanja Perjalanan Dinas Biasa
2291,1701,1.0,Belanja Perjalanan Dinas Biasa,Belanja Perjalanan Dinas Biasa
2291,1697,1.0,Belanja Perjalanan Dinas Biasa,Belanja Perjalanan Dinas Biasa
2292,1698,1.0,Belanja Perjalanan Dinas Biasa,Belanja Perjalanan Dinas Biasa
2292,1696,1.0,Belanja Perjalanan Dinas Biasa,Belanja Perjalanan Dinas Biasa
2292,1699,1.0,Belanja Perjalanan Dinas Biasa,Belanja Perjalanan Dinas Biasa
2292,1701,1.0,Belanja Perjalanan Dinas Biasa,Belanja Perjalanan Dinas Biasa
2292,1697,1.0,Belanja Perjalanan Dinas Biasa,Belanja Perjalanan Dinas Biasa
2293,2404,0.8183358466678003,Belanja Perjalanan Dinas Biasa Subsidi Transportasi Bus Perintis untuk Daerah-Daerah Terpencil (Kab. Nias Utara),Belanja Perjalanan Dinas Biasa Subsidi Transportasi Bus Perintis untuk Daerah-Daerah Terpencil (Kab. Padang Lawas Utara)
2294,1698,1.0,Belanja Perjalanan Dinas Biasa,Belanja Perjalanan Dinas Biasa
2294,1696,1.0,Belanja Perjalanan Dinas Biasa,Belanja Perjalanan Dinas Biasa
2294,1699,1.0,Belanja Perjalanan Dinas Biasa,Belanja Perjalanan Dinas Biasa
2294,1701,1.0,Belanja Perjalanan Dinas Biasa,Belanja Perjalanan Dinas Biasa
2294,1697,1.0,Belanja Perjalanan Dinas Biasa,Belanja Perjalanan Dinas Biasa
2295,1698,1.0,Belanja Perjalanan Dinas Biasa,Belanja Perjalanan Dinas Biasa
2295,1696,1.0,Belanja Perjalanan Dinas Biasa,Belanja Perjalanan Dinas Biasa
2295,1699,1.0,Belanja Perjalanan Dinas Biasa,Belanja Perjalanan Dinas Biasa
2295,1701,1.0,Belanja Perjalanan Dinas Biasa,Belanja Perjalanan Dinas Biasa
2295,1697,1.0,Belanja Perjalanan Dinas Biasa,Belanja Perjalanan Dinas Biasa
2296,1698,1.0,Belanja Perjalanan Dinas Biasa,Belanja Perjalanan Dinas Biasa
2296,1696,1.0,Belanja Perjalanan Dinas Biasa,Belanja Perjalanan Dinas Biasa
2296,1699,1.0,Belanja Perjalanan Dinas Biasa,Belanja Perjalanan Dinas Biasa
2296,1701,1.0,Belanja Perjalanan Dinas Biasa,Belanja Perjalanan Dinas Biasa
2296,1697,1.0,Belanja Perjalanan Dinas Biasa,Belanja Perjalanan Dinas Biasa
2297,1698,1.0,Belanja Perjalanan Dinas Biasa,Belanja Perjalanan Dinas Biasa
2297,1696,1.0,Belanja Perjalanan Dinas Biasa,Belanja Perjalanan Dinas Biasa
2297,1699,1.0,Belanja Perjalanan Dinas Biasa,Belanja Perjalanan Dinas Biasa
2297,1701,1.0,Belanja Perjalanan Dinas Biasa,Belanja Perjalanan Dinas Biasa
2297,1697,1.0,Belanja Perjalanan Dinas Biasa,Belanja Perjalanan Dinas Biasa
2300,1697,0.9707640313237091,Belanja Perjalanan Dinas Biasa - Perjalanan Dinas Biasa,Belanja Perjalanan Dinas Biasa
2300,1695,0.9707640313237091,Belanja Perjalanan Dinas Biasa - Perjalanan Dinas Biasa,Belanja Perjalanan Dinas Biasa
2300,1698,0.9707640313237091,Belanja Perjalanan Dinas Biasa - Perjalanan Dinas Biasa,Belanja Perjalanan Dinas Biasa
2300,1700,0.9707640313237091,Belanja Perjalanan Dinas Biasa - Perjalanan Dinas Biasa,Belanja Perjalanan Dinas Biasa
2301,2306,1.0,Belanja Perjalanan Dinas Biasa - Pengawasan Kinerja Pemerintah Daerah,Belanja Perjalanan Dinas Biasa - Pengawasan Kinerja Pemerintah Daerah
2302,2307,1.0,Belanja Perjalanan Dinas Biasa - TLHP Inspektorat Provinsi Sumatera Utara terhadap Pengelolaan Dana BOSP,Belanja Perjalanan Dinas Biasa - TLHP Inspektorat Provinsi Sumatera Utara terhadap Pengelolaan Dana BOSP
2303,2308,1.0,Belanja Perjalanan Dinas Biasa - Probity Audit (Mencapai PSD),Belanja Perjalanan Dinas Biasa - Probity Audit (Mencapai PSD)
2304,2309,1.0,"Belanja Perjalanan Dinas Biasa - MONITORING, EVALUASI DAN PENILAIAN ZONA INTEGRITAS MENUJU WBK DAN WBBM","Belanja Perjalanan Dinas Biasa - MONITORING, EVALUASI DAN PENILAIAN ZONA INTEGRITAS MENUJU WBK DAN WBBM"
2305,2310,1.0,Belanja Perjalanan Dinas Biasa - PENGEMBANGAN MATURITAS SPIP,Belanja Perjalanan Dinas Biasa - PENGEMBANGAN MATURITAS SPIP
2314,1698,1.0,Belanja Perjalanan Dinas Biasa,Belanja Perjalanan Dinas Biasa
2314,1696,1.0,Belanja Perjalanan Dinas Biasa,Belanja Perjalanan Dinas Biasa
2314,1699,1.0,Belanja Perjalanan Dinas Biasa,Belanja Perjalanan Dinas Biasa
2314,1701,1.0,Belanja Perjalanan Dinas Biasa,Belanja Perjalanan Dinas Biasa
2314,1697,1.0,Belanja Perjalanan Dinas Biasa,Belanja Perjalanan Dinas Biasa
2315,1698,1.0,Belanja Perjalanan Dinas Biasa,Belanja Perjalanan Dinas Biasa
2315,1696,1.0,Belanja Perjalanan Dinas Biasa,Belanja Perjalanan Dinas Biasa
2315,1699,1.0,Belanja Perjalanan Dinas Biasa,Belanja Perjalanan Dinas Biasa
2315,1701,1.0,Belanja Perjalanan Dinas Biasa,Belanja Perjalanan Dinas Biasa
2315,1697,1.0,Belanja Perjalanan Dinas Biasa,Belanja Perjalanan Dinas Biasa
2317,1698,1.0,Belanja Perjalanan Dinas Biasa,Belanja Perjalanan Dinas Biasa
2317,1696,1.0,Belanja Perjalanan Dinas Biasa,Belanja Perjalanan Dinas Biasa
2317,1699,1.0,Belanja Perjalanan Dinas Biasa,Belanja Perjalanan Dinas Biasa
2317,1701,1.0,Belanja Perjalanan Dinas Biasa,Belanja Perjalanan Dinas Biasa
2317,1697,1.0,Belanja Perjalanan Dinas Biasa,Belanja Perjalanan Dinas Biasa
2318,1698,1.0,Belanja Perjalanan Dinas Biasa,Belanja Perjalanan Dinas Biasa
2318,1696,1.0,Belanja Perjalanan Dinas Biasa,Belanja Perjalanan Dinas Biasa
2318,1699,1.0,Belanja Perjalanan Dinas Biasa,Belanja Perjalanan Dinas Biasa
2318,1701,1.0,Belanja Perjalanan Dinas Biasa,Belanja Perjalanan Dinas Biasa
2318,1697,1.0,Belanja Perjalanan Dinas Biasa,Belanja Perjalanan Dinas Biasa
2319,1698,1.0,Belanja Perjalanan Dinas Biasa,Belanja Perjalanan Dinas Biasa
2319,1696,1.0,Belanja Perjalanan Dinas Biasa,Belanja Perjalanan Dinas Biasa
2319,1699,1.0,Belanja Perjalanan Dinas Biasa,Belanja Perjalanan Dinas Biasa
2319,1701,1.0,Belanja Perjalanan Dinas Biasa,Belanja Perjalanan Dinas Biasa
2319,1697,1.0,Belanja Perjalanan Dinas Biasa,Belanja Perjalanan Dinas Biasa
2320,2938,1.0,Belanja Perjalanan Dinas Paket Meeting Dalam Kota,Belanja Perjalanan Dinas Paket Meeting Dalam Kota
2320,1128,1.0,Belanja Perjalanan Dinas Paket Meeting Dalam Kota,Belanja Perjalanan Dinas Paket Meeting Dalam Kota
2320,2555,1.0,Belanja Perjalanan Dinas Paket Meeting Dalam Kota,Belanja Perjalanan Dinas Paket Meeting Dalam Kota
2320,2532,1.0,Belanja Perjalanan Dinas Paket Meeting Dalam Kota,Belanja Perjalanan Dinas Paket Meeting Dalam Kota
2320,2278,1.0,Belanja Perjalanan Dinas Paket Meeting Dalam Kota,Belanja Perjalanan Dinas Paket Meeting Dalam Kota
2321,2972,1.0,"Biaya Penginapan Perjalanan Dinas Dalam Negeri - Pejabat Eselon IV/ Golongan III, II Dan I -  Sumatera Utara","Biaya Penginapan Perjalanan Dinas Dalam Negeri - Pejabat Eselon IV/ Golongan III, II Dan I -  Sumatera Utara"
2321,2468,1.0,"Biaya Penginapan Perjalanan Dinas Dalam Negeri - Pejabat Eselon IV/ Golongan III, II Dan I -  Sumatera Utara","Biaya Penginapan Perjalanan Dinas Dalam Negeri - Pejabat Eselon IV/ Golongan III, II Dan I -  Sumatera Utara"
2323,2470,1.0,Perjalanan Dinas Biasa,Perjalanan Dinas Biasa
2323,2273,1.0,Perjalanan Dinas Biasa,Perjalanan Dinas Biasa
2323,2340,1.0,Perjalanan Dinas Biasa,Perjalanan Dinas Biasa
2323,2932,1.0,Perjalanan Dinas Biasa,Perjalanan Dinas Biasa
2323,2672,1.0,Perjalanan Dinas Biasa,Perjalanan Dinas Biasa
2324,2919,1.0,Belanja Perjalanan Dinas Biasa (Bidang HMB),Belanja Perjalanan Dinas Biasa (Bidang HMB)
2324,2974,1.0,Belanja Perjalanan Dinas Biasa (Bidang HMB),Belanja Perjalanan Dinas Biasa (Bidang HMB)
2324,2375,1.0,Belanja Perjalanan Dinas Biasa (Bidang HMB),Belanja Perjalanan Dinas Biasa (Bidang HMB)
2326,1698,1.0,Belanja Perjalanan Dinas Biasa,Belanja Perjalanan Dinas Biasa
2326,1696,1.0,Belanja Perjalanan Dinas Biasa,Belanja Perjalanan Dinas Biasa
2326,1699,1.0,Belanja Perjalanan Dinas Biasa,Belanja Perjalanan Dinas Biasa
2326,1701,1.0,Belanja Perjalanan Dinas Biasa,Belanja Perjalanan Dinas Biasa
2326,1697,1.0,Belanja Perjalanan Dinas Biasa,Belanja Perjalanan Dinas Biasa
2329,2549,1.0,Belanja Perjalanan Dinas Dalam Negeri,Belanja Perjalanan Dinas Dalam Negeri
2329,2550,1.0,Belanja Perjalanan Dinas Dalam Negeri,Belanja Perjalanan Dinas Dalam Negeri
2329,2824,1.0,Belanja Perjalanan Dinas Dalam Negeri,Belanja Perjalanan Dinas Dalam Negeri
2331,1698,1.0,Belanja Perjalanan Dinas Biasa,Belanja Perjalanan Dinas Biasa
2331,1696,1.0,Belanja Perjalanan Dinas Biasa,Belanja Perjalanan Dinas Biasa
2331,1699,1.0,Belanja Perjalanan Dinas Biasa,Belanja Perjalanan Dinas Biasa
2331,1701,1.0,Belanja Perjalanan Dinas Biasa,Belanja Perjalanan Dinas Biasa
2331,1697,1.0,Belanja Perjalanan Dinas Biasa,Belanja Perjalanan Dinas Biasa
2332,1698,1.0,Belanja Perjalanan Dinas Biasa,Belanja Perjalanan Dinas Biasa
2332,1696,1.0,Belanja Perjalanan Dinas Biasa,Belanja Perjalanan Dinas Biasa
2332,1699,1.0,Belanja Perjalanan Dinas Biasa,Belanja Perjalanan Dinas Biasa
2332,1701,1.0,Belanja Perjalanan Dinas Biasa,Belanja Perjalanan Dinas Biasa
2332,1697,1.0,Belanja Perjalanan Dinas Biasa,Belanja Perjalanan Dinas Biasa
2333,1698,1.0,Belanja Perjalanan Dinas Biasa,Belanja Perjalanan Dinas Biasa
2333,1696,1.0,Belanja Perjalanan Dinas Biasa,Belanja Perjalanan Dinas Biasa
2333,1699,1.0,Belanja Perjalanan Dinas Biasa,Belanja Perjalanan Dinas Biasa
2333,1701,1.0,Belanja Perjalanan Dinas Biasa,Belanja Perjalanan Dinas Biasa
2333,1697,1.0,Belanja Perjalanan Dinas Biasa,Belanja Perjalanan Dinas Biasa
2336,2429,0.9375216089175731,Belanja Perjalanan Dinas Biasa - Dukungan Supervisi & Monev TP.PKK,Belanja Perjalanan Dinas Dalam Kota - Dukungan Supervisi & Monev TP.PKK
2337,1698,1.0,Belanja Perjalanan Dinas Biasa,Belanja Perjalanan Dinas Biasa
2337,1696,1.0,Belanja Perjalanan Dinas Biasa,Belanja Perjalanan Dinas Biasa
2337,1699,1.0,Belanja Perjalanan Dinas Biasa,Belanja Perjalanan Dinas Biasa
2337,1701,1.0,Belanja Perjalanan Dinas Biasa,Belanja Perjalanan Dinas Biasa
2337,1697,1.0,Belanja Perjalanan Dinas Biasa,Belanja Perjalanan Dinas Biasa
2338,1698,1.0,Belanja Perjalanan Dinas Biasa,Belanja Perjalanan Dinas Biasa
2338,1696,1.0,Belanja Perjalanan Dinas Biasa,Belanja Perjalanan Dinas Biasa
2338,1699,1.0,Belanja Perjalanan Dinas Biasa,Belanja Perjalanan Dinas Biasa
2338,1701,1.0,Belanja Perjalanan Dinas Biasa,Belanja Perjalanan Dinas Biasa
2338,1697,1.0,Belanja Perjalanan Dinas Biasa,Belanja Perjalanan Dinas Biasa
2340,2470,1.0,Perjalanan Dinas Biasa,Perjalanan Dinas Biasa
2340,2932,1.0,Perjalanan Dinas Biasa,Perjalanan Dinas Biasa
2340,2672,1.0,Perjalanan Dinas Biasa,Perjalanan Dinas Biasa
2342,1698,1.0,Belanja Perjalanan Dinas Biasa,Belanja Perjalanan Dinas Biasa
2342,1696,1.0,Belanja Perjalanan Dinas Biasa,Belanja Perjalanan Dinas Biasa
2342,1699,1.0,Belanja Perjalanan Dinas Biasa,Belanja Perjalanan Dinas Biasa
2342,1701,1.0,Belanja Perjalanan Dinas Biasa,Belanja Perjalanan Dinas Biasa
2342,1697,1.0,Belanja Perjalanan Dinas Biasa,Belanja Perjalanan Dinas Biasa
2343,1698,1.0,Belanja Perjalanan Dinas Biasa,Belanja Perjalanan Dinas Biasa
2343,1696,1.0,Belanja Perjalanan Dinas Biasa,Belanja Perjalanan Dinas Biasa
2343,1699,1.0,Belanja Perjalanan Dinas Biasa,Belanja Perjalanan Dinas Biasa
2343,1701,1.0,Belanja Perjalanan Dinas Biasa,Belanja Perjalanan Dinas Biasa
2343,1697,1.0,Belanja Perjalanan Dinas Biasa,Belanja Perjalanan Dinas Biasa
2344,1698,1.0,Belanja Perjalanan Dinas Biasa,Belanja Perjalanan Dinas Biasa
2344,1696,1.0,Belanja Perjalanan Dinas Biasa,Belanja Perjalanan Dinas Biasa
2344,1699,1.0,Belanja Perjalanan Dinas Biasa,Belanja Perjalanan Dinas Biasa
2344,1701,1.0,Belanja Perjalanan Dinas Biasa,Belanja Perjalanan Dinas Biasa
2344,1697,1.0,Belanja Perjalanan Dinas Biasa,Belanja Perjalanan Dinas Biasa
2345,1698,1.0,Belanja Perjalanan Dinas Biasa,Belanja Perjalanan Dinas Biasa
2345,1696,1.0,Belanja Perjalanan Dinas Biasa,Belanja Perjalanan Dinas Biasa
2345,1699,1.0,Belanja Perjalanan Dinas Biasa,Belanja Perjalanan Dinas Biasa
2345,1701,1.0,Belanja Perjalanan Dinas Biasa,Belanja Perjalanan Dinas Biasa
2345,1697,1.0,Belanja Perjalanan Dinas Biasa,Belanja Perjalanan Dinas Biasa
2346,1698,1.0,Belanja Perjalanan Dinas Biasa,Belanja Perjalanan Dinas Biasa
2346,1696,1.0,Belanja Perjalanan Dinas Biasa,Belanja Perjalanan Dinas Biasa
2346,1699,1.0,Belanja Perjalanan Dinas Biasa,Belanja Perjalanan Dinas Biasa
2346,1701,1.0,Belanja Perjalanan Dinas Biasa,Belanja Perjalanan Dinas Biasa
2346,1697,1.0,Belanja Perjalanan Dinas Biasa,Belanja Perjalanan Dinas Biasa
2347,1698,1.0,Belanja Perjalanan Dinas Biasa,Belanja Perjalanan Dinas Biasa
2347,1696,1.0,Belanja Perjalanan Dinas Biasa,Belanja Perjalanan Dinas Biasa
2347,1699,1.0,Belanja Perjalanan Dinas Biasa,Belanja Perjalanan Dinas Biasa
2347,1701,1.0,Belanja Perjalanan Dinas Biasa,Belanja Perjalanan Dinas Biasa
2347,1697,1.0,Belanja Perjalanan Dinas Biasa,Belanja Perjalanan Dinas Biasa
2348,1698,1.0,Belanja Perjalanan Dinas Biasa,Belanja Perjalanan Dinas Biasa
2348,1696,1.0,Belanja Perjalanan Dinas Biasa,Belanja Perjalanan Dinas Biasa
2348,1699,1.0,Belanja Perjalanan Dinas Biasa,Belanja Perjalanan Dinas Biasa
2348,1701,1.0,Belanja Perjalanan Dinas Biasa,Belanja Perjalanan Dinas Biasa
2348,1697,1.0,Belanja Perjalanan Dinas Biasa,Belanja Perjalanan Dinas Biasa
2349,1698,1.0,Belanja Perjalanan Dinas Biasa,Belanja Perjalanan Dinas Biasa
2349,1696,1.0,Belanja Perjalanan Dinas Biasa,Belanja Perjalanan Dinas Biasa
2349,1699,1.0,Belanja Perjalanan Dinas Biasa,Belanja Perjalanan Dinas Biasa
2349,1701,1.0,Belanja Perjalanan Dinas Biasa,Belanja Perjalanan Dinas Biasa
2349,1697,1.0,Belanja Perjalanan Dinas Biasa,Belanja Perjalanan Dinas Biasa
2350,1698,1.0,Belanja Perjalanan Dinas Biasa,Belanja Perjalanan Dinas Biasa
2350,1696,1.0,Belanja Perjalanan Dinas Biasa,Belanja Perjalanan Dinas Biasa
2350,1699,1.0,Belanja Perjalanan Dinas Biasa,Belanja Perjalanan Dinas Biasa
2350,1701,1.0,Belanja Perjalanan Dinas Biasa,Belanja Perjalanan Dinas Biasa
2350,1697,1.0,Belanja Perjalanan Dinas Biasa,Belanja Perjalanan Dinas Biasa
2351,3001,0.8006228768803607,Belanja Perjalanan Dinas Biasa UPTD PSP WILAYAH II KABANJAHE,Belanja Perjalanan Dinas Biasa UPTD PSP WIL II KABANJAHE
2353,1698,1.0,Belanja Perjalanan Dinas Biasa,Belanja Perjalanan Dinas Biasa
2353,1696,1.0,Belanja Perjalanan Dinas Biasa,Belanja Perjalanan Dinas Biasa
2353,1699,1.0,Belanja Perjalanan Dinas Biasa,Belanja Perjalanan Dinas Biasa
2353,1701,1.0,Belanja Perjalanan Dinas Biasa,Belanja Perjalanan Dinas Biasa
2353,1697,1.0,Belanja Perjalanan Dinas Biasa,Belanja Perjalanan Dinas Biasa
2354,1698,1.0,Belanja Perjalanan Dinas Biasa,Belanja Perjalanan Dinas Biasa
2354,1696,1.0,Belanja Perjalanan Dinas Biasa,Belanja Perjalanan Dinas Biasa
2354,1699,1.0,Belanja Perjalanan Dinas Biasa,Belanja Perjalanan Dinas Biasa
2354,1701,1.0,Belanja Perjalanan Dinas Biasa,Belanja Perjalanan Dinas Biasa
2354,1697,1.0,Belanja Perjalanan Dinas Biasa,Belanja Perjalanan Dinas Biasa
2359,1698,1.0,Belanja Perjalanan Dinas Biasa,Belanja Perjalanan Dinas Biasa
2359,1696,1.0,Belanja Perjalanan Dinas Biasa,Belanja Perjalanan Dinas Biasa
2359,1699,1.0,Belanja Perjalanan Dinas Biasa,Belanja Perjalanan Dinas Biasa
2359,1701,1.0,Belanja Perjalanan Dinas Biasa,Belanja Perjalanan Dinas Biasa
2359,1697,1.0,Belanja Perjalanan Dinas Biasa,Belanja Perjalanan Dinas Biasa
2363,1698,1.0,Belanja Perjalanan Dinas Biasa,Belanja Perjalanan Dinas Biasa
2363,1696,1.0,Belanja Perjalanan Dinas Biasa,Belanja Perjalanan Dinas Biasa
2363,1699,1.0,Belanja Perjalanan Dinas Biasa,Belanja Perjalanan Dinas Biasa
2363,1701,1.0,Belanja Perjalanan Dinas Biasa,Belanja Perjalanan Dinas Biasa
2363,1697,1.0,Belanja Perjalanan Dinas Biasa,Belanja Perjalanan Dinas Biasa
2364,1698,1.0,Belanja Perjalanan Dinas Biasa,Belanja Perjalanan Dinas Biasa
2364,1696,1.0,Belanja Perjalanan Dinas Biasa,Belanja Perjalanan Dinas Biasa
2364,1699,1.0,Belanja Perjalanan Dinas Biasa,Belanja Perjalanan Dinas Biasa
2364,1701,1.0,Belanja Perjalanan Dinas Biasa,Belanja Perjalanan Dinas Biasa
2364,1697,1.0,Belanja Perjalanan Dinas Biasa,Belanja Perjalanan Dinas Biasa
2365,1698,1.0,Belanja Perjalanan Dinas Biasa,Belanja Perjalanan Dinas Biasa
2365,1696,1.0,Belanja Perjalanan Dinas Biasa,Belanja Perjalanan Dinas Biasa
2365,1699,1.0,Belanja Perjalanan Dinas Biasa,Belanja Perjalanan Dinas Biasa
2365,1701,1.0,Belanja Perjalanan Dinas Biasa,Belanja Perjalanan Dinas Biasa
2365,1697,1.0,Belanja Perjalanan Dinas Biasa,Belanja Perjalanan Dinas Biasa
2366,1698,1.0,Belanja Perjalanan Dinas Biasa,Belanja Perjalanan Dinas Biasa
2366,1696,1.0,Belanja Perjalanan Dinas Biasa,Belanja Perjalanan Dinas Biasa
2366,1699,1.0,Belanja Perjalanan Dinas Biasa,Belanja Perjalanan Dinas Biasa
2366,1701,1.0,Belanja Perjalanan Dinas Biasa,Belanja Perjalanan Dinas Biasa
2366,1697,1.0,Belanja Perjalanan Dinas Biasa,Belanja Perjalanan Dinas Biasa
2367,1698,1.0,Belanja Perjalanan Dinas Biasa,Belanja Perjalanan Dinas Biasa
2367,1696,1.0,Belanja Perjalanan Dinas Biasa,Belanja Perjalanan Dinas Biasa
2367,1699,1.0,Belanja Perjalanan Dinas Biasa,Belanja Perjalanan Dinas Biasa
2367,1701,1.0,Belanja Perjalanan Dinas Biasa,Belanja Perjalanan Dinas Biasa
2367,1697,1.0,Belanja Perjalanan Dinas Biasa,Belanja Perjalanan Dinas Biasa
2368,1698,1.0,Belanja Perjalanan Dinas Biasa,Belanja Perjalanan Dinas Biasa
2368,1696,1.0,Belanja Perjalanan Dinas Biasa,Belanja Perjalanan Dinas Biasa
2368,1699,1.0,Belanja Perjalanan Dinas Biasa,Belanja Perjalanan Dinas Biasa
2368,1701,1.0,Belanja Perjalanan Dinas Biasa,Belanja Perjalanan Dinas Biasa
2368,1697,1.0,Belanja Perjalanan Dinas Biasa,Belanja Perjalanan Dinas Biasa
2369,2929,1.0,Belanja Perjalanan Dinas Biasa (Cabang Dinas III),Belanja Perjalanan Dinas Biasa (Cabang Dinas III)
2369,2993,1.0,Belanja Perjalanan Dinas Biasa (Cabang Dinas III),Belanja Perjalanan Dinas Biasa (Cabang Dinas III)
2370,2371,1.0,Belanja Perjalanan Dinas Biasa (Cabang Dinas V),Belanja Perjalanan Dinas Biasa (Cabang Dinas V)
2370,2989,1.0,Belanja Perjalanan Dinas Biasa (Cabang Dinas V),Belanja Perjalanan Dinas Biasa (Cabang Dinas V)
2370,2922,1.0,Belanja Perjalanan Dinas Biasa (Cabang Dinas V),Belanja Perjalanan Dinas Biasa (Cabang Dinas I)
2371,2989,1.0,Belanja Perjalanan Dinas Biasa (Cabang Dinas V),Belanja Perjalanan Dinas Biasa (Cabang Dinas V)
2371,2922,1.0,Belanja Perjalanan Dinas Biasa (Cabang Dinas V),Belanja Perjalanan Dinas Biasa (Cabang Dinas I)
2372,2869,1.0,Belanja Perjalanan Dinas Paket Meeting Luar Kota,Belanja Perjalanan Dinas Paket Meeting Luar Kota
2372,2389,1.0,Belanja Perjalanan Dinas Paket Meeting Luar Kota,Belanja Perjalanan Dinas Paket Meeting Luar Kota
2373,1698,1.0,Belanja Perjalanan Dinas Biasa,Belanja Perjalanan Dinas Biasa
2373,1696,1.0,Belanja Perjalanan Dinas Biasa,Belanja Perjalanan Dinas Biasa
2373,1699,1.0,Belanja Perjalanan Dinas Biasa,Belanja Perjalanan Dinas Biasa
2373,1701,1.0,Belanja Perjalanan Dinas Biasa,Belanja Perjalanan Dinas Biasa
2373,1697,1.0,Belanja Perjalanan Dinas Biasa,Belanja Perjalanan Dinas Biasa
2375,2919,1.0,Belanja Perjalanan Dinas Biasa (Bidang HMB),Belanja Perjalanan Dinas Biasa (Bidang HMB)
2375,2974,1.0,Belanja Perjalanan Dinas Biasa (Bidang HMB),Belanja Perjalanan Dinas Biasa (Bidang HMB)
2378,1698,1.0,Belanja Perjalanan Dinas Biasa,Belanja Perjalanan Dinas Biasa
2378,1696,1.0,Belanja Perjalanan Dinas Biasa,Belanja Perjalanan Dinas Biasa
2378,1699,1.0,Belanja Perjalanan Dinas Biasa,Belanja Perjalanan Dinas Biasa
2378,1701,1.0,Belanja Perjalanan Dinas Biasa,Belanja Perjalanan Dinas Biasa
2378,1697,1.0,Belanja Perjalanan Dinas Biasa,Belanja Perjalanan Dinas Biasa
2379,1698,1.0,Belanja Perjalanan Dinas Biasa,Belanja Perjalanan Dinas Biasa
2379,1696,1.0,Belanja Perjalanan Dinas Biasa,Belanja Perjalanan Dinas Biasa
2379,1699,1.0,Belanja Perjalanan Dinas Biasa,Belanja Perjalanan Dinas Biasa
2379,1701,1.0,Belanja Perjalanan Dinas Biasa,Belanja Perjalanan Dinas Biasa
2379,1697,1.0,Belanja Perjalanan Dinas Biasa,Belanja Perjalanan Dinas Biasa
2380,1145,1.0,Belanja Perjalanan Dinas Dalam Kota,Belanja Perjalanan Dinas Dalam Kota
2380,1147,1.0,Belanja Perjalanan Dinas Dalam Kota,Belanja Perjalanan Dinas Dalam Kota
2380,1144,1.0,Belanja Perjalanan Dinas Dalam Kota,Belanja Perjalanan Dinas Dalam Kota
2380,1141,1.0,Belanja Perjalanan Dinas Dalam Kota,Belanja Perjalanan Dinas Dalam Kota
2380,1148,1.0,Belanja Perjalanan Dinas Dalam Kota,Belanja Perjalanan Dinas Dalam Kota
2381,1698,1.0,Belanja Perjalanan Dinas Biasa,Belanja Perjalanan Dinas Biasa
2381,1696,1.0,Belanja Perjalanan Dinas Biasa,Belanja Perjalanan Dinas Biasa
2381,1699,1.0,Belanja Perjalanan Dinas Biasa,Belanja Perjalanan Dinas Biasa
2381,1701,1.0,Belanja Perjalanan Dinas Biasa,Belanja Perjalanan Dinas Biasa
2381,1697,1.0,Belanja Perjalanan Dinas Biasa,Belanja Perjalanan Dinas Biasa
2383,2470,1.0,Perjalanan Dinas Biasa,Perjalanan Dinas Biasa
2383,2273,1.0,Perjalanan Dinas Biasa,Perjalanan Dinas Biasa
2383,2340,1.0,Perjalanan Dinas Biasa,Perjalanan Dinas Biasa
2383,2932,1.0,Perjalanan Dinas Biasa,Perjalanan Dinas Biasa
2383,2672,1.0,Perjalanan Dinas Biasa,Perjalanan Dinas Biasa
2384,1698,1.0,Belanja Perjalanan Dinas Biasa,Belanja Perjalanan Dinas Biasa
2384,1696,1.0,Belanja Perjalanan Dinas Biasa,Belanja Perjalanan Dinas Biasa
2384,1699,1.0,Belanja Perjalanan Dinas Biasa,Belanja Perjalanan Dinas Biasa
2384,1701,1.0,Belanja Perjalanan Dinas Biasa,Belanja Perjalanan Dinas Biasa
2384,1697,1.0,Belanja Perjalanan Dinas Biasa,Belanja Perjalanan Dinas Biasa
2385,1698,1.0,Belanja Perjalanan Dinas Biasa,Belanja Perjalanan Dinas Biasa
2385,1696,1.0,Belanja Perjalanan Dinas Biasa,Belanja Perjalanan Dinas Biasa
2385,1699,1.0,Belanja Perjalanan Dinas Biasa,Belanja Perjalanan Dinas Biasa
2385,1701,1.0,Belanja Perjalanan Dinas Biasa,Belanja Perjalanan Dinas Biasa
2385,1697,1.0,Belanja Perjalanan Dinas Biasa,Belanja Perjalanan Dinas Biasa
2386,1698,1.0,Belanja Perjalanan Dinas Biasa,Belanja Perjalanan Dinas Biasa
2386,1696,1.0,Belanja Perjalanan Dinas Biasa,Belanja Perjalanan Dinas Biasa
2386,1699,1.0,Belanja Perjalanan Dinas Biasa,Belanja Perjalanan Dinas Biasa
2386,1701,1.0,Belanja Perjalanan Dinas Biasa,Belanja Perjalanan Dinas Biasa
2386,1697,1.0,Belanja Perjalanan Dinas Biasa,Belanja Perjalanan Dinas Biasa
2389,2869,1.0,Belanja Perjalanan Dinas Paket Meeting Luar Kota,Belanja Perjalanan Dinas Paket Meeting Luar Kota
2391,1698,1.0,Belanja Perjalanan Dinas Biasa,Belanja Perjalanan Dinas Biasa
2391,1696,1.0,Belanja Perjalanan Dinas Biasa,Belanja Perjalanan Dinas Biasa
2391,1699,1.0,Belanja Perjalanan Dinas Biasa,Belanja Perjalanan Dinas Biasa
2391,1701,1.0,Belanja Perjalanan Dinas Biasa,Belanja Perjalanan Dinas Biasa
2391,1697,1.0,Belanja Perjalanan Dinas Biasa,Belanja Perjalanan Dinas Biasa
2392,1145,1.0,Belanja Perjalanan Dinas Dalam Kota,Belanja Perjalanan Dinas Dalam Kota
2392,1147,1.0,Belanja Perjalanan Dinas Dalam Kota,Belanja Perjalanan Dinas Dalam Kota
2392,1144,1.0,Belanja Perjalanan Dinas Dalam Kota,Belanja Perjalanan Dinas Dalam Kota
2392,1141,1.0,Belanja Perjalanan Dinas Dalam Kota,Belanja Perjalanan Dinas Dalam Kota
2392,1148,1.0,Belanja Perjalanan Dinas Dalam Kota,Belanja Perjalanan Dinas Dalam Kota
2393,1698,1.0,Belanja Perjalanan Dinas Biasa,Belanja Perjalanan Dinas Biasa
2393,1696,1.0,Belanja Perjalanan Dinas Biasa,Belanja Perjalanan Dinas Biasa
2393,1699,1.0,Belanja Perjalanan Dinas Biasa,Belanja Perjalanan Dinas Biasa
2393,1701,1.0,Belanja Perjalanan Dinas Biasa,Belanja Perjalanan Dinas Biasa
2393,1697,1.0,Belanja Perjalanan Dinas Biasa,Belanja Perjalanan Dinas Biasa
2394,1698,1.0,Belanja Perjalanan Dinas Biasa,Belanja Perjalanan Dinas Biasa
2394,1696,1.0,Belanja Perjalanan Dinas Biasa,Belanja Perjalanan Dinas Biasa
2394,1699,1.0,Belanja Perjalanan Dinas Biasa,Belanja Perjalanan Dinas Biasa
2394,1701,1.0,Belanja Perjalanan Dinas Biasa,Belanja Perjalanan Dinas Biasa
2394,1697,1.0,Belanja Perjalanan Dinas Biasa,Belanja Perjalanan Dinas Biasa
2395,1698,1.0,Belanja Perjalanan Dinas Biasa,Belanja Perjalanan Dinas Biasa
2395,1696,1.0,Belanja Perjalanan Dinas Biasa,Belanja Perjalanan Dinas Biasa
2395,1699,1.0,Belanja Perjalanan Dinas Biasa,Belanja Perjalanan Dinas Biasa
2395,1701,1.0,Belanja Perjalanan Dinas Biasa,Belanja Perjalanan Dinas Biasa
2395,1697,1.0,Belanja Perjalanan Dinas Biasa,Belanja Perjalanan Dinas Biasa
2396,1698,1.0,Belanja Perjalanan Dinas Biasa,Belanja Perjalanan Dinas Biasa
2396,1696,1.0,Belanja Perjalanan Dinas Biasa,Belanja Perjalanan Dinas Biasa
2396,1699,1.0,Belanja Perjalanan Dinas Biasa,Belanja Perjalanan Dinas Biasa
2396,1701,1.0,Belanja Perjalanan Dinas Biasa,Belanja Perjalanan Dinas Biasa
2396,1697,1.0,Belanja Perjalanan Dinas Biasa,Belanja Perjalanan Dinas Biasa
2398,2527,0.9964945898433974,Belanja Perjalanan Dinas Biasa Penyelenggaraan Rapat Koordinasi dan Konsultasi SKPD,Perjalanan Dinas Biasa Penyelenggaraan Rapat Koordinasi dan Konsultasi SKPD
2398,2874,0.996031058470935,Belanja Perjalanan Dinas Biasa Penyelenggaraan Rapat Koordinasi dan Konsultasi SKPD,Belanja Perjalanan Dinas (Penyelenggaraan Rapat Koordinasi dan Konsultasi SKPD)
2398,2740,0.9925116306753747,Belanja Perjalanan Dinas Biasa Penyelenggaraan Rapat Koordinasi dan Konsultasi SKPD,Perjalanan Dinas Penyelenggaraan Rapat Koordinasi dan Konsultasi SKPD)
2400,2938,1.0,Belanja Perjalanan Dinas Paket Meeting Dalam Kota,Belanja Perjalanan Dinas Paket Meeting Dalam Kota
2400,1128,1.0,Belanja Perjalanan Dinas Paket Meeting Dalam Kota,Belanja Perjalanan Dinas Paket Meeting Dalam Kota
2400,2555,1.0,Belanja Perjalanan Dinas Paket Meeting Dalam Kota,Belanja Perjalanan Dinas Paket Meeting Dalam Kota
2400,2532,1.0,Belanja Perjalanan Dinas Paket Meeting Dalam Kota,Belanja Perjalanan Dinas Paket Meeting Dalam Kota
2400,2278,1.0,Belanja Perjalanan Dinas Paket Meeting Dalam Kota,Belanja Perjalanan Dinas Paket Meeting Dalam Kota
2401,1698,1.0,Belanja Perjalanan Dinas Biasa,Belanja Perjalanan Dinas Biasa
2401,1696,1.0,Belanja Perjalanan Dinas Biasa,Belanja Perjalanan Dinas Biasa
2401,1699,1.0,Belanja Perjalanan Dinas Biasa,Belanja Perjalanan Dinas Biasa
2401,1701,1.0,Belanja Perjalanan Dinas Biasa,Belanja Perjalanan Dinas Biasa
2401,1697,1.0,Belanja Perjalanan Dinas Biasa,Belanja Perjalanan Dinas Biasa
2407,1698,1.0,Belanja Perjalanan Dinas Biasa,Belanja Perjalanan Dinas Biasa
2407,1696,1.0,Belanja Perjalanan Dinas Biasa,Belanja Perjalanan Dinas Biasa
2407,1699,1.0,Belanja Perjalanan Dinas Biasa,Belanja Perjalanan Dinas Biasa
2407,1701,1.0,Belanja Perjalanan Dinas Biasa,Belanja Perjalanan Dinas Biasa
2407,1697,1.0,Belanja Perjalanan Dinas Biasa,Belanja Perjalanan Dinas Biasa
2408,1698,1.0,Belanja Perjalanan Dinas Biasa,Belanja Perjalanan Dinas Biasa
2408,1696,1.0,Belanja Perjalanan Dinas Biasa,Belanja Perjalanan Dinas Biasa
2408,1699,1.0,Belanja Perjalanan Dinas Biasa,Belanja Perjalanan Dinas Biasa
2408,1701,1.0,Belanja Perjalanan Dinas Biasa,Belanja Perjalanan Dinas Biasa
2408,1697,1.0,Belanja Perjalanan Dinas Biasa,Belanja Perjalanan Dinas Biasa
2415,2938,1.0,Belanja Perjalanan Dinas Paket Meeting Dalam Kota,Belanja Perjalanan Dinas Paket Meeting Dalam Kota
2415,1128,1.0,Belanja Perjalanan Dinas Paket Meeting Dalam Kota,Belanja Perjalanan Dinas Paket Meeting Dalam Kota
2415,2555,1.0,Belanja Perjalanan Dinas Paket Meeting Dalam Kota,Belanja Perjalanan Dinas Paket Meeting Dalam Kota
2415,2532,1.0,Belanja Perjalanan Dinas Paket Meeting Dalam Kota,Belanja Perjalanan Dinas Paket Meeting Dalam Kota
2415,2278,1.0,Belanja Perjalanan Dinas Paket Meeting Dalam Kota,Belanja Perjalanan Dinas Paket Meeting Dalam Kota
2416,1698,1.0,Belanja Perjalanan Dinas Biasa,Belanja Perjalanan Dinas Biasa
2416,1696,1.0,Belanja Perjalanan Dinas Biasa,Belanja Perjalanan Dinas Biasa
2416,1699,1.0,Belanja Perjalanan Dinas Biasa,Belanja Perjalanan Dinas Biasa
2416,1701,1.0,Belanja Perjalanan Dinas Biasa,Belanja Perjalanan Dinas Biasa
2416,1697,1.0,Belanja Perjalanan Dinas Biasa,Belanja Perjalanan Dinas Biasa
2419,1698,1.0,Belanja Perjalanan Dinas Biasa,Belanja Perjalanan Dinas Biasa
2419,1696,1.0,Belanja Perjalanan Dinas Biasa,Belanja Perjalanan Dinas Biasa
2419,1699,1.0,Belanja Perjalanan Dinas Biasa,Belanja Perjalanan Dinas Biasa
2419,1701,1.0,Belanja Perjalanan Dinas Biasa,Belanja Perjalanan Dinas Biasa
2419,1697,1.0,Belanja Perjalanan Dinas Biasa,Belanja Perjalanan Dinas Biasa
2420,1698,1.0,Belanja Perjalanan Dinas Biasa,Belanja Perjalanan Dinas Biasa
2420,1696,1.0,Belanja Perjalanan Dinas Biasa,Belanja Perjalanan Dinas Biasa
2420,1699,1.0,Belanja Perjalanan Dinas Biasa,Belanja Perjalanan Dinas Biasa
2420,1701,1.0,Belanja Perjalanan Dinas Biasa,Belanja Perjalanan Dinas Biasa
2420,1697,1.0,Belanja Perjalanan Dinas Biasa,Belanja Perjalanan Dinas Biasa
2422,1698,1.0,Belanja Perjalanan Dinas Biasa,Belanja Perjalanan Dinas Biasa
2422,1696,1.0,Belanja Perjalanan Dinas Biasa,Belanja Perjalanan Dinas Biasa
2422,1699,1.0,Belanja Perjalanan Dinas Biasa,Belanja Perjalanan Dinas Biasa
2422,1701,1.0,Belanja Perjalanan Dinas Biasa,Belanja Perjalanan Dinas Biasa
2422,1697,1.0,Belanja Perjalanan Dinas Biasa,Belanja Perjalanan Dinas Biasa
2423,1698,1.0,Belanja Perjalanan Dinas Biasa,Belanja Perjalanan Dinas Biasa
2423,1696,1.0,Belanja Perjalanan Dinas Biasa,Belanja Perjalanan Dinas Biasa
2423,1699,1.0,Belanja Perjalanan Dinas Biasa,Belanja Perjalanan Dinas Biasa
2423,1701,1.0,Belanja Perjalanan Dinas Biasa,Belanja Perjalanan Dinas Biasa
2423,1697,1.0,Belanja Perjalanan Dinas Biasa,Belanja Perjalanan Dinas Biasa
2425,1145,1.0,Belanja Perjalanan Dinas Dalam Kota,Belanja Perjalanan Dinas Dalam Kota
2425,1147,1.0,Belanja Perjalanan Dinas Dalam Kota,Belanja Perjalanan Dinas Dalam Kota
2425,1144,1.0,Belanja Perjalanan Dinas Dalam Kota,Belanja Perjalanan Dinas Dalam Kota
2425,1141,1.0,Belanja Perjalanan Dinas Dalam Kota,Belanja Perjalanan Dinas Dalam Kota
2425,1148,1.0,Belanja Perjalanan Dinas Dalam Kota,Belanja Perjalanan Dinas Dalam Kota
2426,1698,1.0,Belanja Perjalanan Dinas Biasa,Belanja Perjalanan Dinas Biasa
2426,1696,1.0,Belanja Perjalanan Dinas Biasa,Belanja Perjalanan Dinas Biasa
2426,1699,1.0,Belanja Perjalanan Dinas Biasa,Belanja Perjalanan Dinas Biasa
2426,1701,1.0,Belanja Perjalanan Dinas Biasa,Belanja Perjalanan Dinas Biasa
2426,1697,1.0,Belanja Perjalanan Dinas Biasa,Belanja Perjalanan Dinas Biasa
2430,1698,1.0,Belanja Perjalanan Dinas Biasa,Belanja Perjalanan Dinas Biasa
2430,1696,1.0,Belanja Perjalanan Dinas Biasa,Belanja Perjalanan Dinas Biasa
2430,1699,1.0,Belanja Perjalanan Dinas Biasa,Belanja Perjalanan Dinas Biasa
2430,1701,1.0,Belanja Perjalanan Dinas Biasa,Belanja Perjalanan Dinas Biasa
2430,1697,1.0,Belanja Perjalanan Dinas Biasa,Belanja Perjalanan Dinas Biasa
2431,2938,1.0,Belanja Perjalanan Dinas Paket Meeting Dalam Kota,Belanja Perjalanan Dinas Paket Meeting Dalam Kota
2431,1128,1.0,Belanja Perjalanan Dinas Paket Meeting Dalam Kota,Belanja Perjalanan Dinas Paket Meeting Dalam Kota
2431,2555,1.0,Belanja Perjalanan Dinas Paket Meeting Dalam Kota,Belanja Perjalanan Dinas Paket Meeting Dalam Kota
2431,2532,1.0,Belanja Perjalanan Dinas Paket Meeting Dalam Kota,Belanja Perjalanan Dinas Paket Meeting Dalam Kota
2431,2278,1.0,Belanja Perjalanan Dinas Paket Meeting Dalam Kota,Belanja Perjalanan Dinas Paket Meeting Dalam Kota
2432,2938,1.0,Belanja Perjalanan Dinas Paket Meeting Dalam Kota,Belanja Perjalanan Dinas Paket Meeting Dalam Kota
2432,1128,1.0,Belanja Perjalanan Dinas Paket Meeting Dalam Kota,Belanja Perjalanan Dinas Paket Meeting Dalam Kota
2432,2555,1.0,Belanja Perjalanan Dinas Paket Meeting Dalam Kota,Belanja Perjalanan Dinas Paket Meeting Dalam Kota
2432,2532,1.0,Belanja Perjalanan Dinas Paket Meeting Dalam Kota,Belanja Perjalanan Dinas Paket Meeting Dalam Kota
2432,2278,1.0,Belanja Perjalanan Dinas Paket Meeting Dalam Kota,Belanja Perjalanan Dinas Paket Meeting Dalam Kota
2433,1698,1.0,Belanja Perjalanan Dinas Biasa,Belanja Perjalanan Dinas Biasa
2433,1696,1.0,Belanja Perjalanan Dinas Biasa,Belanja Perjalanan Dinas Biasa
2433,1699,1.0,Belanja Perjalanan Dinas Biasa,Belanja Perjalanan Dinas Biasa
2433,1701,1.0,Belanja Perjalanan Dinas Biasa,Belanja Perjalanan Dinas Biasa
2433,1697,1.0,Belanja Perjalanan Dinas Biasa,Belanja Perjalanan Dinas Biasa
2434,1698,1.0,Belanja Perjalanan Dinas Biasa,Belanja Perjalanan Dinas Biasa
2434,1696,1.0,Belanja Perjalanan Dinas Biasa,Belanja Perjalanan Dinas Biasa
2434,1699,1.0,Belanja Perjalanan Dinas Biasa,Belanja Perjalanan Dinas Biasa
2434,1701,1.0,Belanja Perjalanan Dinas Biasa,Belanja Perjalanan Dinas Biasa
2434,1697,1.0,Belanja Perjalanan Dinas Biasa,Belanja Perjalanan Dinas Biasa
2435,1698,1.0,Belanja Perjalanan Dinas Biasa,Belanja Perjalanan Dinas Biasa
2435,1696,1.0,Belanja Perjalanan Dinas Biasa,Belanja Perjalanan Dinas Biasa
2435,1699,1.0,Belanja Perjalanan Dinas Biasa,Belanja Perjalanan Dinas Biasa
2435,1701,1.0,Belanja Perjalanan Dinas Biasa,Belanja Perjalanan Dinas Biasa
2435,1697,1.0,Belanja Perjalanan Dinas Biasa,Belanja Perjalanan Dinas Biasa
2436,2869,1.0,Belanja Perjalanan Dinas Paket Meeting Luar Kota,Belanja Perjalanan Dinas Paket Meeting Luar Kota
2436,2372,1.0,Belanja Perjalanan Dinas Paket Meeting Luar Kota,Belanja Perjalanan Dinas Paket Meeting Luar Kota
2436,1195,1.0,Belanja Perjalanan Dinas Paket Meeting Luar Kota,Belanja Perjalanan Dinas Paket Meeting Luar Kota
2436,1149,1.0,Belanja Perjalanan Dinas Paket Meeting Luar Kota,Belanja Perjalanan Dinas Paket Meeting Luar Kota
2436,2389,1.0,Belanja Perjalanan Dinas Paket Meeting Luar Kota,Belanja Perjalanan Dinas Paket Meeting Luar Kota
2437,2938,1.0,Belanja Perjalanan Dinas Paket Meeting Dalam Kota,Belanja Perjalanan Dinas Paket Meeting Dalam Kota
2437,1128,1.0,Belanja Perjalanan Dinas Paket Meeting Dalam Kota,Belanja Perjalanan Dinas Paket Meeting Dalam Kota
2437,2555,1.0,Belanja Perjalanan Dinas Paket Meeting Dalam Kota,Belanja Perjalanan Dinas Paket Meeting Dalam Kota
2437,2532,1.0,Belanja Perjalanan Dinas Paket Meeting Dalam Kota,Belanja Perjalanan Dinas Paket Meeting Dalam Kota
2437,2278,1.0,Belanja Perjalanan Dinas Paket Meeting Dalam Kota,Belanja Perjalanan Dinas Paket Meeting Dalam Kota
2438,2938,1.0,Belanja Perjalanan Dinas Paket Meeting Dalam Kota,Belanja Perjalanan Dinas Paket Meeting Dalam Kota
2438,1128,1.0,Belanja Perjalanan Dinas Paket Meeting Dalam Kota,Belanja Perjalanan Dinas Paket Meeting Dalam Kota
2438,2555,1.0,Belanja Perjalanan Dinas Paket Meeting Dalam Kota,Belanja Perjalanan Dinas Paket Meeting Dalam Kota
2438,2532,1.0,Belanja Perjalanan Dinas Paket Meeting Dalam Kota,Belanja Perjalanan Dinas Paket Meeting Dalam Kota
2438,2278,1.0,Belanja Perjalanan Dinas Paket Meeting Dalam Kota,Belanja Perjalanan Dinas Paket Meeting Dalam Kota
2439,1698,1.0,Belanja Perjalanan Dinas Biasa,Belanja Perjalanan Dinas Biasa
2439,1696,1.0,Belanja Perjalanan Dinas Biasa,Belanja Perjalanan Dinas Biasa
2439,1699,1.0,Belanja Perjalanan Dinas Biasa,Belanja Perjalanan Dinas Biasa
2439,1701,1.0,Belanja Perjalanan Dinas Biasa,Belanja Perjalanan Dinas Biasa
2439,1697,1.0,Belanja Perjalanan Dinas Biasa,Belanja Perjalanan Dinas Biasa
2441,1698,1.0,Belanja Perjalanan Dinas Biasa,Belanja Perjalanan Dinas Biasa
2441,1696,1.0,Belanja Perjalanan Dinas Biasa,Belanja Perjalanan Dinas Biasa
2441,1699,1.0,Belanja Perjalanan Dinas Biasa,Belanja Perjalanan Dinas Biasa
2441,1701,1.0,Belanja Perjalanan Dinas Biasa,Belanja Perjalanan Dinas Biasa
2441,1697,1.0,Belanja Perjalanan Dinas Biasa,Belanja Perjalanan Dinas Biasa
2442,1698,1.0,Belanja Perjalanan Dinas Biasa,Belanja Perjalanan Dinas Biasa
2442,1696,1.0,Belanja Perjalanan Dinas Biasa,Belanja Perjalanan Dinas Biasa
2442,1699,1.0,Belanja Perjalanan Dinas Biasa,Belanja Perjalanan Dinas Biasa
2442,1701,1.0,Belanja Perjalanan Dinas Biasa,Belanja Perjalanan Dinas Biasa
2442,1697,1.0,Belanja Perjalanan Dinas Biasa,Belanja Perjalanan Dinas Biasa
2443,1698,1.0,Belanja Perjalanan Dinas Biasa,Belanja Perjalanan Dinas Biasa
2443,1696,1.0,Belanja Perjalanan Dinas Biasa,Belanja Perjalanan Dinas Biasa
2443,1699,1.0,Belanja Perjalanan Dinas Biasa,Belanja Perjalanan Dinas Biasa
2443,1701,1.0,Belanja Perjalanan Dinas Biasa,Belanja Perjalanan Dinas Biasa
2443,1697,1.0,Belanja Perjalanan Dinas Biasa,Belanja Perjalanan Dinas Biasa
2445,1698,1.0,Belanja Perjalanan Dinas Biasa,Belanja Perjalanan Dinas Biasa
2445,1696,1.0,Belanja Perjalanan Dinas Biasa,Belanja Perjalanan Dinas Biasa
2445,1699,1.0,Belanja Perjalanan Dinas Biasa,Belanja Perjalanan Dinas Biasa
2445,1701,1.0,Belanja Perjalanan Dinas Biasa,Belanja Perjalanan Dinas Biasa
2445,1697,1.0,Belanja Perjalanan Dinas Biasa,Belanja Perjalanan Dinas Biasa
2446,1698,1.0,Belanja Perjalanan Dinas Biasa,Belanja Perjalanan Dinas Biasa
2446,1696,1.0,Belanja Perjalanan Dinas Biasa,Belanja Perjalanan Dinas Biasa
2446,1699,1.0,Belanja Perjalanan Dinas Biasa,Belanja Perjalanan Dinas Biasa
2446,1701,1.0,Belanja Perjalanan Dinas Biasa,Belanja Perjalanan Dinas Biasa
2446,1697,1.0,Belanja Perjalanan Dinas Biasa,Belanja Perjalanan Dinas Biasa
2447,2942,0.8694176221775943,Belanja Perjalanan Dinas Paket Meeting Dalam Kota (Konsultasi dalam kota),Belanja Perjalanan Dinas Paket Meeting Dalam Kota
2447,2938,0.8694176221775943,Belanja Perjalanan Dinas Paket Meeting Dalam Kota (Konsultasi dalam kota),Belanja Perjalanan Dinas Paket Meeting Dalam Kota
2447,1130,0.8694176221775943,Belanja Perjalanan Dinas Paket Meeting Dalam Kota (Konsultasi dalam kota),Belanja Perjalanan Dinas Paket Meeting Dalam Kota
2447,2950,0.8694176221775943,Belanja Perjalanan Dinas Paket Meeting Dalam Kota (Konsultasi dalam kota),Belanja Perjalanan Dinas Paket Meeting Dalam Kota
2450,1698,1.0,Belanja Perjalanan Dinas Biasa,Belanja Perjalanan Dinas Biasa
2450,1696,1.0,Belanja Perjalanan Dinas Biasa,Belanja Perjalanan Dinas Biasa
2450,1699,1.0,Belanja Perjalanan Dinas Biasa,Belanja Perjalanan Dinas Biasa
2450,1701,1.0,Belanja Perjalanan Dinas Biasa,Belanja Perjalanan Dinas Biasa
2450,1697,1.0,Belanja Perjalanan Dinas Biasa,Belanja Perjalanan Dinas Biasa
2451,1698,1.0,Belanja Perjalanan Dinas Biasa,Belanja Perjalanan Dinas Biasa
2451,1696,1.0,Belanja Perjalanan Dinas Biasa,Belanja Perjalanan Dinas Biasa
2451,1699,1.0,Belanja Perjalanan Dinas Biasa,Belanja Perjalanan Dinas Biasa
2451,1701,1.0,Belanja Perjalanan Dinas Biasa,Belanja Perjalanan Dinas Biasa
2451,1697,1.0,Belanja Perjalanan Dinas Biasa,Belanja Perjalanan Dinas Biasa
2452,1698,1.0,Belanja Perjalanan Dinas Biasa,Belanja Perjalanan Dinas Biasa
2452,1696,1.0,Belanja Perjalanan Dinas Biasa,Belanja Perjalanan Dinas Biasa
2452,1699,1.0,Belanja Perjalanan Dinas Biasa,Belanja Perjalanan Dinas Biasa
2452,1701,1.0,Belanja Perjalanan Dinas Biasa,Belanja Perjalanan Dinas Biasa
2452,1697,1.0,Belanja Perjalanan Dinas Biasa,Belanja Perjalanan Dinas Biasa
2453,1698,1.0,Belanja Perjalanan Dinas Biasa,Belanja Perjalanan Dinas Biasa
2453,1696,1.0,Belanja Perjalanan Dinas Biasa,Belanja Perjalanan Dinas Biasa
2453,1699,1.0,Belanja Perjalanan Dinas Biasa,Belanja Perjalanan Dinas Biasa
2453,1701,1.0,Belanja Perjalanan Dinas Biasa,Belanja Perjalanan Dinas Biasa
2453,1697,1.0,Belanja Perjalanan Dinas Biasa,Belanja Perjalanan Dinas Biasa
2454,2455,0.8062048235575648,Belanja Perjalanan Dinas Biasa - TLHP Inspektorat Jenderal Kemendagri,Belanja Perjalanan Dinas Biasa - TLHP Inspektorat Jenderal Kemendagri dan Kementerian/Lembaga Lainnya
2463,1698,1.0,Belanja Perjalanan Dinas Biasa,Belanja Perjalanan Dinas Biasa
2463,1696,1.0,Belanja Perjalanan Dinas Biasa,Belanja Perjalanan Dinas Biasa
2463,1699,1.0,Belanja Perjalanan Dinas Biasa,Belanja Perjalanan Dinas Biasa
2463,1701,1.0,Belanja Perjalanan Dinas Biasa,Belanja Perjalanan Dinas Biasa
2463,1697,1.0,Belanja Perjalanan Dinas Biasa,Belanja Perjalanan Dinas Biasa
2464,2938,1.0,Belanja Perjalanan Dinas Paket Meeting Dalam Kota,Belanja Perjalanan Dinas Paket Meeting Dalam Kota
2464,1128,1.0,Belanja Perjalanan Dinas Paket Meeting Dalam Kota,Belanja Perjalanan Dinas Paket Meeting Dalam Kota
2464,2555,1.0,Belanja Perjalanan Dinas Paket Meeting Dalam Kota,Belanja Perjalanan Dinas Paket Meeting Dalam Kota
2464,2532,1.0,Belanja Perjalanan Dinas Paket Meeting Dalam Kota,Belanja Perjalanan Dinas Paket Meeting Dalam Kota
2464,2278,1.0,Belanja Perjalanan Dinas Paket Meeting Dalam Kota,Belanja Perjalanan Dinas Paket Meeting Dalam Kota
2466,2938,1.0,Belanja Perjalanan Dinas Paket Meeting Dalam Kota,Belanja Perjalanan Dinas Paket Meeting Dalam Kota
2466,1128,1.0,Belanja Perjalanan Dinas Paket Meeting Dalam Kota,Belanja Perjalanan Dinas Paket Meeting Dalam Kota
2466,2555,1.0,Belanja Perjalanan Dinas Paket Meeting Dalam Kota,Belanja Perjalanan Dinas Paket Meeting Dalam Kota
2466,2532,1.0,Belanja Perjalanan Dinas Paket Meeting Dalam Kota,Belanja Perjalanan Dinas Paket Meeting Dalam Kota
2466,2278,1.0,Belanja Perjalanan Dinas Paket Meeting Dalam Kota,Belanja Perjalanan Dinas Paket Meeting Dalam Kota
2467,2468,0.9433142310994571,Biaya Penginapan Perjalanan Dinas Dalam Negeri - Pejabat Eselon III/ Golongan IV -  Sumatera Utara,"Biaya Penginapan Perjalanan Dinas Dalam Negeri - Pejabat Eselon IV/ Golongan III, II Dan I -  Sumatera Utara"
2467,2264,0.9433142310994571,Biaya Penginapan Perjalanan Dinas Dalam Negeri - Pejabat Eselon III/ Golongan IV -  Sumatera Utara,"Biaya Penginapan Perjalanan Dinas Dalam Negeri - Pejabat Eselon IV/ Golongan III, II Dan I -  Sumatera Utara"
2467,2972,0.9433142310994571,Biaya Penginapan Perjalanan Dinas Dalam Negeri - Pejabat Eselon III/ Golongan IV -  Sumatera Utara,"Biaya Penginapan Perjalanan Dinas Dalam Negeri - Pejabat Eselon IV/ Golongan III, II Dan I -  Sumatera Utara"
2468,2972,1.0,"Biaya Penginapan Perjalanan Dinas Dalam Negeri - Pejabat Eselon IV/ Golongan III, II Dan I -  Sumatera Utara","Biaya Penginapan Perjalanan Dinas Dalam Negeri - Pejabat Eselon IV/ Golongan III, II Dan I -  Sumatera Utara"
2469,2972,1.0,"Biaya Penginapan Perjalanan Dinas Dalam Negeri - Pejabat Eselon IV/ Golongan III, II Dan I -  Sumatera Utara","Biaya Penginapan Perjalanan Dinas Dalam Negeri - Pejabat Eselon IV/ Golongan III, II Dan I -  Sumatera Utara"
2469,84,1.0,"Biaya Penginapan Perjalanan Dinas Dalam Negeri - Pejabat Eselon IV/ Golongan III, II Dan I -  Sumatera Utara","Biaya Penginapan Perjalanan Dinas Dalam Negeri - Pejabat Eselon IV/ Golongan III, II Dan I -  Sumatera Utara"
2469,2468,1.0,"Biaya Penginapan Perjalanan Dinas Dalam Negeri - Pejabat Eselon IV/ Golongan III, II Dan I -  Sumatera Utara","Biaya Penginapan Perjalanan Dinas Dalam Negeri - Pejabat Eselon IV/ Golongan III, II Dan I -  Sumatera Utara"
2469,2321,1.0,"Biaya Penginapan Perjalanan Dinas Dalam Negeri - Pejabat Eselon IV/ Golongan III, II Dan I -  Sumatera Utara","Biaya Penginapan Perjalanan Dinas Dalam Negeri - Pejabat Eselon IV/ Golongan III, II Dan I -  Sumatera Utara"
2469,2264,1.0,"Biaya Penginapan Perjalanan Dinas Dalam Negeri - Pejabat Eselon IV/ Golongan III, II Dan I -  Sumatera Utara","Biaya Penginapan Perjalanan Dinas Dalam Negeri - Pejabat Eselon IV/ Golongan III, II Dan I -  Sumatera Utara"
2470,2932,1.0,Perjalanan Dinas Biasa,Perjalanan Dinas Biasa
2470,2672,1.0,Perjalanan Dinas Biasa,Perjalanan Dinas Biasa
2471,2869,1.0,Belanja Perjalanan Dinas Paket Meeting Luar Kota,Belanja Perjalanan Dinas Paket Meeting Luar Kota
2471,2372,1.0,Belanja Perjalanan Dinas Paket Meeting Luar Kota,Belanja Perjalanan Dinas Paket Meeting Luar Kota
2471,1195,1.0,Belanja Perjalanan Dinas Paket Meeting Luar Kota,Belanja Perjalanan Dinas Paket Meeting Luar Kota
2471,1149,1.0,Belanja Perjalanan Dinas Paket Meeting Luar Kota,Belanja Perjalanan Dinas Paket Meeting Luar Kota
2471,2389,1.0,Belanja Perjalanan Dinas Paket Meeting Luar Kota,Belanja Perjalanan Dinas Paket Meeting Luar Kota
2472,2485,1.0,Belanja Perjalanan Dinas Dalam Daerah,BELANJA PERJALANAN DINAS DALAM DAERAH
2472,2473,1.0,Belanja Perjalanan Dinas Dalam Daerah,Belanja Perjalanan Dinas Dalam Daerah
2472,2528,0.9863252474478923,Belanja Perjalanan Dinas Dalam Daerah,Belanja Belanja Perjalanan Dinas Dalam Daerah
2473,2485,1.0,Belanja Perjalanan Dinas Dalam Daerah,BELANJA PERJALANAN DINAS DALAM DAERAH
2473,2528,0.9863252474478923,Belanja Perjalanan Dinas Dalam Daerah,Belanja Belanja Perjalanan Dinas Dalam Daerah
2475,2923,1.0,Belanja Perjalanan Dinas Biasa (Cabang Dinas II),Belanja Perjalanan Dinas Biasa (Cabang Dinas II)
2476,1698,1.0,Belanja Perjalanan dinas biasa,Belanja Perjalanan Dinas Biasa
2476,1696,1.0,Belanja Perjalanan dinas biasa,Belanja Perjalanan Dinas Biasa
2476,1699,1.0,Belanja Perjalanan dinas biasa,Belanja Perjalanan Dinas Biasa
2476,1701,1.0,Belanja Perjalanan dinas biasa,Belanja Perjalanan Dinas Biasa
2476,1697,1.0,Belanja Perjalanan dinas biasa,Belanja Perjalanan Dinas Biasa
2477,1698,1.0,Belanja Perjalanan Dinas Biasa,Belanja Perjalanan Dinas Biasa
2477,1696,1.0,Belanja Perjalanan Dinas Biasa,Belanja Perjalanan Dinas Biasa
2477,1699,1.0,Belanja Perjalanan Dinas Biasa,Belanja Perjalanan Dinas Biasa
2477,1701,1.0,Belanja Perjalanan Dinas Biasa,Belanja Perjalanan Dinas Biasa
2477,1697,1.0,Belanja Perjalanan Dinas Biasa,Belanja Perjalanan Dinas Biasa
2478,1698,1.0,Belanja Perjalanan Dinas Biasa,Belanja Perjalanan Dinas Biasa
2478,1696,1.0,Belanja Perjalanan Dinas Biasa,Belanja Perjalanan Dinas Biasa
2478,1699,1.0,Belanja Perjalanan Dinas Biasa,Belanja Perjalanan Dinas Biasa
2478,1701,1.0,Belanja Perjalanan Dinas Biasa,Belanja Perjalanan Dinas Biasa
2478,1697,1.0,Belanja Perjalanan Dinas Biasa,Belanja Perjalanan Dinas Biasa
2479,1698,1.0,Belanja Perjalanan Dinas Biasa,Belanja Perjalanan Dinas Biasa
2479,1696,1.0,Belanja Perjalanan Dinas Biasa,Belanja Perjalanan Dinas Biasa
2479,1699,1.0,Belanja Perjalanan Dinas Biasa,Belanja Perjalanan Dinas Biasa
2479,1701,1.0,Belanja Perjalanan Dinas Biasa,Belanja Perjalanan Dinas Biasa
2479,1697,1.0,Belanja Perjalanan Dinas Biasa,Belanja Perjalanan Dinas Biasa
2481,1698,1.0,Belanja Perjalanan Dinas Biasa,Belanja Perjalanan Dinas Biasa
2481,1696,1.0,Belanja Perjalanan Dinas Biasa,Belanja Perjalanan Dinas Biasa
2481,1699,1.0,Belanja Perjalanan Dinas Biasa,Belanja Perjalanan Dinas Biasa
2481,1701,1.0,Belanja Perjalanan Dinas Biasa,Belanja Perjalanan Dinas Biasa
2481,1697,1.0,Belanja Perjalanan Dinas Biasa,Belanja Perjalanan Dinas Biasa
2482,1698,1.0,Belanja Perjalanan Dinas Biasa,Belanja Perjalanan Dinas Biasa
2482,1696,1.0,Belanja Perjalanan Dinas Biasa,Belanja Perjalanan Dinas Biasa
2482,1699,1.0,Belanja Perjalanan Dinas Biasa,Belanja Perjalanan Dinas Biasa
2482,1701,1.0,Belanja Perjalanan Dinas Biasa,Belanja Perjalanan Dinas Biasa
2482,1697,1.0,Belanja Perjalanan Dinas Biasa,Belanja Perjalanan Dinas Biasa
2483,1698,1.0,Belanja Perjalanan Dinas Biasa,Belanja Perjalanan Dinas Biasa
2483,1696,1.0,Belanja Perjalanan Dinas Biasa,Belanja Perjalanan Dinas Biasa
2483,1699,1.0,Belanja Perjalanan Dinas Biasa,Belanja Perjalanan Dinas Biasa
2483,1701,1.0,Belanja Perjalanan Dinas Biasa,Belanja Perjalanan Dinas Biasa
2483,1697,1.0,Belanja Perjalanan Dinas Biasa,Belanja Perjalanan Dinas Biasa
2484,1698,1.0,Belanja Perjalanan Dinas Biasa,Belanja Perjalanan Dinas Biasa
2484,1696,1.0,Belanja Perjalanan Dinas Biasa,Belanja Perjalanan Dinas Biasa
2484,1699,1.0,Belanja Perjalanan Dinas Biasa,Belanja Perjalanan Dinas Biasa
2484,1701,1.0,Belanja Perjalanan Dinas Biasa,Belanja Perjalanan Dinas Biasa
2484,1697,1.0,Belanja Perjalanan Dinas Biasa,Belanja Perjalanan Dinas Biasa
2485,2528,0.9863252474478923,BELANJA PERJALANAN DINAS DALAM DAERAH,Belanja Belanja Perjalanan Dinas Dalam Daerah
2486,1698,1.0,Belanja Perjalanan Dinas Biasa,Belanja Perjalanan Dinas Biasa
2486,1696,1.0,Belanja Perjalanan Dinas Biasa,Belanja Perjalanan Dinas Biasa
2486,1699,1.0,Belanja Perjalanan Dinas Biasa,Belanja Perjalanan Dinas Biasa
2486,1701,1.0,Belanja Perjalanan Dinas Biasa,Belanja Perjalanan Dinas Biasa
2486,1697,1.0,Belanja Perjalanan Dinas Biasa,Belanja Perjalanan Dinas Biasa
2487,1698,1.0,Belanja Perjalanan Dinas Biasa,Belanja Perjalanan Dinas Biasa
2487,1696,1.0,Belanja Perjalanan Dinas Biasa,Belanja Perjalanan Dinas Biasa
2487,1699,1.0,Belanja Perjalanan Dinas Biasa,Belanja Perjalanan Dinas Biasa
2487,1701,1.0,Belanja Perjalanan Dinas Biasa,Belanja Perjalanan Dinas Biasa
2487,1697,1.0,Belanja Perjalanan Dinas Biasa,Belanja Perjalanan Dinas Biasa
2488,1698,1.0,Belanja Perjalanan Dinas Biasa,Belanja Perjalanan Dinas Biasa
2488,1696,1.0,Belanja Perjalanan Dinas Biasa,Belanja Perjalanan Dinas Biasa
2488,1699,1.0,Belanja Perjalanan Dinas Biasa,Belanja Perjalanan Dinas Biasa
2488,1701,1.0,Belanja Perjalanan Dinas Biasa,Belanja Perjalanan Dinas Biasa
2488,1697,1.0,Belanja Perjalanan Dinas Biasa,Belanja Perjalanan Dinas Biasa
2489,1698,1.0,Belanja Perjalanan Dinas Biasa,Belanja Perjalanan Dinas Biasa
2489,1696,1.0,Belanja Perjalanan Dinas Biasa,Belanja Perjalanan Dinas Biasa
2489,1699,1.0,Belanja Perjalanan Dinas Biasa,Belanja Perjalanan Dinas Biasa
2489,1701,1.0,Belanja Perjalanan Dinas Biasa,Belanja Perjalanan Dinas Biasa
2489,1697,1.0,Belanja Perjalanan Dinas Biasa,Belanja Perjalanan Dinas Biasa
2490,2513,0.9048124335463053,Belanja Perjalanan Dinas Biasa Sinkronisasi dan Koordinasi Pembinaan Pengelolaan dan Pengembangan Sistem Penyediaan Air Minum (SPAM) Kabupaten/Kota,Belanja Perjalanan Dinas Biasa Pembinaan Pengelolaan dan Pengembangan Sistem Penyediaan Air Minum (SPAM) Kabupaten/Kota
2490,2897,0.8317260423392447,Belanja Perjalanan Dinas Biasa Sinkronisasi dan Koordinasi Pembinaan Pengelolaan dan Pengembangan Sistem Penyediaan Air Minum (SPAM) Kabupaten/Kota,Belanja Perjalanan Dinas dan Belanja Jasa Kantor (Pembinaan Pengelolaan dan Pengembangan Sistem Penyediaan Air Minum (SPAM) Kabupaten/Kota)
2491,1698,1.0,Belanja Perjalanan Dinas Biasa,Belanja Perjalanan Dinas Biasa
2491,1696,1.0,Belanja Perjalanan Dinas Biasa,Belanja Perjalanan Dinas Biasa
2491,1699,1.0,Belanja Perjalanan Dinas Biasa,Belanja Perjalanan Dinas Biasa
2491,1701,1.0,Belanja Perjalanan Dinas Biasa,Belanja Perjalanan Dinas Biasa
2491,1697,1.0,Belanja Perjalanan Dinas Biasa,Belanja Perjalanan Dinas Biasa
2492,1698,1.0,Belanja Perjalanan Dinas Biasa,Belanja Perjalanan Dinas Biasa
2492,1696,1.0,Belanja Perjalanan Dinas Biasa,Belanja Perjalanan Dinas Biasa
2492,1699,1.0,Belanja Perjalanan Dinas Biasa,Belanja Perjalanan Dinas Biasa
2492,1701,1.0,Belanja Perjalanan Dinas Biasa,Belanja Perjalanan Dinas Biasa
2492,1697,1.0,Belanja Perjalanan Dinas Biasa,Belanja Perjalanan Dinas Biasa
2493,1698,1.0,Belanja Perjalanan Dinas Biasa,Belanja Perjalanan Dinas Biasa
2493,1696,1.0,Belanja Perjalanan Dinas Biasa,Belanja Perjalanan Dinas Biasa
2493,1699,1.0,Belanja Perjalanan Dinas Biasa,Belanja Perjalanan Dinas Biasa
2493,1701,1.0,Belanja Perjalanan Dinas Biasa,Belanja Perjalanan Dinas Biasa
2493,1697,1.0,Belanja Perjalanan Dinas Biasa,Belanja Perjalanan Dinas Biasa
2494,1698,1.0,Belanja Perjalanan Dinas Biasa,Belanja Perjalanan Dinas Biasa
2494,1696,1.0,Belanja Perjalanan Dinas Biasa,Belanja Perjalanan Dinas Biasa
2494,1699,1.0,Belanja Perjalanan Dinas Biasa,Belanja Perjalanan Dinas Biasa
2494,1701,1.0,Belanja Perjalanan Dinas Biasa,Belanja Perjalanan Dinas Biasa
2494,1697,1.0,Belanja Perjalanan Dinas Biasa,Belanja Perjalanan Dinas Biasa
2495,1698,1.0,Belanja Perjalanan Dinas Biasa,Belanja Perjalanan Dinas Biasa
2495,1696,1.0,Belanja Perjalanan Dinas Biasa,Belanja Perjalanan Dinas Biasa
2495,1699,1.0,Belanja Perjalanan Dinas Biasa,Belanja Perjalanan Dinas Biasa
2495,1701,1.0,Belanja Perjalanan Dinas Biasa,Belanja Perjalanan Dinas Biasa
2495,1697,1.0,Belanja Perjalanan Dinas Biasa,Belanja Perjalanan Dinas Biasa
2496,1698,1.0,Belanja Perjalanan Dinas Biasa,Belanja Perjalanan Dinas Biasa
2496,1696,1.0,Belanja Perjalanan Dinas Biasa,Belanja Perjalanan Dinas Biasa
2496,1699,1.0,Belanja Perjalanan Dinas Biasa,Belanja Perjalanan Dinas Biasa
2496,1701,1.0,Belanja Perjalanan Dinas Biasa,Belanja Perjalanan Dinas Biasa
2496,1697,1.0,Belanja Perjalanan Dinas Biasa,Belanja Perjalanan Dinas Biasa
2497,1698,1.0,Belanja Perjalanan Dinas Biasa,Belanja Perjalanan Dinas Biasa
2497,1696,1.0,Belanja Perjalanan Dinas Biasa,Belanja Perjalanan Dinas Biasa
2497,1699,1.0,Belanja Perjalanan Dinas Biasa,Belanja Perjalanan Dinas Biasa
2497,1701,1.0,Belanja Perjalanan Dinas Biasa,Belanja Perjalanan Dinas Biasa
2497,1697,1.0,Belanja Perjalanan Dinas Biasa,Belanja Perjalanan Dinas Biasa
2498,2938,1.0,Belanja Perjalanan Dinas Paket Meeting Dalam Kota,Belanja Perjalanan Dinas Paket Meeting Dalam Kota
2498,1128,1.0,Belanja Perjalanan Dinas Paket Meeting Dalam Kota,Belanja Perjalanan Dinas Paket Meeting Dalam Kota
2498,2555,1.0,Belanja Perjalanan Dinas Paket Meeting Dalam Kota,Belanja Perjalanan Dinas Paket Meeting Dalam Kota
2498,2532,1.0,Belanja Perjalanan Dinas Paket Meeting Dalam Kota,Belanja Perjalanan Dinas Paket Meeting Dalam Kota
2498,2278,1.0,Belanja Perjalanan Dinas Paket Meeting Dalam Kota,Belanja Perjalanan Dinas Paket Meeting Dalam Kota
2499,1698,1.0,Belanja Perjalanan Dinas Biasa,Belanja Perjalanan Dinas Biasa
2499,1696,1.0,Belanja Perjalanan Dinas Biasa,Belanja Perjalanan Dinas Biasa
2499,1699,1.0,Belanja Perjalanan Dinas Biasa,Belanja Perjalanan Dinas Biasa
2499,1701,1.0,Belanja Perjalanan Dinas Biasa,Belanja Perjalanan Dinas Biasa
2499,1697,1.0,Belanja Perjalanan Dinas Biasa,Belanja Perjalanan Dinas Biasa
2500,1698,1.0,Belanja Perjalanan Dinas Biasa,Belanja Perjalanan Dinas Biasa
2500,1696,1.0,Belanja Perjalanan Dinas Biasa,Belanja Perjalanan Dinas Biasa
2500,1699,1.0,Belanja Perjalanan Dinas Biasa,Belanja Perjalanan Dinas Biasa
2500,1701,1.0,Belanja Perjalanan Dinas Biasa,Belanja Perjalanan Dinas Biasa
2500,1697,1.0,Belanja Perjalanan Dinas Biasa,Belanja Perjalanan Dinas Biasa
2501,1698,1.0,Belanja Perjalanan Dinas Biasa,Belanja Perjalanan Dinas Biasa
2501,1696,1.0,Belanja Perjalanan Dinas Biasa,Belanja Perjalanan Dinas Biasa
2501,1699,1.0,Belanja Perjalanan Dinas Biasa,Belanja Perjalanan Dinas Biasa
2501,1701,1.0,Belanja Perjalanan Dinas Biasa,Belanja Perjalanan Dinas Biasa
2501,1697,1.0,Belanja Perjalanan Dinas Biasa,Belanja Perjalanan Dinas Biasa
2502,1145,1.0,Belanja Perjalanan Dinas Dalam Kota,Belanja Perjalanan Dinas Dalam Kota
2502,1147,1.0,Belanja Perjalanan Dinas Dalam Kota,Belanja Perjalanan Dinas Dalam Kota
2502,1144,1.0,Belanja Perjalanan Dinas Dalam Kota,Belanja Perjalanan Dinas Dalam Kota
2502,1141,1.0,Belanja Perjalanan Dinas Dalam Kota,Belanja Perjalanan Dinas Dalam Kota
2502,1148,1.0,Belanja Perjalanan Dinas Dalam Kota,Belanja Perjalanan Dinas Dalam Kota
2503,1698,1.0,Belanja Perjalanan Dinas Biasa,Belanja Perjalanan Dinas Biasa
2503,1696,1.0,Belanja Perjalanan Dinas Biasa,Belanja Perjalanan Dinas Biasa
2503,1699,1.0,Belanja Perjalanan Dinas Biasa,Belanja Perjalanan Dinas Biasa
2503,1701,1.0,Belanja Perjalanan Dinas Biasa,Belanja Perjalanan Dinas Biasa
2503,1697,1.0,Belanja Perjalanan Dinas Biasa,Belanja Perjalanan Dinas Biasa
2504,2524,1.0,Perjalanan Dinas Biasa Pendidikan dan Pelatihan Pegawai Berdasarkan Tugas dan Fungsi,Perjalanan Dinas Biasa Pendidikan dan Pelatihan Pegawai Berdasarkan Tugas dan Fungsi
2504,2996,0.9983276750749797,Perjalanan Dinas Biasa Pendidikan dan Pelatihan Pegawai Berdasarkan Tugas dan Fungsi,Belanja Perjalanan Dinas Biasa Pendidikan dan Pelatihan Pegawai Berdasarkan Tugas dan Fungsi
2505,2525,1.0,Perjalanan Dinas Biasa Koordinasi dan Penyusunan Capaian Kinerja,Perjalanan Dinas Biasa Koordinasi dan Penyusunan Capaian Kinerja
2506,1698,1.0,Belanja Perjalanan Dinas Biasa,Belanja Perjalanan Dinas Biasa
2506,1696,1.0,Belanja Perjalanan Dinas Biasa,Belanja Perjalanan Dinas Biasa
2506,1699,1.0,Belanja Perjalanan Dinas Biasa,Belanja Perjalanan Dinas Biasa
2506,1701,1.0,Belanja Perjalanan Dinas Biasa,Belanja Perjalanan Dinas Biasa
2506,1697,1.0,Belanja Perjalanan Dinas Biasa,Belanja Perjalanan Dinas Biasa
2507,2679,1.0,Perjalanan Dinas Luar Daerah,Perjalanan dinas luar daerah
2507,2678,1.0,Perjalanan Dinas Luar Daerah,Perjalanan Dinas Luar Daerah
2507,2579,0.9891647099423981,Perjalanan Dinas Luar Daerah,BELANJA PERJALANAN DINAS LUAR DAERAH
2507,2698,0.9891647099423981,Perjalanan Dinas Luar Daerah,Belanja Perjalanan Dinas Luar Daerah
2508,2580,1.0,Perjalanan Dinas dalam daerah,Perjalanan Dinas Dalam Daerah
2508,2533,1.0,Perjalanan Dinas dalam daerah,Perjalanan Dinas Dalam Daerah
2508,1189,1.0,Perjalanan Dinas dalam daerah,Perjalanan Dinas Dalam Daerah
2508,2609,1.0,Perjalanan Dinas dalam daerah,PERJALANAN DINAS DALAM DAERAH
2508,2581,1.0,Perjalanan Dinas dalam daerah,Perjalanan Dinas Dalam Daerah
2509,2740,0.9225497444467897,Biaya Perjalanan Dinas Penyelenggaraan Rapat Koordinasi dan Konsultasi SKPD,Perjalanan Dinas Penyelenggaraan Rapat Koordinasi dan Konsultasi SKPD)
2509,2874,0.9192899593368985,Biaya Perjalanan Dinas Penyelenggaraan Rapat Koordinasi dan Konsultasi SKPD,Belanja Perjalanan Dinas (Penyelenggaraan Rapat Koordinasi dan Konsultasi SKPD)
2509,2527,0.9188623406213676,Biaya Perjalanan Dinas Penyelenggaraan Rapat Koordinasi dan Konsultasi SKPD,Perjalanan Dinas Biasa Penyelenggaraan Rapat Koordinasi dan Konsultasi SKPD
2509,2398,0.9156413512400337,Biaya Perjalanan Dinas Penyelenggaraan Rapat Koordinasi dan Konsultasi SKPD,Belanja Perjalanan Dinas Biasa Penyelenggaraan Rapat Koordinasi dan Konsultasi SKPD
2510,1698,1.0,Belanja Perjalanan Dinas Biasa,Belanja Perjalanan Dinas Biasa
2510,1696,1.0,Belanja Perjalanan Dinas Biasa,Belanja Perjalanan Dinas Biasa
2510,1699,1.0,Belanja Perjalanan Dinas Biasa,Belanja Perjalanan Dinas Biasa
2510,1701,1.0,Belanja Perjalanan Dinas Biasa,Belanja Perjalanan Dinas Biasa
2510,1697,1.0,Belanja Perjalanan Dinas Biasa,Belanja Perjalanan Dinas Biasa
2511,2938,1.0,Belanja Perjalanan Dinas Paket Meeting Dalam Kota,Belanja Perjalanan Dinas Paket Meeting Dalam Kota
2511,1128,1.0,Belanja Perjalanan Dinas Paket Meeting Dalam Kota,Belanja Perjalanan Dinas Paket Meeting Dalam Kota
2511,2555,1.0,Belanja Perjalanan Dinas Paket Meeting Dalam Kota,Belanja Perjalanan Dinas Paket Meeting Dalam Kota
2511,2532,1.0,Belanja Perjalanan Dinas Paket Meeting Dalam Kota,Belanja Perjalanan Dinas Paket Meeting Dalam Kota
2511,2278,1.0,Belanja Perjalanan Dinas Paket Meeting Dalam Kota,Belanja Perjalanan Dinas Paket Meeting Dalam Kota
2512,1698,1.0,Belanja Perjalanan Dinas Biasa,Belanja Perjalanan Dinas Biasa
2512,1696,1.0,Belanja Perjalanan Dinas Biasa,Belanja Perjalanan Dinas Biasa
2512,1699,1.0,Belanja Perjalanan Dinas Biasa,Belanja Perjalanan Dinas Biasa
2512,1701,1.0,Belanja Perjalanan Dinas Biasa,Belanja Perjalanan Dinas Biasa
2512,1697,1.0,Belanja Perjalanan Dinas Biasa,Belanja Perjalanan Dinas Biasa
2513,2897,0.8926931523513564,Belanja Perjalanan Dinas Biasa Pembinaan Pengelolaan dan Pengembangan Sistem Penyediaan Air Minum (SPAM) Kabupaten/Kota,Belanja Perjalanan Dinas dan Belanja Jasa Kantor (Pembinaan Pengelolaan dan Pengembangan Sistem Penyediaan Air Minum (SPAM) Kabupaten/Kota)
2515,1698,1.0,Belanja Perjalanan Dinas Biasa,Belanja Perjalanan Dinas Biasa
2515,1696,1.0,Belanja Perjalanan Dinas Biasa,Belanja Perjalanan Dinas Biasa
2515,1699,1.0,Belanja Perjalanan Dinas Biasa,Belanja Perjalanan Dinas Biasa
2515,1701,1.0,Belanja Perjalanan Dinas Biasa,Belanja Perjalanan Dinas Biasa
2515,1697,1.0,Belanja Perjalanan Dinas Biasa,Belanja Perjalanan Dinas Biasa
2516,1698,1.0,Belanja Perjalanan Dinas Biasa,Belanja Perjalanan Dinas Biasa
2516,1696,1.0,Belanja Perjalanan Dinas Biasa,Belanja Perjalanan Dinas Biasa
2516,1699,1.0,Belanja Perjalanan Dinas Biasa,Belanja Perjalanan Dinas Biasa
2516,1701,1.0,Belanja Perjalanan Dinas Biasa,Belanja Perjalanan Dinas Biasa
2516,1697,1.0,Belanja Perjalanan Dinas Biasa,Belanja Perjalanan Dinas Biasa
2517,1698,1.0,Belanja Perjalanan Dinas Biasa,Belanja Perjalanan Dinas Biasa
2517,1696,1.0,Belanja Perjalanan Dinas Biasa,Belanja Perjalanan Dinas Biasa
2517,1699,1.0,Belanja Perjalanan Dinas Biasa,Belanja Perjalanan Dinas Biasa
2517,1701,1.0,Belanja Perjalanan Dinas Biasa,Belanja Perjalanan Dinas Biasa
2517,1697,1.0,Belanja Perjalanan Dinas Biasa,Belanja Perjalanan Dinas Biasa
2518,1698,1.0,Belanja Perjalanan Dinas Biasa,Belanja Perjalanan Dinas Biasa
2518,1696,1.0,Belanja Perjalanan Dinas Biasa,Belanja Perjalanan Dinas Biasa
2518,1699,1.0,Belanja Perjalanan Dinas Biasa,Belanja Perjalanan Dinas Biasa
2518,1701,1.0,Belanja Perjalanan Dinas Biasa,Belanja Perjalanan Dinas Biasa
2518,1697,1.0,Belanja Perjalanan Dinas Biasa,Belanja Perjalanan Dinas Biasa
2519,1698,1.0,Belanja Perjalanan Dinas Biasa,Belanja Perjalanan Dinas Biasa
2519,1696,1.0,Belanja Perjalanan Dinas Biasa,Belanja Perjalanan Dinas Biasa
2519,1699,1.0,Belanja Perjalanan Dinas Biasa,Belanja Perjalanan Dinas Biasa
2519,1701,1.0,Belanja Perjalanan Dinas Biasa,Belanja Perjalanan Dinas Biasa
2519,1697,1.0,Belanja Perjalanan Dinas Biasa,Belanja Perjalanan Dinas Biasa
2520,1145,1.0,Belanja Perjalanan Dinas Dalam Kota,Belanja Perjalanan Dinas Dalam Kota
2520,1147,1.0,Belanja Perjalanan Dinas Dalam Kota,Belanja Perjalanan Dinas Dalam Kota
2520,1144,1.0,Belanja Perjalanan Dinas Dalam Kota,Belanja Perjalanan Dinas Dalam Kota
2520,1141,1.0,Belanja Perjalanan Dinas Dalam Kota,Belanja Perjalanan Dinas Dalam Kota
2520,1148,1.0,Belanja Perjalanan Dinas Dalam Kota,Belanja Perjalanan Dinas Dalam Kota
2521,1145,1.0,Belanja Perjalanan Dinas Dalam Kota,Belanja Perjalanan Dinas Dalam Kota
2521,1147,1.0,Belanja Perjalanan Dinas Dalam Kota,Belanja Perjalanan Dinas Dalam Kota
2521,1144,1.0,Belanja Perjalanan Dinas Dalam Kota,Belanja Perjalanan Dinas Dalam Kota
2521,1141,1.0,Belanja Perjalanan Dinas Dalam Kota,Belanja Perjalanan Dinas Dalam Kota
2521,1148,1.0,Belanja Perjalanan Dinas Dalam Kota,Belanja Perjalanan Dinas Dalam Kota
2522,1698,1.0,Belanja Perjalanan Dinas Biasa,Belanja Perjalanan Dinas Biasa
2522,1696,1.0,Belanja Perjalanan Dinas Biasa,Belanja Perjalanan Dinas Biasa
2522,1699,1.0,Belanja Perjalanan Dinas Biasa,Belanja Perjalanan Dinas Biasa
2522,1701,1.0,Belanja Perjalanan Dinas Biasa,Belanja Perjalanan Dinas Biasa
2522,1697,1.0,Belanja Perjalanan Dinas Biasa,Belanja Perjalanan Dinas Biasa
2523,1698,1.0,Belanja Perjalanan Dinas Biasa,Belanja Perjalanan Dinas Biasa
2523,1696,1.0,Belanja Perjalanan Dinas Biasa,Belanja Perjalanan Dinas Biasa
2523,1699,1.0,Belanja Perjalanan Dinas Biasa,Belanja Perjalanan Dinas Biasa
2523,1701,1.0,Belanja Perjalanan Dinas Biasa,Belanja Perjalanan Dinas Biasa
2523,1697,1.0,Belanja Perjalanan Dinas Biasa,Belanja Perjalanan Dinas Biasa
2524,2996,0.9983276750749797,Perjalanan Dinas Biasa Pendidikan dan Pelatihan Pegawai Berdasarkan Tugas dan Fungsi,Belanja Perjalanan Dinas Biasa Pendidikan dan Pelatihan Pegawai Berdasarkan Tugas dan Fungsi
2526,1698,1.0,Belanja Perjalanan Dinas Biasa,Belanja Perjalanan Dinas Biasa
2526,1696,1.0,Belanja Perjalanan Dinas Biasa,Belanja Perjalanan Dinas Biasa
2526,1699,1.0,Belanja Perjalanan Dinas Biasa,Belanja Perjalanan Dinas Biasa
2526,1701,1.0,Belanja Perjalanan Dinas Biasa,Belanja Perjalanan Dinas Biasa
2526,1697,1.0,Belanja Perjalanan Dinas Biasa,Belanja Perjalanan Dinas Biasa
2527,2740,0.9960030298120854,Perjalanan Dinas Biasa Penyelenggaraan Rapat Koordinasi dan Konsultasi SKPD,Perjalanan Dinas Penyelenggaraan Rapat Koordinasi dan Konsultasi SKPD)
2527,2874,0.9924837010544421,Perjalanan Dinas Biasa Penyelenggaraan Rapat Koordinasi dan Konsultasi SKPD,Belanja Perjalanan Dinas (Penyelenggaraan Rapat Koordinasi dan Konsultasi SKPD)
2529,1698,1.0,Belanja Perjalanan Dinas Biasa,Belanja Perjalanan Dinas Biasa
2529,1696,1.0,Belanja Perjalanan Dinas Biasa,Belanja Perjalanan Dinas Biasa
2529,1699,1.0,Belanja Perjalanan Dinas Biasa,Belanja Perjalanan Dinas Biasa
2529,1701,1.0,Belanja Perjalanan Dinas Biasa,Belanja Perjalanan Dinas Biasa
2529,1697,1.0,Belanja Perjalanan Dinas Biasa,Belanja Perjalanan Dinas Biasa
2530,1698,1.0,Belanja Perjalanan Dinas Biasa,Belanja Perjalanan Dinas Biasa
2530,1696,1.0,Belanja Perjalanan Dinas Biasa,Belanja Perjalanan Dinas Biasa
2530,1699,1.0,Belanja Perjalanan Dinas Biasa,Belanja Perjalanan Dinas Biasa
2530,1701,1.0,Belanja Perjalanan Dinas Biasa,Belanja Perjalanan Dinas Biasa
2530,1697,1.0,Belanja Perjalanan Dinas Biasa,Belanja Perjalanan Dinas Biasa
2531,1698,1.0,Belanja Perjalanan Dinas Biasa,Belanja Perjalanan Dinas Biasa
2531,1696,1.0,Belanja Perjalanan Dinas Biasa,Belanja Perjalanan Dinas Biasa
2531,1699,1.0,Belanja Perjalanan Dinas Biasa,Belanja Perjalanan Dinas Biasa
2531,1701,1.0,Belanja Perjalanan Dinas Biasa,Belanja Perjalanan Dinas Biasa
2531,1697,1.0,Belanja Perjalanan Dinas Biasa,Belanja Perjalanan Dinas Biasa
2532,2938,1.0,Belanja Perjalanan Dinas Paket Meeting Dalam Kota,Belanja Perjalanan Dinas Paket Meeting Dalam Kota
2532,2555,1.0,Belanja Perjalanan Dinas Paket Meeting Dalam Kota,Belanja Perjalanan Dinas Paket Meeting Dalam Kota
2533,2580,1.0,Perjalanan Dinas Dalam Daerah,Perjalanan Dinas Dalam Daerah
2533,2609,1.0,Perjalanan Dinas Dalam Daerah,PERJALANAN DINAS DALAM DAERAH
2533,2581,1.0,Perjalanan Dinas Dalam Daerah,Perjalanan Dinas Dalam Daerah
2534,1698,1.0,Belanja Perjalanan Dinas Biasa,Belanja Perjalanan Dinas Biasa
2534,1696,1.0,Belanja Perjalanan Dinas Biasa,Belanja Perjalanan Dinas Biasa
2534,1699,1.0,Belanja Perjalanan Dinas Biasa,Belanja Perjalanan Dinas Biasa
2534,1701,1.0,Belanja Perjalanan Dinas Biasa,Belanja Perjalanan Dinas Biasa
2534,1697,1.0,Belanja Perjalanan Dinas Biasa,Belanja Perjalanan Dinas Biasa
2535,1698,1.0,Belanja Perjalanan Dinas Biasa,Belanja Perjalanan Dinas Biasa
2535,1696,1.0,Belanja Perjalanan Dinas Biasa,Belanja Perjalanan Dinas Biasa
2535,1699,1.0,Belanja Perjalanan Dinas Biasa,Belanja Perjalanan Dinas Biasa
2535,1701,1.0,Belanja Perjalanan Dinas Biasa,Belanja Perjalanan Dinas Biasa
2535,1697,1.0,Belanja Perjalanan Dinas Biasa,Belanja Perjalanan Dinas Biasa
2536,1698,1.0,Belanja Perjalanan Dinas Biasa,Belanja Perjalanan Dinas Biasa
2536,1696,1.0,Belanja Perjalanan Dinas Biasa,Belanja Perjalanan Dinas Biasa
2536,1699,1.0,Belanja Perjalanan Dinas Biasa,Belanja Perjalanan Dinas Biasa
2536,1701,1.0,Belanja Perjalanan Dinas Biasa,Belanja Perjalanan Dinas Biasa
2536,1697,1.0,Belanja Perjalanan Dinas Biasa,Belanja Perjalanan Dinas Biasa
2537,1698,1.0,Belanja Perjalanan Dinas Biasa,Belanja Perjalanan Dinas Biasa
2537,1696,1.0,Belanja Perjalanan Dinas Biasa,Belanja Perjalanan Dinas Biasa
2537,1699,1.0,Belanja Perjalanan Dinas Biasa,Belanja Perjalanan Dinas Biasa
2537,1701,1.0,Belanja Perjalanan Dinas Biasa,Belanja Perjalanan Dinas Biasa
2537,1697,1.0,Belanja Perjalanan Dinas Biasa,Belanja Perjalanan Dinas Biasa
2538,1145,1.0,Belanja Perjalanan Dinas Dalam Kota,Belanja Perjalanan Dinas Dalam Kota
2538,1147,1.0,Belanja Perjalanan Dinas Dalam Kota,Belanja Perjalanan Dinas Dalam Kota
2538,1144,1.0,Belanja Perjalanan Dinas Dalam Kota,Belanja Perjalanan Dinas Dalam Kota
2538,1141,1.0,Belanja Perjalanan Dinas Dalam Kota,Belanja Perjalanan Dinas Dalam Kota
2538,1148,1.0,Belanja Perjalanan Dinas Dalam Kota,Belanja Perjalanan Dinas Dalam Kota
2540,1698,1.0,Belanja Perjalanan Dinas Biasa,Belanja Perjalanan Dinas Biasa
2540,1696,1.0,Belanja Perjalanan Dinas Biasa,Belanja Perjalanan Dinas Biasa
2540,1699,1.0,Belanja Perjalanan Dinas Biasa,Belanja Perjalanan Dinas Biasa
2540,1701,1.0,Belanja Perjalanan Dinas Biasa,Belanja Perjalanan Dinas Biasa
2540,1697,1.0,Belanja Perjalanan Dinas Biasa,Belanja Perjalanan Dinas Biasa
2541,1698,1.0,Belanja Perjalanan Dinas Biasa,Belanja Perjalanan Dinas Biasa
2541,1696,1.0,Belanja Perjalanan Dinas Biasa,Belanja Perjalanan Dinas Biasa
2541,1699,1.0,Belanja Perjalanan Dinas Biasa,Belanja Perjalanan Dinas Biasa
2541,1701,1.0,Belanja Perjalanan Dinas Biasa,Belanja Perjalanan Dinas Biasa
2541,1697,1.0,Belanja Perjalanan Dinas Biasa,Belanja Perjalanan Dinas Biasa
2542,1698,1.0,Belanja Perjalanan Dinas Biasa,Belanja Perjalanan Dinas Biasa
2542,1696,1.0,Belanja Perjalanan Dinas Biasa,Belanja Perjalanan Dinas Biasa
2542,1699,1.0,Belanja Perjalanan Dinas Biasa,Belanja Perjalanan Dinas Biasa
2542,1701,1.0,Belanja Perjalanan Dinas Biasa,Belanja Perjalanan Dinas Biasa
2542,1697,1.0,Belanja Perjalanan Dinas Biasa,Belanja Perjalanan Dinas Biasa
2543,1698,1.0,Belanja Perjalanan Dinas Biasa,Belanja Perjalanan Dinas Biasa
2543,1696,1.0,Belanja Perjalanan Dinas Biasa,Belanja Perjalanan Dinas Biasa
2543,1699,1.0,Belanja Perjalanan Dinas Biasa,Belanja Perjalanan Dinas Biasa
2543,1701,1.0,Belanja Perjalanan Dinas Biasa,Belanja Perjalanan Dinas Biasa
2543,1697,1.0,Belanja Perjalanan Dinas Biasa,Belanja Perjalanan Dinas Biasa
2544,1698,1.0,Belanja Perjalanan Dinas Biasa,Belanja Perjalanan Dinas Biasa
2544,1696,1.0,Belanja Perjalanan Dinas Biasa,Belanja Perjalanan Dinas Biasa
2544,1699,1.0,Belanja Perjalanan Dinas Biasa,Belanja Perjalanan Dinas Biasa
2544,1701,1.0,Belanja Perjalanan Dinas Biasa,Belanja Perjalanan Dinas Biasa
2544,1697,1.0,Belanja Perjalanan Dinas Biasa,Belanja Perjalanan Dinas Biasa
2545,1698,1.0,Belanja Perjalanan Dinas Biasa,Belanja Perjalanan Dinas Biasa
2545,1696,1.0,Belanja Perjalanan Dinas Biasa,Belanja Perjalanan Dinas Biasa
2545,1699,1.0,Belanja Perjalanan Dinas Biasa,Belanja Perjalanan Dinas Biasa
2545,1701,1.0,Belanja Perjalanan Dinas Biasa,Belanja Perjalanan Dinas Biasa
2545,1697,1.0,Belanja Perjalanan Dinas Biasa,Belanja Perjalanan Dinas Biasa
2546,1698,1.0,Belanja Perjalanan Dinas Biasa,Belanja Perjalanan Dinas Biasa
2546,1696,1.0,Belanja Perjalanan Dinas Biasa,Belanja Perjalanan Dinas Biasa
2546,1699,1.0,Belanja Perjalanan Dinas Biasa,Belanja Perjalanan Dinas Biasa
2546,1701,1.0,Belanja Perjalanan Dinas Biasa,Belanja Perjalanan Dinas Biasa
2546,1697,1.0,Belanja Perjalanan Dinas Biasa,Belanja Perjalanan Dinas Biasa
2547,1698,1.0,Belanja Perjalanan Dinas Biasa,Belanja Perjalanan Dinas Biasa
2547,1696,1.0,Belanja Perjalanan Dinas Biasa,Belanja Perjalanan Dinas Biasa
2547,1699,1.0,Belanja Perjalanan Dinas Biasa,Belanja Perjalanan Dinas Biasa
2547,1701,1.0,Belanja Perjalanan Dinas Biasa,Belanja Perjalanan Dinas Biasa
2547,1697,1.0,Belanja Perjalanan Dinas Biasa,Belanja Perjalanan Dinas Biasa
2548,1698,1.0,Belanja Perjalanan Dinas Biasa,Belanja Perjalanan Dinas Biasa
2548,1696,1.0,Belanja Perjalanan Dinas Biasa,Belanja Perjalanan Dinas Biasa
2548,1699,1.0,Belanja Perjalanan Dinas Biasa,Belanja Perjalanan Dinas Biasa
2548,1701,1.0,Belanja Perjalanan Dinas Biasa,Belanja Perjalanan Dinas Biasa
2548,1697,1.0,Belanja Perjalanan Dinas Biasa,Belanja Perjalanan Dinas Biasa
2549,2550,1.0,Belanja Perjalanan Dinas Dalam Negeri,Belanja Perjalanan Dinas Dalam Negeri
2549,2824,1.0,Belanja Perjalanan Dinas Dalam Negeri,Belanja Perjalanan Dinas Dalam Negeri
2549,2177,0.9859851405513484,Belanja Perjalanan Dinas Dalam Negeri,Belanja Perjalanan Dinas Biasa - Dalam Negeri
2550,2824,1.0,Belanja Perjalanan Dinas Dalam Negeri,Belanja Perjalanan Dinas Dalam Negeri
2551,1698,1.0,Belanja Perjalanan Dinas Biasa,Belanja Perjalanan Dinas Biasa
2551,1696,1.0,Belanja Perjalanan Dinas Biasa,Belanja Perjalanan Dinas Biasa
2551,1699,1.0,Belanja Perjalanan Dinas Biasa,Belanja Perjalanan Dinas Biasa
2551,1701,1.0,Belanja Perjalanan Dinas Biasa,Belanja Perjalanan Dinas Biasa
2551,1697,1.0,Belanja Perjalanan Dinas Biasa,Belanja Perjalanan Dinas Biasa
2552,1145,1.0,Belanja Perjalanan Dinas Dalam Kota,Belanja Perjalanan Dinas Dalam Kota
2552,1147,1.0,Belanja Perjalanan Dinas Dalam Kota,Belanja Perjalanan Dinas Dalam Kota
2552,1144,1.0,Belanja Perjalanan Dinas Dalam Kota,Belanja Perjalanan Dinas Dalam Kota
2552,1141,1.0,Belanja Perjalanan Dinas Dalam Kota,Belanja Perjalanan Dinas Dalam Kota
2552,1148,1.0,Belanja Perjalanan Dinas Dalam Kota,Belanja Perjalanan Dinas Dalam Kota
2553,1698,1.0,Belanja Perjalanan Dinas Biasa,Belanja Perjalanan Dinas Biasa
2553,1696,1.0,Belanja Perjalanan Dinas Biasa,Belanja Perjalanan Dinas Biasa
2553,1699,1.0,Belanja Perjalanan Dinas Biasa,Belanja Perjalanan Dinas Biasa
2553,1701,1.0,Belanja Perjalanan Dinas Biasa,Belanja Perjalanan Dinas Biasa
2553,1697,1.0,Belanja Perjalanan Dinas Biasa,Belanja Perjalanan Dinas Biasa
2554,1145,1.0,Belanja Perjalanan Dinas Dalam Kota,Belanja Perjalanan Dinas Dalam Kota
2554,1147,1.0,Belanja Perjalanan Dinas Dalam Kota,Belanja Perjalanan Dinas Dalam Kota
2554,1144,1.0,Belanja Perjalanan Dinas Dalam Kota,Belanja Perjalanan Dinas Dalam Kota
2554,1141,1.0,Belanja Perjalanan Dinas Dalam Kota,Belanja Perjalanan Dinas Dalam Kota
2554,1148,1.0,Belanja Perjalanan Dinas Dalam Kota,Belanja Perjalanan Dinas Dalam Kota
2555,2938,1.0,Belanja Perjalanan Dinas Paket Meeting Dalam Kota,Belanja Perjalanan Dinas Paket Meeting Dalam Kota
2557,1698,1.0,Belanja Perjalanan Dinas Biasa,Belanja Perjalanan Dinas Biasa
2557,1696,1.0,Belanja Perjalanan Dinas Biasa,Belanja Perjalanan Dinas Biasa
2557,1699,1.0,Belanja Perjalanan Dinas Biasa,Belanja Perjalanan Dinas Biasa
2557,1701,1.0,Belanja Perjalanan Dinas Biasa,Belanja Perjalanan Dinas Biasa
2557,1697,1.0,Belanja Perjalanan Dinas Biasa,Belanja Perjalanan Dinas Biasa
2558,1698,1.0,Belanja Perjalanan Dinas Biasa,Belanja Perjalanan Dinas Biasa
2558,1696,1.0,Belanja Perjalanan Dinas Biasa,Belanja Perjalanan Dinas Biasa
2558,1699,1.0,Belanja Perjalanan Dinas Biasa,Belanja Perjalanan Dinas Biasa
2558,1701,1.0,Belanja Perjalanan Dinas Biasa,Belanja Perjalanan Dinas Biasa
2558,1697,1.0,Belanja Perjalanan Dinas Biasa,Belanja Perjalanan Dinas Biasa
2559,2577,1.0,Belanja PerjalananDinas Biasa,Belanja PerjalananDinas Biasa
2559,2620,1.0,Belanja PerjalananDinas Biasa,Belanja PerjalananDinas Biasa
2559,2576,1.0,Belanja PerjalananDinas Biasa,Belanja PerjalananDinas Biasa
2559,2675,1.0,Belanja PerjalananDinas Biasa,Belanja PerjalananDinas Biasa
2559,2619,1.0,Belanja PerjalananDinas Biasa,Belanja PerjalananDinas Biasa
2560,1698,1.0,Belanja Perjalanan Dinas Biasa,Belanja Perjalanan Dinas Biasa
2560,1696,1.0,Belanja Perjalanan Dinas Biasa,Belanja Perjalanan Dinas Biasa
2560,1699,1.0,Belanja Perjalanan Dinas Biasa,Belanja Perjalanan Dinas Biasa
2560,1701,1.0,Belanja Perjalanan Dinas Biasa,Belanja Perjalanan Dinas Biasa
2560,1697,1.0,Belanja Perjalanan Dinas Biasa,Belanja Perjalanan Dinas Biasa
2561,1698,1.0,Belanja Perjalanan Dinas Biasa,Belanja Perjalanan Dinas Biasa
2561,1696,1.0,Belanja Perjalanan Dinas Biasa,Belanja Perjalanan Dinas Biasa
2561,1699,1.0,Belanja Perjalanan Dinas Biasa,Belanja Perjalanan Dinas Biasa
2561,1701,1.0,Belanja Perjalanan Dinas Biasa,Belanja Perjalanan Dinas Biasa
2561,1697,1.0,Belanja Perjalanan Dinas Biasa,Belanja Perjalanan Dinas Biasa
2562,1698,1.0,Belanja Perjalanan Dinas Biasa,Belanja Perjalanan Dinas Biasa
2562,1696,1.0,Belanja Perjalanan Dinas Biasa,Belanja Perjalanan Dinas Biasa
2562,1699,1.0,Belanja Perjalanan Dinas Biasa,Belanja Perjalanan Dinas Biasa
2562,1701,1.0,Belanja Perjalanan Dinas Biasa,Belanja Perjalanan Dinas Biasa
2562,1697,1.0,Belanja Perjalanan Dinas Biasa,Belanja Perjalanan Dinas Biasa
2564,1145,1.0,Belanja Perjalanan Dinas Dalam Kota,Belanja Perjalanan Dinas Dalam Kota
2564,1147,1.0,Belanja Perjalanan Dinas Dalam Kota,Belanja Perjalanan Dinas Dalam Kota
2564,1144,1.0,Belanja Perjalanan Dinas Dalam Kota,Belanja Perjalanan Dinas Dalam Kota
2564,1141,1.0,Belanja Perjalanan Dinas Dalam Kota,Belanja Perjalanan Dinas Dalam Kota
2564,1148,1.0,Belanja Perjalanan Dinas Dalam Kota,Belanja Perjalanan Dinas Dalam Kota
2565,2800,1.0,Belanja Perjalanan Dinas,Belanja Perjalanan Dinas
2565,2238,1.0,Belanja Perjalanan Dinas,Belanja Perjalanan Dinas
2565,2652,1.0,Belanja Perjalanan Dinas,Belanja Perjalanan Dinas
2565,2840,1.0,Belanja Perjalanan Dinas,Belanja Perjalanan Dinas
2565,2651,1.0,Belanja Perjalanan Dinas,Belanja Perjalanan Dinas
2566,1698,1.0,Belanja Perjalanan Dinas Biasa,Belanja Perjalanan Dinas Biasa
2566,1696,1.0,Belanja Perjalanan Dinas Biasa,Belanja Perjalanan Dinas Biasa
2566,1699,1.0,Belanja Perjalanan Dinas Biasa,Belanja Perjalanan Dinas Biasa
2566,1701,1.0,Belanja Perjalanan Dinas Biasa,Belanja Perjalanan Dinas Biasa
2566,1697,1.0,Belanja Perjalanan Dinas Biasa,Belanja Perjalanan Dinas Biasa
2567,2470,1.0,Perjalanan Dinas Biasa,Perjalanan Dinas Biasa
2567,2273,1.0,Perjalanan Dinas Biasa,Perjalanan Dinas Biasa
2567,2340,1.0,Perjalanan Dinas Biasa,Perjalanan Dinas Biasa
2567,2932,1.0,Perjalanan Dinas Biasa,Perjalanan Dinas Biasa
2567,2672,1.0,Perjalanan Dinas Biasa,Perjalanan Dinas Biasa
2568,1698,1.0,Belanja Perjalanan Dinas Biasa,Belanja Perjalanan Dinas Biasa
2568,1696,1.0,Belanja Perjalanan Dinas Biasa,Belanja Perjalanan Dinas Biasa
2568,1699,1.0,Belanja Perjalanan Dinas Biasa,Belanja Perjalanan Dinas Biasa
2568,1701,1.0,Belanja Perjalanan Dinas Biasa,Belanja Perjalanan Dinas Biasa
2568,1697,1.0,Belanja Perjalanan Dinas Biasa,Belanja Perjalanan Dinas Biasa
2569,1145,1.0,Belanja Perjalanan Dinas Dalam Kota,Belanja Perjalanan Dinas Dalam Kota
2569,1147,1.0,Belanja Perjalanan Dinas Dalam Kota,Belanja Perjalanan Dinas Dalam Kota
2569,1144,1.0,Belanja Perjalanan Dinas Dalam Kota,Belanja Perjalanan Dinas Dalam Kota
2569,1141,1.0,Belanja Perjalanan Dinas Dalam Kota,Belanja Perjalanan Dinas Dalam Kota
2569,1148,1.0,Belanja Perjalanan Dinas Dalam Kota,Belanja Perjalanan Dinas Dalam Kota
2570,1145,1.0,Belanja Perjalanan Dinas Dalam Kota,Belanja Perjalanan Dinas Dalam Kota
2570,1147,1.0,Belanja Perjalanan Dinas Dalam Kota,Belanja Perjalanan Dinas Dalam Kota
2570,1144,1.0,Belanja Perjalanan Dinas Dalam Kota,Belanja Perjalanan Dinas Dalam Kota
2570,1141,1.0,Belanja Perjalanan Dinas Dalam Kota,Belanja Perjalanan Dinas Dalam Kota
2570,1148,1.0,Belanja Perjalanan Dinas Dalam Kota,Belanja Perjalanan Dinas Dalam Kota
2571,1145,1.0,Belanja Perjalanan Dinas Dalam Kota,Belanja Perjalanan Dinas Dalam Kota
2571,1147,1.0,Belanja Perjalanan Dinas Dalam Kota,Belanja Perjalanan Dinas Dalam Kota
2571,1144,1.0,Belanja Perjalanan Dinas Dalam Kota,Belanja Perjalanan Dinas Dalam Kota
2571,1141,1.0,Belanja Perjalanan Dinas Dalam Kota,Belanja Perjalanan Dinas Dalam Kota
2571,1148,1.0,Belanja Perjalanan Dinas Dalam Kota,Belanja Perjalanan Dinas Dalam Kota
2572,1698,1.0,Belanja Perjalanan Dinas Biasa,Belanja Perjalanan Dinas Biasa
2572,1696,1.0,Belanja Perjalanan Dinas Biasa,Belanja Perjalanan Dinas Biasa
2572,1699,1.0,Belanja Perjalanan Dinas Biasa,Belanja Perjalanan Dinas Biasa
2572,1701,1.0,Belanja Perjalanan Dinas Biasa,Belanja Perjalanan Dinas Biasa
2572,1697,1.0,Belanja Perjalanan Dinas Biasa,Belanja Perjalanan Dinas Biasa
2573,1698,1.0,Belanja Perjalanan Dinas Biasa,Belanja Perjalanan Dinas Biasa
2573,1696,1.0,Belanja Perjalanan Dinas Biasa,Belanja Perjalanan Dinas Biasa
2573,1699,1.0,Belanja Perjalanan Dinas Biasa,Belanja Perjalanan Dinas Biasa
2573,1701,1.0,Belanja Perjalanan Dinas Biasa,Belanja Perjalanan Dinas Biasa
2573,1697,1.0,Belanja Perjalanan Dinas Biasa,Belanja Perjalanan Dinas Biasa
2575,2698,1.0,Belanja Perjalanan Dinas Luar Daerah,Belanja Perjalanan Dinas Luar Daerah
2575,2579,1.0,Belanja Perjalanan Dinas Luar Daerah,BELANJA PERJALANAN DINAS LUAR DAERAH
2575,2679,0.9891647099423981,Belanja Perjalanan Dinas Luar Daerah,Perjalanan dinas luar daerah
2575,2507,0.9891647099423981,Belanja Perjalanan Dinas Luar Daerah,Perjalanan Dinas Luar Daerah
2576,2577,1.0,Belanja PerjalananDinas Biasa,Belanja PerjalananDinas Biasa
2576,2620,1.0,Belanja PerjalananDinas Biasa,Belanja PerjalananDinas Biasa
2576,2675,1.0,Belanja PerjalananDinas Biasa,Belanja PerjalananDinas Biasa
2576,2619,1.0,Belanja PerjalananDinas Biasa,Belanja PerjalananDinas Biasa
2577,2620,1.0,Belanja PerjalananDinas Biasa,Belanja PerjalananDinas Biasa
2577,2675,1.0,Belanja PerjalananDinas Biasa,Belanja PerjalananDinas Biasa
2577,2619,1.0,Belanja PerjalananDinas Biasa,Belanja PerjalananDinas Biasa
2578,1698,1.0,Belanja Perjalanan Dinas Biasa,Belanja Perjalanan Dinas Biasa
2578,1696,1.0,Belanja Perjalanan Dinas Biasa,Belanja Perjalanan Dinas Biasa
2578,1699,1.0,Belanja Perjalanan Dinas Biasa,Belanja Perjalanan Dinas Biasa
2578,1701,1.0,Belanja Perjalanan Dinas Biasa,Belanja Perjalanan Dinas Biasa
2578,1697,1.0,Belanja Perjalanan Dinas Biasa,Belanja Perjalanan Dinas Biasa
2579,2698,1.0,BELANJA PERJALANAN DINAS LUAR DAERAH,Belanja Perjalanan Dinas Luar Daerah
2579,2679,0.9891647099423981,BELANJA PERJALANAN DINAS LUAR DAERAH,Perjalanan dinas luar daerah
2580,2609,1.0,Perjalanan Dinas Dalam Daerah,PERJALANAN DINAS DALAM DAERAH
2580,2581,1.0,Perjalanan Dinas Dalam Daerah,Perjalanan Dinas Dalam Daerah
2581,2609,1.0,Perjalanan Dinas Dalam Daerah,PERJALANAN DINAS DALAM DAERAH
2582,1698,1.0,Belanja Perjalanan Dinas Biasa,Belanja Perjalanan Dinas Biasa
2582,1696,1.0,Belanja Perjalanan Dinas Biasa,Belanja Perjalanan Dinas Biasa
2582,1699,1.0,Belanja Perjalanan Dinas Biasa,Belanja Perjalanan Dinas Biasa
2582,1701,1.0,Belanja Perjalanan Dinas Biasa,Belanja Perjalanan Dinas Biasa
2582,1697,1.0,Belanja Perjalanan Dinas Biasa,Belanja Perjalanan Dinas Biasa
2583,1698,1.0,Belanja Perjalanan Dinas Biasa,Belanja Perjalanan Dinas Biasa
2583,1696,1.0,Belanja Perjalanan Dinas Biasa,Belanja Perjalanan Dinas Biasa
2583,1699,1.0,Belanja Perjalanan Dinas Biasa,Belanja Perjalanan Dinas Biasa
2583,1701,1.0,Belanja Perjalanan Dinas Biasa,Belanja Perjalanan Dinas Biasa
2583,1697,1.0,Belanja Perjalanan Dinas Biasa,Belanja Perjalanan Dinas Biasa
2584,1698,1.0,Belanja Perjalanan Dinas Biasa,Belanja Perjalanan Dinas Biasa
2584,1696,1.0,Belanja Perjalanan Dinas Biasa,Belanja Perjalanan Dinas Biasa
2584,1699,1.0,Belanja Perjalanan Dinas Biasa,Belanja Perjalanan Dinas Biasa
2584,1701,1.0,Belanja Perjalanan Dinas Biasa,Belanja Perjalanan Dinas Biasa
2584,1697,1.0,Belanja Perjalanan Dinas Biasa,Belanja Perjalanan Dinas Biasa
2585,1698,1.0,Belanja Perjalanan Dinas Biasa,Belanja Perjalanan Dinas Biasa
2585,1696,1.0,Belanja Perjalanan Dinas Biasa,Belanja Perjalanan Dinas Biasa
2585,1699,1.0,Belanja Perjalanan Dinas Biasa,Belanja Perjalanan Dinas Biasa
2585,1701,1.0,Belanja Perjalanan Dinas Biasa,Belanja Perjalanan Dinas Biasa
2585,1697,1.0,Belanja Perjalanan Dinas Biasa,Belanja Perjalanan Dinas Biasa
2586,1698,1.0,Belanja Perjalanan Dinas Biasa,Belanja Perjalanan Dinas Biasa
2586,1696,1.0,Belanja Perjalanan Dinas Biasa,Belanja Perjalanan Dinas Biasa
2586,1699,1.0,Belanja Perjalanan Dinas Biasa,Belanja Perjalanan Dinas Biasa
2586,1701,1.0,Belanja Perjalanan Dinas Biasa,Belanja Perjalanan Dinas Biasa
2586,1697,1.0,Belanja Perjalanan Dinas Biasa,Belanja Perjalanan Dinas Biasa
2587,1698,1.0,Belanja Perjalanan Dinas Biasa,Belanja Perjalanan Dinas Biasa
2587,1696,1.0,Belanja Perjalanan Dinas Biasa,Belanja Perjalanan Dinas Biasa
2587,1699,1.0,Belanja Perjalanan Dinas Biasa,Belanja Perjalanan Dinas Biasa
2587,1701,1.0,Belanja Perjalanan Dinas Biasa,Belanja Perjalanan Dinas Biasa
2587,1697,1.0,Belanja Perjalanan Dinas Biasa,Belanja Perjalanan Dinas Biasa
2588,1698,1.0,Belanja Perjalanan Dinas Biasa,Belanja Perjalanan Dinas Biasa
2588,1696,1.0,Belanja Perjalanan Dinas Biasa,Belanja Perjalanan Dinas Biasa
2588,1699,1.0,Belanja Perjalanan Dinas Biasa,Belanja Perjalanan Dinas Biasa
2588,1701,1.0,Belanja Perjalanan Dinas Biasa,Belanja Perjalanan Dinas Biasa
2588,1697,1.0,Belanja Perjalanan Dinas Biasa,Belanja Perjalanan Dinas Biasa
2589,1698,1.0,Belanja Perjalanan Dinas Biasa,Belanja Perjalanan Dinas Biasa
2589,1696,1.0,Belanja Perjalanan Dinas Biasa,Belanja Perjalanan Dinas Biasa
2589,1699,1.0,Belanja Perjalanan Dinas Biasa,Belanja Perjalanan Dinas Biasa
2589,1701,1.0,Belanja Perjalanan Dinas Biasa,Belanja Perjalanan Dinas Biasa
2589,1697,1.0,Belanja Perjalanan Dinas Biasa,Belanja Perjalanan Dinas Biasa
2590,1698,1.0,Belanja Perjalanan Dinas Biasa,Belanja Perjalanan Dinas Biasa
2590,1696,1.0,Belanja Perjalanan Dinas Biasa,Belanja Perjalanan Dinas Biasa
2590,1699,1.0,Belanja Perjalanan Dinas Biasa,Belanja Perjalanan Dinas Biasa
2590,1701,1.0,Belanja Perjalanan Dinas Biasa,Belanja Perjalanan Dinas Biasa
2590,1697,1.0,Belanja Perjalanan Dinas Biasa,Belanja Perjalanan Dinas Biasa
2591,1698,1.0,Belanja Perjalanan Dinas Biasa,Belanja Perjalanan Dinas Biasa
2591,1696,1.0,Belanja Perjalanan Dinas Biasa,Belanja Perjalanan Dinas Biasa
2591,1699,1.0,Belanja Perjalanan Dinas Biasa,Belanja Perjalanan Dinas Biasa
2591,1701,1.0,Belanja Perjalanan Dinas Biasa,Belanja Perjalanan Dinas Biasa
2591,1697,1.0,Belanja Perjalanan Dinas Biasa,Belanja Perjalanan Dinas Biasa
2592,1698,1.0,Belanja Perjalanan Dinas Biasa,Belanja Perjalanan Dinas Biasa
2592,1696,1.0,Belanja Perjalanan Dinas Biasa,Belanja Perjalanan Dinas Biasa
2592,1699,1.0,Belanja Perjalanan Dinas Biasa,Belanja Perjalanan Dinas Biasa
2592,1701,1.0,Belanja Perjalanan Dinas Biasa,Belanja Perjalanan Dinas Biasa
2592,1697,1.0,Belanja Perjalanan Dinas Biasa,Belanja Perjalanan Dinas Biasa
2593,1698,1.0,Belanja Perjalanan Dinas Biasa,Belanja Perjalanan Dinas Biasa
2593,1696,1.0,Belanja Perjalanan Dinas Biasa,Belanja Perjalanan Dinas Biasa
2593,1699,1.0,Belanja Perjalanan Dinas Biasa,Belanja Perjalanan Dinas Biasa
2593,1701,1.0,Belanja Perjalanan Dinas Biasa,Belanja Perjalanan Dinas Biasa
2593,1697,1.0,Belanja Perjalanan Dinas Biasa,Belanja Perjalanan Dinas Biasa
2594,1698,1.0,Belanja Perjalanan Dinas Biasa,Belanja Perjalanan Dinas Biasa
2594,1696,1.0,Belanja Perjalanan Dinas Biasa,Belanja Perjalanan Dinas Biasa
2594,1699,1.0,Belanja Perjalanan Dinas Biasa,Belanja Perjalanan Dinas Biasa
2594,1701,1.0,Belanja Perjalanan Dinas Biasa,Belanja Perjalanan Dinas Biasa
2594,1697,1.0,Belanja Perjalanan Dinas Biasa,Belanja Perjalanan Dinas Biasa
2595,1698,1.0,Belanja Perjalanan Dinas Biasa,Belanja Perjalanan Dinas Biasa
2595,1696,1.0,Belanja Perjalanan Dinas Biasa,Belanja Perjalanan Dinas Biasa
2595,1699,1.0,Belanja Perjalanan Dinas Biasa,Belanja Perjalanan Dinas Biasa
2595,1701,1.0,Belanja Perjalanan Dinas Biasa,Belanja Perjalanan Dinas Biasa
2595,1697,1.0,Belanja Perjalanan Dinas Biasa,Belanja Perjalanan Dinas Biasa
2596,1698,1.0,Belanja Perjalanan Dinas Biasa,Belanja Perjalanan Dinas Biasa
2596,1696,1.0,Belanja Perjalanan Dinas Biasa,Belanja Perjalanan Dinas Biasa
2596,1699,1.0,Belanja Perjalanan Dinas Biasa,Belanja Perjalanan Dinas Biasa
2596,1701,1.0,Belanja Perjalanan Dinas Biasa,Belanja Perjalanan Dinas Biasa
2596,1697,1.0,Belanja Perjalanan Dinas Biasa,Belanja Perjalanan Dinas Biasa
2597,1698,1.0,Belanja Perjalanan Dinas Biasa,Belanja Perjalanan Dinas Biasa
2597,1696,1.0,Belanja Perjalanan Dinas Biasa,Belanja Perjalanan Dinas Biasa
2597,1699,1.0,Belanja Perjalanan Dinas Biasa,Belanja Perjalanan Dinas Biasa
2597,1701,1.0,Belanja Perjalanan Dinas Biasa,Belanja Perjalanan Dinas Biasa
2597,1697,1.0,Belanja Perjalanan Dinas Biasa,Belanja Perjalanan Dinas Biasa
2598,1698,1.0,Belanja Perjalanan Dinas Biasa,Belanja Perjalanan Dinas Biasa
2598,1696,1.0,Belanja Perjalanan Dinas Biasa,Belanja Perjalanan Dinas Biasa
2598,1699,1.0,Belanja Perjalanan Dinas Biasa,Belanja Perjalanan Dinas Biasa
2598,1701,1.0,Belanja Perjalanan Dinas Biasa,Belanja Perjalanan Dinas Biasa
2598,1697,1.0,Belanja Perjalanan Dinas Biasa,Belanja Perjalanan Dinas Biasa
2599,1698,1.0,Belanja Perjalanan Dinas Biasa,Belanja Perjalanan Dinas Biasa
2599,1696,1.0,Belanja Perjalanan Dinas Biasa,Belanja Perjalanan Dinas Biasa
2599,1699,1.0,Belanja Perjalanan Dinas Biasa,Belanja Perjalanan Dinas Biasa
2599,1701,1.0,Belanja Perjalanan Dinas Biasa,Belanja Perjalanan Dinas Biasa
2599,1697,1.0,Belanja Perjalanan Dinas Biasa,Belanja Perjalanan Dinas Biasa
2600,1698,1.0,Belanja Perjalanan Dinas Biasa,Belanja Perjalanan Dinas Biasa
2600,1696,1.0,Belanja Perjalanan Dinas Biasa,Belanja Perjalanan Dinas Biasa
2600,1699,1.0,Belanja Perjalanan Dinas Biasa,Belanja Perjalanan Dinas Biasa
2600,1701,1.0,Belanja Perjalanan Dinas Biasa,Belanja Perjalanan Dinas Biasa
2600,1697,1.0,Belanja Perjalanan Dinas Biasa,Belanja Perjalanan Dinas Biasa
2601,2577,1.0,Belanja PerjalananDinas Biasa,Belanja PerjalananDinas Biasa
2601,2620,1.0,Belanja PerjalananDinas Biasa,Belanja PerjalananDinas Biasa
2601,2576,1.0,Belanja PerjalananDinas Biasa,Belanja PerjalananDinas Biasa
2601,2675,1.0,Belanja PerjalananDinas Biasa,Belanja PerjalananDinas Biasa
2601,2619,1.0,Belanja PerjalananDinas Biasa,Belanja PerjalananDinas Biasa
2602,2577,1.0,Belanja PerjalananDinas Biasa,Belanja PerjalananDinas Biasa
2602,2620,1.0,Belanja PerjalananDinas Biasa,Belanja PerjalananDinas Biasa
2602,2576,1.0,Belanja PerjalananDinas Biasa,Belanja PerjalananDinas Biasa
2602,2675,1.0,Belanja PerjalananDinas Biasa,Belanja PerjalananDinas Biasa
2602,2619,1.0,Belanja PerjalananDinas Biasa,Belanja PerjalananDinas Biasa
2603,1698,1.0,Belanja Perjalanan Dinas Biasa,Belanja Perjalanan Dinas Biasa
2603,1696,1.0,Belanja Perjalanan Dinas Biasa,Belanja Perjalanan Dinas Biasa
2603,1699,1.0,Belanja Perjalanan Dinas Biasa,Belanja Perjalanan Dinas Biasa
2603,1701,1.0,Belanja Perjalanan Dinas Biasa,Belanja Perjalanan Dinas Biasa
2603,1697,1.0,Belanja Perjalanan Dinas Biasa,Belanja Perjalanan Dinas Biasa
2604,1698,1.0,Belanja Perjalanan Dinas Biasa,Belanja Perjalanan Dinas Biasa
2604,1696,1.0,Belanja Perjalanan Dinas Biasa,Belanja Perjalanan Dinas Biasa
2604,1699,1.0,Belanja Perjalanan Dinas Biasa,Belanja Perjalanan Dinas Biasa
2604,1701,1.0,Belanja Perjalanan Dinas Biasa,Belanja Perjalanan Dinas Biasa
2604,1697,1.0,Belanja Perjalanan Dinas Biasa,Belanja Perjalanan Dinas Biasa
2605,1698,1.0,Belanja Perjalanan Dinas Biasa,Belanja Perjalanan Dinas Biasa
2605,1696,1.0,Belanja Perjalanan Dinas Biasa,Belanja Perjalanan Dinas Biasa
2605,1699,1.0,Belanja Perjalanan Dinas Biasa,Belanja Perjalanan Dinas Biasa
2605,1701,1.0,Belanja Perjalanan Dinas Biasa,Belanja Perjalanan Dinas Biasa
2605,1697,1.0,Belanja Perjalanan Dinas Biasa,Belanja Perjalanan Dinas Biasa
2608,1698,1.0,Belanja Perjalanan Dinas Biasa,Belanja Perjalanan Dinas Biasa
2608,1696,1.0,Belanja Perjalanan Dinas Biasa,Belanja Perjalanan Dinas Biasa
2608,1699,1.0,Belanja Perjalanan Dinas Biasa,Belanja Perjalanan Dinas Biasa
2608,1701,1.0,Belanja Perjalanan Dinas Biasa,Belanja Perjalanan Dinas Biasa
2608,1697,1.0,Belanja Perjalanan Dinas Biasa,Belanja Perjalanan Dinas Biasa
2610,2938,1.0,Belanja Perjalanan Dinas Paket Meeting Dalam Kota,Belanja Perjalanan Dinas Paket Meeting Dalam Kota
2610,1128,1.0,Belanja Perjalanan Dinas Paket Meeting Dalam Kota,Belanja Perjalanan Dinas Paket Meeting Dalam Kota
2610,2555,1.0,Belanja Perjalanan Dinas Paket Meeting Dalam Kota,Belanja Perjalanan Dinas Paket Meeting Dalam Kota
2610,2532,1.0,Belanja Perjalanan Dinas Paket Meeting Dalam Kota,Belanja Perjalanan Dinas Paket Meeting Dalam Kota
2610,2278,1.0,Belanja Perjalanan Dinas Paket Meeting Dalam Kota,Belanja Perjalanan Dinas Paket Meeting Dalam Kota
2611,1698,1.0,Belanja Perjalanan Dinas Biasa,Belanja Perjalanan Dinas Biasa
2611,1696,1.0,Belanja Perjalanan Dinas Biasa,Belanja Perjalanan Dinas Biasa
2611,1699,1.0,Belanja Perjalanan Dinas Biasa,Belanja Perjalanan Dinas Biasa
2611,1701,1.0,Belanja Perjalanan Dinas Biasa,Belanja Perjalanan Dinas Biasa
2611,1697,1.0,Belanja Perjalanan Dinas Biasa,Belanja Perjalanan Dinas Biasa
2612,2625,1.0,Biaya Perjalanan Dinas Biasa,Biaya Perjalanan Dinas Biasa
2612,2624,1.0,Biaya Perjalanan Dinas Biasa,Biaya Perjalanan Dinas Biasa
2612,2639,0.979302333907351,Biaya Perjalanan Dinas Biasa,Biaya Perjalanan Dinas
2613,1698,1.0,Belanja Perjalanan Dinas Biasa,Belanja Perjalanan Dinas Biasa
2613,1696,1.0,Belanja Perjalanan Dinas Biasa,Belanja Perjalanan Dinas Biasa
2613,1699,1.0,Belanja Perjalanan Dinas Biasa,Belanja Perjalanan Dinas Biasa
2613,1701,1.0,Belanja Perjalanan Dinas Biasa,Belanja Perjalanan Dinas Biasa
2613,1697,1.0,Belanja Perjalanan Dinas Biasa,Belanja Perjalanan Dinas Biasa
2614,1698,1.0,Belanja Perjalanan Dinas Biasa,Belanja Perjalanan Dinas Biasa
2614,1696,1.0,Belanja Perjalanan Dinas Biasa,Belanja Perjalanan Dinas Biasa
2614,1699,1.0,Belanja Perjalanan Dinas Biasa,Belanja Perjalanan Dinas Biasa
2614,1701,1.0,Belanja Perjalanan Dinas Biasa,Belanja Perjalanan Dinas Biasa
2614,1697,1.0,Belanja Perjalanan Dinas Biasa,Belanja Perjalanan Dinas Biasa
2615,1698,1.0,Belanja Perjalanan Dinas Biasa,Belanja Perjalanan Dinas Biasa
2615,1696,1.0,Belanja Perjalanan Dinas Biasa,Belanja Perjalanan Dinas Biasa
2615,1699,1.0,Belanja Perjalanan Dinas Biasa,Belanja Perjalanan Dinas Biasa
2615,1701,1.0,Belanja Perjalanan Dinas Biasa,Belanja Perjalanan Dinas Biasa
2615,1697,1.0,Belanja Perjalanan Dinas Biasa,Belanja Perjalanan Dinas Biasa
2616,1145,1.0,Belanja Perjalanan Dinas Dalam Kota,Belanja Perjalanan Dinas Dalam Kota
2616,1147,1.0,Belanja Perjalanan Dinas Dalam Kota,Belanja Perjalanan Dinas Dalam Kota
2616,1144,1.0,Belanja Perjalanan Dinas Dalam Kota,Belanja Perjalanan Dinas Dalam Kota
2616,1141,1.0,Belanja Perjalanan Dinas Dalam Kota,Belanja Perjalanan Dinas Dalam Kota
2616,1148,1.0,Belanja Perjalanan Dinas Dalam Kota,Belanja Perjalanan Dinas Dalam Kota
2617,1698,1.0,Belanja Perjalanan Dinas Biasa,Belanja Perjalanan Dinas Biasa
2617,1696,1.0,Belanja Perjalanan Dinas Biasa,Belanja Perjalanan Dinas Biasa
2617,1699,1.0,Belanja Perjalanan Dinas Biasa,Belanja Perjalanan Dinas Biasa
2617,1701,1.0,Belanja Perjalanan Dinas Biasa,Belanja Perjalanan Dinas Biasa
2617,1697,1.0,Belanja Perjalanan Dinas Biasa,Belanja Perjalanan Dinas Biasa
2618,1698,1.0,Belanja Perjalanan Dinas Biasa,Belanja Perjalanan Dinas Biasa
2618,1696,1.0,Belanja Perjalanan Dinas Biasa,Belanja Perjalanan Dinas Biasa
2618,1699,1.0,Belanja Perjalanan Dinas Biasa,Belanja Perjalanan Dinas Biasa
2618,1701,1.0,Belanja Perjalanan Dinas Biasa,Belanja Perjalanan Dinas Biasa
2618,1697,1.0,Belanja Perjalanan Dinas Biasa,Belanja Perjalanan Dinas Biasa
2619,2620,1.0,Belanja PerjalananDinas Biasa,Belanja PerjalananDinas Biasa
2619,2675,1.0,Belanja PerjalananDinas Biasa,Belanja PerjalananDinas Biasa
2620,2675,1.0,Belanja PerjalananDinas Biasa,Belanja PerjalananDinas Biasa
2621,1698,1.0,Belanja Perjalanan Dinas Biasa,Belanja Perjalanan Dinas Biasa
2621,1696,1.0,Belanja Perjalanan Dinas Biasa,Belanja Perjalanan Dinas Biasa
2621,1699,1.0,Belanja Perjalanan Dinas Biasa,Belanja Perjalanan Dinas Biasa
2621,1701,1.0,Belanja Perjalanan Dinas Biasa,Belanja Perjalanan Dinas Biasa
2621,1697,1.0,Belanja Perjalanan Dinas Biasa,Belanja Perjalanan Dinas Biasa
2622,1698,1.0,Belanja Perjalanan Dinas Biasa,Belanja Perjalanan Dinas Biasa
2622,1696,1.0,Belanja Perjalanan Dinas Biasa,Belanja Perjalanan Dinas Biasa
2622,1699,1.0,Belanja Perjalanan Dinas Biasa,Belanja Perjalanan Dinas Biasa
2622,1701,1.0,Belanja Perjalanan Dinas Biasa,Belanja Perjalanan Dinas Biasa
2622,1697,1.0,Belanja Perjalanan Dinas Biasa,Belanja Perjalanan Dinas Biasa
2623,1698,1.0,Belanja Perjalanan Dinas Biasa,Belanja Perjalanan Dinas Biasa
2623,1696,1.0,Belanja Perjalanan Dinas Biasa,Belanja Perjalanan Dinas Biasa
2623,1699,1.0,Belanja Perjalanan Dinas Biasa,Belanja Perjalanan Dinas Biasa
2623,1701,1.0,Belanja Perjalanan Dinas Biasa,Belanja Perjalanan Dinas Biasa
2623,1697,1.0,Belanja Perjalanan Dinas Biasa,Belanja Perjalanan Dinas Biasa
2624,2625,1.0,Biaya Perjalanan Dinas Biasa,Biaya Perjalanan Dinas Biasa
2624,2639,0.979302333907351,Biaya Perjalanan Dinas Biasa,Biaya Perjalanan Dinas
2625,2639,0.979302333907351,Biaya Perjalanan Dinas Biasa,Biaya Perjalanan Dinas
2626,1698,1.0,Belanja Perjalanan Dinas Biasa,Belanja Perjalanan Dinas Biasa
2626,1696,1.0,Belanja Perjalanan Dinas Biasa,Belanja Perjalanan Dinas Biasa
2626,1699,1.0,Belanja Perjalanan Dinas Biasa,Belanja Perjalanan Dinas Biasa
2626,1701,1.0,Belanja Perjalanan Dinas Biasa,Belanja Perjalanan Dinas Biasa
2626,1697,1.0,Belanja Perjalanan Dinas Biasa,Belanja Perjalanan Dinas Biasa
2627,1698,1.0,Belanja Perjalanan Dinas Biasa,Belanja Perjalanan Dinas Biasa
2627,1696,1.0,Belanja Perjalanan Dinas Biasa,Belanja Perjalanan Dinas Biasa
2627,1699,1.0,Belanja Perjalanan Dinas Biasa,Belanja Perjalanan Dinas Biasa
2627,1701,1.0,Belanja Perjalanan Dinas Biasa,Belanja Perjalanan Dinas Biasa
2627,1697,1.0,Belanja Perjalanan Dinas Biasa,Belanja Perjalanan Dinas Biasa
2628,1698,1.0,Belanja Perjalanan Dinas Biasa,Belanja Perjalanan Dinas Biasa
2628,1696,1.0,Belanja Perjalanan Dinas Biasa,Belanja Perjalanan Dinas Biasa
2628,1699,1.0,Belanja Perjalanan Dinas Biasa,Belanja Perjalanan Dinas Biasa
2628,1701,1.0,Belanja Perjalanan Dinas Biasa,Belanja Perjalanan Dinas Biasa
2628,1697,1.0,Belanja Perjalanan Dinas Biasa,Belanja Perjalanan Dinas Biasa
2629,1698,1.0,Belanja Perjalanan Dinas Biasa,Belanja Perjalanan Dinas Biasa
2629,1696,1.0,Belanja Perjalanan Dinas Biasa,Belanja Perjalanan Dinas Biasa
2629,1699,1.0,Belanja Perjalanan Dinas Biasa,Belanja Perjalanan Dinas Biasa
2629,1701,1.0,Belanja Perjalanan Dinas Biasa,Belanja Perjalanan Dinas Biasa
2629,1697,1.0,Belanja Perjalanan Dinas Biasa,Belanja Perjalanan Dinas Biasa
2630,1698,1.0,Belanja Perjalanan Dinas Biasa,Belanja Perjalanan Dinas Biasa
2630,1696,1.0,Belanja Perjalanan Dinas Biasa,Belanja Perjalanan Dinas Biasa
2630,1699,1.0,Belanja Perjalanan Dinas Biasa,Belanja Perjalanan Dinas Biasa
2630,1701,1.0,Belanja Perjalanan Dinas Biasa,Belanja Perjalanan Dinas Biasa
2630,1697,1.0,Belanja Perjalanan Dinas Biasa,Belanja Perjalanan Dinas Biasa
2631,1698,1.0,Belanja Perjalanan Dinas Biasa,Belanja Perjalanan Dinas Biasa
2631,1696,1.0,Belanja Perjalanan Dinas Biasa,Belanja Perjalanan Dinas Biasa
2631,1699,1.0,Belanja Perjalanan Dinas Biasa,Belanja Perjalanan Dinas Biasa
2631,1701,1.0,Belanja Perjalanan Dinas Biasa,Belanja Perjalanan Dinas Biasa
2631,1697,1.0,Belanja Perjalanan Dinas Biasa,Belanja Perjalanan Dinas Biasa
2632,2470,1.0,Perjalanan Dinas Biasa,Perjalanan Dinas Biasa
2632,2273,1.0,Perjalanan Dinas Biasa,Perjalanan Dinas Biasa
2632,2340,1.0,Perjalanan Dinas Biasa,Perjalanan Dinas Biasa
2632,2932,1.0,Perjalanan Dinas Biasa,Perjalanan Dinas Biasa
2632,2672,1.0,Perjalanan Dinas Biasa,Perjalanan Dinas Biasa
2633,2470,1.0,Perjalanan Dinas Biasa,Perjalanan Dinas Biasa
2633,2273,1.0,Perjalanan Dinas Biasa,Perjalanan Dinas Biasa
2633,2340,1.0,Perjalanan Dinas Biasa,Perjalanan Dinas Biasa
2633,2932,1.0,Perjalanan Dinas Biasa,Perjalanan Dinas Biasa
2633,2672,1.0,Perjalanan Dinas Biasa,Perjalanan Dinas Biasa
2634,1698,1.0,Belanja Perjalanan Dinas Biasa,Belanja Perjalanan Dinas Biasa
2634,1696,1.0,Belanja Perjalanan Dinas Biasa,Belanja Perjalanan Dinas Biasa
2634,1699,1.0,Belanja Perjalanan Dinas Biasa,Belanja Perjalanan Dinas Biasa
2634,1701,1.0,Belanja Perjalanan Dinas Biasa,Belanja Perjalanan Dinas Biasa
2634,1697,1.0,Belanja Perjalanan Dinas Biasa,Belanja Perjalanan Dinas Biasa
2635,1698,1.0,Belanja Perjalanan Dinas Biasa,Belanja Perjalanan Dinas Biasa
2635,1696,1.0,Belanja Perjalanan Dinas Biasa,Belanja Perjalanan Dinas Biasa
2635,1699,1.0,Belanja Perjalanan Dinas Biasa,Belanja Perjalanan Dinas Biasa
2635,1701,1.0,Belanja Perjalanan Dinas Biasa,Belanja Perjalanan Dinas Biasa
2635,1697,1.0,Belanja Perjalanan Dinas Biasa,Belanja Perjalanan Dinas Biasa
2636,1698,1.0,Belanja Perjalanan Dinas Biasa,Belanja Perjalanan Dinas Biasa
2636,1696,1.0,Belanja Perjalanan Dinas Biasa,Belanja Perjalanan Dinas Biasa
2636,1699,1.0,Belanja Perjalanan Dinas Biasa,Belanja Perjalanan Dinas Biasa
2636,1701,1.0,Belanja Perjalanan Dinas Biasa,Belanja Perjalanan Dinas Biasa
2636,1697,1.0,Belanja Perjalanan Dinas Biasa,Belanja Perjalanan Dinas Biasa
2637,1698,1.0,Belanja Perjalanan Dinas Biasa,Belanja Perjalanan Dinas Biasa
2637,1696,1.0,Belanja Perjalanan Dinas Biasa,Belanja Perjalanan Dinas Biasa
2637,1699,1.0,Belanja Perjalanan Dinas Biasa,Belanja Perjalanan Dinas Biasa
2637,1701,1.0,Belanja Perjalanan Dinas Biasa,Belanja Perjalanan Dinas Biasa
2637,1697,1.0,Belanja Perjalanan Dinas Biasa,Belanja Perjalanan Dinas Biasa
2638,1698,1.0,Belanja Perjalanan Dinas Biasa,Belanja Perjalanan Dinas Biasa
2638,1696,1.0,Belanja Perjalanan Dinas Biasa,Belanja Perjalanan Dinas Biasa
2638,1699,1.0,Belanja Perjalanan Dinas Biasa,Belanja Perjalanan Dinas Biasa
2638,1701,1.0,Belanja Perjalanan Dinas Biasa,Belanja Perjalanan Dinas Biasa
2638,1697,1.0,Belanja Perjalanan Dinas Biasa,Belanja Perjalanan Dinas Biasa
2640,1698,1.0,Belanja Perjalanan Dinas Biasa,Belanja Perjalanan Dinas Biasa
2640,1696,1.0,Belanja Perjalanan Dinas Biasa,Belanja Perjalanan Dinas Biasa
2640,1699,1.0,Belanja Perjalanan Dinas Biasa,Belanja Perjalanan Dinas Biasa
2640,1701,1.0,Belanja Perjalanan Dinas Biasa,Belanja Perjalanan Dinas Biasa
2640,1697,1.0,Belanja Perjalanan Dinas Biasa,Belanja Perjalanan Dinas Biasa
2641,1698,1.0,Belanja Perjalanan Dinas Biasa,Belanja Perjalanan Dinas Biasa
2641,1696,1.0,Belanja Perjalanan Dinas Biasa,Belanja Perjalanan Dinas Biasa
2641,1699,1.0,Belanja Perjalanan Dinas Biasa,Belanja Perjalanan Dinas Biasa
2641,1701,1.0,Belanja Perjalanan Dinas Biasa,Belanja Perjalanan Dinas Biasa
2641,1697,1.0,Belanja Perjalanan Dinas Biasa,Belanja Perjalanan Dinas Biasa
2642,1698,1.0,Belanja Perjalanan Dinas Biasa,Belanja Perjalanan Dinas Biasa
2642,1696,1.0,Belanja Perjalanan Dinas Biasa,Belanja Perjalanan Dinas Biasa
2642,1699,1.0,Belanja Perjalanan Dinas Biasa,Belanja Perjalanan Dinas Biasa
2642,1701,1.0,Belanja Perjalanan Dinas Biasa,Belanja Perjalanan Dinas Biasa
2642,1697,1.0,Belanja Perjalanan Dinas Biasa,Belanja Perjalanan Dinas Biasa
2643,1698,1.0,Belanja Perjalanan Dinas Biasa,Belanja Perjalanan Dinas Biasa
2643,1696,1.0,Belanja Perjalanan Dinas Biasa,Belanja Perjalanan Dinas Biasa
2643,1699,1.0,Belanja Perjalanan Dinas Biasa,Belanja Perjalanan Dinas Biasa
2643,1701,1.0,Belanja Perjalanan Dinas Biasa,Belanja Perjalanan Dinas Biasa
2643,1697,1.0,Belanja Perjalanan Dinas Biasa,Belanja Perjalanan Dinas Biasa
2644,1698,1.0,Belanja Perjalanan Dinas Biasa,Belanja Perjalanan Dinas Biasa
2644,1696,1.0,Belanja Perjalanan Dinas Biasa,Belanja Perjalanan Dinas Biasa
2644,1699,1.0,Belanja Perjalanan Dinas Biasa,Belanja Perjalanan Dinas Biasa
2644,1701,1.0,Belanja Perjalanan Dinas Biasa,Belanja Perjalanan Dinas Biasa
2644,1697,1.0,Belanja Perjalanan Dinas Biasa,Belanja Perjalanan Dinas Biasa
2645,2938,1.0,Belanja Perjalanan Dinas Paket Meeting Dalam Kota,Belanja Perjalanan Dinas Paket Meeting Dalam Kota
2645,1128,1.0,Belanja Perjalanan Dinas Paket Meeting Dalam Kota,Belanja Perjalanan Dinas Paket Meeting Dalam Kota
2645,2555,1.0,Belanja Perjalanan Dinas Paket Meeting Dalam Kota,Belanja Perjalanan Dinas Paket Meeting Dalam Kota
2645,2532,1.0,Belanja Perjalanan Dinas Paket Meeting Dalam Kota,Belanja Perjalanan Dinas Paket Meeting Dalam Kota
2645,2278,1.0,Belanja Perjalanan Dinas Paket Meeting Dalam Kota,Belanja Perjalanan Dinas Paket Meeting Dalam Kota
2646,2580,1.0,Perjalanan dinas Dalam Daerah,Perjalanan Dinas Dalam Daerah
2646,2533,1.0,Perjalanan dinas Dalam Daerah,Perjalanan Dinas Dalam Daerah
2646,1189,1.0,Perjalanan dinas Dalam Daerah,Perjalanan Dinas Dalam Daerah
2646,2609,1.0,Perjalanan dinas Dalam Daerah,PERJALANAN DINAS DALAM DAERAH
2646,2581,1.0,Perjalanan dinas Dalam Daerah,Perjalanan Dinas Dalam Daerah
2647,1698,1.0,Belanja Perjalanan Dinas Biasa,Belanja Perjalanan Dinas Biasa
2647,1696,1.0,Belanja Perjalanan Dinas Biasa,Belanja Perjalanan Dinas Biasa
2647,1699,1.0,Belanja Perjalanan Dinas Biasa,Belanja Perjalanan Dinas Biasa
2647,1701,1.0,Belanja Perjalanan Dinas Biasa,Belanja Perjalanan Dinas Biasa
2647,1697,1.0,Belanja Perjalanan Dinas Biasa,Belanja Perjalanan Dinas Biasa
2651,2800,1.0,Belanja Perjalanan Dinas,Belanja Perjalanan Dinas
2651,2652,1.0,Belanja Perjalanan Dinas,Belanja Perjalanan Dinas
2651,2840,1.0,Belanja Perjalanan Dinas,Belanja Perjalanan Dinas
2652,2800,1.0,Belanja Perjalanan Dinas,Belanja Perjalanan Dinas
2652,2840,1.0,Belanja Perjalanan Dinas,Belanja Perjalanan Dinas
2653,2800,1.0,Belanja Perjalanan Dinas,Belanja Perjalanan Dinas
2653,2238,1.0,Belanja Perjalanan Dinas,Belanja Perjalanan Dinas
2653,2652,1.0,Belanja Perjalanan Dinas,Belanja Perjalanan Dinas
2653,2840,1.0,Belanja Perjalanan Dinas,Belanja Perjalanan Dinas
2653,2651,1.0,Belanja Perjalanan Dinas,Belanja Perjalanan Dinas
2654,1698,1.0,Belanja Perjalanan Dinas Biasa,Belanja Perjalanan Dinas Biasa
2654,1696,1.0,Belanja Perjalanan Dinas Biasa,Belanja Perjalanan Dinas Biasa
2654,1699,1.0,Belanja Perjalanan Dinas Biasa,Belanja Perjalanan Dinas Biasa
2654,1701,1.0,Belanja Perjalanan Dinas Biasa,Belanja Perjalanan Dinas Biasa
2654,1697,1.0,Belanja Perjalanan Dinas Biasa,Belanja Perjalanan Dinas Biasa
2655,1698,1.0,Belanja Perjalanan Dinas Biasa,Belanja Perjalanan Dinas Biasa
2655,1696,1.0,Belanja Perjalanan Dinas Biasa,Belanja Perjalanan Dinas Biasa
2655,1699,1.0,Belanja Perjalanan Dinas Biasa,Belanja Perjalanan Dinas Biasa
2655,1701,1.0,Belanja Perjalanan Dinas Biasa,Belanja Perjalanan Dinas Biasa
2655,1697,1.0,Belanja Perjalanan Dinas Biasa,Belanja Perjalanan Dinas Biasa
2656,1698,1.0,Belanja Perjalanan Dinas Biasa,Belanja Perjalanan Dinas Biasa
2656,1696,1.0,Belanja Perjalanan Dinas Biasa,Belanja Perjalanan Dinas Biasa
2656,1699,1.0,Belanja Perjalanan Dinas Biasa,Belanja Perjalanan Dinas Biasa
2656,1701,1.0,Belanja Perjalanan Dinas Biasa,Belanja Perjalanan Dinas Biasa
2656,1697,1.0,Belanja Perjalanan Dinas Biasa,Belanja Perjalanan Dinas Biasa
2657,1698,1.0,Belanja Perjalanan Dinas Biasa,Belanja Perjalanan Dinas Biasa
2657,1696,1.0,Belanja Perjalanan Dinas Biasa,Belanja Perjalanan Dinas Biasa
2657,1699,1.0,Belanja Perjalanan Dinas Biasa,Belanja Perjalanan Dinas Biasa
2657,1701,1.0,Belanja Perjalanan Dinas Biasa,Belanja Perjalanan Dinas Biasa
2657,1697,1.0,Belanja Perjalanan Dinas Biasa,Belanja Perjalanan Dinas Biasa
2658,1698,1.0,Belanja Perjalanan Dinas Biasa,Belanja Perjalanan Dinas Biasa
2658,1696,1.0,Belanja Perjalanan Dinas Biasa,Belanja Perjalanan Dinas Biasa
2658,1699,1.0,Belanja Perjalanan Dinas Biasa,Belanja Perjalanan Dinas Biasa
2658,1701,1.0,Belanja Perjalanan Dinas Biasa,Belanja Perjalanan Dinas Biasa
2658,1697,1.0,Belanja Perjalanan Dinas Biasa,Belanja Perjalanan Dinas Biasa
2659,1698,1.0,Belanja Perjalanan Dinas Biasa,Belanja Perjalanan Dinas Biasa
2659,1696,1.0,Belanja Perjalanan Dinas Biasa,Belanja Perjalanan Dinas Biasa
2659,1699,1.0,Belanja Perjalanan Dinas Biasa,Belanja Perjalanan Dinas Biasa
2659,1701,1.0,Belanja Perjalanan Dinas Biasa,Belanja Perjalanan Dinas Biasa
2659,1697,1.0,Belanja Perjalanan Dinas Biasa,Belanja Perjalanan Dinas Biasa
2660,1698,1.0,Belanja Perjalanan Dinas Biasa,Belanja Perjalanan Dinas Biasa
2660,1696,1.0,Belanja Perjalanan Dinas Biasa,Belanja Perjalanan Dinas Biasa
2660,1699,1.0,Belanja Perjalanan Dinas Biasa,Belanja Perjalanan Dinas Biasa
2660,1701,1.0,Belanja Perjalanan Dinas Biasa,Belanja Perjalanan Dinas Biasa
2660,1697,1.0,Belanja Perjalanan Dinas Biasa,Belanja Perjalanan Dinas Biasa
2661,1698,1.0,Belanja Perjalanan Dinas Biasa,Belanja Perjalanan Dinas Biasa
2661,1696,1.0,Belanja Perjalanan Dinas Biasa,Belanja Perjalanan Dinas Biasa
2661,1699,1.0,Belanja Perjalanan Dinas Biasa,Belanja Perjalanan Dinas Biasa
2661,1701,1.0,Belanja Perjalanan Dinas Biasa,Belanja Perjalanan Dinas Biasa
2661,1697,1.0,Belanja Perjalanan Dinas Biasa,Belanja Perjalanan Dinas Biasa
2662,1698,1.0,Belanja Perjalanan Dinas Biasa,Belanja Perjalanan Dinas Biasa
2662,1696,1.0,Belanja Perjalanan Dinas Biasa,Belanja Perjalanan Dinas Biasa
2662,1699,1.0,Belanja Perjalanan Dinas Biasa,Belanja Perjalanan Dinas Biasa
2662,1701,1.0,Belanja Perjalanan Dinas Biasa,Belanja Perjalanan Dinas Biasa
2662,1697,1.0,Belanja Perjalanan Dinas Biasa,Belanja Perjalanan Dinas Biasa
2663,2800,1.0,Belanja Perjalanan Dinas,Belanja Perjalanan Dinas
2663,2238,1.0,Belanja Perjalanan Dinas,Belanja Perjalanan Dinas
2663,2652,1.0,Belanja Perjalanan Dinas,Belanja Perjalanan Dinas
2663,2840,1.0,Belanja Perjalanan Dinas,Belanja Perjalanan Dinas
2663,2651,1.0,Belanja Perjalanan Dinas,Belanja Perjalanan Dinas
2664,1698,1.0,Belanja Perjalanan Dinas Biasa,Belanja Perjalanan Dinas Biasa
2664,1696,1.0,Belanja Perjalanan Dinas Biasa,Belanja Perjalanan Dinas Biasa
2664,1699,1.0,Belanja Perjalanan Dinas Biasa,Belanja Perjalanan Dinas Biasa
2664,1701,1.0,Belanja Perjalanan Dinas Biasa,Belanja Perjalanan Dinas Biasa
2664,1697,1.0,Belanja Perjalanan Dinas Biasa,Belanja Perjalanan Dinas Biasa
2665,1698,1.0,Belanja Perjalanan Dinas Biasa,Belanja Perjalanan Dinas Biasa
2665,1696,1.0,Belanja Perjalanan Dinas Biasa,Belanja Perjalanan Dinas Biasa
2665,1699,1.0,Belanja Perjalanan Dinas Biasa,Belanja Perjalanan Dinas Biasa
2665,1701,1.0,Belanja Perjalanan Dinas Biasa,Belanja Perjalanan Dinas Biasa
2665,1697,1.0,Belanja Perjalanan Dinas Biasa,Belanja Perjalanan Dinas Biasa
2666,1698,1.0,Belanja Perjalanan Dinas Biasa,Belanja Perjalanan Dinas Biasa
2666,1696,1.0,Belanja Perjalanan Dinas Biasa,Belanja Perjalanan Dinas Biasa
2666,1699,1.0,Belanja Perjalanan Dinas Biasa,Belanja Perjalanan Dinas Biasa
2666,1701,1.0,Belanja Perjalanan Dinas Biasa,Belanja Perjalanan Dinas Biasa
2666,1697,1.0,Belanja Perjalanan Dinas Biasa,Belanja Perjalanan Dinas Biasa
2667,1698,1.0,Belanja Perjalanan Dinas Biasa,Belanja Perjalanan Dinas Biasa
2667,1696,1.0,Belanja Perjalanan Dinas Biasa,Belanja Perjalanan Dinas Biasa
2667,1699,1.0,Belanja Perjalanan Dinas Biasa,Belanja Perjalanan Dinas Biasa
2667,1701,1.0,Belanja Perjalanan Dinas Biasa,Belanja Perjalanan Dinas Biasa
2667,1697,1.0,Belanja Perjalanan Dinas Biasa,Belanja Perjalanan Dinas Biasa
2668,1698,1.0,Belanja Perjalanan Dinas Biasa,Belanja Perjalanan Dinas Biasa
2668,1696,1.0,Belanja Perjalanan Dinas Biasa,Belanja Perjalanan Dinas Biasa
2668,1699,1.0,Belanja Perjalanan Dinas Biasa,Belanja Perjalanan Dinas Biasa
2668,1701,1.0,Belanja Perjalanan Dinas Biasa,Belanja Perjalanan Dinas Biasa
2668,1697,1.0,Belanja Perjalanan Dinas Biasa,Belanja Perjalanan Dinas Biasa
2669,1145,1.0,Belanja Perjalanan Dinas Dalam Kota,Belanja Perjalanan Dinas Dalam Kota
2669,1147,1.0,Belanja Perjalanan Dinas Dalam Kota,Belanja Perjalanan Dinas Dalam Kota
2669,1144,1.0,Belanja Perjalanan Dinas Dalam Kota,Belanja Perjalanan Dinas Dalam Kota
2669,1141,1.0,Belanja Perjalanan Dinas Dalam Kota,Belanja Perjalanan Dinas Dalam Kota
2669,1148,1.0,Belanja Perjalanan Dinas Dalam Kota,Belanja Perjalanan Dinas Dalam Kota
2670,2938,1.0,Belanja Perjalanan Dinas Paket Meeting Dalam Kota,Belanja Perjalanan Dinas Paket Meeting Dalam Kota
2670,1128,1.0,Belanja Perjalanan Dinas Paket Meeting Dalam Kota,Belanja Perjalanan Dinas Paket Meeting Dalam Kota
2670,2555,1.0,Belanja Perjalanan Dinas Paket Meeting Dalam Kota,Belanja Perjalanan Dinas Paket Meeting Dalam Kota
2670,2532,1.0,Belanja Perjalanan Dinas Paket Meeting Dalam Kota,Belanja Perjalanan Dinas Paket Meeting Dalam Kota
2670,2278,1.0,Belanja Perjalanan Dinas Paket Meeting Dalam Kota,Belanja Perjalanan Dinas Paket Meeting Dalam Kota
2671,1698,1.0,Belanja Perjalanan Dinas Biasa,Belanja Perjalanan Dinas Biasa
2671,1696,1.0,Belanja Perjalanan Dinas Biasa,Belanja Perjalanan Dinas Biasa
2671,1699,1.0,Belanja Perjalanan Dinas Biasa,Belanja Perjalanan Dinas Biasa
2671,1701,1.0,Belanja Perjalanan Dinas Biasa,Belanja Perjalanan Dinas Biasa
2671,1697,1.0,Belanja Perjalanan Dinas Biasa,Belanja Perjalanan Dinas Biasa
2672,2932,1.0,Perjalanan Dinas Biasa,Perjalanan Dinas Biasa
2673,2569,0.9823525693867821,Perjalanan Dinas Dalam Kota,Belanja Perjalanan Dinas Dalam Kota
2673,2830,0.9823525693867821,Perjalanan Dinas Dalam Kota,Belanja Perjalanan Dinas Dalam Kota
2673,2564,0.9823525693867821,Perjalanan Dinas Dalam Kota,Belanja Perjalanan Dinas Dalam Kota
2673,2552,0.9823525693867821,Perjalanan Dinas Dalam Kota,Belanja Perjalanan Dinas Dalam Kota
2676,1145,1.0,Belanja Perjalanan Dinas Dalam Kota,Belanja Perjalanan Dinas Dalam Kota
2676,1147,1.0,Belanja Perjalanan Dinas Dalam Kota,Belanja Perjalanan Dinas Dalam Kota
2676,1144,1.0,Belanja Perjalanan Dinas Dalam Kota,Belanja Perjalanan Dinas Dalam Kota
2676,1141,1.0,Belanja Perjalanan Dinas Dalam Kota,Belanja Perjalanan Dinas Dalam Kota
2676,1148,1.0,Belanja Perjalanan Dinas Dalam Kota,Belanja Perjalanan Dinas Dalam Kota
2677,1698,1.0,Belanja Perjalanan Dinas Biasa,Belanja Perjalanan Dinas Biasa
2677,1696,1.0,Belanja Perjalanan Dinas Biasa,Belanja Perjalanan Dinas Biasa
2677,1699,1.0,Belanja Perjalanan Dinas Biasa,Belanja Perjalanan Dinas Biasa
2677,1701,1.0,Belanja Perjalanan Dinas Biasa,Belanja Perjalanan Dinas Biasa
2677,1697,1.0,Belanja Perjalanan Dinas Biasa,Belanja Perjalanan Dinas Biasa
2678,2679,1.0,Perjalanan Dinas Luar Daerah,Perjalanan dinas luar daerah
2678,2579,0.9891647099423981,Perjalanan Dinas Luar Daerah,BELANJA PERJALANAN DINAS LUAR DAERAH
2678,2698,0.9891647099423981,Perjalanan Dinas Luar Daerah,Belanja Perjalanan Dinas Luar Daerah
2679,2698,0.9891647099423981,Perjalanan dinas luar daerah,Belanja Perjalanan Dinas Luar Daerah
2680,1698,1.0,Belanja Perjalanan Dinas Biasa,Belanja Perjalanan Dinas Biasa
2680,1696,1.0,Belanja Perjalanan Dinas Biasa,Belanja Perjalanan Dinas Biasa
2680,1699,1.0,Belanja Perjalanan Dinas Biasa,Belanja Perjalanan Dinas Biasa
2680,1701,1.0,Belanja Perjalanan Dinas Biasa,Belanja Perjalanan Dinas Biasa
2680,1697,1.0,Belanja Perjalanan Dinas Biasa,Belanja Perjalanan Dinas Biasa
2681,1698,1.0,Belanja Perjalanan Dinas Biasa,Belanja Perjalanan Dinas Biasa
2681,1696,1.0,Belanja Perjalanan Dinas Biasa,Belanja Perjalanan Dinas Biasa
2681,1699,1.0,Belanja Perjalanan Dinas Biasa,Belanja Perjalanan Dinas Biasa
2681,1701,1.0,Belanja Perjalanan Dinas Biasa,Belanja Perjalanan Dinas Biasa
2681,1697,1.0,Belanja Perjalanan Dinas Biasa,Belanja Perjalanan Dinas Biasa
2682,1698,1.0,Belanja Perjalanan Dinas Biasa,Belanja Perjalanan Dinas Biasa
2682,1696,1.0,Belanja Perjalanan Dinas Biasa,Belanja Perjalanan Dinas Biasa
2682,1699,1.0,Belanja Perjalanan Dinas Biasa,Belanja Perjalanan Dinas Biasa
2682,1701,1.0,Belanja Perjalanan Dinas Biasa,Belanja Perjalanan Dinas Biasa
2682,1697,1.0,Belanja Perjalanan Dinas Biasa,Belanja Perjalanan Dinas Biasa
2684,1698,1.0,Belanja Perjalanan Dinas Biasa,Belanja Perjalanan Dinas Biasa
2684,1696,1.0,Belanja Perjalanan Dinas Biasa,Belanja Perjalanan Dinas Biasa
2684,1699,1.0,Belanja Perjalanan Dinas Biasa,Belanja Perjalanan Dinas Biasa
2684,1701,1.0,Belanja Perjalanan Dinas Biasa,Belanja Perjalanan Dinas Biasa
2684,1697,1.0,Belanja Perjalanan Dinas Biasa,Belanja Perjalanan Dinas Biasa
2685,1698,1.0,Belanja Perjalanan Dinas Biasa,Belanja Perjalanan Dinas Biasa
2685,1696,1.0,Belanja Perjalanan Dinas Biasa,Belanja Perjalanan Dinas Biasa
2685,1699,1.0,Belanja Perjalanan Dinas Biasa,Belanja Perjalanan Dinas Biasa
2685,1701,1.0,Belanja Perjalanan Dinas Biasa,Belanja Perjalanan Dinas Biasa
2685,1697,1.0,Belanja Perjalanan Dinas Biasa,Belanja Perjalanan Dinas Biasa
2686,1145,1.0,Belanja Perjalanan Dinas Dalam Kota,Belanja Perjalanan Dinas Dalam Kota
2686,1147,1.0,Belanja Perjalanan Dinas Dalam Kota,Belanja Perjalanan Dinas Dalam Kota
2686,1144,1.0,Belanja Perjalanan Dinas Dalam Kota,Belanja Perjalanan Dinas Dalam Kota
2686,1141,1.0,Belanja Perjalanan Dinas Dalam Kota,Belanja Perjalanan Dinas Dalam Kota
2686,1148,1.0,Belanja Perjalanan Dinas Dalam Kota,Belanja Perjalanan Dinas Dalam Kota
2687,1145,1.0,Belanja Perjalanan Dinas Dalam Kota,Belanja Perjalanan Dinas Dalam Kota
2687,1147,1.0,Belanja Perjalanan Dinas Dalam Kota,Belanja Perjalanan Dinas Dalam Kota
2687,1144,1.0,Belanja Perjalanan Dinas Dalam Kota,Belanja Perjalanan Dinas Dalam Kota
2687,1141,1.0,Belanja Perjalanan Dinas Dalam Kota,Belanja Perjalanan Dinas Dalam Kota
2687,1148,1.0,Belanja Perjalanan Dinas Dalam Kota,Belanja Perjalanan Dinas Dalam Kota
2688,1698,1.0,Belanja Perjalanan Dinas Biasa,Belanja Perjalanan Dinas Biasa
2688,1696,1.0,Belanja Perjalanan Dinas Biasa,Belanja Perjalanan Dinas Biasa
2688,1699,1.0,Belanja Perjalanan Dinas Biasa,Belanja Perjalanan Dinas Biasa
2688,1701,1.0,Belanja Perjalanan Dinas Biasa,Belanja Perjalanan Dinas Biasa
2688,1697,1.0,Belanja Perjalanan Dinas Biasa,Belanja Perjalanan Dinas Biasa
2689,1698,1.0,Belanja Perjalanan Dinas Biasa,Belanja Perjalanan Dinas Biasa
2689,1696,1.0,Belanja Perjalanan Dinas Biasa,Belanja Perjalanan Dinas Biasa
2689,1699,1.0,Belanja Perjalanan Dinas Biasa,Belanja Perjalanan Dinas Biasa
2689,1701,1.0,Belanja Perjalanan Dinas Biasa,Belanja Perjalanan Dinas Biasa
2689,1697,1.0,Belanja Perjalanan Dinas Biasa,Belanja Perjalanan Dinas Biasa
2690,1145,1.0,Belanja Perjalanan Dinas Dalam Kota,Belanja Perjalanan Dinas Dalam Kota
2690,1147,1.0,Belanja Perjalanan Dinas Dalam Kota,Belanja Perjalanan Dinas Dalam Kota
2690,1144,1.0,Belanja Perjalanan Dinas Dalam Kota,Belanja Perjalanan Dinas Dalam Kota
2690,1141,1.0,Belanja Perjalanan Dinas Dalam Kota,Belanja Perjalanan Dinas Dalam Kota
2690,1148,1.0,Belanja Perjalanan Dinas Dalam Kota,Belanja Perjalanan Dinas Dalam Kota
2691,1145,1.0,Belanja Perjalanan Dinas Dalam Kota,Belanja Perjalanan Dinas Dalam Kota
2691,1147,1.0,Belanja Perjalanan Dinas Dalam Kota,Belanja Perjalanan Dinas Dalam Kota
2691,1144,1.0,Belanja Perjalanan Dinas Dalam Kota,Belanja Perjalanan Dinas Dalam Kota
2691,1141,1.0,Belanja Perjalanan Dinas Dalam Kota,Belanja Perjalanan Dinas Dalam Kota
2691,1148,1.0,Belanja Perjalanan Dinas Dalam Kota,Belanja Perjalanan Dinas Dalam Kota
2692,1145,1.0,Belanja Perjalanan Dinas Dalam Kota,Belanja Perjalanan Dinas Dalam Kota
2692,1147,1.0,Belanja Perjalanan Dinas Dalam Kota,Belanja Perjalanan Dinas Dalam Kota
2692,1144,1.0,Belanja Perjalanan Dinas Dalam Kota,Belanja Perjalanan Dinas Dalam Kota
2692,1141,1.0,Belanja Perjalanan Dinas Dalam Kota,Belanja Perjalanan Dinas Dalam Kota
2692,1148,1.0,Belanja Perjalanan Dinas Dalam Kota,Belanja Perjalanan Dinas Dalam Kota
2693,1698,1.0,Belanja Perjalanan Dinas Biasa,Belanja Perjalanan Dinas Biasa
2693,1696,1.0,Belanja Perjalanan Dinas Biasa,Belanja Perjalanan Dinas Biasa
2693,1699,1.0,Belanja Perjalanan Dinas Biasa,Belanja Perjalanan Dinas Biasa
2693,1701,1.0,Belanja Perjalanan Dinas Biasa,Belanja Perjalanan Dinas Biasa
2693,1697,1.0,Belanja Perjalanan Dinas Biasa,Belanja Perjalanan Dinas Biasa
2694,2938,1.0,Belanja Perjalanan Dinas Paket Meeting Dalam Kota,Belanja Perjalanan Dinas Paket Meeting Dalam Kota
2694,1128,1.0,Belanja Perjalanan Dinas Paket Meeting Dalam Kota,Belanja Perjalanan Dinas Paket Meeting Dalam Kota
2694,2555,1.0,Belanja Perjalanan Dinas Paket Meeting Dalam Kota,Belanja Perjalanan Dinas Paket Meeting Dalam Kota
2694,2532,1.0,Belanja Perjalanan Dinas Paket Meeting Dalam Kota,Belanja Perjalanan Dinas Paket Meeting Dalam Kota
2694,2278,1.0,Belanja Perjalanan Dinas Paket Meeting Dalam Kota,Belanja Perjalanan Dinas Paket Meeting Dalam Kota
2695,1698,1.0,Belanja Perjalanan Dinas Biasa,Belanja Perjalanan Dinas Biasa
2695,1696,1.0,Belanja Perjalanan Dinas Biasa,Belanja Perjalanan Dinas Biasa
2695,1699,1.0,Belanja Perjalanan Dinas Biasa,Belanja Perjalanan Dinas Biasa
2695,1701,1.0,Belanja Perjalanan Dinas Biasa,Belanja Perjalanan Dinas Biasa
2695,1697,1.0,Belanja Perjalanan Dinas Biasa,Belanja Perjalanan Dinas Biasa
2696,1698,1.0,Belanja Perjalanan Dinas Biasa,Belanja Perjalanan Dinas Biasa
2696,1696,1.0,Belanja Perjalanan Dinas Biasa,Belanja Perjalanan Dinas Biasa
2696,1699,1.0,Belanja Perjalanan Dinas Biasa,Belanja Perjalanan Dinas Biasa
2696,1701,1.0,Belanja Perjalanan Dinas Biasa,Belanja Perjalanan Dinas Biasa
2696,1697,1.0,Belanja Perjalanan Dinas Biasa,Belanja Perjalanan Dinas Biasa
2697,1698,1.0,Belanja Perjalanan Dinas Biasa,Belanja Perjalanan Dinas Biasa
2697,1696,1.0,Belanja Perjalanan Dinas Biasa,Belanja Perjalanan Dinas Biasa
2697,1699,1.0,Belanja Perjalanan Dinas Biasa,Belanja Perjalanan Dinas Biasa
2697,1701,1.0,Belanja Perjalanan Dinas Biasa,Belanja Perjalanan Dinas Biasa
2697,1697,1.0,Belanja Perjalanan Dinas Biasa,Belanja Perjalanan Dinas Biasa
2699,1698,1.0,Belanja Perjalanan Dinas Biasa,Belanja Perjalanan Dinas Biasa
2699,1696,1.0,Belanja Perjalanan Dinas Biasa,Belanja Perjalanan Dinas Biasa
2699,1699,1.0,Belanja Perjalanan Dinas Biasa,Belanja Perjalanan Dinas Biasa
2699,1701,1.0,Belanja Perjalanan Dinas Biasa,Belanja Perjalanan Dinas Biasa
2699,1697,1.0,Belanja Perjalanan Dinas Biasa,Belanja Perjalanan Dinas Biasa
2700,1698,1.0,Belanja Perjalanan Dinas Biasa,Belanja Perjalanan Dinas Biasa
2700,1696,1.0,Belanja Perjalanan Dinas Biasa,Belanja Perjalanan Dinas Biasa
2700,1699,1.0,Belanja Perjalanan Dinas Biasa,Belanja Perjalanan Dinas Biasa
2700,1701,1.0,Belanja Perjalanan Dinas Biasa,Belanja Perjalanan Dinas Biasa
2700,1697,1.0,Belanja Perjalanan Dinas Biasa,Belanja Perjalanan Dinas Biasa
2701,1698,1.0,Belanja Perjalanan Dinas Biasa,Belanja Perjalanan Dinas Biasa
2701,1696,1.0,Belanja Perjalanan Dinas Biasa,Belanja Perjalanan Dinas Biasa
2701,1699,1.0,Belanja Perjalanan Dinas Biasa,Belanja Perjalanan Dinas Biasa
2701,1701,1.0,Belanja Perjalanan Dinas Biasa,Belanja Perjalanan Dinas Biasa
2701,1697,1.0,Belanja Perjalanan Dinas Biasa,Belanja Perjalanan Dinas Biasa
2702,1698,1.0,Belanja Perjalanan Dinas Biasa,Belanja Perjalanan Dinas Biasa
2702,1696,1.0,Belanja Perjalanan Dinas Biasa,Belanja Perjalanan Dinas Biasa
2702,1699,1.0,Belanja Perjalanan Dinas Biasa,Belanja Perjalanan Dinas Biasa
2702,1701,1.0,Belanja Perjalanan Dinas Biasa,Belanja Perjalanan Dinas Biasa
2702,1697,1.0,Belanja Perjalanan Dinas Biasa,Belanja Perjalanan Dinas Biasa
2703,1145,1.0,Belanja Perjalanan Dinas Dalam Kota,Belanja Perjalanan Dinas Dalam Kota
2703,1147,1.0,Belanja Perjalanan Dinas Dalam Kota,Belanja Perjalanan Dinas Dalam Kota
2703,1144,1.0,Belanja Perjalanan Dinas Dalam Kota,Belanja Perjalanan Dinas Dalam Kota
2703,1141,1.0,Belanja Perjalanan Dinas Dalam Kota,Belanja Perjalanan Dinas Dalam Kota
2703,1148,1.0,Belanja Perjalanan Dinas Dalam Kota,Belanja Perjalanan Dinas Dalam Kota
2704,1698,1.0,Belanja Perjalanan Dinas Biasa,Belanja Perjalanan Dinas Biasa
2704,1696,1.0,Belanja Perjalanan Dinas Biasa,Belanja Perjalanan Dinas Biasa
2704,1699,1.0,Belanja Perjalanan Dinas Biasa,Belanja Perjalanan Dinas Biasa
2704,1701,1.0,Belanja Perjalanan Dinas Biasa,Belanja Perjalanan Dinas Biasa
2704,1697,1.0,Belanja Perjalanan Dinas Biasa,Belanja Perjalanan Dinas Biasa
2705,1698,1.0,Belanja Perjalanan Dinas Biasa,Belanja Perjalanan Dinas Biasa
2705,1696,1.0,Belanja Perjalanan Dinas Biasa,Belanja Perjalanan Dinas Biasa
2705,1699,1.0,Belanja Perjalanan Dinas Biasa,Belanja Perjalanan Dinas Biasa
2705,1701,1.0,Belanja Perjalanan Dinas Biasa,Belanja Perjalanan Dinas Biasa
2705,1697,1.0,Belanja Perjalanan Dinas Biasa,Belanja Perjalanan Dinas Biasa
2706,1698,1.0,Belanja Perjalanan Dinas Biasa,Belanja Perjalanan Dinas Biasa
2706,1696,1.0,Belanja Perjalanan Dinas Biasa,Belanja Perjalanan Dinas Biasa
2706,1699,1.0,Belanja Perjalanan Dinas Biasa,Belanja Perjalanan Dinas Biasa
2706,1701,1.0,Belanja Perjalanan Dinas Biasa,Belanja Perjalanan Dinas Biasa
2706,1697,1.0,Belanja Perjalanan Dinas Biasa,Belanja Perjalanan Dinas Biasa
2707,1698,1.0,Belanja Perjalanan Dinas Biasa,Belanja Perjalanan Dinas Biasa
2707,1696,1.0,Belanja Perjalanan Dinas Biasa,Belanja Perjalanan Dinas Biasa
2707,1699,1.0,Belanja Perjalanan Dinas Biasa,Belanja Perjalanan Dinas Biasa
2707,1701,1.0,Belanja Perjalanan Dinas Biasa,Belanja Perjalanan Dinas Biasa
2707,1697,1.0,Belanja Perjalanan Dinas Biasa,Belanja Perjalanan Dinas Biasa
2708,1145,1.0,Belanja Perjalanan Dinas Dalam Kota,Belanja Perjalanan Dinas Dalam Kota
2708,1147,1.0,Belanja Perjalanan Dinas Dalam Kota,Belanja Perjalanan Dinas Dalam Kota
2708,1144,1.0,Belanja Perjalanan Dinas Dalam Kota,Belanja Perjalanan Dinas Dalam Kota
2708,1141,1.0,Belanja Perjalanan Dinas Dalam Kota,Belanja Perjalanan Dinas Dalam Kota
2708,1148,1.0,Belanja Perjalanan Dinas Dalam Kota,Belanja Perjalanan Dinas Dalam Kota
2709,1698,1.0,Belanja Perjalanan Dinas Biasa,Belanja Perjalanan Dinas Biasa
2709,1696,1.0,Belanja Perjalanan Dinas Biasa,Belanja Perjalanan Dinas Biasa
2709,1699,1.0,Belanja Perjalanan Dinas Biasa,Belanja Perjalanan Dinas Biasa
2709,1701,1.0,Belanja Perjalanan Dinas Biasa,Belanja Perjalanan Dinas Biasa
2709,1697,1.0,Belanja Perjalanan Dinas Biasa,Belanja Perjalanan Dinas Biasa
2710,1698,1.0,Belanja Perjalanan Dinas Biasa,Belanja Perjalanan Dinas Biasa
2710,1696,1.0,Belanja Perjalanan Dinas Biasa,Belanja Perjalanan Dinas Biasa
2710,1699,1.0,Belanja Perjalanan Dinas Biasa,Belanja Perjalanan Dinas Biasa
2710,1701,1.0,Belanja Perjalanan Dinas Biasa,Belanja Perjalanan Dinas Biasa
2710,1697,1.0,Belanja Perjalanan Dinas Biasa,Belanja Perjalanan Dinas Biasa
2711,2800,1.0,Belanja Perjalanan Dinas,Belanja Perjalanan Dinas
2711,2238,1.0,Belanja Perjalanan Dinas,Belanja Perjalanan Dinas
2711,2652,1.0,Belanja Perjalanan Dinas,Belanja Perjalanan Dinas
2711,2840,1.0,Belanja Perjalanan Dinas,Belanja Perjalanan Dinas
2711,2651,1.0,Belanja Perjalanan Dinas,Belanja Perjalanan Dinas
2712,1698,1.0,Belanja Perjalanan Dinas Biasa,Belanja Perjalanan Dinas Biasa
2712,1696,1.0,Belanja Perjalanan Dinas Biasa,Belanja Perjalanan Dinas Biasa
2712,1699,1.0,Belanja Perjalanan Dinas Biasa,Belanja Perjalanan Dinas Biasa
2712,1701,1.0,Belanja Perjalanan Dinas Biasa,Belanja Perjalanan Dinas Biasa
2712,1697,1.0,Belanja Perjalanan Dinas Biasa,Belanja Perjalanan Dinas Biasa
2713,1698,1.0,Belanja Perjalanan Dinas Biasa,Belanja Perjalanan Dinas Biasa
2713,1696,1.0,Belanja Perjalanan Dinas Biasa,Belanja Perjalanan Dinas Biasa
2713,1699,1.0,Belanja Perjalanan Dinas Biasa,Belanja Perjalanan Dinas Biasa
2713,1701,1.0,Belanja Perjalanan Dinas Biasa,Belanja Perjalanan Dinas Biasa
2713,1697,1.0,Belanja Perjalanan Dinas Biasa,Belanja Perjalanan Dinas Biasa
2714,1698,1.0,Belanja Perjalanan Dinas Biasa,Belanja Perjalanan Dinas Biasa
2714,1696,1.0,Belanja Perjalanan Dinas Biasa,Belanja Perjalanan Dinas Biasa
2714,1699,1.0,Belanja Perjalanan Dinas Biasa,Belanja Perjalanan Dinas Biasa
2714,1701,1.0,Belanja Perjalanan Dinas Biasa,Belanja Perjalanan Dinas Biasa
2714,1697,1.0,Belanja Perjalanan Dinas Biasa,Belanja Perjalanan Dinas Biasa
2715,1698,1.0,Belanja Perjalanan Dinas Biasa,Belanja Perjalanan Dinas Biasa
2715,1696,1.0,Belanja Perjalanan Dinas Biasa,Belanja Perjalanan Dinas Biasa
2715,1699,1.0,Belanja Perjalanan Dinas Biasa,Belanja Perjalanan Dinas Biasa
2715,1701,1.0,Belanja Perjalanan Dinas Biasa,Belanja Perjalanan Dinas Biasa
2715,1697,1.0,Belanja Perjalanan Dinas Biasa,Belanja Perjalanan Dinas Biasa
2716,1698,1.0,Belanja Perjalanan Dinas Biasa,Belanja Perjalanan Dinas Biasa
2716,1696,1.0,Belanja Perjalanan Dinas Biasa,Belanja Perjalanan Dinas Biasa
2716,1699,1.0,Belanja Perjalanan Dinas Biasa,Belanja Perjalanan Dinas Biasa
2716,1701,1.0,Belanja Perjalanan Dinas Biasa,Belanja Perjalanan Dinas Biasa
2716,1697,1.0,Belanja Perjalanan Dinas Biasa,Belanja Perjalanan Dinas Biasa
2717,2770,0.9290892924882619,Perjalanan Dinas (Pemeliharaan rutin Jalan)) UPTD Jalan dan Jembatan Wilayah II,Perjalanan Dinas Pemeliharaan Rutin Jalan UPTD Jalan dan Jembatan Wilayah III
2718,1698,1.0,Belanja Perjalanan Dinas Biasa,Belanja Perjalanan Dinas Biasa
2718,1696,1.0,Belanja Perjalanan Dinas Biasa,Belanja Perjalanan Dinas Biasa
2718,1699,1.0,Belanja Perjalanan Dinas Biasa,Belanja Perjalanan Dinas Biasa
2718,1701,1.0,Belanja Perjalanan Dinas Biasa,Belanja Perjalanan Dinas Biasa
2718,1697,1.0,Belanja Perjalanan Dinas Biasa,Belanja Perjalanan Dinas Biasa
2721,1698,1.0,Belanja Perjalanan Dinas Biasa,Belanja Perjalanan Dinas Biasa
2721,1696,1.0,Belanja Perjalanan Dinas Biasa,Belanja Perjalanan Dinas Biasa
2721,1699,1.0,Belanja Perjalanan Dinas Biasa,Belanja Perjalanan Dinas Biasa
2721,1701,1.0,Belanja Perjalanan Dinas Biasa,Belanja Perjalanan Dinas Biasa
2721,1697,1.0,Belanja Perjalanan Dinas Biasa,Belanja Perjalanan Dinas Biasa
2722,1698,1.0,Belanja Perjalanan Dinas Biasa,Belanja Perjalanan Dinas Biasa
2722,1696,1.0,Belanja Perjalanan Dinas Biasa,Belanja Perjalanan Dinas Biasa
2722,1699,1.0,Belanja Perjalanan Dinas Biasa,Belanja Perjalanan Dinas Biasa
2722,1701,1.0,Belanja Perjalanan Dinas Biasa,Belanja Perjalanan Dinas Biasa
2722,1697,1.0,Belanja Perjalanan Dinas Biasa,Belanja Perjalanan Dinas Biasa
2723,1698,1.0,Belanja Perjalanan Dinas Biasa,Belanja Perjalanan Dinas Biasa
2723,1696,1.0,Belanja Perjalanan Dinas Biasa,Belanja Perjalanan Dinas Biasa
2723,1699,1.0,Belanja Perjalanan Dinas Biasa,Belanja Perjalanan Dinas Biasa
2723,1701,1.0,Belanja Perjalanan Dinas Biasa,Belanja Perjalanan Dinas Biasa
2723,1697,1.0,Belanja Perjalanan Dinas Biasa,Belanja Perjalanan Dinas Biasa
2728,2895,1.0,Belanja Perjalanan Dinas Paket Meeting dalam Kota -BINKON,Belanja Perjalanan Dinas Paket Meeting dalam Kota -BINKON
2729,2836,1.0,Belanja Perjalanan Dinas Biasa -BINKON,Belanja Perjalanan Dinas Biasa -BINKON
2729,2785,1.0,Belanja Perjalanan Dinas Biasa -BINKON,Belanja Perjalanan Dinas Biasa -BINKON
2729,2860,1.0,Belanja Perjalanan Dinas Biasa -BINKON,Belanja Perjalanan Dinas Biasa -BINKON
2732,1698,1.0,Belanja perjalanan Dinas Biasa,Belanja Perjalanan Dinas Biasa
2732,1696,1.0,Belanja perjalanan Dinas Biasa,Belanja Perjalanan Dinas Biasa
2732,1699,1.0,Belanja perjalanan Dinas Biasa,Belanja Perjalanan Dinas Biasa
2732,1701,1.0,Belanja perjalanan Dinas Biasa,Belanja Perjalanan Dinas Biasa
2732,1697,1.0,Belanja perjalanan Dinas Biasa,Belanja Perjalanan Dinas Biasa
2733,2847,0.885613737023155,Penyelenggaraan Rapat Koordinasi dan Konsultasi SKPD berupa Belanja Perjalanan Dinas,Penyelenggaraan Rapat Koordinasi dan Konsultasi SKPD berupa  Belanja Perjalanan Dinas Rapat - rapat Koordinasi
2733,2874,0.8792362435008133,Penyelenggaraan Rapat Koordinasi dan Konsultasi SKPD berupa Belanja Perjalanan Dinas,Belanja Perjalanan Dinas (Penyelenggaraan Rapat Koordinasi dan Konsultasi SKPD)
2733,2740,0.8761295045613761,Penyelenggaraan Rapat Koordinasi dan Konsultasi SKPD berupa Belanja Perjalanan Dinas,Perjalanan Dinas Penyelenggaraan Rapat Koordinasi dan Konsultasi SKPD)
2733,2398,0.8757466062601237,Penyelenggaraan Rapat Koordinasi dan Konsultasi SKPD berupa Belanja Perjalanan Dinas,Belanja Perjalanan Dinas Biasa Penyelenggaraan Rapat Koordinasi dan Konsultasi SKPD
2734,1698,1.0,Belanja Perjalanan Dinas Biasa,Belanja Perjalanan Dinas Biasa
2734,1696,1.0,Belanja Perjalanan Dinas Biasa,Belanja Perjalanan Dinas Biasa
2734,1699,1.0,Belanja Perjalanan Dinas Biasa,Belanja Perjalanan Dinas Biasa
2734,1701,1.0,Belanja Perjalanan Dinas Biasa,Belanja Perjalanan Dinas Biasa
2734,1697,1.0,Belanja Perjalanan Dinas Biasa,Belanja Perjalanan Dinas Biasa
2736,1698,1.0,Belanja Perjalanan Dinas Biasa,Belanja Perjalanan Dinas Biasa
2736,1696,1.0,Belanja Perjalanan Dinas Biasa,Belanja Perjalanan Dinas Biasa
2736,1699,1.0,Belanja Perjalanan Dinas Biasa,Belanja Perjalanan Dinas Biasa
2736,1701,1.0,Belanja Perjalanan Dinas Biasa,Belanja Perjalanan Dinas Biasa
2736,1697,1.0,Belanja Perjalanan Dinas Biasa,Belanja Perjalanan Dinas Biasa
2737,2938,1.0,Belanja Perjalanan Dinas Paket Meeting Dalam Kota,Belanja Perjalanan Dinas Paket Meeting Dalam Kota
2737,1128,1.0,Belanja Perjalanan Dinas Paket Meeting Dalam Kota,Belanja Perjalanan Dinas Paket Meeting Dalam Kota
2737,2555,1.0,Belanja Perjalanan Dinas Paket Meeting Dalam Kota,Belanja Perjalanan Dinas Paket Meeting Dalam Kota
2737,2532,1.0,Belanja Perjalanan Dinas Paket Meeting Dalam Kota,Belanja Perjalanan Dinas Paket Meeting Dalam Kota
2737,2278,1.0,Belanja Perjalanan Dinas Paket Meeting Dalam Kota,Belanja Perjalanan Dinas Paket Meeting Dalam Kota
2739,1698,1.0,Belanja Perjalanan Dinas Biasa,Belanja Perjalanan Dinas Biasa
2739,1696,1.0,Belanja Perjalanan Dinas Biasa,Belanja Perjalanan Dinas Biasa
2739,1699,1.0,Belanja Perjalanan Dinas Biasa,Belanja Perjalanan Dinas Biasa
2739,1701,1.0,Belanja Perjalanan Dinas Biasa,Belanja Perjalanan Dinas Biasa
2739,1697,1.0,Belanja Perjalanan Dinas Biasa,Belanja Perjalanan Dinas Biasa
2740,2874,0.9964665481406144,Perjalanan Dinas Penyelenggaraan Rapat Koordinasi dan Konsultasi SKPD),Belanja Perjalanan Dinas (Penyelenggaraan Rapat Koordinasi dan Konsultasi SKPD)
2741,2804,1.0,"Kegiatan Penunjang (Perencanaan, Pengawasan, Perjalanan Dinas dalam rangka Pengendalian Kegiatan)","Kegiatan Penunjang (Perencanaan, Pengawasan, Perjalanan Dinas dalam rangka Pengendalian Kegiatan)"
2741,2744,1.0,"Kegiatan Penunjang (Perencanaan, Pengawasan, Perjalanan Dinas dalam rangka Pengendalian Kegiatan)","Kegiatan Penunjang (Perencanaan, Pengawasan, Perjalanan Dinas dalam rangka Pengendalian Kegiatan)"
2741,2743,1.0,"Kegiatan Penunjang (Perencanaan, Pengawasan, Perjalanan Dinas dalam rangka Pengendalian Kegiatan)","Kegiatan Penunjang (Perencanaan, Pengawasan, Perjalanan Dinas dalam rangka Pengendalian Kegiatan)"
2741,2852,1.0,"Kegiatan Penunjang (Perencanaan, Pengawasan, Perjalanan Dinas dalam rangka Pengendalian Kegiatan)","Kegiatan Penunjang (Perencanaan, Pengawasan, Perjalanan Dinas dalam rangka Pengendalian Kegiatan)"
2742,2804,1.0,"Kegiatan Penunjang (Perencanaan, Pengawasan, Perjalanan Dinas dalam rangka Pengendalian Kegiatan)","Kegiatan Penunjang (Perencanaan, Pengawasan, Perjalanan Dinas dalam rangka Pengendalian Kegiatan)"
2742,2744,1.0,"Kegiatan Penunjang (Perencanaan, Pengawasan, Perjalanan Dinas dalam rangka Pengendalian Kegiatan)","Kegiatan Penunjang (Perencanaan, Pengawasan, Perjalanan Dinas dalam rangka Pengendalian Kegiatan)"
2742,2741,1.0,"Kegiatan Penunjang (Perencanaan, Pengawasan, Perjalanan Dinas dalam rangka Pengendalian Kegiatan)","Kegiatan Penunjang (Perencanaan, Pengawasan, Perjalanan Dinas dalam rangka Pengendalian Kegiatan)"
2742,2743,1.0,"Kegiatan Penunjang (Perencanaan, Pengawasan, Perjalanan Dinas dalam rangka Pengendalian Kegiatan)","Kegiatan Penunjang (Perencanaan, Pengawasan, Perjalanan Dinas dalam rangka Pengendalian Kegiatan)"
2742,2852,1.0,"Kegiatan Penunjang (Perencanaan, Pengawasan, Perjalanan Dinas dalam rangka Pengendalian Kegiatan)","Kegiatan Penunjang (Perencanaan, Pengawasan, Perjalanan Dinas dalam rangka Pengendalian Kegiatan)"
2743,2804,1.0,"Kegiatan Penunjang (Perencanaan, Pengawasan, Perjalanan Dinas dalam rangka Pengendalian Kegiatan)","Kegiatan Penunjang (Perencanaan, Pengawasan, Perjalanan Dinas dalam rangka Pengendalian Kegiatan)"
2743,2744,1.0,"Kegiatan Penunjang (Perencanaan, Pengawasan, Perjalanan Dinas dalam rangka Pengendalian Kegiatan)","Kegiatan Penunjang (Perencanaan, Pengawasan, Perjalanan Dinas dalam rangka Pengendalian Kegiatan)"
2743,2852,1.0,"Kegiatan Penunjang (Perencanaan, Pengawasan, Perjalanan Dinas dalam rangka Pengendalian Kegiatan)","Kegiatan Penunjang (Perencanaan, Pengawasan, Perjalanan Dinas dalam rangka Pengendalian Kegiatan)"
2744,2804,1.0,"Kegiatan Penunjang (Perencanaan, Pengawasan, Perjalanan Dinas dalam rangka Pengendalian Kegiatan)","Kegiatan Penunjang (Perencanaan, Pengawasan, Perjalanan Dinas dalam rangka Pengendalian Kegiatan)"
2744,2852,1.0,"Kegiatan Penunjang (Perencanaan, Pengawasan, Perjalanan Dinas dalam rangka Pengendalian Kegiatan)","Kegiatan Penunjang (Perencanaan, Pengawasan, Perjalanan Dinas dalam rangka Pengendalian Kegiatan)"
2745,2804,1.0,"Kegiatan Penunjang (Perencanaan, Pengawasan, Perjalanan Dinas dalam rangka Pengendalian Kegiatan)","Kegiatan Penunjang (Perencanaan, Pengawasan, Perjalanan Dinas dalam rangka Pengendalian Kegiatan)"
2745,2744,1.0,"Kegiatan Penunjang (Perencanaan, Pengawasan, Perjalanan Dinas dalam rangka Pengendalian Kegiatan)","Kegiatan Penunjang (Perencanaan, Pengawasan, Perjalanan Dinas dalam rangka Pengendalian Kegiatan)"
2745,2741,1.0,"Kegiatan Penunjang (Perencanaan, Pengawasan, Perjalanan Dinas dalam rangka Pengendalian Kegiatan)","Kegiatan Penunjang (Perencanaan, Pengawasan, Perjalanan Dinas dalam rangka Pengendalian Kegiatan)"
2745,2743,1.0,"Kegiatan Penunjang (Perencanaan, Pengawasan, Perjalanan Dinas dalam rangka Pengendalian Kegiatan)","Kegiatan Penunjang (Perencanaan, Pengawasan, Perjalanan Dinas dalam rangka Pengendalian Kegiatan)"
2745,2852,1.0,"Kegiatan Penunjang (Perencanaan, Pengawasan, Perjalanan Dinas dalam rangka Pengendalian Kegiatan)","Kegiatan Penunjang (Perencanaan, Pengawasan, Perjalanan Dinas dalam rangka Pengendalian Kegiatan)"
2746,2783,0.9152428258102379,Bid Yankes-Subkeg Jamkes-Belanja Perjalanan Dinas Biasa,Bid Yankes-Subkeg Jamkes-Belanja Perjalanan Dinas Dalam Kota
2749,2398,0.8310878388128458,Penyelenggaraan Rapat Koordinasi dan Konsultasi SKPD (Belanja Perjalanan Dinas Biasa) 02,Belanja Perjalanan Dinas Biasa Penyelenggaraan Rapat Koordinasi dan Konsultasi SKPD
2749,1399,0.8310878388128458,Penyelenggaraan Rapat Koordinasi dan Konsultasi SKPD (Belanja Perjalanan Dinas Biasa) 02,Belanja Perjalanan Dinas Biasa Penyelenggaraan Rapat Koordinasi dan Konsultasi SKPD
2749,2527,0.8281745350616425,Penyelenggaraan Rapat Koordinasi dan Konsultasi SKPD (Belanja Perjalanan Dinas Biasa) 02,Perjalanan Dinas Biasa Penyelenggaraan Rapat Koordinasi dan Konsultasi SKPD
2749,2874,0.8277892997750808,Penyelenggaraan Rapat Koordinasi dan Konsultasi SKPD (Belanja Perjalanan Dinas Biasa) 02,Belanja Perjalanan Dinas (Penyelenggaraan Rapat Koordinasi dan Konsultasi SKPD)
2750,2800,1.0,Belanja Perjalanan Dinas,Belanja Perjalanan Dinas
2750,2238,1.0,Belanja Perjalanan Dinas,Belanja Perjalanan Dinas
2750,2652,1.0,Belanja Perjalanan Dinas,Belanja Perjalanan Dinas
2750,2840,1.0,Belanja Perjalanan Dinas,Belanja Perjalanan Dinas
2750,2651,1.0,Belanja Perjalanan Dinas,Belanja Perjalanan Dinas
2751,1698,1.0,Belanja Perjalanan Dinas Biasa,Belanja Perjalanan Dinas Biasa
2751,1696,1.0,Belanja Perjalanan Dinas Biasa,Belanja Perjalanan Dinas Biasa
2751,1699,1.0,Belanja Perjalanan Dinas Biasa,Belanja Perjalanan Dinas Biasa
2751,1701,1.0,Belanja Perjalanan Dinas Biasa,Belanja Perjalanan Dinas Biasa
2751,1697,1.0,Belanja Perjalanan Dinas Biasa,Belanja Perjalanan Dinas Biasa
2753,2470,1.0,Perjalanan Dinas Biasa,Perjalanan Dinas Biasa
2753,2273,1.0,Perjalanan Dinas Biasa,Perjalanan Dinas Biasa
2753,2340,1.0,Perjalanan Dinas Biasa,Perjalanan Dinas Biasa
2753,2932,1.0,Perjalanan Dinas Biasa,Perjalanan Dinas Biasa
2753,2672,1.0,Perjalanan Dinas Biasa,Perjalanan Dinas Biasa
2754,1698,1.0,Belanja Perjalanan Dinas Biasa,Belanja Perjalanan Dinas Biasa
2754,1696,1.0,Belanja Perjalanan Dinas Biasa,Belanja Perjalanan Dinas Biasa
2754,1699,1.0,Belanja Perjalanan Dinas Biasa,Belanja Perjalanan Dinas Biasa
2754,1701,1.0,Belanja Perjalanan Dinas Biasa,Belanja Perjalanan Dinas Biasa
2754,1697,1.0,Belanja Perjalanan Dinas Biasa,Belanja Perjalanan Dinas Biasa
2755,1698,1.0,Belanja Perjalanan Dinas Biasa,Belanja Perjalanan Dinas Biasa
2755,1696,1.0,Belanja Perjalanan Dinas Biasa,Belanja Perjalanan Dinas Biasa
2755,1699,1.0,Belanja Perjalanan Dinas Biasa,Belanja Perjalanan Dinas Biasa
2755,1701,1.0,Belanja Perjalanan Dinas Biasa,Belanja Perjalanan Dinas Biasa
2755,1697,1.0,Belanja Perjalanan Dinas Biasa,Belanja Perjalanan Dinas Biasa
2756,1698,1.0,Belanja Perjalanan Dinas Biasa,Belanja Perjalanan Dinas Biasa
2756,1696,1.0,Belanja Perjalanan Dinas Biasa,Belanja Perjalanan Dinas Biasa
2756,1699,1.0,Belanja Perjalanan Dinas Biasa,Belanja Perjalanan Dinas Biasa
2756,1701,1.0,Belanja Perjalanan Dinas Biasa,Belanja Perjalanan Dinas Biasa
2756,1697,1.0,Belanja Perjalanan Dinas Biasa,Belanja Perjalanan Dinas Biasa
2757,1698,1.0,Belanja Perjalanan Dinas Biasa,Belanja Perjalanan Dinas Biasa
2757,1696,1.0,Belanja Perjalanan Dinas Biasa,Belanja Perjalanan Dinas Biasa
2757,1699,1.0,Belanja Perjalanan Dinas Biasa,Belanja Perjalanan Dinas Biasa
2757,1701,1.0,Belanja Perjalanan Dinas Biasa,Belanja Perjalanan Dinas Biasa
2757,1697,1.0,Belanja Perjalanan Dinas Biasa,Belanja Perjalanan Dinas Biasa
2760,1698,1.0,Belanja Perjalanan Dinas Biasa,Belanja Perjalanan Dinas Biasa
2760,1696,1.0,Belanja Perjalanan Dinas Biasa,Belanja Perjalanan Dinas Biasa
2760,1699,1.0,Belanja Perjalanan Dinas Biasa,Belanja Perjalanan Dinas Biasa
2760,1701,1.0,Belanja Perjalanan Dinas Biasa,Belanja Perjalanan Dinas Biasa
2760,1697,1.0,Belanja Perjalanan Dinas Biasa,Belanja Perjalanan Dinas Biasa
2761,2829,0.9106186528355189,Belanja Perjalanan Dinas Luar Daerah Kegiatan Pembangunan RS Mata,Belanja Perjalanan Dinas Dalam Daerah Kegiatan Pembangunan RS Mata
2763,2804,1.0,"Kegiatan Penunjang (Perencanaan, Pengawasan, Perjalanan Dinas dalam rangka Pengendalian Kegiatan)","Kegiatan Penunjang (Perencanaan, Pengawasan, Perjalanan Dinas dalam rangka Pengendalian Kegiatan)"
2763,2744,1.0,"Kegiatan Penunjang (Perencanaan, Pengawasan, Perjalanan Dinas dalam rangka Pengendalian Kegiatan)","Kegiatan Penunjang (Perencanaan, Pengawasan, Perjalanan Dinas dalam rangka Pengendalian Kegiatan)"
2763,2741,1.0,"Kegiatan Penunjang (Perencanaan, Pengawasan, Perjalanan Dinas dalam rangka Pengendalian Kegiatan)","Kegiatan Penunjang (Perencanaan, Pengawasan, Perjalanan Dinas dalam rangka Pengendalian Kegiatan)"
2763,2743,1.0,"Kegiatan Penunjang (Perencanaan, Pengawasan, Perjalanan Dinas dalam rangka Pengendalian Kegiatan)","Kegiatan Penunjang (Perencanaan, Pengawasan, Perjalanan Dinas dalam rangka Pengendalian Kegiatan)"
2763,2852,1.0,"Kegiatan Penunjang (Perencanaan, Pengawasan, Perjalanan Dinas dalam rangka Pengendalian Kegiatan)","Kegiatan Penunjang (Perencanaan, Pengawasan, Perjalanan Dinas dalam rangka Pengendalian Kegiatan)"
2767,2879,0.8994943911826293,Belanja Perjalanan Dinas (Sekretariat DPTPH),Belanja Perjalanan Dinas Dalam Kota (Sekretariat DPTPH)
2768,1698,1.0,Belanja Perjalanan Dinas Biasa,Belanja Perjalanan Dinas Biasa
2768,1696,1.0,Belanja Perjalanan Dinas Biasa,Belanja Perjalanan Dinas Biasa
2768,1699,1.0,Belanja Perjalanan Dinas Biasa,Belanja Perjalanan Dinas Biasa
2768,1701,1.0,Belanja Perjalanan Dinas Biasa,Belanja Perjalanan Dinas Biasa
2768,1697,1.0,Belanja Perjalanan Dinas Biasa,Belanja Perjalanan Dinas Biasa
2769,1698,1.0,Belanja Perjalanan Dinas Biasa,Belanja Perjalanan Dinas Biasa
2769,1696,1.0,Belanja Perjalanan Dinas Biasa,Belanja Perjalanan Dinas Biasa
2769,1699,1.0,Belanja Perjalanan Dinas Biasa,Belanja Perjalanan Dinas Biasa
2769,1701,1.0,Belanja Perjalanan Dinas Biasa,Belanja Perjalanan Dinas Biasa
2769,1697,1.0,Belanja Perjalanan Dinas Biasa,Belanja Perjalanan Dinas Biasa
2771,1698,1.0,Belanja Perjalanan Dinas Biasa,Belanja Perjalanan Dinas Biasa
2771,1696,1.0,Belanja Perjalanan Dinas Biasa,Belanja Perjalanan Dinas Biasa
2771,1699,1.0,Belanja Perjalanan Dinas Biasa,Belanja Perjalanan Dinas Biasa
2771,1701,1.0,Belanja Perjalanan Dinas Biasa,Belanja Perjalanan Dinas Biasa
2771,1697,1.0,Belanja Perjalanan Dinas Biasa,Belanja Perjalanan Dinas Biasa
2774,2800,1.0,Belanja Perjalanan Dinas,Belanja Perjalanan Dinas
2774,2238,1.0,Belanja Perjalanan Dinas,Belanja Perjalanan Dinas
2774,2652,1.0,Belanja Perjalanan Dinas,Belanja Perjalanan Dinas
2774,2840,1.0,Belanja Perjalanan Dinas,Belanja Perjalanan Dinas
2774,2651,1.0,Belanja Perjalanan Dinas,Belanja Perjalanan Dinas
2775,2800,1.0,Belanja Perjalanan Dinas,Belanja Perjalanan Dinas
2775,2238,1.0,Belanja Perjalanan Dinas,Belanja Perjalanan Dinas
2775,2652,1.0,Belanja Perjalanan Dinas,Belanja Perjalanan Dinas
2775,2840,1.0,Belanja Perjalanan Dinas,Belanja Perjalanan Dinas
2775,2651,1.0,Belanja Perjalanan Dinas,Belanja Perjalanan Dinas
2776,1399,0.8310878388128458,Belanja Perjalanan Dinas Biasa Penyelenggaraan Rapat Koordinasi dan Konsultasi SKPD (BPPP),Belanja Perjalanan Dinas Biasa Penyelenggaraan Rapat Koordinasi dan Konsultasi SKPD
2776,2398,0.8310878388128458,Belanja Perjalanan Dinas Biasa Penyelenggaraan Rapat Koordinasi dan Konsultasi SKPD (BPPP),Belanja Perjalanan Dinas Biasa Penyelenggaraan Rapat Koordinasi dan Konsultasi SKPD
2776,2527,0.8281745350616425,Belanja Perjalanan Dinas Biasa Penyelenggaraan Rapat Koordinasi dan Konsultasi SKPD (BPPP),Perjalanan Dinas Biasa Penyelenggaraan Rapat Koordinasi dan Konsultasi SKPD
2776,2874,0.8277892997750808,Belanja Perjalanan Dinas Biasa Penyelenggaraan Rapat Koordinasi dan Konsultasi SKPD (BPPP),Belanja Perjalanan Dinas (Penyelenggaraan Rapat Koordinasi dan Konsultasi SKPD)
2779,1698,1.0,Belanja Perjalanan Dinas Biasa,Belanja Perjalanan Dinas Biasa
2779,1696,1.0,Belanja Perjalanan Dinas Biasa,Belanja Perjalanan Dinas Biasa
2779,1699,1.0,Belanja Perjalanan Dinas Biasa,Belanja Perjalanan Dinas Biasa
2779,1701,1.0,Belanja Perjalanan Dinas Biasa,Belanja Perjalanan Dinas Biasa
2779,1697,1.0,Belanja Perjalanan Dinas Biasa,Belanja Perjalanan Dinas Biasa
2781,1698,1.0,Belanja Perjalanan Dinas Biasa,Belanja Perjalanan Dinas Biasa
2781,1696,1.0,Belanja Perjalanan Dinas Biasa,Belanja Perjalanan Dinas Biasa
2781,1699,1.0,Belanja Perjalanan Dinas Biasa,Belanja Perjalanan Dinas Biasa
2781,1701,1.0,Belanja Perjalanan Dinas Biasa,Belanja Perjalanan Dinas Biasa
2781,1697,1.0,Belanja Perjalanan Dinas Biasa,Belanja Perjalanan Dinas Biasa
2784,2851,1.0,Perjalanan Dinas,Perjalanan Dinas
2784,39,0.8823549198736784,Perjalanan Dinas,Belanja Perjalanan Dinas Biasa - perjalanan dinas
2784,2238,0.8074859184911416,Perjalanan Dinas,Belanja Perjalanan Dinas
2784,1108,0.8074859184911416,Perjalanan Dinas,Belanja Perjalanan Dinas
2785,2836,1.0,Belanja Perjalanan Dinas Biasa -BINKON,Belanja Perjalanan Dinas Biasa -BINKON
2785,2860,1.0,Belanja Perjalanan Dinas Biasa -BINKON,Belanja Perjalanan Dinas Biasa -BINKON
2786,1698,1.0,Belanja Perjalanan Dinas Biasa,Belanja Perjalanan Dinas Biasa
2786,1696,1.0,Belanja Perjalanan Dinas Biasa,Belanja Perjalanan Dinas Biasa
2786,1699,1.0,Belanja Perjalanan Dinas Biasa,Belanja Perjalanan Dinas Biasa
2786,1701,1.0,Belanja Perjalanan Dinas Biasa,Belanja Perjalanan Dinas Biasa
2786,1697,1.0,Belanja Perjalanan Dinas Biasa,Belanja Perjalanan Dinas Biasa
2792,2877,0.8189470291097226,Belanja Perjalanan Dinas Dalam Daerah (UPTD BPSB),Perjalanan Dinas Luar Daerah Dalam Negeri (UPTD BPSB)
2796,1698,1.0,Belanja Perjalanan Dinas Biasa,Belanja Perjalanan Dinas Biasa
2796,1696,1.0,Belanja Perjalanan Dinas Biasa,Belanja Perjalanan Dinas Biasa
2796,1699,1.0,Belanja Perjalanan Dinas Biasa,Belanja Perjalanan Dinas Biasa
2796,1701,1.0,Belanja Perjalanan Dinas Biasa,Belanja Perjalanan Dinas Biasa
2796,1697,1.0,Belanja Perjalanan Dinas Biasa,Belanja Perjalanan Dinas Biasa
2798,2887,1.0,Penyelenggaraan Rapat Koordinasi dan Konsultasi SKPD Belanja Perjalanan dinas dalam dan luar daerah,Penyelenggaraan Rapat Koordinasi dan Konsultasi SKPD Belanja Perjalanan dinas dalam dan luar daerah
2798,2874,0.8478456568506112,Penyelenggaraan Rapat Koordinasi dan Konsultasi SKPD Belanja Perjalanan dinas dalam dan luar daerah,Belanja Perjalanan Dinas (Penyelenggaraan Rapat Koordinasi dan Konsultasi SKPD)
2798,2740,0.8452618291643954,Penyelenggaraan Rapat Koordinasi dan Konsultasi SKPD Belanja Perjalanan dinas dalam dan luar daerah,Perjalanan Dinas Penyelenggaraan Rapat Koordinasi dan Konsultasi SKPD)
2798,1399,0.8444806070128993,Penyelenggaraan Rapat Koordinasi dan Konsultasi SKPD Belanja Perjalanan dinas dalam dan luar daerah,Belanja Perjalanan Dinas Biasa Penyelenggaraan Rapat Koordinasi dan Konsultasi SKPD
2800,2840,1.0,Belanja Perjalanan Dinas,Belanja Perjalanan Dinas
2801,1145,1.0,Belanja Perjalanan Dinas Dalam Kota,Belanja Perjalanan Dinas Dalam Kota
2801,1147,1.0,Belanja Perjalanan Dinas Dalam Kota,Belanja Perjalanan Dinas Dalam Kota
2801,1144,1.0,Belanja Perjalanan Dinas Dalam Kota,Belanja Perjalanan Dinas Dalam Kota
2801,1141,1.0,Belanja Perjalanan Dinas Dalam Kota,Belanja Perjalanan Dinas Dalam Kota
2801,1148,1.0,Belanja Perjalanan Dinas Dalam Kota,Belanja Perjalanan Dinas Dalam Kota
2804,2852,1.0,"Kegiatan Penunjang (Perencanaan, Pengawasan, Perjalanan Dinas dalam rangka Pengendalian Kegiatan)","Kegiatan Penunjang (Perencanaan, Pengawasan, Perjalanan Dinas dalam rangka Pengendalian Kegiatan)"
2813,1145,1.0,Belanja Perjalanan Dinas dalam Kota,Belanja Perjalanan Dinas Dalam Kota
2813,1147,1.0,Belanja Perjalanan Dinas dalam Kota,Belanja Perjalanan Dinas Dalam Kota
2813,1144,1.0,Belanja Perjalanan Dinas dalam Kota,Belanja Perjalanan Dinas Dalam Kota
2813,1141,1.0,Belanja Perjalanan Dinas dalam Kota,Belanja Perjalanan Dinas Dalam Kota
2813,1148,1.0,Belanja Perjalanan Dinas dalam Kota,Belanja Perjalanan Dinas Dalam Kota
2815,1698,1.0,Belanja Perjalanan Dinas Biasa,Belanja Perjalanan Dinas Biasa
2815,1696,1.0,Belanja Perjalanan Dinas Biasa,Belanja Perjalanan Dinas Biasa
2815,1699,1.0,Belanja Perjalanan Dinas Biasa,Belanja Perjalanan Dinas Biasa
2815,1701,1.0,Belanja Perjalanan Dinas Biasa,Belanja Perjalanan Dinas Biasa
2815,1697,1.0,Belanja Perjalanan Dinas Biasa,Belanja Perjalanan Dinas Biasa
2817,1145,1.0,Belanja Perjalanan Dinas Dalam Kota,Belanja Perjalanan Dinas Dalam Kota
2817,1147,1.0,Belanja Perjalanan Dinas Dalam Kota,Belanja Perjalanan Dinas Dalam Kota
2817,1144,1.0,Belanja Perjalanan Dinas Dalam Kota,Belanja Perjalanan Dinas Dalam Kota
2817,1141,1.0,Belanja Perjalanan Dinas Dalam Kota,Belanja Perjalanan Dinas Dalam Kota
2817,1148,1.0,Belanja Perjalanan Dinas Dalam Kota,Belanja Perjalanan Dinas Dalam Kota
2820,1698,1.0,Belanja Perjalanan Dinas Biasa,Belanja Perjalanan Dinas Biasa
2820,1696,1.0,Belanja Perjalanan Dinas Biasa,Belanja Perjalanan Dinas Biasa
2820,1699,1.0,Belanja Perjalanan Dinas Biasa,Belanja Perjalanan Dinas Biasa
2820,1701,1.0,Belanja Perjalanan Dinas Biasa,Belanja Perjalanan Dinas Biasa
2820,1697,1.0,Belanja Perjalanan Dinas Biasa,Belanja Perjalanan Dinas Biasa
2830,1145,1.0,Belanja Perjalanan Dinas Dalam Kota,Belanja Perjalanan Dinas Dalam Kota
2830,1147,1.0,Belanja Perjalanan Dinas Dalam Kota,Belanja Perjalanan Dinas Dalam Kota
2830,1144,1.0,Belanja Perjalanan Dinas Dalam Kota,Belanja Perjalanan Dinas Dalam Kota
2830,1141,1.0,Belanja Perjalanan Dinas Dalam Kota,Belanja Perjalanan Dinas Dalam Kota
2830,1148,1.0,Belanja Perjalanan Dinas Dalam Kota,Belanja Perjalanan Dinas Dalam Kota
2831,1698,1.0,Belanja Perjalanan Dinas Biasa,Belanja Perjalanan Dinas Biasa
2831,1696,1.0,Belanja Perjalanan Dinas Biasa,Belanja Perjalanan Dinas Biasa
2831,1699,1.0,Belanja Perjalanan Dinas Biasa,Belanja Perjalanan Dinas Biasa
2831,1701,1.0,Belanja Perjalanan Dinas Biasa,Belanja Perjalanan Dinas Biasa
2831,1697,1.0,Belanja Perjalanan Dinas Biasa,Belanja Perjalanan Dinas Biasa
2832,2804,1.0,"Kegiatan Penunjang (Perencanaan, Pengawasan, Perjalanan Dinas dalam rangka Pengendalian Kegiatan)","Kegiatan Penunjang (Perencanaan, Pengawasan, Perjalanan Dinas dalam rangka Pengendalian Kegiatan)"
2832,2744,1.0,"Kegiatan Penunjang (Perencanaan, Pengawasan, Perjalanan Dinas dalam rangka Pengendalian Kegiatan)","Kegiatan Penunjang (Perencanaan, Pengawasan, Perjalanan Dinas dalam rangka Pengendalian Kegiatan)"
2832,2741,1.0,"Kegiatan Penunjang (Perencanaan, Pengawasan, Perjalanan Dinas dalam rangka Pengendalian Kegiatan)","Kegiatan Penunjang (Perencanaan, Pengawasan, Perjalanan Dinas dalam rangka Pengendalian Kegiatan)"
2832,2743,1.0,"Kegiatan Penunjang (Perencanaan, Pengawasan, Perjalanan Dinas dalam rangka Pengendalian Kegiatan)","Kegiatan Penunjang (Perencanaan, Pengawasan, Perjalanan Dinas dalam rangka Pengendalian Kegiatan)"
2832,2852,1.0,"Kegiatan Penunjang (Perencanaan, Pengawasan, Perjalanan Dinas dalam rangka Pengendalian Kegiatan)","Kegiatan Penunjang (Perencanaan, Pengawasan, Perjalanan Dinas dalam rangka Pengendalian Kegiatan)"
2833,2804,1.0,"Kegiatan Penunjang (Perencanaan, Pengawasan, Perjalanan Dinas dalam rangka Pengendalian Kegiatan)","Kegiatan Penunjang (Perencanaan, Pengawasan, Perjalanan Dinas dalam rangka Pengendalian Kegiatan)"
2833,2744,1.0,"Kegiatan Penunjang (Perencanaan, Pengawasan, Perjalanan Dinas dalam rangka Pengendalian Kegiatan)","Kegiatan Penunjang (Perencanaan, Pengawasan, Perjalanan Dinas dalam rangka Pengendalian Kegiatan)"
2833,2741,1.0,"Kegiatan Penunjang (Perencanaan, Pengawasan, Perjalanan Dinas dalam rangka Pengendalian Kegiatan)","Kegiatan Penunjang (Perencanaan, Pengawasan, Perjalanan Dinas dalam rangka Pengendalian Kegiatan)"
2833,2743,1.0,"Kegiatan Penunjang (Perencanaan, Pengawasan, Perjalanan Dinas dalam rangka Pengendalian Kegiatan)","Kegiatan Penunjang (Perencanaan, Pengawasan, Perjalanan Dinas dalam rangka Pengendalian Kegiatan)"
2833,2852,1.0,"Kegiatan Penunjang (Perencanaan, Pengawasan, Perjalanan Dinas dalam rangka Pengendalian Kegiatan)","Kegiatan Penunjang (Perencanaan, Pengawasan, Perjalanan Dinas dalam rangka Pengendalian Kegiatan)"
2835,1698,1.0,Belanja Perjalanan Dinas Biasa,Belanja Perjalanan Dinas Biasa
2835,1696,1.0,Belanja Perjalanan Dinas Biasa,Belanja Perjalanan Dinas Biasa
2835,1699,1.0,Belanja Perjalanan Dinas Biasa,Belanja Perjalanan Dinas Biasa
2835,1701,1.0,Belanja Perjalanan Dinas Biasa,Belanja Perjalanan Dinas Biasa
2835,1697,1.0,Belanja Perjalanan Dinas Biasa,Belanja Perjalanan Dinas Biasa
2836,2860,1.0,Belanja Perjalanan Dinas Biasa -BINKON,Belanja Perjalanan Dinas Biasa -BINKON
2842,2800,1.0,Belanja Perjalanan Dinas,Belanja Perjalanan Dinas
2842,2238,1.0,Belanja Perjalanan Dinas,Belanja Perjalanan Dinas
2842,2652,1.0,Belanja Perjalanan Dinas,Belanja Perjalanan Dinas
2842,2840,1.0,Belanja Perjalanan Dinas,Belanja Perjalanan Dinas
2842,2651,1.0,Belanja Perjalanan Dinas,Belanja Perjalanan Dinas
2844,2938,1.0,Belanja Perjalanan Dinas Paket Meeting Dalam Kota,Belanja Perjalanan Dinas Paket Meeting Dalam Kota
2844,1128,1.0,Belanja Perjalanan Dinas Paket Meeting Dalam Kota,Belanja Perjalanan Dinas Paket Meeting Dalam Kota
2844,2555,1.0,Belanja Perjalanan Dinas Paket Meeting Dalam Kota,Belanja Perjalanan Dinas Paket Meeting Dalam Kota
2844,2532,1.0,Belanja Perjalanan Dinas Paket Meeting Dalam Kota,Belanja Perjalanan Dinas Paket Meeting Dalam Kota
2844,2278,1.0,Belanja Perjalanan Dinas Paket Meeting Dalam Kota,Belanja Perjalanan Dinas Paket Meeting Dalam Kota
2846,2733,0.8412798562037165,Penyelenggaraan Rapat Koordinasi dan Konsultasi SKPD berupa  Belanja  Perjalanan Dinas Biasa Koordinasi dan Konsultasi e-Layanan Pendidikan,Penyelenggaraan Rapat Koordinasi dan Konsultasi SKPD berupa Belanja Perjalanan Dinas
2847,2874,0.8448462392401912,Penyelenggaraan Rapat Koordinasi dan Konsultasi SKPD berupa  Belanja Perjalanan Dinas Rapat - rapat Koordinasi,Belanja Perjalanan Dinas (Penyelenggaraan Rapat Koordinasi dan Konsultasi SKPD)
2847,2740,0.8439255588338089,Penyelenggaraan Rapat Koordinasi dan Konsultasi SKPD berupa  Belanja Perjalanan Dinas Rapat - rapat Koordinasi,Perjalanan Dinas Penyelenggaraan Rapat Koordinasi dan Konsultasi SKPD)
2847,2398,0.8414930939155962,Penyelenggaraan Rapat Koordinasi dan Konsultasi SKPD berupa  Belanja Perjalanan Dinas Rapat - rapat Koordinasi,Belanja Perjalanan Dinas Biasa Penyelenggaraan Rapat Koordinasi dan Konsultasi SKPD
2849,1698,1.0,Belanja Perjalanan Dinas Biasa,Belanja Perjalanan Dinas Biasa
2849,1696,1.0,Belanja Perjalanan Dinas Biasa,Belanja Perjalanan Dinas Biasa
2849,1699,1.0,Belanja Perjalanan Dinas Biasa,Belanja Perjalanan Dinas Biasa
2849,1701,1.0,Belanja Perjalanan Dinas Biasa,Belanja Perjalanan Dinas Biasa
2849,1697,1.0,Belanja Perjalanan Dinas Biasa,Belanja Perjalanan Dinas Biasa
2850,2740,0.9453143800488795,"Penyelenggaraan Perjalanan Dinas Kegiatan, Rapat Koordinasi dan Konsultasi SKPD",Perjalanan Dinas Penyelenggaraan Rapat Koordinasi dan Konsultasi SKPD)
2850,2874,0.9419741571949916,"Penyelenggaraan Perjalanan Dinas Kegiatan, Rapat Koordinasi dan Konsultasi SKPD",Belanja Perjalanan Dinas (Penyelenggaraan Rapat Koordinasi dan Konsultasi SKPD)
2850,2527,0.9415359866536169,"Penyelenggaraan Perjalanan Dinas Kegiatan, Rapat Koordinasi dan Konsultasi SKPD",Perjalanan Dinas Biasa Penyelenggaraan Rapat Koordinasi dan Konsultasi SKPD
2850,1399,0.9382355168431944,"Penyelenggaraan Perjalanan Dinas Kegiatan, Rapat Koordinasi dan Konsultasi SKPD",Belanja Perjalanan Dinas Biasa Penyelenggaraan Rapat Koordinasi dan Konsultasi SKPD
2851,39,0.8823549198736784,Perjalanan Dinas,Belanja Perjalanan Dinas Biasa - perjalanan dinas
2851,2238,0.8074859184911416,Perjalanan Dinas,Belanja Perjalanan Dinas
2851,1108,0.8074859184911416,Perjalanan Dinas,Belanja Perjalanan Dinas
2853,2873,0.8158629919725002,Bid Yankes-Subkeg Pembinaan-Belanja Perjalanan Dinas Paket Meeting Dalam Kota,Bid Yankes-Subkeg Pembinaan-Belanja Perjalanan Dinas Biasa
2856,2857,0.9152428258102379,Bid Yankes-Subkeg Kestrad-Belanja Perjalanan Dinas Biasa,Bid Yankes-Subkeg Kestrad-Belanja Perjalanan Dinas Dalam Kota
2858,1698,1.0,Belanja Perjalanan Dinas Biasa,Belanja Perjalanan Dinas Biasa
2858,1696,1.0,Belanja Perjalanan Dinas Biasa,Belanja Perjalanan Dinas Biasa
2858,1699,1.0,Belanja Perjalanan Dinas Biasa,Belanja Perjalanan Dinas Biasa
2858,1701,1.0,Belanja Perjalanan Dinas Biasa,Belanja Perjalanan Dinas Biasa
2858,1697,1.0,Belanja Perjalanan Dinas Biasa,Belanja Perjalanan Dinas Biasa
2862,1698,1.0,Belanja Perjalanan Dinas Biasa,Belanja Perjalanan Dinas Biasa
2862,1696,1.0,Belanja Perjalanan Dinas Biasa,Belanja Perjalanan Dinas Biasa
2862,1699,1.0,Belanja Perjalanan Dinas Biasa,Belanja Perjalanan Dinas Biasa
2862,1701,1.0,Belanja Perjalanan Dinas Biasa,Belanja Perjalanan Dinas Biasa
2862,1697,1.0,Belanja Perjalanan Dinas Biasa,Belanja Perjalanan Dinas Biasa
2865,2883,0.9226931535708605,Belanja Perjalanan Dinas Biasa (Registrasi Lahan Hortikultura),Belanja Perjalanan Dinas Dalam Kota (Registrasi Lahan Hortikultura)
2866,1698,1.0,Belanja Perjalanan Dinas Biasa,Belanja Perjalanan Dinas Biasa
2866,1696,1.0,Belanja Perjalanan Dinas Biasa,Belanja Perjalanan Dinas Biasa
2866,1699,1.0,Belanja Perjalanan Dinas Biasa,Belanja Perjalanan Dinas Biasa
2866,1701,1.0,Belanja Perjalanan Dinas Biasa,Belanja Perjalanan Dinas Biasa
2866,1697,1.0,Belanja Perjalanan Dinas Biasa,Belanja Perjalanan Dinas Biasa
2868,2847,0.803309548445882,Penyelenggaraan Rapat Koordinasi dan Konsultasi SKPD berupa  Belanja Perjalanan Dinas Rapat Koordinasi BTIKP Se Indonesia,Penyelenggaraan Rapat Koordinasi dan Konsultasi SKPD berupa  Belanja Perjalanan Dinas Rapat - rapat Koordinasi
2870,2800,1.0,Belanja Perjalanan Dinas,Belanja Perjalanan Dinas
2870,2238,1.0,Belanja Perjalanan Dinas,Belanja Perjalanan Dinas
2870,2652,1.0,Belanja Perjalanan Dinas,Belanja Perjalanan Dinas
2870,2840,1.0,Belanja Perjalanan Dinas,Belanja Perjalanan Dinas
2870,2651,1.0,Belanja Perjalanan Dinas,Belanja Perjalanan Dinas
2876,2800,1.0,Belanja Perjalanan Dinas,Belanja Perjalanan Dinas
2876,2238,1.0,Belanja Perjalanan Dinas,Belanja Perjalanan Dinas
2876,2652,1.0,Belanja Perjalanan Dinas,Belanja Perjalanan Dinas
2876,2840,1.0,Belanja Perjalanan Dinas,Belanja Perjalanan Dinas
2876,2651,1.0,Belanja Perjalanan Dinas,Belanja Perjalanan Dinas
2884,2800,1.0,belanja perjalanan dinas,Belanja Perjalanan Dinas
2884,2238,1.0,belanja perjalanan dinas,Belanja Perjalanan Dinas
2884,2652,1.0,belanja perjalanan dinas,Belanja Perjalanan Dinas
2884,2840,1.0,belanja perjalanan dinas,Belanja Perjalanan Dinas
2884,2651,1.0,belanja perjalanan dinas,Belanja Perjalanan Dinas
2885,1698,1.0,Belanja Perjalanan Dinas Biasa,Belanja Perjalanan Dinas Biasa
2885,1696,1.0,Belanja Perjalanan Dinas Biasa,Belanja Perjalanan Dinas Biasa
2885,1699,1.0,Belanja Perjalanan Dinas Biasa,Belanja Perjalanan Dinas Biasa
2885,1701,1.0,Belanja Perjalanan Dinas Biasa,Belanja Perjalanan Dinas Biasa
2885,1697,1.0,Belanja Perjalanan Dinas Biasa,Belanja Perjalanan Dinas Biasa
2887,2874,0.8478456568506112,Penyelenggaraan Rapat Koordinasi dan Konsultasi SKPD Belanja Perjalanan dinas dalam dan luar daerah,Belanja Perjalanan Dinas (Penyelenggaraan Rapat Koordinasi dan Konsultasi SKPD)
2887,2740,0.8452618291643954,Penyelenggaraan Rapat Koordinasi dan Konsultasi SKPD Belanja Perjalanan dinas dalam dan luar daerah,Perjalanan Dinas Penyelenggaraan Rapat Koordinasi dan Konsultasi SKPD)
2887,1399,0.8444806070128993,Penyelenggaraan Rapat Koordinasi dan Konsultasi SKPD Belanja Perjalanan dinas dalam dan luar daerah,Belanja Perjalanan Dinas Biasa Penyelenggaraan Rapat Koordinasi dan Konsultasi SKPD
2888,2398,0.8974111456515811,Belanja Perjalanan Dinas Biasa (Rapat Koordinasi dan Konsultasi SKPD),Belanja Perjalanan Dinas Biasa Penyelenggaraan Rapat Koordinasi dan Konsultasi SKPD
2888,1399,0.8974111456515811,Belanja Perjalanan Dinas Biasa (Rapat Koordinasi dan Konsultasi SKPD),Belanja Perjalanan Dinas Biasa Penyelenggaraan Rapat Koordinasi dan Konsultasi SKPD
2888,2527,0.8927419927223084,Belanja Perjalanan Dinas Biasa (Rapat Koordinasi dan Konsultasi SKPD),Perjalanan Dinas Biasa Penyelenggaraan Rapat Koordinasi dan Konsultasi SKPD
2890,1145,1.0,Belanja Perjalanan Dinas Dalam Kota,Belanja Perjalanan Dinas Dalam Kota
2890,1147,1.0,Belanja Perjalanan Dinas Dalam Kota,Belanja Perjalanan Dinas Dalam Kota
2890,1144,1.0,Belanja Perjalanan Dinas Dalam Kota,Belanja Perjalanan Dinas Dalam Kota
2890,1141,1.0,Belanja Perjalanan Dinas Dalam Kota,Belanja Perjalanan Dinas Dalam Kota
2890,1148,1.0,Belanja Perjalanan Dinas Dalam Kota,Belanja Perjalanan Dinas Dalam Kota
2894,2804,1.0,"Kegiatan Penunjang (Perencanaan, Pengawasan, Perjalanan Dinas dalam rangka Pengendalian Kegiatan)","Kegiatan Penunjang (Perencanaan, Pengawasan, Perjalanan Dinas dalam rangka Pengendalian Kegiatan)"
2894,2744,1.0,"Kegiatan Penunjang (Perencanaan, Pengawasan, Perjalanan Dinas dalam rangka Pengendalian Kegiatan)","Kegiatan Penunjang (Perencanaan, Pengawasan, Perjalanan Dinas dalam rangka Pengendalian Kegiatan)"
2894,2741,1.0,"Kegiatan Penunjang (Perencanaan, Pengawasan, Perjalanan Dinas dalam rangka Pengendalian Kegiatan)","Kegiatan Penunjang (Perencanaan, Pengawasan, Perjalanan Dinas dalam rangka Pengendalian Kegiatan)"
2894,2743,1.0,"Kegiatan Penunjang (Perencanaan, Pengawasan, Perjalanan Dinas dalam rangka Pengendalian Kegiatan)","Kegiatan Penunjang (Perencanaan, Pengawasan, Perjalanan Dinas dalam rangka Pengendalian Kegiatan)"
2894,2852,1.0,"Kegiatan Penunjang (Perencanaan, Pengawasan, Perjalanan Dinas dalam rangka Pengendalian Kegiatan)","Kegiatan Penunjang (Perencanaan, Pengawasan, Perjalanan Dinas dalam rangka Pengendalian Kegiatan)"
2905,1698,1.0,Belanja Perjalanan Dinas Biasa,Belanja Perjalanan Dinas Biasa
2905,1696,1.0,Belanja Perjalanan Dinas Biasa,Belanja Perjalanan Dinas Biasa
2905,1699,1.0,Belanja Perjalanan Dinas Biasa,Belanja Perjalanan Dinas Biasa
2905,1701,1.0,Belanja Perjalanan Dinas Biasa,Belanja Perjalanan Dinas Biasa
2905,1697,1.0,Belanja Perjalanan Dinas Biasa,Belanja Perjalanan Dinas Biasa
2906,1698,1.0,Belanja Perjalanan Dinas Biasa,Belanja Perjalanan Dinas Biasa
2906,1696,1.0,Belanja Perjalanan Dinas Biasa,Belanja Perjalanan Dinas Biasa
2906,1699,1.0,Belanja Perjalanan Dinas Biasa,Belanja Perjalanan Dinas Biasa
2906,1701,1.0,Belanja Perjalanan Dinas Biasa,Belanja Perjalanan Dinas Biasa
2906,1697,1.0,Belanja Perjalanan Dinas Biasa,Belanja Perjalanan Dinas Biasa
2907,1698,1.0,Belanja Perjalanan Dinas Biasa,Belanja Perjalanan Dinas Biasa
2907,1696,1.0,Belanja Perjalanan Dinas Biasa,Belanja Perjalanan Dinas Biasa
2907,1699,1.0,Belanja Perjalanan Dinas Biasa,Belanja Perjalanan Dinas Biasa
2907,1701,1.0,Belanja Perjalanan Dinas Biasa,Belanja Perjalanan Dinas Biasa
2907,1697,1.0,Belanja Perjalanan Dinas Biasa,Belanja Perjalanan Dinas Biasa
2908,1698,1.0,Belanja Perjalanan Dinas Biasa,Belanja Perjalanan Dinas Biasa
2908,1696,1.0,Belanja Perjalanan Dinas Biasa,Belanja Perjalanan Dinas Biasa
2908,1699,1.0,Belanja Perjalanan Dinas Biasa,Belanja Perjalanan Dinas Biasa
2908,1701,1.0,Belanja Perjalanan Dinas Biasa,Belanja Perjalanan Dinas Biasa
2908,1697,1.0,Belanja Perjalanan Dinas Biasa,Belanja Perjalanan Dinas Biasa
2911,2972,1.0,"Biaya Penginapan Perjalanan Dinas Dalam Negeri - Pejabat Eselon IV/ Golongan III, II Dan I -  Sumatera Utara","Biaya Penginapan Perjalanan Dinas Dalam Negeri - Pejabat Eselon IV/ Golongan III, II Dan I -  Sumatera Utara"
2911,84,1.0,"Biaya Penginapan Perjalanan Dinas Dalam Negeri - Pejabat Eselon IV/ Golongan III, II Dan I -  Sumatera Utara","Biaya Penginapan Perjalanan Dinas Dalam Negeri - Pejabat Eselon IV/ Golongan III, II Dan I -  Sumatera Utara"
2911,2468,1.0,"Biaya Penginapan Perjalanan Dinas Dalam Negeri - Pejabat Eselon IV/ Golongan III, II Dan I -  Sumatera Utara","Biaya Penginapan Perjalanan Dinas Dalam Negeri - Pejabat Eselon IV/ Golongan III, II Dan I -  Sumatera Utara"
2911,2321,1.0,"Biaya Penginapan Perjalanan Dinas Dalam Negeri - Pejabat Eselon IV/ Golongan III, II Dan I -  Sumatera Utara","Biaya Penginapan Perjalanan Dinas Dalam Negeri - Pejabat Eselon IV/ Golongan III, II Dan I -  Sumatera Utara"
2911,2264,1.0,"Biaya Penginapan Perjalanan Dinas Dalam Negeri - Pejabat Eselon IV/ Golongan III, II Dan I -  Sumatera Utara","Biaya Penginapan Perjalanan Dinas Dalam Negeri - Pejabat Eselon IV/ Golongan III, II Dan I -  Sumatera Utara"
2912,2321,0.8508762163237518,"Biaya Penginapan Perjalanan Dinas Dalam Negeri - Pejabat Eselon IV/ Golongan III, II Dan I -  Gorontalo","Biaya Penginapan Perjalanan Dinas Dalam Negeri - Pejabat Eselon IV/ Golongan III, II Dan I -  Sumatera Utara"
2912,84,0.8508762163237518,"Biaya Penginapan Perjalanan Dinas Dalam Negeri - Pejabat Eselon IV/ Golongan III, II Dan I -  Gorontalo","Biaya Penginapan Perjalanan Dinas Dalam Negeri - Pejabat Eselon IV/ Golongan III, II Dan I -  Sumatera Utara"
2912,2264,0.8508762163237518,"Biaya Penginapan Perjalanan Dinas Dalam Negeri - Pejabat Eselon IV/ Golongan III, II Dan I -  Gorontalo","Biaya Penginapan Perjalanan Dinas Dalam Negeri - Pejabat Eselon IV/ Golongan III, II Dan I -  Sumatera Utara"
2912,2911,0.8508762163237518,"Biaya Penginapan Perjalanan Dinas Dalam Negeri - Pejabat Eselon IV/ Golongan III, II Dan I -  Gorontalo","Biaya Penginapan Perjalanan Dinas Dalam Negeri - Pejabat Eselon IV/ Golongan III, II Dan I -  Sumatera Utara"
2913,2470,1.0,Perjalanan Dinas Biasa,Perjalanan Dinas Biasa
2913,2273,1.0,Perjalanan Dinas Biasa,Perjalanan Dinas Biasa
2913,2340,1.0,Perjalanan Dinas Biasa,Perjalanan Dinas Biasa
2913,2932,1.0,Perjalanan Dinas Biasa,Perjalanan Dinas Biasa
2913,2672,1.0,Perjalanan Dinas Biasa,Perjalanan Dinas Biasa
2914,1698,1.0,Belanja Perjalanan Dinas Biasa,Belanja Perjalanan Dinas Biasa
2914,1696,1.0,Belanja Perjalanan Dinas Biasa,Belanja Perjalanan Dinas Biasa
2914,1699,1.0,Belanja Perjalanan Dinas Biasa,Belanja Perjalanan Dinas Biasa
2914,1701,1.0,Belanja Perjalanan Dinas Biasa,Belanja Perjalanan Dinas Biasa
2914,1697,1.0,Belanja Perjalanan Dinas Biasa,Belanja Perjalanan Dinas Biasa
2915,2470,1.0,Perjalanan Dinas Biasa,Perjalanan Dinas Biasa
2915,2273,1.0,Perjalanan Dinas Biasa,Perjalanan Dinas Biasa
2915,2340,1.0,Perjalanan Dinas Biasa,Perjalanan Dinas Biasa
2915,2932,1.0,Perjalanan Dinas Biasa,Perjalanan Dinas Biasa
2915,2672,1.0,Perjalanan Dinas Biasa,Perjalanan Dinas Biasa
2916,1698,1.0,Belanja Perjalanan Dinas Biasa,Belanja Perjalanan Dinas Biasa
2916,1696,1.0,Belanja Perjalanan Dinas Biasa,Belanja Perjalanan Dinas Biasa
2916,1699,1.0,Belanja Perjalanan Dinas Biasa,Belanja Perjalanan Dinas Biasa
2916,1701,1.0,Belanja Perjalanan Dinas Biasa,Belanja Perjalanan Dinas Biasa
2916,1697,1.0,Belanja Perjalanan Dinas Biasa,Belanja Perjalanan Dinas Biasa
2917,1698,1.0,Belanja Perjalanan Dinas Biasa,Belanja Perjalanan Dinas Biasa
2917,1696,1.0,Belanja Perjalanan Dinas Biasa,Belanja Perjalanan Dinas Biasa
2917,1699,1.0,Belanja Perjalanan Dinas Biasa,Belanja Perjalanan Dinas Biasa
2917,1701,1.0,Belanja Perjalanan Dinas Biasa,Belanja Perjalanan Dinas Biasa
2917,1697,1.0,Belanja Perjalanan Dinas Biasa,Belanja Perjalanan Dinas Biasa
2918,1698,1.0,Belanja Perjalanan Dinas Biasa,Belanja Perjalanan Dinas Biasa
2918,1696,1.0,Belanja Perjalanan Dinas Biasa,Belanja Perjalanan Dinas Biasa
2918,1699,1.0,Belanja Perjalanan Dinas Biasa,Belanja Perjalanan Dinas Biasa
2918,1701,1.0,Belanja Perjalanan Dinas Biasa,Belanja Perjalanan Dinas Biasa
2918,1697,1.0,Belanja Perjalanan Dinas Biasa,Belanja Perjalanan Dinas Biasa
2919,2974,1.0,Belanja Perjalanan Dinas Biasa (Bidang HMB),Belanja Perjalanan Dinas Biasa (Bidang HMB)
2920,2371,1.0,Belanja Perjalanan Dinas Biasa (Cabang Dinas I),Belanja Perjalanan Dinas Biasa (Cabang Dinas V)
2920,2989,1.0,Belanja Perjalanan Dinas Biasa (Cabang Dinas I),Belanja Perjalanan Dinas Biasa (Cabang Dinas V)
2920,2370,1.0,Belanja Perjalanan Dinas Biasa (Cabang Dinas I),Belanja Perjalanan Dinas Biasa (Cabang Dinas V)
2920,2210,1.0,Belanja Perjalanan Dinas Biasa (Cabang Dinas I),Belanja Perjalanan Dinas Biasa (Cabang Dinas I)
2920,2922,1.0,Belanja Perjalanan Dinas Biasa (Cabang Dinas I),Belanja Perjalanan Dinas Biasa (Cabang Dinas I)
2922,2989,1.0,Belanja Perjalanan Dinas Biasa (Cabang Dinas I),Belanja Perjalanan Dinas Biasa (Cabang Dinas V)
2925,1698,1.0,Belanja Perjalanan Dinas Biasa,Belanja Perjalanan Dinas Biasa
2925,1696,1.0,Belanja Perjalanan Dinas Biasa,Belanja Perjalanan Dinas Biasa
2925,1699,1.0,Belanja Perjalanan Dinas Biasa,Belanja Perjalanan Dinas Biasa
2925,1701,1.0,Belanja Perjalanan Dinas Biasa,Belanja Perjalanan Dinas Biasa
2925,1697,1.0,Belanja Perjalanan Dinas Biasa,Belanja Perjalanan Dinas Biasa
2929,2993,1.0,Belanja Perjalanan Dinas Biasa (Cabang Dinas III),Belanja Perjalanan Dinas Biasa (Cabang Dinas III)
2930,2938,1.0,Belanja Perjalanan Dinas Paket Meeting Dalam Kota,Belanja Perjalanan Dinas Paket Meeting Dalam Kota
2930,1128,1.0,Belanja Perjalanan Dinas Paket Meeting Dalam Kota,Belanja Perjalanan Dinas Paket Meeting Dalam Kota
2930,2555,1.0,Belanja Perjalanan Dinas Paket Meeting Dalam Kota,Belanja Perjalanan Dinas Paket Meeting Dalam Kota
2930,2532,1.0,Belanja Perjalanan Dinas Paket Meeting Dalam Kota,Belanja Perjalanan Dinas Paket Meeting Dalam Kota
2930,2278,1.0,Belanja Perjalanan Dinas Paket Meeting Dalam Kota,Belanja Perjalanan Dinas Paket Meeting Dalam Kota
2931,2470,1.0,Perjalanan Dinas Biasa,Perjalanan Dinas Biasa
2931,2273,1.0,Perjalanan Dinas Biasa,Perjalanan Dinas Biasa
2931,2340,1.0,Perjalanan Dinas Biasa,Perjalanan Dinas Biasa
2931,2932,1.0,Perjalanan Dinas Biasa,Perjalanan Dinas Biasa
2931,2672,1.0,Perjalanan Dinas Biasa,Perjalanan Dinas Biasa
2933,1698,1.0,Belanja Perjalanan Dinas Biasa,Belanja Perjalanan Dinas Biasa
2933,1696,1.0,Belanja Perjalanan Dinas Biasa,Belanja Perjalanan Dinas Biasa
2933,1699,1.0,Belanja Perjalanan Dinas Biasa,Belanja Perjalanan Dinas Biasa
2933,1701,1.0,Belanja Perjalanan Dinas Biasa,Belanja Perjalanan Dinas Biasa
2933,1697,1.0,Belanja Perjalanan Dinas Biasa,Belanja Perjalanan Dinas Biasa
2934,1698,1.0,Belanja Perjalanan Dinas Biasa,Belanja Perjalanan Dinas Biasa
2934,1696,1.0,Belanja Perjalanan Dinas Biasa,Belanja Perjalanan Dinas Biasa
2934,1699,1.0,Belanja Perjalanan Dinas Biasa,Belanja Perjalanan Dinas Biasa
2934,1701,1.0,Belanja Perjalanan Dinas Biasa,Belanja Perjalanan Dinas Biasa
2934,1697,1.0,Belanja Perjalanan Dinas Biasa,Belanja Perjalanan Dinas Biasa
2935,1698,1.0,Belanja Perjalanan Dinas Biasa,Belanja Perjalanan Dinas Biasa
2935,1696,1.0,Belanja Perjalanan Dinas Biasa,Belanja Perjalanan Dinas Biasa
2935,1699,1.0,Belanja Perjalanan Dinas Biasa,Belanja Perjalanan Dinas Biasa
2935,1701,1.0,Belanja Perjalanan Dinas Biasa,Belanja Perjalanan Dinas Biasa
2935,1697,1.0,Belanja Perjalanan Dinas Biasa,Belanja Perjalanan Dinas Biasa
2937,2869,1.0,Belanja Perjalanan Dinas Paket Meeting Luar Kota,Belanja Perjalanan Dinas Paket Meeting Luar Kota
2937,2372,1.0,Belanja Perjalanan Dinas Paket Meeting Luar Kota,Belanja Perjalanan Dinas Paket Meeting Luar Kota
2937,1195,1.0,Belanja Perjalanan Dinas Paket Meeting Luar Kota,Belanja Perjalanan Dinas Paket Meeting Luar Kota
2937,1149,1.0,Belanja Perjalanan Dinas Paket Meeting Luar Kota,Belanja Perjalanan Dinas Paket Meeting Luar Kota
2937,2389,1.0,Belanja Perjalanan Dinas Paket Meeting Luar Kota,Belanja Perjalanan Dinas Paket Meeting Luar Kota
2939,1698,1.0,Belanja Perjalanan Dinas Biasa,Belanja Perjalanan Dinas Biasa
2939,1696,1.0,Belanja Perjalanan Dinas Biasa,Belanja Perjalanan Dinas Biasa
2939,1699,1.0,Belanja Perjalanan Dinas Biasa,Belanja Perjalanan Dinas Biasa
2939,1701,1.0,Belanja Perjalanan Dinas Biasa,Belanja Perjalanan Dinas Biasa
2939,1697,1.0,Belanja Perjalanan Dinas Biasa,Belanja Perjalanan Dinas Biasa
2940,1698,1.0,Belanja Perjalanan Dinas Biasa,Belanja Perjalanan Dinas Biasa
2940,1696,1.0,Belanja Perjalanan Dinas Biasa,Belanja Perjalanan Dinas Biasa
2940,1699,1.0,Belanja Perjalanan Dinas Biasa,Belanja Perjalanan Dinas Biasa
2940,1701,1.0,Belanja Perjalanan Dinas Biasa,Belanja Perjalanan Dinas Biasa
2940,1697,1.0,Belanja Perjalanan Dinas Biasa,Belanja Perjalanan Dinas Biasa
2941,2987,0.9651279695253676,"Belanja Perjalanan Dinas Biasa - Event, Expo dan Pameran Produk Unggulan KUMKM Sumatera Utara","Belanja Perjalanan Dinas Dalam Kota - Event, Expo dan Pameran Produk Unggulan KUMKM Sumatera Utara"
2942,2938,1.0,Belanja Perjalanan Dinas Paket Meeting Dalam Kota,Belanja Perjalanan Dinas Paket Meeting Dalam Kota
2942,1128,1.0,Belanja Perjalanan Dinas Paket Meeting Dalam Kota,Belanja Perjalanan Dinas Paket Meeting Dalam Kota
2942,2555,1.0,Belanja Perjalanan Dinas Paket Meeting Dalam Kota,Belanja Perjalanan Dinas Paket Meeting Dalam Kota
2942,2532,1.0,Belanja Perjalanan Dinas Paket Meeting Dalam Kota,Belanja Perjalanan Dinas Paket Meeting Dalam Kota
2942,2278,1.0,Belanja Perjalanan Dinas Paket Meeting Dalam Kota,Belanja Perjalanan Dinas Paket Meeting Dalam Kota
2943,1698,1.0,Belanja Perjalanan Dinas Biasa,Belanja Perjalanan Dinas Biasa
2943,1696,1.0,Belanja Perjalanan Dinas Biasa,Belanja Perjalanan Dinas Biasa
2943,1699,1.0,Belanja Perjalanan Dinas Biasa,Belanja Perjalanan Dinas Biasa
2943,1701,1.0,Belanja Perjalanan Dinas Biasa,Belanja Perjalanan Dinas Biasa
2943,1697,1.0,Belanja Perjalanan Dinas Biasa,Belanja Perjalanan Dinas Biasa
2944,1698,1.0,Belanja Perjalanan Dinas Biasa,Belanja Perjalanan Dinas Biasa
2944,1696,1.0,Belanja Perjalanan Dinas Biasa,Belanja Perjalanan Dinas Biasa
2944,1699,1.0,Belanja Perjalanan Dinas Biasa,Belanja Perjalanan Dinas Biasa
2944,1701,1.0,Belanja Perjalanan Dinas Biasa,Belanja Perjalanan Dinas Biasa
2944,1697,1.0,Belanja Perjalanan Dinas Biasa,Belanja Perjalanan Dinas Biasa
2945,1698,1.0,Belanja Perjalanan Dinas Biasa,Belanja Perjalanan Dinas Biasa
2945,1696,1.0,Belanja Perjalanan Dinas Biasa,Belanja Perjalanan Dinas Biasa
2945,1699,1.0,Belanja Perjalanan Dinas Biasa,Belanja Perjalanan Dinas Biasa
2945,1701,1.0,Belanja Perjalanan Dinas Biasa,Belanja Perjalanan Dinas Biasa
2945,1697,1.0,Belanja Perjalanan Dinas Biasa,Belanja Perjalanan Dinas Biasa
2946,1698,1.0,Belanja Perjalanan Dinas Biasa,Belanja Perjalanan Dinas Biasa
2946,1696,1.0,Belanja Perjalanan Dinas Biasa,Belanja Perjalanan Dinas Biasa
2946,1699,1.0,Belanja Perjalanan Dinas Biasa,Belanja Perjalanan Dinas Biasa
2946,1701,1.0,Belanja Perjalanan Dinas Biasa,Belanja Perjalanan Dinas Biasa
2946,1697,1.0,Belanja Perjalanan Dinas Biasa,Belanja Perjalanan Dinas Biasa
2948,2371,1.0,Belanja Perjalanan Dinas Biasa (Cabang Dinas V),Belanja Perjalanan Dinas Biasa (Cabang Dinas V)
2948,2989,1.0,Belanja Perjalanan Dinas Biasa (Cabang Dinas V),Belanja Perjalanan Dinas Biasa (Cabang Dinas V)
2948,2370,1.0,Belanja Perjalanan Dinas Biasa (Cabang Dinas V),Belanja Perjalanan Dinas Biasa (Cabang Dinas V)
2948,2210,1.0,Belanja Perjalanan Dinas Biasa (Cabang Dinas V),Belanja Perjalanan Dinas Biasa (Cabang Dinas I)
2948,2922,1.0,Belanja Perjalanan Dinas Biasa (Cabang Dinas V),Belanja Perjalanan Dinas Biasa (Cabang Dinas I)
2949,1698,1.0,Belanja Perjalanan Dinas Biasa,Belanja Perjalanan Dinas Biasa
2949,1696,1.0,Belanja Perjalanan Dinas Biasa,Belanja Perjalanan Dinas Biasa
2949,1699,1.0,Belanja Perjalanan Dinas Biasa,Belanja Perjalanan Dinas Biasa
2949,1701,1.0,Belanja Perjalanan Dinas Biasa,Belanja Perjalanan Dinas Biasa
2949,1697,1.0,Belanja Perjalanan Dinas Biasa,Belanja Perjalanan Dinas Biasa
2950,2938,1.0,Belanja Perjalanan Dinas Paket Meeting Dalam Kota,Belanja Perjalanan Dinas Paket Meeting Dalam Kota
2950,1128,1.0,Belanja Perjalanan Dinas Paket Meeting Dalam Kota,Belanja Perjalanan Dinas Paket Meeting Dalam Kota
2950,2555,1.0,Belanja Perjalanan Dinas Paket Meeting Dalam Kota,Belanja Perjalanan Dinas Paket Meeting Dalam Kota
2950,2532,1.0,Belanja Perjalanan Dinas Paket Meeting Dalam Kota,Belanja Perjalanan Dinas Paket Meeting Dalam Kota
2950,2278,1.0,Belanja Perjalanan Dinas Paket Meeting Dalam Kota,Belanja Perjalanan Dinas Paket Meeting Dalam Kota
2952,1698,1.0,Belanja Perjalanan Dinas Biasa,Belanja Perjalanan Dinas Biasa
2952,1696,1.0,Belanja Perjalanan Dinas Biasa,Belanja Perjalanan Dinas Biasa
2952,1699,1.0,Belanja Perjalanan Dinas Biasa,Belanja Perjalanan Dinas Biasa
2952,1701,1.0,Belanja Perjalanan Dinas Biasa,Belanja Perjalanan Dinas Biasa
2952,1697,1.0,Belanja Perjalanan Dinas Biasa,Belanja Perjalanan Dinas Biasa
2953,1698,1.0,Belanja Perjalanan Dinas Biasa,Belanja Perjalanan Dinas Biasa
2953,1696,1.0,Belanja Perjalanan Dinas Biasa,Belanja Perjalanan Dinas Biasa
2953,1699,1.0,Belanja Perjalanan Dinas Biasa,Belanja Perjalanan Dinas Biasa
2953,1701,1.0,Belanja Perjalanan Dinas Biasa,Belanja Perjalanan Dinas Biasa
2953,1697,1.0,Belanja Perjalanan Dinas Biasa,Belanja Perjalanan Dinas Biasa
2958,1698,1.0,Belanja Perjalanan Dinas Biasa,Belanja Perjalanan Dinas Biasa
2958,1696,1.0,Belanja Perjalanan Dinas Biasa,Belanja Perjalanan Dinas Biasa
2958,1699,1.0,Belanja Perjalanan Dinas Biasa,Belanja Perjalanan Dinas Biasa
2958,1701,1.0,Belanja Perjalanan Dinas Biasa,Belanja Perjalanan Dinas Biasa
2958,1697,1.0,Belanja Perjalanan Dinas Biasa,Belanja Perjalanan Dinas Biasa
2959,1698,1.0,Belanja Perjalanan Dinas Biasa,Belanja Perjalanan Dinas Biasa
2959,1696,1.0,Belanja Perjalanan Dinas Biasa,Belanja Perjalanan Dinas Biasa
2959,1699,1.0,Belanja Perjalanan Dinas Biasa,Belanja Perjalanan Dinas Biasa
2959,1701,1.0,Belanja Perjalanan Dinas Biasa,Belanja Perjalanan Dinas Biasa
2959,1697,1.0,Belanja Perjalanan Dinas Biasa,Belanja Perjalanan Dinas Biasa
2960,1698,1.0,Belanja Perjalanan Dinas Biasa,Belanja Perjalanan Dinas Biasa
2960,1696,1.0,Belanja Perjalanan Dinas Biasa,Belanja Perjalanan Dinas Biasa
2960,1699,1.0,Belanja Perjalanan Dinas Biasa,Belanja Perjalanan Dinas Biasa
2960,1701,1.0,Belanja Perjalanan Dinas Biasa,Belanja Perjalanan Dinas Biasa
2960,1697,1.0,Belanja Perjalanan Dinas Biasa,Belanja Perjalanan Dinas Biasa
2961,1698,1.0,Belanja Perjalanan Dinas Biasa,Belanja Perjalanan Dinas Biasa
2961,1696,1.0,Belanja Perjalanan Dinas Biasa,Belanja Perjalanan Dinas Biasa
2961,1699,1.0,Belanja Perjalanan Dinas Biasa,Belanja Perjalanan Dinas Biasa
2961,1701,1.0,Belanja Perjalanan Dinas Biasa,Belanja Perjalanan Dinas Biasa
2961,1697,1.0,Belanja Perjalanan Dinas Biasa,Belanja Perjalanan Dinas Biasa
2966,1698,1.0,Belanja Perjalanan Dinas Biasa,Belanja Perjalanan Dinas Biasa
2966,1696,1.0,Belanja Perjalanan Dinas Biasa,Belanja Perjalanan Dinas Biasa
2966,1699,1.0,Belanja Perjalanan Dinas Biasa,Belanja Perjalanan Dinas Biasa
2966,1701,1.0,Belanja Perjalanan Dinas Biasa,Belanja Perjalanan Dinas Biasa
2966,1697,1.0,Belanja Perjalanan Dinas Biasa,Belanja Perjalanan Dinas Biasa
2967,1145,1.0,Belanja Perjalanan Dinas Dalam Kota,Belanja Perjalanan Dinas Dalam Kota
2967,1147,1.0,Belanja Perjalanan Dinas Dalam Kota,Belanja Perjalanan Dinas Dalam Kota
2967,1144,1.0,Belanja Perjalanan Dinas Dalam Kota,Belanja Perjalanan Dinas Dalam Kota
2967,1141,1.0,Belanja Perjalanan Dinas Dalam Kota,Belanja Perjalanan Dinas Dalam Kota
2967,1148,1.0,Belanja Perjalanan Dinas Dalam Kota,Belanja Perjalanan Dinas Dalam Kota
2968,1698,1.0,Belanja Perjalanan Dinas Biasa,Belanja Perjalanan Dinas Biasa
2968,1696,1.0,Belanja Perjalanan Dinas Biasa,Belanja Perjalanan Dinas Biasa
2968,1699,1.0,Belanja Perjalanan Dinas Biasa,Belanja Perjalanan Dinas Biasa
2968,1701,1.0,Belanja Perjalanan Dinas Biasa,Belanja Perjalanan Dinas Biasa
2968,1697,1.0,Belanja Perjalanan Dinas Biasa,Belanja Perjalanan Dinas Biasa
2969,2938,1.0,Belanja Perjalanan Dinas Paket Meeting Dalam Kota,Belanja Perjalanan Dinas Paket Meeting Dalam Kota
2969,1128,1.0,Belanja Perjalanan Dinas Paket Meeting Dalam Kota,Belanja Perjalanan Dinas Paket Meeting Dalam Kota
2969,2555,1.0,Belanja Perjalanan Dinas Paket Meeting Dalam Kota,Belanja Perjalanan Dinas Paket Meeting Dalam Kota
2969,2532,1.0,Belanja Perjalanan Dinas Paket Meeting Dalam Kota,Belanja Perjalanan Dinas Paket Meeting Dalam Kota
2969,2278,1.0,Belanja Perjalanan Dinas Paket Meeting Dalam Kota,Belanja Perjalanan Dinas Paket Meeting Dalam Kota
2970,1698,1.0,Belanja Perjalanan Dinas Biasa,Belanja Perjalanan Dinas Biasa
2970,1696,1.0,Belanja Perjalanan Dinas Biasa,Belanja Perjalanan Dinas Biasa
2970,1699,1.0,Belanja Perjalanan Dinas Biasa,Belanja Perjalanan Dinas Biasa
2970,1701,1.0,Belanja Perjalanan Dinas Biasa,Belanja Perjalanan Dinas Biasa
2970,1697,1.0,Belanja Perjalanan Dinas Biasa,Belanja Perjalanan Dinas Biasa
2976,1698,1.0,Belanja Perjalanan Dinas Biasa,Belanja Perjalanan Dinas Biasa
2976,1696,1.0,Belanja Perjalanan Dinas Biasa,Belanja Perjalanan Dinas Biasa
2976,1699,1.0,Belanja Perjalanan Dinas Biasa,Belanja Perjalanan Dinas Biasa
2976,1701,1.0,Belanja Perjalanan Dinas Biasa,Belanja Perjalanan Dinas Biasa
2976,1697,1.0,Belanja Perjalanan Dinas Biasa,Belanja Perjalanan Dinas Biasa
2978,1698,1.0,Belanja Perjalanan Dinas Biasa,Belanja Perjalanan Dinas Biasa
2978,1696,1.0,Belanja Perjalanan Dinas Biasa,Belanja Perjalanan Dinas Biasa
2978,1699,1.0,Belanja Perjalanan Dinas Biasa,Belanja Perjalanan Dinas Biasa
2978,1701,1.0,Belanja Perjalanan Dinas Biasa,Belanja Perjalanan Dinas Biasa
2978,1697,1.0,Belanja Perjalanan Dinas Biasa,Belanja Perjalanan Dinas Biasa
2981,1698,1.0,Belanja Perjalanan Dinas Biasa,Belanja Perjalanan Dinas Biasa
2981,1696,1.0,Belanja Perjalanan Dinas Biasa,Belanja Perjalanan Dinas Biasa
2981,1699,1.0,Belanja Perjalanan Dinas Biasa,Belanja Perjalanan Dinas Biasa
2981,1701,1.0,Belanja Perjalanan Dinas Biasa,Belanja Perjalanan Dinas Biasa
2981,1697,1.0,Belanja Perjalanan Dinas Biasa,Belanja Perjalanan Dinas Biasa
2982,1698,1.0,Belanja Perjalanan Dinas Biasa,Belanja Perjalanan Dinas Biasa
2982,1696,1.0,Belanja Perjalanan Dinas Biasa,Belanja Perjalanan Dinas Biasa
2982,1699,1.0,Belanja Perjalanan Dinas Biasa,Belanja Perjalanan Dinas Biasa
2982,1701,1.0,Belanja Perjalanan Dinas Biasa,Belanja Perjalanan Dinas Biasa
2982,1697,1.0,Belanja Perjalanan Dinas Biasa,Belanja Perjalanan Dinas Biasa
2983,1698,1.0,Belanja Perjalanan Dinas Biasa,Belanja Perjalanan Dinas Biasa
2983,1696,1.0,Belanja Perjalanan Dinas Biasa,Belanja Perjalanan Dinas Biasa
2983,1699,1.0,Belanja Perjalanan Dinas Biasa,Belanja Perjalanan Dinas Biasa
2983,1701,1.0,Belanja Perjalanan Dinas Biasa,Belanja Perjalanan Dinas Biasa
2983,1697,1.0,Belanja Perjalanan Dinas Biasa,Belanja Perjalanan Dinas Biasa
2984,1698,1.0,Belanja Perjalanan Dinas Biasa,Belanja Perjalanan Dinas Biasa
2984,1696,1.0,Belanja Perjalanan Dinas Biasa,Belanja Perjalanan Dinas Biasa
2984,1699,1.0,Belanja Perjalanan Dinas Biasa,Belanja Perjalanan Dinas Biasa
2984,1701,1.0,Belanja Perjalanan Dinas Biasa,Belanja Perjalanan Dinas Biasa
2984,1697,1.0,Belanja Perjalanan Dinas Biasa,Belanja Perjalanan Dinas Biasa
2985,1698,1.0,Belanja Perjalanan Dinas Biasa,Belanja Perjalanan Dinas Biasa
2985,1696,1.0,Belanja Perjalanan Dinas Biasa,Belanja Perjalanan Dinas Biasa
2985,1699,1.0,Belanja Perjalanan Dinas Biasa,Belanja Perjalanan Dinas Biasa
2985,1701,1.0,Belanja Perjalanan Dinas Biasa,Belanja Perjalanan Dinas Biasa
2985,1697,1.0,Belanja Perjalanan Dinas Biasa,Belanja Perjalanan Dinas Biasa
2986,1698,1.0,Belanja Perjalanan Dinas Biasa,Belanja Perjalanan Dinas Biasa
2986,1696,1.0,Belanja Perjalanan Dinas Biasa,Belanja Perjalanan Dinas Biasa
2986,1699,1.0,Belanja Perjalanan Dinas Biasa,Belanja Perjalanan Dinas Biasa
2986,1701,1.0,Belanja Perjalanan Dinas Biasa,Belanja Perjalanan Dinas Biasa
2986,1697,1.0,Belanja Perjalanan Dinas Biasa,Belanja Perjalanan Dinas Biasa
2988,2938,1.0,Belanja Perjalanan Dinas Paket Meeting Dalam Kota,Belanja Perjalanan Dinas Paket Meeting Dalam Kota
2988,1128,1.0,Belanja Perjalanan Dinas Paket Meeting Dalam Kota,Belanja Perjalanan Dinas Paket Meeting Dalam Kota
2988,2555,1.0,Belanja Perjalanan Dinas Paket Meeting Dalam Kota,Belanja Perjalanan Dinas Paket Meeting Dalam Kota
2988,2532,1.0,Belanja Perjalanan Dinas Paket Meeting Dalam Kota,Belanja Perjalanan Dinas Paket Meeting Dalam Kota
2988,2278,1.0,Belanja Perjalanan Dinas Paket Meeting Dalam Kota,Belanja Perjalanan Dinas Paket Meeting Dalam Kota
2990,1698,1.0,Belanja Perjalanan Dinas Biasa,Belanja Perjalanan Dinas Biasa
2990,1696,1.0,Belanja Perjalanan Dinas Biasa,Belanja Perjalanan Dinas Biasa
2990,1699,1.0,Belanja Perjalanan Dinas Biasa,Belanja Perjalanan Dinas Biasa
2990,1701,1.0,Belanja Perjalanan Dinas Biasa,Belanja Perjalanan Dinas Biasa
2990,1697,1.0,Belanja Perjalanan Dinas Biasa,Belanja Perjalanan Dinas Biasa
2991,1698,1.0,Belanja Perjalanan Dinas Biasa,Belanja Perjalanan Dinas Biasa
2991,1696,1.0,Belanja Perjalanan Dinas Biasa,Belanja Perjalanan Dinas Biasa
2991,1699,1.0,Belanja Perjalanan Dinas Biasa,Belanja Perjalanan Dinas Biasa
2991,1701,1.0,Belanja Perjalanan Dinas Biasa,Belanja Perjalanan Dinas Biasa
2991,1697,1.0,Belanja Perjalanan Dinas Biasa,Belanja Perjalanan Dinas Biasa
2992,1698,1.0,Belanja Perjalanan Dinas Biasa,Belanja Perjalanan Dinas Biasa
2992,1696,1.0,Belanja Perjalanan Dinas Biasa,Belanja Perjalanan Dinas Biasa
2992,1699,1.0,Belanja Perjalanan Dinas Biasa,Belanja Perjalanan Dinas Biasa
2992,1701,1.0,Belanja Perjalanan Dinas Biasa,Belanja Perjalanan Dinas Biasa
2992,1697,1.0,Belanja Perjalanan Dinas Biasa,Belanja Perjalanan Dinas Biasa
2994,1698,1.0,Belanja Perjalanan dinas biasa,Belanja Perjalanan Dinas Biasa
2994,1696,1.0,Belanja Perjalanan dinas biasa,Belanja Perjalanan Dinas Biasa
2994,1699,1.0,Belanja Perjalanan dinas biasa,Belanja Perjalanan Dinas Biasa
2994,1701,1.0,Belanja Perjalanan dinas biasa,Belanja Perjalanan Dinas Biasa
2994,1697,1.0,Belanja Perjalanan dinas biasa,Belanja Perjalanan Dinas Biasa
2995,67,1.0,Belanja Perjalanan Dinas Biasa (Cabang Dinas IV),Belanja Perjalanan Dinas Biasa (Cabang Dinas IV)
2995,2474,1.0,Belanja Perjalanan Dinas Biasa (Cabang Dinas IV),Belanja Perjalanan Dinas Biasa (Cabang Dinas IV)
2995,99,1.0,Belanja Perjalanan Dinas Biasa (Cabang Dinas IV),Belanja Perjalanan Dinas Biasa (Cabang Dinas IV)
2995,2213,1.0,Belanja Perjalanan Dinas Biasa (Cabang Dinas IV),Belanja Perjalanan Dinas Biasa (Cabang Dinas IV)
2995,2214,1.0,Belanja Perjalanan Dinas Biasa (Cabang Dinas IV),Belanja Perjalanan Dinas Biasa (Cabang Dinas IV)
2997,1698,1.0,Belanja Perjalanan Dinas Biasa,Belanja Perjalanan Dinas Biasa
2997,1696,1.0,Belanja Perjalanan Dinas Biasa,Belanja Perjalanan Dinas Biasa
2997,1699,1.0,Belanja Perjalanan Dinas Biasa,Belanja Perjalanan Dinas Biasa
2997,1701,1.0,Belanja Perjalanan Dinas Biasa,Belanja Perjalanan Dinas Biasa
2997,1697,1.0,Belanja Perjalanan Dinas Biasa,Belanja Perjalanan Dinas Biasa
2998,2938,1.0,Belanja Perjalanan Dinas Paket Meeting Dalam Kota,Belanja Perjalanan Dinas Paket Meeting Dalam Kota
2998,1128,1.0,Belanja Perjalanan Dinas Paket Meeting Dalam Kota,Belanja Perjalanan Dinas Paket Meeting Dalam Kota
2998,2555,1.0,Belanja Perjalanan Dinas Paket Meeting Dalam Kota,Belanja Perjalanan Dinas Paket Meeting Dalam Kota
2998,2532,1.0,Belanja Perjalanan Dinas Paket Meeting Dalam Kota,Belanja Perjalanan Dinas Paket Meeting Dalam Kota
2998,2278,1.0,Belanja Perjalanan Dinas Paket Meeting Dalam Kota,Belanja Perjalanan Dinas Paket Meeting Dalam Kota
2999,1698,1.0,Belanja Perjalanan Dinas Biasa,Belanja Perjalanan Dinas Biasa
2999,1696,1.0,Belanja Perjalanan Dinas Biasa,Belanja Perjalanan Dinas Biasa
2999,1699,1.0,Belanja Perjalanan Dinas Biasa,Belanja Perjalanan Dinas Biasa
2999,1701,1.0,Belanja Perjalanan Dinas Biasa,Belanja Perjalanan Dinas Biasa
2999,1697,1.0,Belanja Perjalanan Dinas Biasa,Belanja Perjalanan Dinas Biasa
3000,1698,1.0,Belanja Perjalanan Dinas Biasa,Belanja Perjalanan Dinas Biasa
3000,1696,1.0,Belanja Perjalanan Dinas Biasa,Belanja Perjalanan Dinas Biasa
3000,1699,1.0,Belanja Perjalanan Dinas Biasa,Belanja Perjalanan Dinas Biasa
3000,1701,1.0,Belanja Perjalanan Dinas Biasa,Belanja Perjalanan Dinas Biasa
3000,1697,1.0,Belanja Perjalanan Dinas Biasa,Belanja Perjalanan Dinas Biasa
3004,1698,1.0,Belanja Perjalanan Dinas Biasa,Belanja Perjalanan Dinas Biasa
3004,1696,1.0,Belanja Perjalanan Dinas Biasa,Belanja Perjalanan Dinas Biasa
3004,1699,1.0,Belanja Perjalanan Dinas Biasa,Belanja Perjalanan Dinas Biasa
3004,1701,1.0,Belanja Perjalanan Dinas Biasa,Belanja Perjalanan Dinas Biasa
3004,1697,1.0,Belanja Perjalanan Dinas Biasa,Belanja Perjalanan Dinas Biasa
3005,1698,1.0,Belanja Perjalanan Dinas Biasa,Belanja Perjalanan Dinas Biasa
3005,1696,1.0,Belanja Perjalanan Dinas Biasa,Belanja Perjalanan Dinas Biasa
3005,1699,1.0,Belanja Perjalanan Dinas Biasa,Belanja Perjalanan Dinas Biasa
3005,1701,1.0,Belanja Perjalanan Dinas Biasa,Belanja Perjalanan Dinas Biasa
3005,1697,1.0,Belanja Perjalanan Dinas Biasa,Belanja Perjalanan Dinas Biasa
3006,1145,1.0,Belanja Perjalanan Dinas Dalam Kota,Belanja Perjalanan Dinas Dalam Kota
3006,1147,1.0,Belanja Perjalanan Dinas Dalam Kota,Belanja Perjalanan Dinas Dalam Kota
3006,1144,1.0,Belanja Perjalanan Dinas Dalam Kota,Belanja Perjalanan Dinas Dalam Kota
3006,1141,1.0,Belanja Perjalanan Dinas Dalam Kota,Belanja Perjalanan Dinas Dalam Kota
3006,1148,1.0,Belanja Perjalanan Dinas Dalam Kota,Belanja Perjalanan Dinas Dalam Kota
3007,1698,1.0,Belanja Perjalanan Dinas Biasa,Belanja Perjalanan Dinas Biasa
3007,1696,1.0,Belanja Perjalanan Dinas Biasa,Belanja Perjalanan Dinas Biasa
3007,1699,1.0,Belanja Perjalanan Dinas Biasa,Belanja Perjalanan Dinas Biasa
3007,1701,1.0,Belanja Perjalanan Dinas Biasa,Belanja Perjalanan Dinas Biasa
3007,1697,1.0,Belanja Perjalanan Dinas Biasa,Belanja Perjalanan Dinas Biasa
